solid ISOBOT JUNIOR
facet normal 0.7933533402914026 -0.6087614290085024 0.0
  outer loop
    vertex 3033.083243390719 184.18904070623296 25.000000000000046
    vertex 3032.7654061455232 183.77482714385988 27.999999999999993
    vertex 3032.7654061455232 183.77482714385988 25.000000000000046
  endloop
endfacet
facet normal 0.7933533402914026 -0.6087614290085024 0.0
  outer loop
    vertex 3032.7654061455232 183.77482714385988 27.999999999999993
    vertex 3033.083243390719 184.18904070623296 25.000000000000046
    vertex 3033.083243390719 184.18904070623296 27.999999999999993
  endloop
endfacet
facet normal 0.9238795325113737 -0.3826834323648799 0.0
  outer loop
    vertex 3032.7654061455232 183.77482714385988 25.000000000000046
    vertex 3032.565605300514 183.29246523406496 27.999999999999993
    vertex 3032.565605300514 183.29246523406496 25.000000000000046
  endloop
endfacet
facet normal 0.9238795325113737 -0.3826834323648799 0.0
  outer loop
    vertex 3032.565605300514 183.29246523406496 27.999999999999993
    vertex 3032.7654061455232 183.77482714385988 25.000000000000046
    vertex 3032.7654061455232 183.77482714385988 27.999999999999993
  endloop
endfacet
facet normal -1.611409418599132e-15 -1.0 7.51991062012784e-15
  outer loop
    vertex 3079.4974569530873 216.77471507457582 27.999999999999915
    vertex 3037.4974569530964 216.77471507457585 24.99999999999999
    vertex 3079.4974569530873 216.77471507457582 24.99999999999996
  endloop
endfacet
facet normal -1.611409418599132e-15 -1.0 7.51991062012784e-15
  outer loop
    vertex 3037.4974569530964 216.77471507457585 24.99999999999999
    vertex 3079.4974569530873 216.77471507457582 27.999999999999915
    vertex 3037.4974569530964 216.7747150745759 27.999999999999943
  endloop
endfacet
facet normal 0.382683432365254 0.9238795325112189 0.0
  outer loop
    vertex 3033.4974569530923 181.04277633629113 27.999999999999993
    vertex 3033.979818862887 180.8429754912819 25.000000000000046
    vertex 3033.4974569530923 181.04277633629113 25.000000000000046
  endloop
endfacet
facet normal 0.382683432365254 0.9238795325112189 0.0
  outer loop
    vertex 3033.979818862887 180.8429754912819 25.000000000000046
    vertex 3033.4974569530923 181.04277633629113 27.999999999999993
    vertex 3033.979818862887 180.8429754912819 27.999999999999993
  endloop
endfacet
facet normal 0.7933533402914026 0.6087614290085024 0.0
  outer loop
    vertex 3032.7654061455232 181.77482714386 25.000000000000046
    vertex 3033.083243390719 181.36061358148692 27.999999999999993
    vertex 3033.083243390719 181.36061358148692 25.000000000000046
  endloop
endfacet
facet normal 0.7933533402914026 0.6087614290085024 0.0
  outer loop
    vertex 3033.083243390719 181.36061358148692 27.999999999999993
    vertex 3032.7654061455232 181.77482714386 25.000000000000046
    vertex 3032.7654061455232 181.77482714386 27.999999999999993
  endloop
endfacet
facet normal 0.9238795325113737 0.3826834323648799 0.0
  outer loop
    vertex 3032.565605300514 182.2571890536549 25.000000000000046
    vertex 3032.7654061455232 181.77482714386 27.999999999999993
    vertex 3032.7654061455232 181.77482714386 25.000000000000046
  endloop
endfacet
facet normal 0.9238795325113737 0.3826834323648799 0.0
  outer loop
    vertex 3032.7654061455232 181.77482714386 27.999999999999993
    vertex 3032.565605300514 182.2571890536549 25.000000000000046
    vertex 3032.565605300514 182.2571890536549 27.999999999999993
  endloop
endfacet
facet normal 0.608761429008407 0.793353340291476 0.0
  outer loop
    vertex 3033.083243390719 181.36061358148692 27.999999999999993
    vertex 3033.4974569530923 181.04277633629113 25.000000000000046
    vertex 3033.083243390719 181.36061358148692 25.000000000000046
  endloop
endfacet
facet normal 0.608761429008407 0.793353340291476 0.0
  outer loop
    vertex 3033.4974569530923 181.04277633629113 25.000000000000046
    vertex 3033.083243390719 181.36061358148692 27.999999999999993
    vertex 3033.4974569530923 181.04277633629113 27.999999999999993
  endloop
endfacet
facet normal 0.9914448613737734 0.1305261922203324 0.0
  outer loop
    vertex 3032.497456953092 182.77482714385994 25.000000000000046
    vertex 3032.565605300514 182.2571890536549 27.999999999999993
    vertex 3032.565605300514 182.2571890536549 25.000000000000046
  endloop
endfacet
facet normal 0.9914448613737734 0.1305261922203324 0.0
  outer loop
    vertex 3032.565605300514 182.2571890536549 27.999999999999993
    vertex 3032.497456953092 182.77482714385994 25.000000000000046
    vertex 3032.497456953092 182.77482714385994 27.999999999999993
  endloop
endfacet
facet normal 0.9914448613737734 -0.1305261922203324 0.0
  outer loop
    vertex 3032.565605300514 183.29246523406496 25.000000000000046
    vertex 3032.497456953092 182.77482714385994 27.999999999999993
    vertex 3032.497456953092 182.77482714385994 25.000000000000046
  endloop
endfacet
facet normal 0.9914448613737734 -0.1305261922203324 0.0
  outer loop
    vertex 3032.497456953092 182.77482714385994 27.999999999999993
    vertex 3032.565605300514 183.29246523406496 25.000000000000046
    vertex 3032.565605300514 183.29246523406496 27.999999999999993
  endloop
endfacet
facet normal 0.1305261922200664 -0.9914448613738085 0.0
  outer loop
    vertex 3082.497456953092 184.77482714385994 27.999999999999993
    vertex 3081.979818862887 184.70667879643807 25.000000000000043
    vertex 3082.497456953092 184.77482714385994 25.000000000000043
  endloop
endfacet
facet normal 0.1305261922200664 -0.9914448613738085 0.0
  outer loop
    vertex 3081.979818862887 184.70667879643807 25.000000000000043
    vertex 3082.497456953092 184.77482714385994 27.999999999999993
    vertex 3081.979818862887 184.70667879643807 27.999999999999993
  endloop
endfacet
facet normal 0.38268343236500957 -0.9238795325113202 0.0
  outer loop
    vertex 3081.979818862887 184.70667879643807 27.999999999999993
    vertex 3081.497456953092 184.5068779514288 25.000000000000043
    vertex 3081.979818862887 184.70667879643807 25.000000000000043
  endloop
endfacet
facet normal 0.38268343236500957 -0.9238795325113202 0.0
  outer loop
    vertex 3081.497456953092 184.5068779514288 25.000000000000043
    vertex 3081.979818862887 184.70667879643807 27.999999999999993
    vertex 3081.497456953092 184.5068779514288 27.999999999999993
  endloop
endfacet
facet normal 0.0 -1.0 2.0142617732485005e-16
  outer loop
    vertex 3079.4974569530873 81.77493921314401 27.99999999999997
    vertex 3037.497456953097 81.77493921314401 24.999999999999957
    vertex 3079.4974569530873 81.77493921314401 24.999999999999957
  endloop
endfacet
facet normal 0.0 -1.0 2.0142617732485005e-16
  outer loop
    vertex 3037.497456953097 81.77493921314401 24.999999999999957
    vertex 3079.4974569530873 81.77493921314401 27.99999999999997
    vertex 3037.497456953097 81.77493921314401 27.99999999999997
  endloop
endfacet
facet normal 0.6087614290084457 0.7933533402914461 -1.9352832071132738e-16
  outer loop
    vertex 3083.9367967812827 218.7142790413637 24.999999999999975
    vertex 3084.2474569530627 218.47590110746694 26.999999999999957
    vertex 3084.2474569530627 218.47590110746694 24.99999999999997
  endloop
endfacet
facet normal 0.6087614290084457 0.7933533402914461 -1.9352832071132738e-16
  outer loop
    vertex 3084.2474569530627 218.47590110746694 26.999999999999957
    vertex 3083.9367967812827 218.7142790413637 24.999999999999975
    vertex 3083.9367967812827 218.7142790413637 26.99999999999996
  endloop
endfacet
facet normal 0.9914448613738307 -0.130526192219898 -4.586180032165454e-16
  outer loop
    vertex 3083.548568213629 220.16316778079707 24.999999999999975
    vertex 3083.4974569530627 219.77493921314334 26.99999999999996
    vertex 3083.4974569530627 219.77493921314334 24.999999999999975
  endloop
endfacet
facet normal 0.9914448613738307 -0.130526192219898 -4.586180032165454e-16
  outer loop
    vertex 3083.4974569530627 219.77493921314334 26.99999999999996
    vertex 3083.548568213629 220.16316778079707 24.999999999999975
    vertex 3083.548568213629 220.16316778079707 26.99999999999996
  endloop
endfacet
facet normal 0.608761429009036 0.7933533402909932 -1.9352832071163824e-16
  outer loop
    vertex 3030.9367967813077 218.7142790413635 26.999999999999957
    vertex 3031.2474569530873 218.47590110746663 24.99999999999997
    vertex 3030.9367967813077 218.7142790413635 24.99999999999997
  endloop
endfacet
facet normal 0.608761429009036 0.7933533402909932 -1.9352832071163824e-16
  outer loop
    vertex 3031.2474569530873 218.47590110746663 24.99999999999997
    vertex 3030.9367967813077 218.7142790413635 26.999999999999957
    vertex 3031.2474569530873 218.47590110746663 26.999999999999957
  endloop
endfacet
facet normal 0.3826834323650833 0.9238795325112894 -7.879090975397453e-17
  outer loop
    vertex 3031.2474569530873 218.47590110746663 26.999999999999957
    vertex 3031.6092283854337 218.32605047370964 24.99999999999997
    vertex 3031.2474569530873 218.47590110746663 24.99999999999997
  endloop
endfacet
facet normal 0.3826834323650833 0.9238795325112894 -7.879090975397453e-17
  outer loop
    vertex 3031.6092283854337 218.32605047370964 24.99999999999997
    vertex 3031.2474569530873 218.47590110746663 26.999999999999957
    vertex 3031.6092283854337 218.32605047370964 26.999999999999957
  endloop
endfacet
facet normal 0.9238795325112626 0.38268343236514785 -3.765168556708528e-16
  outer loop
    vertex 3083.548568213629 219.38671064548964 24.999999999999975
    vertex 3083.698418847386 219.0249392131435 26.99999999999996
    vertex 3083.698418847386 219.0249392131435 24.999999999999975
  endloop
endfacet
facet normal 0.9238795325112626 0.38268343236514785 -3.765168556708528e-16
  outer loop
    vertex 3083.698418847386 219.0249392131435 26.99999999999996
    vertex 3083.548568213629 219.38671064548964 24.999999999999975
    vertex 3083.548568213629 219.38671064548964 26.99999999999996
  endloop
endfacet
facet normal 0.7933533402910954 0.6087614290089027 -2.9507709643307024e-16
  outer loop
    vertex 3030.6984188474107 219.02493921314334 24.99999999999997
    vertex 3030.9367967813077 218.7142790413635 26.999999999999957
    vertex 3030.9367967813077 218.7142790413635 24.99999999999997
  endloop
endfacet
facet normal 0.7933533402910954 0.6087614290089027 -2.9507709643307024e-16
  outer loop
    vertex 3030.9367967813077 218.7142790413635 26.999999999999957
    vertex 3030.6984188474107 219.02493921314334 24.99999999999997
    vertex 3030.6984188474107 219.02493921314334 26.999999999999957
  endloop
endfacet
facet normal 0.382683432364985 -0.9238795325113303 -2.650896825050369e-16
  outer loop
    vertex 3031.609228385434 221.2238279525769 26.999999999999957
    vertex 3031.2474569530877 221.07397731881997 24.99999999999997
    vertex 3031.609228385434 221.2238279525769 24.99999999999997
  endloop
endfacet
facet normal 0.382683432364985 -0.9238795325113303 -2.650896825050369e-16
  outer loop
    vertex 3031.2474569530877 221.07397731881997 24.99999999999997
    vertex 3031.609228385434 221.2238279525769 26.999999999999957
    vertex 3031.2474569530877 221.07397731881997 26.999999999999957
  endloop
endfacet
facet normal -0.1305261922191648 0.9914448613739272 1.5860723756430102e-16
  outer loop
    vertex 3031.9974569530873 218.2749392131436 26.999999999999957
    vertex 3032.385685520741 218.3260504737096 24.99999999999997
    vertex 3031.9974569530873 218.2749392131436 24.99999999999997
  endloop
endfacet
facet normal -0.1305261922191648 0.9914448613739272 1.5860723756430102e-16
  outer loop
    vertex 3032.385685520741 218.3260504737096 24.99999999999997
    vertex 3031.9974569530873 218.2749392131436 26.999999999999957
    vertex 3032.385685520741 218.3260504737096 26.999999999999957
  endloop
endfacet
facet normal -0.6087614290085183 0.7933533402913905 3.5350670366408856e-16
  outer loop
    vertex 3032.7474569530873 218.47590110746654 26.999999999999957
    vertex 3033.0581171248673 218.71427904136337 24.99999999999997
    vertex 3032.7474569530873 218.47590110746654 24.99999999999997
  endloop
endfacet
facet normal -0.6087614290085183 0.7933533402913905 3.5350670366408856e-16
  outer loop
    vertex 3033.0581171248673 218.71427904136337 24.99999999999997
    vertex 3032.7474569530873 218.47590110746654 26.999999999999957
    vertex 3033.0581171248673 218.71427904136337 26.999999999999957
  endloop
endfacet
facet normal -0.9914448613738346 0.1305261922198682 4.586180032165442e-16
  outer loop
    vertex 3033.4974569530873 219.77493921314317 26.999999999999957
    vertex 3033.446345692521 219.38671064548936 24.99999999999997
    vertex 3033.446345692521 219.38671064548936 26.999999999999957
  endloop
endfacet
facet normal -0.9914448613738346 0.1305261922198682 4.586180032165442e-16
  outer loop
    vertex 3033.446345692521 219.38671064548936 24.99999999999997
    vertex 3033.4974569530873 219.77493921314317 26.999999999999957
    vertex 3033.4974569530873 219.77493921314317 24.99999999999997
  endloop
endfacet
facet normal 0.6087614290085183 -0.7933533402913905 -3.5350670366408856e-16
  outer loop
    vertex 3031.2474569530877 221.07397731881997 26.999999999999957
    vertex 3030.9367967813077 220.83559938492314 24.99999999999997
    vertex 3031.2474569530877 221.07397731881997 24.99999999999997
  endloop
endfacet
facet normal 0.6087614290085183 -0.7933533402913905 -3.5350670366408856e-16
  outer loop
    vertex 3030.9367967813077 220.83559938492314 24.99999999999997
    vertex 3031.2474569530877 221.07397731881997 26.999999999999957
    vertex 3030.9367967813077 220.83559938492314 26.999999999999957
  endloop
endfacet
facet normal -0.1305261922191588 -0.991444861373928 -4.131597149552844e-17
  outer loop
    vertex 3032.3856855207414 221.22382795257687 26.999999999999957
    vertex 3031.9974569530873 221.27493921314291 24.99999999999997
    vertex 3032.3856855207414 221.22382795257687 24.99999999999997
  endloop
endfacet
facet normal -0.1305261922191588 -0.991444861373928 -4.131597149552844e-17
  outer loop
    vertex 3031.9974569530873 221.27493921314291 24.99999999999997
    vertex 3032.3856855207414 221.22382795257687 26.999999999999957
    vertex 3031.9974569530873 221.27493921314291 26.999999999999957
  endloop
endfacet
facet normal 0.1305261922191648 -0.9914448613739272 -1.5860723756430102e-16
  outer loop
    vertex 3031.9974569530873 221.27493921314291 26.999999999999957
    vertex 3031.609228385434 221.2238279525769 24.99999999999997
    vertex 3031.9974569530873 221.27493921314291 24.99999999999997
  endloop
endfacet
facet normal 0.1305261922191648 -0.9914448613739272 -1.5860723756430102e-16
  outer loop
    vertex 3031.609228385434 221.2238279525769 24.99999999999997
    vertex 3031.9974569530873 221.27493921314291 26.999999999999957
    vertex 3031.609228385434 221.2238279525769 26.999999999999957
  endloop
endfacet
facet normal -0.382683432364985 0.9238795325113303 2.650896825050369e-16
  outer loop
    vertex 3032.385685520741 218.3260504737096 26.999999999999957
    vertex 3032.7474569530873 218.47590110746654 24.99999999999997
    vertex 3032.385685520741 218.3260504737096 24.99999999999997
  endloop
endfacet
facet normal -0.382683432364985 0.9238795325113303 2.650896825050369e-16
  outer loop
    vertex 3032.7474569530873 218.47590110746654 24.99999999999997
    vertex 3032.385685520741 218.3260504737096 26.999999999999957
    vertex 3032.7474569530873 218.47590110746654 26.999999999999957
  endloop
endfacet
facet normal 0.9914448613738346 0.1305261922198682 -4.3229761341817096e-16
  outer loop
    vertex 3030.4974569530873 219.77493921314334 24.99999999999997
    vertex 3030.5485682136537 219.38671064548953 26.999999999999957
    vertex 3030.5485682136537 219.38671064548953 24.99999999999997
  endloop
endfacet
facet normal 0.9914448613738346 0.1305261922198682 -4.3229761341817096e-16
  outer loop
    vertex 3030.5485682136537 219.38671064548953 26.999999999999957
    vertex 3030.4974569530873 219.77493921314334 24.99999999999997
    vertex 3030.4974569530873 219.77493921314334 26.999999999999957
  endloop
endfacet
facet normal -0.9238795325112964 -0.38268343236506636 3.765168556708762e-16
  outer loop
    vertex 3033.2964950587643 220.52493921314317 26.999999999999957
    vertex 3033.446345692521 220.16316778079695 24.99999999999997
    vertex 3033.446345692521 220.16316778079695 26.999999999999957
  endloop
endfacet
facet normal -0.9238795325112964 -0.38268343236506636 3.765168556708762e-16
  outer loop
    vertex 3033.446345692521 220.16316778079695 24.99999999999997
    vertex 3033.2964950587643 220.52493921314317 26.999999999999957
    vertex 3033.2964950587643 220.52493921314317 24.99999999999997
  endloop
endfacet
facet normal 0.9914448613738307 0.130526192219898 -4.322976134181662e-16
  outer loop
    vertex 3083.4974569530627 219.77493921314334 24.999999999999975
    vertex 3083.548568213629 219.38671064548964 26.99999999999996
    vertex 3083.548568213629 219.38671064548964 24.999999999999975
  endloop
endfacet
facet normal 0.9914448613738307 0.130526192219898 -4.322976134181662e-16
  outer loop
    vertex 3083.548568213629 219.38671064548964 26.99999999999996
    vertex 3083.4974569530627 219.77493921314334 24.999999999999975
    vertex 3083.4974569530627 219.77493921314334 26.99999999999996
  endloop
endfacet
facet normal 0.7933533402910101 -0.6087614290090141 -4.1783282716591337e-16
  outer loop
    vertex 3083.9367967812827 220.83559938492292 24.999999999999975
    vertex 3083.698418847386 220.52493921314317 26.99999999999996
    vertex 3083.698418847386 220.52493921314317 24.999999999999975
  endloop
endfacet
facet normal 0.7933533402910101 -0.6087614290090141 -4.1783282716591337e-16
  outer loop
    vertex 3083.698418847386 220.52493921314317 26.99999999999996
    vertex 3083.9367967812827 220.83559938492292 24.999999999999975
    vertex 3083.9367967812827 220.83559938492292 26.99999999999996
  endloop
endfacet
facet normal 0.6087614290088184 -0.7933533402911601 -3.5350670366420024e-16
  outer loop
    vertex 3084.2474569530627 221.07397731881966 26.99999999999996
    vertex 3083.9367967812827 220.83559938492292 24.999999999999975
    vertex 3084.2474569530627 221.07397731881966 24.999999999999975
  endloop
endfacet
facet normal 0.6087614290088184 -0.7933533402911601 -3.5350670366420024e-16
  outer loop
    vertex 3083.9367967812827 220.83559938492292 24.999999999999975
    vertex 3084.2474569530627 221.07397731881966 26.99999999999996
    vertex 3083.9367967812827 220.83559938492292 26.99999999999996
  endloop
endfacet
facet normal 0.9238795325112964 -0.38268343236506636 -4.53684333997841e-16
  outer loop
    vertex 3030.6984188474107 220.52493921314334 24.99999999999997
    vertex 3030.5485682136537 220.16316778079715 26.999999999999957
    vertex 3030.5485682136537 220.16316778079715 24.99999999999997
  endloop
endfacet
facet normal 0.9238795325112964 -0.38268343236506636 -4.53684333997841e-16
  outer loop
    vertex 3030.5485682136537 220.16316778079715 26.999999999999957
    vertex 3030.6984188474107 220.52493921314334 24.99999999999997
    vertex 3030.6984188474107 220.52493921314334 26.999999999999957
  endloop
endfacet
facet normal 0.793353340291498 0.6087614290083783 -2.95077096433304e-16
  outer loop
    vertex 3083.698418847386 219.0249392131435 24.999999999999975
    vertex 3083.9367967812827 218.7142790413637 26.99999999999996
    vertex 3083.9367967812827 218.7142790413637 24.999999999999975
  endloop
endfacet
facet normal 0.793353340291498 0.6087614290083783 -2.95077096433304e-16
  outer loop
    vertex 3083.9367967812827 218.7142790413637 26.99999999999996
    vertex 3083.698418847386 219.0249392131435 24.999999999999975
    vertex 3083.698418847386 219.0249392131435 26.99999999999996
  endloop
endfacet
facet normal 0.9914448613738346 -0.1305261922198682 -4.586180032165442e-16
  outer loop
    vertex 3030.5485682136537 220.16316778079715 24.99999999999997
    vertex 3030.4974569530873 219.77493921314334 26.999999999999957
    vertex 3030.4974569530873 219.77493921314334 24.99999999999997
  endloop
endfacet
facet normal 0.9914448613738346 -0.1305261922198682 -4.586180032165442e-16
  outer loop
    vertex 3030.4974569530873 219.77493921314334 26.999999999999957
    vertex 3030.5485682136537 220.16316778079715 24.99999999999997
    vertex 3030.5485682136537 220.16316778079715 26.999999999999957
  endloop
endfacet
facet normal 0.3826834323653109 0.9238795325111953 -7.879090975408629e-17
  outer loop
    vertex 3084.2474569530627 218.47590110746694 26.999999999999957
    vertex 3084.6092283854086 218.32605047371 24.99999999999997
    vertex 3084.2474569530627 218.47590110746694 24.99999999999997
  endloop
endfacet
facet normal 0.3826834323653109 0.9238795325111953 -7.879090975408629e-17
  outer loop
    vertex 3084.6092283854086 218.32605047371 24.99999999999997
    vertex 3084.2474569530627 218.47590110746694 26.999999999999957
    vertex 3084.6092283854086 218.32605047371 26.999999999999957
  endloop
endfacet
facet normal 0.7933533402910526 -0.6087614290089584 -4.178328271659269e-16
  outer loop
    vertex 3030.9367967813077 220.83559938492314 24.99999999999997
    vertex 3030.6984188474107 220.52493921314334 26.999999999999957
    vertex 3030.6984188474107 220.52493921314334 24.99999999999997
  endloop
endfacet
facet normal 0.7933533402910526 -0.6087614290089584 -4.178328271659269e-16
  outer loop
    vertex 3030.6984188474107 220.52493921314334 26.999999999999957
    vertex 3030.9367967813077 220.83559938492314 24.99999999999997
    vertex 3030.9367967813077 220.83559938492314 26.999999999999957
  endloop
endfacet
facet normal 0.9238795325112964 0.38268343236506636 -3.765168556708762e-16
  outer loop
    vertex 3030.5485682136537 219.38671064548953 24.99999999999997
    vertex 3030.6984188474107 219.02493921314334 26.999999999999957
    vertex 3030.6984188474107 219.02493921314334 24.99999999999997
  endloop
endfacet
facet normal 0.9238795325112964 0.38268343236506636 -3.765168556708762e-16
  outer loop
    vertex 3030.6984188474107 219.02493921314334 26.999999999999957
    vertex 3030.5485682136537 219.38671064548953 24.99999999999997
    vertex 3030.5485682136537 219.38671064548953 26.999999999999957
  endloop
endfacet
facet normal 0.1305261922191588 0.991444861373928 4.131597149552844e-17
  outer loop
    vertex 3031.6092283854337 218.32605047370964 26.999999999999957
    vertex 3031.9974569530873 218.2749392131436 24.99999999999997
    vertex 3031.6092283854337 218.32605047370964 24.99999999999997
  endloop
endfacet
facet normal 0.1305261922191588 0.991444861373928 4.131597149552844e-17
  outer loop
    vertex 3031.9974569530873 218.2749392131436 24.99999999999997
    vertex 3031.6092283854337 218.32605047370964 26.999999999999957
    vertex 3031.9974569530873 218.2749392131436 26.999999999999957
  endloop
endfacet
facet normal -0.9238795325112964 0.38268343236506636 4.53684333997841e-16
  outer loop
    vertex 3033.446345692521 219.38671064548936 26.999999999999957
    vertex 3033.2964950587643 219.02493921314314 24.99999999999997
    vertex 3033.2964950587643 219.02493921314314 26.999999999999957
  endloop
endfacet
facet normal -0.9238795325112964 0.38268343236506636 4.53684333997841e-16
  outer loop
    vertex 3033.2964950587643 219.02493921314314 24.99999999999997
    vertex 3033.446345692521 219.38671064548936 26.999999999999957
    vertex 3033.446345692521 219.38671064548936 24.99999999999997
  endloop
endfacet
facet normal -0.7933533402910526 0.6087614290089584 4.178328271659269e-16
  outer loop
    vertex 3033.2964950587643 219.02493921314314 26.999999999999957
    vertex 3033.0581171248673 218.71427904136337 24.99999999999997
    vertex 3033.0581171248673 218.71427904136337 26.999999999999957
  endloop
endfacet
facet normal -0.7933533402910526 0.6087614290089584 4.178328271659269e-16
  outer loop
    vertex 3033.0581171248673 218.71427904136337 24.99999999999997
    vertex 3033.2964950587643 219.02493921314314 26.999999999999957
    vertex 3033.2964950587643 219.02493921314314 24.99999999999997
  endloop
endfacet
facet normal -0.9914448613738346 -0.1305261922198682 4.3229761341817096e-16
  outer loop
    vertex 3033.446345692521 220.16316778079695 26.999999999999957
    vertex 3033.4974569530873 219.77493921314317 24.99999999999997
    vertex 3033.4974569530873 219.77493921314317 26.999999999999957
  endloop
endfacet
facet normal -0.9914448613738346 -0.1305261922198682 4.3229761341817096e-16
  outer loop
    vertex 3033.4974569530873 219.77493921314317 24.99999999999997
    vertex 3033.446345692521 220.16316778079695 26.999999999999957
    vertex 3033.446345692521 220.16316778079695 24.99999999999997
  endloop
endfacet
facet normal -0.7933533402910954 -0.6087614290089027 2.9507709643307024e-16
  outer loop
    vertex 3033.0581171248673 220.835599384923 26.999999999999957
    vertex 3033.2964950587643 220.52493921314317 24.99999999999997
    vertex 3033.2964950587643 220.52493921314317 26.999999999999957
  endloop
endfacet
facet normal -0.7933533402910954 -0.6087614290089027 2.9507709643307024e-16
  outer loop
    vertex 3033.2964950587643 220.52493921314317 24.99999999999997
    vertex 3033.0581171248673 220.835599384923 26.999999999999957
    vertex 3033.0581171248673 220.835599384923 24.99999999999997
  endloop
endfacet
facet normal -0.608761429009036 -0.7933533402909932 1.9352832071163824e-16
  outer loop
    vertex 3033.0581171248673 220.835599384923 26.999999999999957
    vertex 3032.7474569530877 221.07397731881989 24.99999999999997
    vertex 3033.0581171248673 220.835599384923 24.99999999999997
  endloop
endfacet
facet normal -0.608761429009036 -0.7933533402909932 1.9352832071163824e-16
  outer loop
    vertex 3032.7474569530877 221.07397731881989 24.99999999999997
    vertex 3033.0581171248673 220.835599384923 26.999999999999957
    vertex 3032.7474569530877 221.07397731881989 26.999999999999957
  endloop
endfacet
facet normal 0.9238795325112626 -0.38268343236514785 -4.536843339978341e-16
  outer loop
    vertex 3083.698418847386 220.52493921314317 24.999999999999975
    vertex 3083.548568213629 220.16316778079707 26.99999999999996
    vertex 3083.548568213629 220.16316778079707 24.999999999999975
  endloop
endfacet
facet normal 0.9238795325112626 -0.38268343236514785 -4.536843339978341e-16
  outer loop
    vertex 3083.548568213629 220.16316778079707 26.99999999999996
    vertex 3083.698418847386 220.52493921314317 24.999999999999975
    vertex 3083.698418847386 220.52493921314317 26.99999999999996
  endloop
endfacet
facet normal -0.3826834323649604 0.9238795325113404 2.6508968250502686e-16
  outer loop
    vertex 3085.385685520716 72.32605047371123 26.99999999999995
    vertex 3085.7474569530623 72.47590110746816 24.99999999999996
    vertex 3085.385685520716 72.32605047371123 24.99999999999996
  endloop
endfacet
facet normal -0.3826834323649604 0.9238795325113404 2.6508968250502686e-16
  outer loop
    vertex 3085.7474569530623 72.47590110746816 24.99999999999996
    vertex 3085.385685520716 72.32605047371123 26.99999999999995
    vertex 3085.7474569530623 72.47590110746816 26.99999999999995
  endloop
endfacet
facet normal -0.13052619222009923 -0.9914448613738042 -4.131597149509341e-17
  outer loop
    vertex 3085.385685520716 75.22382795257779 26.99999999999995
    vertex 3084.9974569530623 75.27493921314418 24.99999999999996
    vertex 3085.385685520716 75.22382795257779 24.99999999999996
  endloop
endfacet
facet normal -0.13052619222009923 -0.9914448613738042 -4.131597149509341e-17
  outer loop
    vertex 3084.9974569530623 75.27493921314418 24.99999999999996
    vertex 3085.385685520716 75.22382795257779 26.99999999999995
    vertex 3084.9974569530623 75.27493921314418 26.99999999999995
  endloop
endfacet
facet normal 0.7933533402910101 0.6087614290090141 -2.9507709643302065e-16
  outer loop
    vertex 3083.698418847386 73.02493921314469 24.99999999999996
    vertex 3083.9367967812827 72.71427904136493 26.99999999999995
    vertex 3083.9367967812827 72.71427904136493 24.99999999999996
  endloop
endfacet
facet normal 0.7933533402910101 0.6087614290090141 -2.9507709643302065e-16
  outer loop
    vertex 3083.9367967812827 72.71427904136493 26.99999999999995
    vertex 3083.698418847386 73.02493921314469 24.99999999999996
    vertex 3083.698418847386 73.02493921314469 26.99999999999995
  endloop
endfacet
facet normal -0.9238795325113007 -0.38268343236505625 3.7651685567087914e-16
  outer loop
    vertex 3033.2964950587643 74.52493921314452 26.99999999999995
    vertex 3033.446345692521 74.1631677807983 24.99999999999996
    vertex 3033.446345692521 74.1631677807983 26.99999999999995
  endloop
endfacet
facet normal -0.9238795325113007 -0.38268343236505625 3.7651685567087914e-16
  outer loop
    vertex 3033.446345692521 74.1631677807983 24.99999999999996
    vertex 3033.2964950587643 74.52493921314452 26.99999999999995
    vertex 3033.2964950587643 74.52493921314452 24.99999999999996
  endloop
endfacet
facet normal 0.13052619222009923 -0.9914448613738042 -1.586072375647085e-16
  outer loop
    vertex 3084.9974569530623 75.27493921314418 26.99999999999995
    vertex 3084.6092283854086 75.22382795257779 24.99999999999996
    vertex 3084.9974569530623 75.27493921314418 24.99999999999996
  endloop
endfacet
facet normal 0.13052619222009923 -0.9914448613738042 -1.586072375647085e-16
  outer loop
    vertex 3084.6092283854086 75.22382795257779 24.99999999999996
    vertex 3084.9974569530623 75.27493921314418 26.99999999999995
    vertex 3084.6092283854086 75.22382795257779 26.99999999999995
  endloop
endfacet
facet normal 0.3826834323649604 0.9238795325113404 -7.879090975391417e-17
  outer loop
    vertex 3084.2474569530627 72.47590110746816 26.99999999999995
    vertex 3084.6092283854086 72.32605047371123 24.99999999999996
    vertex 3084.2474569530627 72.47590110746816 24.99999999999996
  endloop
endfacet
facet normal 0.3826834323649604 0.9238795325113404 -7.879090975391417e-17
  outer loop
    vertex 3084.6092283854086 72.32605047371123 24.99999999999996
    vertex 3084.2474569530627 72.47590110746816 26.99999999999995
    vertex 3084.6092283854086 72.32605047371123 26.99999999999995
  endloop
endfacet
facet normal -0.991444861373834 0.1305261922198719 4.586180032165443e-16
  outer loop
    vertex 3033.4974569530873 73.77493921314452 26.99999999999995
    vertex 3033.446345692521 73.38671064549072 24.99999999999996
    vertex 3033.446345692521 73.38671064549072 26.99999999999995
  endloop
endfacet
facet normal -0.991444861373834 0.1305261922198719 4.586180032165443e-16
  outer loop
    vertex 3033.446345692521 73.38671064549072 24.99999999999996
    vertex 3033.4974569530873 73.77493921314452 26.99999999999995
    vertex 3033.4974569530873 73.77493921314452 24.99999999999996
  endloop
endfacet
facet normal -0.7933533402910848 -0.6087614290089167 2.950770964330641e-16
  outer loop
    vertex 3033.0581171248673 74.83559938492435 26.99999999999995
    vertex 3033.2964950587643 74.52493921314452 24.99999999999996
    vertex 3033.2964950587643 74.52493921314452 26.99999999999995
  endloop
endfacet
facet normal -0.7933533402910848 -0.6087614290089167 2.950770964330641e-16
  outer loop
    vertex 3033.2964950587643 74.52493921314452 24.99999999999996
    vertex 3033.0581171248673 74.83559938492435 26.99999999999995
    vertex 3033.0581171248673 74.83559938492435 24.99999999999996
  endloop
endfacet
facet normal -0.9914448613738296 0.13052619221990544 4.586180032165456e-16
  outer loop
    vertex 3086.497456953062 73.77493921314452 26.99999999999995
    vertex 3086.446345692496 73.38671064549082 24.99999999999996
    vertex 3086.446345692496 73.38671064549082 26.99999999999995
  endloop
endfacet
facet normal -0.9914448613738296 0.13052619221990544 4.586180032165456e-16
  outer loop
    vertex 3086.446345692496 73.38671064549082 24.99999999999996
    vertex 3086.497456953062 73.77493921314452 26.99999999999995
    vertex 3086.497456953062 73.77493921314452 24.99999999999996
  endloop
endfacet
facet normal -0.9238795325112713 -0.3826834323651276 3.7651685567085873e-16
  outer loop
    vertex 3086.296495058739 74.52493921314435 26.99999999999995
    vertex 3086.446345692496 74.1631677807982 24.99999999999996
    vertex 3086.446345692496 74.1631677807982 26.99999999999995
  endloop
endfacet
facet normal -0.9238795325112713 -0.3826834323651276 3.7651685567085873e-16
  outer loop
    vertex 3086.446345692496 74.1631677807982 24.99999999999996
    vertex 3086.296495058739 74.52493921314435 26.99999999999995
    vertex 3086.296495058739 74.52493921314435 24.99999999999996
  endloop
endfacet
facet normal 0.7933533402910101 -0.6087614290090141 -4.1783282716591337e-16
  outer loop
    vertex 3083.9367967812827 74.8355993849241 24.99999999999996
    vertex 3083.698418847386 74.52493921314435 26.99999999999995
    vertex 3083.698418847386 74.52493921314435 24.99999999999996
  endloop
endfacet
facet normal 0.7933533402910101 -0.6087614290090141 -4.1783282716591337e-16
  outer loop
    vertex 3083.698418847386 74.52493921314435 26.99999999999995
    vertex 3083.9367967812827 74.8355993849241 24.99999999999996
    vertex 3083.9367967812827 74.8355993849241 26.99999999999995
  endloop
endfacet
facet normal 0.923879532511267 -0.38268343236513774 -4.536843339978351e-16
  outer loop
    vertex 3083.698418847386 74.52493921314435 24.99999999999996
    vertex 3083.548568213629 74.16316778079822 26.99999999999995
    vertex 3083.548568213629 74.16316778079822 24.99999999999996
  endloop
endfacet
facet normal 0.923879532511267 -0.38268343236513774 -4.536843339978351e-16
  outer loop
    vertex 3083.548568213629 74.16316778079822 26.99999999999995
    vertex 3083.698418847386 74.52493921314435 24.99999999999996
    vertex 3083.698418847386 74.52493921314435 26.99999999999995
  endloop
endfacet
facet normal -0.7933533402910101 -0.6087614290090141 2.9507709643302065e-16
  outer loop
    vertex 3086.058117124842 74.8355993849241 26.99999999999995
    vertex 3086.296495058739 74.52493921314435 24.99999999999996
    vertex 3086.296495058739 74.52493921314435 26.99999999999995
  endloop
endfacet
facet normal -0.7933533402910101 -0.6087614290090141 2.9507709643302065e-16
  outer loop
    vertex 3086.296495058739 74.52493921314435 24.99999999999996
    vertex 3086.058117124842 74.8355993849241 26.99999999999995
    vertex 3086.058117124842 74.8355993849241 24.99999999999996
  endloop
endfacet
facet normal -0.38268343236536 0.9238795325111748 2.650896825051897e-16
  outer loop
    vertex 3032.3856855207414 72.3260504737109 26.99999999999995
    vertex 3032.7474569530873 72.47590110746783 24.99999999999996
    vertex 3032.3856855207414 72.3260504737109 24.99999999999996
  endloop
endfacet
facet normal -0.38268343236536 0.9238795325111748 2.650896825051897e-16
  outer loop
    vertex 3032.7474569530873 72.47590110746783 24.99999999999996
    vertex 3032.3856855207414 72.3260504737109 26.99999999999995
    vertex 3032.7474569530873 72.47590110746783 26.99999999999995
  endloop
endfacet
facet normal -0.9238795325112713 0.3826834323651276 4.53684333997836e-16
  outer loop
    vertex 3086.446345692496 73.38671064549082 26.99999999999995
    vertex 3086.296495058739 73.02493921314469 24.99999999999996
    vertex 3086.296495058739 73.02493921314469 26.99999999999995
  endloop
endfacet
facet normal -0.9238795325112713 0.3826834323651276 4.53684333997836e-16
  outer loop
    vertex 3086.296495058739 73.02493921314469 24.99999999999996
    vertex 3086.446345692496 73.38671064549082 26.99999999999995
    vertex 3086.446345692496 73.38671064549082 24.99999999999996
  endloop
endfacet
facet normal 0.6087614290089091 -0.7933533402910906 -3.535067036642339e-16
  outer loop
    vertex 3084.2474569530627 75.07397731882088 26.99999999999995
    vertex 3083.9367967812827 74.8355993849241 24.99999999999996
    vertex 3084.2474569530627 75.07397731882088 24.99999999999996
  endloop
endfacet
facet normal 0.6087614290089091 -0.7933533402910906 -3.535067036642339e-16
  outer loop
    vertex 3083.9367967812827 74.8355993849241 24.99999999999996
    vertex 3084.2474569530627 75.07397731882088 26.99999999999995
    vertex 3083.9367967812827 74.8355993849241 26.99999999999995
  endloop
endfacet
facet normal 0.9914448613738301 -0.13052619221990172 -4.586180032165454e-16
  outer loop
    vertex 3083.548568213629 74.16316778079822 24.99999999999996
    vertex 3083.4974569530627 73.77493921314452 26.99999999999995
    vertex 3083.4974569530627 73.77493921314452 24.99999999999996
  endloop
endfacet
facet normal 0.9914448613738301 -0.13052619221990172 -4.586180032165454e-16
  outer loop
    vertex 3083.4974569530627 73.77493921314452 26.99999999999995
    vertex 3083.548568213629 74.16316778079822 24.99999999999996
    vertex 3083.548568213629 74.16316778079822 26.99999999999995
  endloop
endfacet
facet normal 0.9914448613738296 0.13052619221990544 -4.3229761341816495e-16
  outer loop
    vertex 3083.4974569530627 73.77493921314452 24.99999999999996
    vertex 3083.548568213629 73.38671064549082 26.99999999999995
    vertex 3083.548568213629 73.38671064549082 24.99999999999996
  endloop
endfacet
facet normal 0.9914448613738296 0.13052619221990544 -4.3229761341816495e-16
  outer loop
    vertex 3083.548568213629 73.38671064549082 26.99999999999995
    vertex 3083.4974569530627 73.77493921314452 24.99999999999996
    vertex 3083.4974569530627 73.77493921314452 26.99999999999995
  endloop
endfacet
facet normal 0.38268343236493574 -0.9238795325113506 -2.650896825050168e-16
  outer loop
    vertex 3084.6092283854086 75.22382795257779 26.99999999999995
    vertex 3084.2474569530627 75.07397731882088 24.99999999999996
    vertex 3084.6092283854086 75.22382795257779 24.99999999999996
  endloop
endfacet
facet normal 0.38268343236493574 -0.9238795325113506 -2.650896825050168e-16
  outer loop
    vertex 3084.2474569530627 75.07397731882088 24.99999999999996
    vertex 3084.6092283854086 75.22382795257779 26.99999999999995
    vertex 3084.2474569530627 75.07397731882088 26.99999999999995
  endloop
endfacet
facet normal 0.6087614290088909 0.7933533402911045 -1.9352832071156185e-16
  outer loop
    vertex 3083.9367967812827 72.71427904136493 26.99999999999995
    vertex 3084.2474569530627 72.47590110746816 24.99999999999996
    vertex 3083.9367967812827 72.71427904136493 24.99999999999996
  endloop
endfacet
facet normal 0.6087614290088909 0.7933533402911045 -1.9352832071156185e-16
  outer loop
    vertex 3084.2474569530627 72.47590110746816 24.99999999999996
    vertex 3083.9367967812827 72.71427904136493 26.99999999999995
    vertex 3084.2474569530627 72.47590110746816 26.99999999999995
  endloop
endfacet
facet normal -0.7933533402910101 0.6087614290090141 4.1783282716591337e-16
  outer loop
    vertex 3086.296495058739 73.02493921314469 26.99999999999995
    vertex 3086.058117124842 72.71427904136493 24.99999999999996
    vertex 3086.058117124842 72.71427904136493 26.99999999999995
  endloop
endfacet
facet normal -0.7933533402910101 0.6087614290090141 4.1783282716591337e-16
  outer loop
    vertex 3086.058117124842 72.71427904136493 24.99999999999996
    vertex 3086.296495058739 73.02493921314469 26.99999999999995
    vertex 3086.296495058739 73.02493921314469 24.99999999999996
  endloop
endfacet
facet normal -0.6087614290088909 0.7933533402911045 3.535067036642272e-16
  outer loop
    vertex 3085.7474569530623 72.47590110746816 26.99999999999995
    vertex 3086.058117124842 72.71427904136493 24.99999999999996
    vertex 3085.7474569530623 72.47590110746816 24.99999999999996
  endloop
endfacet
facet normal -0.6087614290088909 0.7933533402911045 3.535067036642272e-16
  outer loop
    vertex 3086.058117124842 72.71427904136493 24.99999999999996
    vertex 3085.7474569530623 72.47590110746816 26.99999999999995
    vertex 3086.058117124842 72.71427904136493 26.99999999999995
  endloop
endfacet
facet normal -0.3826834323649604 -0.9238795325113404 7.879090975391417e-17
  outer loop
    vertex 3085.7474569530623 75.07397731882087 26.99999999999995
    vertex 3085.385685520716 75.22382795257779 24.99999999999996
    vertex 3085.7474569530623 75.07397731882087 24.99999999999996
  endloop
endfacet
facet normal -0.3826834323649604 -0.9238795325113404 7.879090975391417e-17
  outer loop
    vertex 3085.385685520716 75.22382795257779 24.99999999999996
    vertex 3085.7474569530623 75.07397731882087 26.99999999999995
    vertex 3085.385685520716 75.22382795257779 26.99999999999995
  endloop
endfacet
facet normal -0.9914448613738296 -0.13052619221990544 4.3229761341816495e-16
  outer loop
    vertex 3086.446345692496 74.1631677807982 26.99999999999995
    vertex 3086.497456953062 73.77493921314452 24.99999999999996
    vertex 3086.497456953062 73.77493921314452 26.99999999999995
  endloop
endfacet
facet normal -0.9914448613738296 -0.13052619221990544 4.3229761341816495e-16
  outer loop
    vertex 3086.497456953062 73.77493921314452 24.99999999999996
    vertex 3086.446345692496 74.1631677807982 26.99999999999995
    vertex 3086.446345692496 74.1631677807982 24.99999999999996
  endloop
endfacet
facet normal 0.9238795325112713 0.3826834323651276 -3.7651685567085873e-16
  outer loop
    vertex 3083.548568213629 73.38671064549082 24.99999999999996
    vertex 3083.698418847386 73.02493921314469 26.99999999999995
    vertex 3083.698418847386 73.02493921314469 24.99999999999996
  endloop
endfacet
facet normal 0.9238795325112713 0.3826834323651276 -3.7651685567085873e-16
  outer loop
    vertex 3083.698418847386 73.02493921314469 26.99999999999995
    vertex 3083.548568213629 73.38671064549082 24.99999999999996
    vertex 3083.548568213629 73.38671064549082 26.99999999999995
  endloop
endfacet
facet normal 0.13052619221910217 0.9914448613739354 4.1315971495554635e-17
  outer loop
    vertex 3031.6092283854337 72.3260504737109 26.99999999999995
    vertex 3031.9974569530873 72.27493921314486 24.99999999999996
    vertex 3031.6092283854337 72.3260504737109 24.99999999999996
  endloop
endfacet
facet normal 0.13052619221910217 0.9914448613739354 4.1315971495554635e-17
  outer loop
    vertex 3031.9974569530873 72.27493921314486 24.99999999999996
    vertex 3031.6092283854337 72.3260504737109 26.99999999999995
    vertex 3031.9974569530873 72.27493921314486 26.99999999999995
  endloop
endfacet
facet normal -0.13052619221910217 0.9914448613739354 1.586072375642737e-16
  outer loop
    vertex 3031.9974569530873 72.27493921314486 26.99999999999995
    vertex 3032.3856855207414 72.3260504737109 24.99999999999996
    vertex 3031.9974569530873 72.27493921314486 24.99999999999996
  endloop
endfacet
facet normal -0.13052619221910217 0.9914448613739354 1.586072375642737e-16
  outer loop
    vertex 3032.3856855207414 72.3260504737109 24.99999999999996
    vertex 3031.9974569530873 72.27493921314486 26.99999999999995
    vertex 3032.3856855207414 72.3260504737109 26.99999999999995
  endloop
endfacet
facet normal -0.6087614290088909 -0.7933533402911045 1.9352832071156185e-16
  outer loop
    vertex 3086.058117124842 74.8355993849241 26.99999999999995
    vertex 3085.7474569530623 75.07397731882087 24.99999999999996
    vertex 3086.058117124842 74.8355993849241 24.99999999999996
  endloop
endfacet
facet normal -0.6087614290088909 -0.7933533402911045 1.9352832071156185e-16
  outer loop
    vertex 3085.7474569530623 75.07397731882087 24.99999999999996
    vertex 3086.058117124842 74.8355993849241 26.99999999999995
    vertex 3085.7474569530623 75.07397731882087 26.99999999999995
  endloop
endfacet
facet normal -0.6087614290085364 0.7933533402913766 3.535067036640953e-16
  outer loop
    vertex 3032.7474569530873 72.47590110746783 26.99999999999995
    vertex 3033.0581171248673 72.71427904136468 24.99999999999996
    vertex 3032.7474569530873 72.47590110746783 24.99999999999996
  endloop
endfacet
facet normal -0.6087614290085364 0.7933533402913766 3.535067036640953e-16
  outer loop
    vertex 3033.0581171248673 72.71427904136468 24.99999999999996
    vertex 3032.7474569530873 72.47590110746783 26.99999999999995
    vertex 3033.0581171248673 72.71427904136468 26.99999999999995
  endloop
endfacet
facet normal -0.7933533402910848 0.6087614290089167 4.1783282716593714e-16
  outer loop
    vertex 3033.2964950587643 73.0249392131445 26.99999999999995
    vertex 3033.0581171248673 72.71427904136468 24.99999999999996
    vertex 3033.0581171248673 72.71427904136468 26.99999999999995
  endloop
endfacet
facet normal -0.7933533402910848 0.6087614290089167 4.1783282716593714e-16
  outer loop
    vertex 3033.0581171248673 72.71427904136468 24.99999999999996
    vertex 3033.2964950587643 73.0249392131445 26.99999999999995
    vertex 3033.2964950587643 73.0249392131445 24.99999999999996
  endloop
endfacet
facet normal -0.9238795325113007 0.38268343236505625 4.53684333997842e-16
  outer loop
    vertex 3033.446345692521 73.38671064549072 26.99999999999995
    vertex 3033.2964950587643 73.0249392131445 24.99999999999996
    vertex 3033.2964950587643 73.0249392131445 26.99999999999995
  endloop
endfacet
facet normal -0.9238795325113007 0.38268343236505625 4.53684333997842e-16
  outer loop
    vertex 3033.2964950587643 73.0249392131445 24.99999999999996
    vertex 3033.446345692521 73.38671064549072 26.99999999999995
    vertex 3033.446345692521 73.38671064549072 24.99999999999996
  endloop
endfacet
facet normal -0.991444861373834 -0.1305261922198719 4.322976134181703e-16
  outer loop
    vertex 3033.446345692521 74.1631677807983 26.99999999999995
    vertex 3033.4974569530873 73.77493921314452 24.99999999999996
    vertex 3033.4974569530873 73.77493921314452 26.99999999999995
  endloop
endfacet
facet normal -0.991444861373834 -0.1305261922198719 4.322976134181703e-16
  outer loop
    vertex 3033.4974569530873 73.77493921314452 24.99999999999996
    vertex 3033.446345692521 74.1631677807983 26.99999999999995
    vertex 3033.446345692521 74.1631677807983 24.99999999999996
  endloop
endfacet
facet normal -0.9914448613738307 -0.130526192219898 4.322976134181662e-16
  outer loop
    vertex 3086.446345692496 220.16316778079687 26.999999999999957
    vertex 3086.497456953062 219.77493921314317 24.999999999999968
    vertex 3086.497456953062 219.77493921314317 26.999999999999957
  endloop
endfacet
facet normal -0.9914448613738307 -0.130526192219898 4.322976134181662e-16
  outer loop
    vertex 3086.497456953062 219.77493921314317 24.999999999999968
    vertex 3086.446345692496 220.16316778079687 26.999999999999957
    vertex 3086.446345692496 220.16316778079687 24.999999999999968
  endloop
endfacet
facet normal 0.3826834323650341 0.9238795325113098 -7.879090975395039e-17
  outer loop
    vertex 3031.2474569530873 72.47590110746783 26.99999999999995
    vertex 3031.6092283854337 72.3260504737109 24.99999999999996
    vertex 3031.2474569530873 72.47590110746783 24.99999999999996
  endloop
endfacet
facet normal 0.3826834323650341 0.9238795325113098 -7.879090975395039e-17
  outer loop
    vertex 3031.6092283854337 72.3260504737109 24.99999999999996
    vertex 3031.2474569530873 72.47590110746783 26.99999999999995
    vertex 3031.6092283854337 72.3260504737109 26.99999999999995
  endloop
endfacet
facet normal 0.6087614290089816 0.793353340291035 -1.935283207116096e-16
  outer loop
    vertex 3030.9367967813077 72.71427904136468 26.99999999999995
    vertex 3031.2474569530873 72.47590110746783 24.99999999999996
    vertex 3030.9367967813077 72.71427904136468 24.99999999999996
  endloop
endfacet
facet normal 0.6087614290089816 0.793353340291035 -1.935283207116096e-16
  outer loop
    vertex 3031.2474569530873 72.47590110746783 24.99999999999996
    vertex 3030.9367967813077 72.71427904136468 26.99999999999995
    vertex 3031.2474569530873 72.47590110746783 26.99999999999995
  endloop
endfacet
facet normal -0.9238795325112626 0.38268343236514785 4.536843339978341e-16
  outer loop
    vertex 3086.446345692496 219.38671064548944 26.999999999999957
    vertex 3086.296495058739 219.02493921314334 24.999999999999968
    vertex 3086.296495058739 219.02493921314334 26.999999999999957
  endloop
endfacet
facet normal -0.9238795325112626 0.38268343236514785 4.536843339978341e-16
  outer loop
    vertex 3086.296495058739 219.02493921314334 24.999999999999968
    vertex 3086.446345692496 219.38671064548944 26.999999999999957
    vertex 3086.446345692496 219.38671064548944 24.999999999999968
  endloop
endfacet
facet normal -0.793353340291498 -0.6087614290083783 2.95077096433304e-16
  outer loop
    vertex 3086.0581171248423 220.83559938492277 26.999999999999957
    vertex 3086.296495058739 220.524939213143 24.999999999999968
    vertex 3086.296495058739 220.524939213143 26.999999999999957
  endloop
endfacet
facet normal -0.793353340291498 -0.6087614290083783 2.95077096433304e-16
  outer loop
    vertex 3086.296495058739 220.524939213143 24.999999999999968
    vertex 3086.0581171248423 220.83559938492277 26.999999999999957
    vertex 3086.0581171248423 220.83559938492277 24.999999999999968
  endloop
endfacet
facet normal 0.13052619222007092 -0.9914448613738079 -1.5860723756469614e-16
  outer loop
    vertex 3084.9974569530623 221.27493921314291 26.999999999999957
    vertex 3084.6092283854086 221.22382795257653 24.99999999999997
    vertex 3084.9974569530623 221.27493921314291 24.99999999999997
  endloop
endfacet
facet normal 0.13052619222007092 -0.9914448613738079 -1.5860723756469614e-16
  outer loop
    vertex 3084.6092283854086 221.22382795257653 24.99999999999997
    vertex 3084.9974569530623 221.27493921314291 26.999999999999957
    vertex 3084.6092283854086 221.22382795257653 26.999999999999957
  endloop
endfacet
facet normal 0.7933533402910848 -0.6087614290089167 -4.1783282716593714e-16
  outer loop
    vertex 3030.9367967813077 74.83559938492435 24.99999999999996
    vertex 3030.6984188474107 74.52493921314452 26.99999999999995
    vertex 3030.6984188474107 74.52493921314452 24.99999999999996
  endloop
endfacet
facet normal 0.7933533402910848 -0.6087614290089167 -4.1783282716593714e-16
  outer loop
    vertex 3030.6984188474107 74.52493921314452 26.99999999999995
    vertex 3030.9367967813077 74.83559938492435 24.99999999999996
    vertex 3030.9367967813077 74.83559938492435 26.99999999999995
  endloop
endfacet
facet normal 0.3826834323648866 -0.923879532511371 -2.650896825049968e-16
  outer loop
    vertex 3084.6092283854086 221.22382795257653 26.999999999999957
    vertex 3084.2474569530627 221.07397731881966 24.999999999999975
    vertex 3084.6092283854086 221.22382795257653 24.99999999999997
  endloop
endfacet
facet normal 0.3826834323648866 -0.923879532511371 -2.650896825049968e-16
  outer loop
    vertex 3084.2474569530627 221.07397731881966 24.999999999999975
    vertex 3084.6092283854086 221.22382795257653 26.999999999999957
    vertex 3084.2474569530627 221.07397731881966 26.99999999999996
  endloop
endfacet
facet normal -0.6087614290088184 0.7933533402911601 3.5350670366420024e-16
  outer loop
    vertex 3085.7474569530623 218.47590110746685 26.999999999999957
    vertex 3086.058117124842 218.7142790413636 24.999999999999968
    vertex 3085.7474569530623 218.47590110746685 24.999999999999968
  endloop
endfacet
facet normal -0.6087614290088184 0.7933533402911601 3.5350670366420024e-16
  outer loop
    vertex 3086.058117124842 218.7142790413636 24.999999999999968
    vertex 3085.7474569530623 218.47590110746685 26.999999999999957
    vertex 3086.058117124842 218.7142790413636 26.999999999999957
  endloop
endfacet
facet normal 0.6087614290085364 -0.7933533402913766 -3.535067036640953e-16
  outer loop
    vertex 3031.2474569530877 75.07397731882119 26.99999999999995
    vertex 3030.9367967813077 74.83559938492435 24.99999999999996
    vertex 3031.2474569530877 75.07397731882119 24.99999999999996
  endloop
endfacet
facet normal 0.6087614290085364 -0.7933533402913766 -3.535067036640953e-16
  outer loop
    vertex 3030.9367967813077 74.83559938492435 24.99999999999996
    vertex 3031.2474569530877 75.07397731882119 26.99999999999995
    vertex 3030.9367967813077 74.83559938492435 26.99999999999995
  endloop
endfacet
facet normal -0.3826834323648866 0.923879532511371 2.650896825049968e-16
  outer loop
    vertex 3085.385685520716 218.32605047370996 24.99999999999997
    vertex 3085.7474569530623 218.47590110746685 26.999999999999957
    vertex 3085.7474569530623 218.47590110746685 24.999999999999968
  endloop
endfacet
facet normal -0.3826834323648866 0.923879532511371 2.650896825049968e-16
  outer loop
    vertex 3085.7474569530623 218.47590110746685 26.999999999999957
    vertex 3085.385685520716 218.32605047370996 24.99999999999997
    vertex 3085.385685520716 218.32605047370996 26.999999999999957
  endloop
endfacet
facet normal -0.7933533402910101 0.6087614290090141 4.1783282716591337e-16
  outer loop
    vertex 3086.296495058739 219.02493921314334 26.999999999999957
    vertex 3086.058117124842 218.7142790413636 24.999999999999968
    vertex 3086.058117124842 218.7142790413636 26.999999999999957
  endloop
endfacet
facet normal -0.7933533402910101 0.6087614290090141 4.1783282716591337e-16
  outer loop
    vertex 3086.058117124842 218.7142790413636 24.999999999999968
    vertex 3086.296495058739 219.02493921314334 26.999999999999957
    vertex 3086.296495058739 219.02493921314334 24.999999999999968
  endloop
endfacet
facet normal 0.13052619221910217 -0.9914448613739354 -1.586072375642737e-16
  outer loop
    vertex 3031.9974569530873 75.27493921314418 26.99999999999995
    vertex 3031.6092283854337 75.22382795257813 24.99999999999996
    vertex 3031.9974569530873 75.27493921314418 24.99999999999996
  endloop
endfacet
facet normal 0.13052619221910217 -0.9914448613739354 -1.586072375642737e-16
  outer loop
    vertex 3031.6092283854337 75.22382795257813 24.99999999999996
    vertex 3031.9974569530873 75.27493921314418 26.99999999999995
    vertex 3031.6092283854337 75.22382795257813 26.99999999999995
  endloop
endfacet
facet normal -0.9914448613738307 0.130526192219898 4.586180032165454e-16
  outer loop
    vertex 3086.497456953062 219.77493921314317 26.999999999999957
    vertex 3086.446345692496 219.38671064548944 24.999999999999968
    vertex 3086.446345692496 219.38671064548944 26.999999999999957
  endloop
endfacet
facet normal -0.9914448613738307 0.130526192219898 4.586180032165454e-16
  outer loop
    vertex 3086.446345692496 219.38671064548944 24.999999999999968
    vertex 3086.497456953062 219.77493921314317 26.999999999999957
    vertex 3086.497456953062 219.77493921314317 24.999999999999968
  endloop
endfacet
facet normal 0.991444861373834 0.1305261922198719 -4.322976134181703e-16
  outer loop
    vertex 3030.4974569530873 73.77493921314452 24.99999999999996
    vertex 3030.5485682136537 73.38671064549072 26.99999999999995
    vertex 3030.5485682136537 73.38671064549072 24.99999999999996
  endloop
endfacet
facet normal 0.991444861373834 0.1305261922198719 -4.322976134181703e-16
  outer loop
    vertex 3030.5485682136537 73.38671064549072 26.99999999999995
    vertex 3030.4974569530873 73.77493921314452 24.99999999999996
    vertex 3030.4974569530873 73.77493921314452 26.99999999999995
  endloop
endfacet
facet normal -0.1305261922200649 -0.9914448613738087 -4.1315971495109305e-17
  outer loop
    vertex 3085.3856855207164 221.2238279525765 26.999999999999957
    vertex 3084.9974569530623 221.27493921314291 24.99999999999997
    vertex 3085.3856855207164 221.2238279525765 24.99999999999997
  endloop
endfacet
facet normal -0.1305261922200649 -0.9914448613738087 -4.1315971495109305e-17
  outer loop
    vertex 3084.9974569530623 221.27493921314291 24.99999999999997
    vertex 3085.3856855207164 221.2238279525765 26.999999999999957
    vertex 3084.9974569530623 221.27493921314291 26.999999999999957
  endloop
endfacet
facet normal -0.3826834323650341 -0.9238795325113098 7.879090975395039e-17
  outer loop
    vertex 3032.7474569530877 75.07397731882119 26.99999999999995
    vertex 3032.3856855207414 75.22382795257813 24.99999999999996
    vertex 3032.7474569530877 75.07397731882119 24.99999999999996
  endloop
endfacet
facet normal -0.3826834323650341 -0.9238795325113098 7.879090975395039e-17
  outer loop
    vertex 3032.3856855207414 75.22382795257813 24.99999999999996
    vertex 3032.7474569530877 75.07397731882119 26.99999999999995
    vertex 3032.3856855207414 75.22382795257813 26.99999999999995
  endloop
endfacet
facet normal 0.38268343236536 -0.9238795325111748 -2.650896825051897e-16
  outer loop
    vertex 3031.6092283854337 75.22382795257813 26.99999999999995
    vertex 3031.2474569530877 75.07397731882119 24.99999999999996
    vertex 3031.6092283854337 75.22382795257813 24.99999999999996
  endloop
endfacet
facet normal 0.38268343236536 -0.9238795325111748 -2.650896825051897e-16
  outer loop
    vertex 3031.2474569530877 75.07397731882119 24.99999999999996
    vertex 3031.6092283854337 75.22382795257813 26.99999999999995
    vertex 3031.2474569530877 75.07397731882119 26.99999999999995
  endloop
endfacet
facet normal -0.3826834323653109 -0.9238795325111953 7.879090975408629e-17
  outer loop
    vertex 3085.7474569530623 221.07397731881957 26.999999999999957
    vertex 3085.3856855207164 221.2238279525765 24.99999999999997
    vertex 3085.7474569530623 221.07397731881957 24.99999999999997
  endloop
endfacet
facet normal -0.3826834323653109 -0.9238795325111953 7.879090975408629e-17
  outer loop
    vertex 3085.3856855207164 221.2238279525765 24.99999999999997
    vertex 3085.7474569530623 221.07397731881957 26.999999999999957
    vertex 3085.3856855207164 221.2238279525765 26.999999999999957
  endloop
endfacet
facet normal 0.991444861373834 -0.1305261922198719 -4.586180032165443e-16
  outer loop
    vertex 3030.5485682136537 74.1631677807983 24.99999999999996
    vertex 3030.4974569530873 73.77493921314452 26.99999999999995
    vertex 3030.4974569530873 73.77493921314452 24.99999999999996
  endloop
endfacet
facet normal 0.991444861373834 -0.1305261922198719 -4.586180032165443e-16
  outer loop
    vertex 3030.4974569530873 73.77493921314452 26.99999999999995
    vertex 3030.5485682136537 74.1631677807983 24.99999999999996
    vertex 3030.5485682136537 74.1631677807983 26.99999999999995
  endloop
endfacet
facet normal 0.9238795325113007 0.38268343236505625 -3.7651685567087914e-16
  outer loop
    vertex 3030.5485682136537 73.38671064549072 24.99999999999996
    vertex 3030.6984188474107 73.0249392131445 26.99999999999995
    vertex 3030.6984188474107 73.0249392131445 24.99999999999996
  endloop
endfacet
facet normal 0.9238795325113007 0.38268343236505625 -3.7651685567087914e-16
  outer loop
    vertex 3030.6984188474107 73.0249392131445 26.99999999999995
    vertex 3030.5485682136537 73.38671064549072 24.99999999999996
    vertex 3030.5485682136537 73.38671064549072 26.99999999999995
  endloop
endfacet
facet normal 0.1305261922200649 0.9914448613738087 4.1315971495109305e-17
  outer loop
    vertex 3084.6092283854086 218.32605047371 26.999999999999957
    vertex 3084.9974569530623 218.2749392131436 24.99999999999997
    vertex 3084.6092283854086 218.32605047371 24.99999999999997
  endloop
endfacet
facet normal 0.1305261922200649 0.9914448613738087 4.1315971495109305e-17
  outer loop
    vertex 3084.9974569530623 218.2749392131436 24.99999999999997
    vertex 3084.6092283854086 218.32605047371 26.999999999999957
    vertex 3084.9974569530623 218.2749392131436 26.999999999999957
  endloop
endfacet
facet normal -0.13052619222007092 0.9914448613738079 1.5860723756469614e-16
  outer loop
    vertex 3084.9974569530623 218.2749392131436 26.999999999999957
    vertex 3085.385685520716 218.32605047370996 24.99999999999997
    vertex 3084.9974569530623 218.2749392131436 24.99999999999997
  endloop
endfacet
facet normal -0.13052619222007092 0.9914448613738079 1.5860723756469614e-16
  outer loop
    vertex 3085.385685520716 218.32605047370996 24.99999999999997
    vertex 3084.9974569530623 218.2749392131436 26.999999999999957
    vertex 3085.385685520716 218.32605047370996 26.999999999999957
  endloop
endfacet
facet normal 0.7933533402910848 0.6087614290089167 -2.950770964330641e-16
  outer loop
    vertex 3030.6984188474107 73.0249392131445 24.99999999999996
    vertex 3030.9367967813077 72.71427904136468 26.99999999999995
    vertex 3030.9367967813077 72.71427904136468 24.99999999999996
  endloop
endfacet
facet normal 0.7933533402910848 0.6087614290089167 -2.950770964330641e-16
  outer loop
    vertex 3030.9367967813077 72.71427904136468 26.99999999999995
    vertex 3030.6984188474107 73.0249392131445 24.99999999999996
    vertex 3030.6984188474107 73.0249392131445 26.99999999999995
  endloop
endfacet
facet normal -0.13052619221910217 -0.9914448613739354 -4.1315971495554635e-17
  outer loop
    vertex 3032.3856855207414 75.22382795257813 26.99999999999995
    vertex 3031.9974569530873 75.27493921314418 24.99999999999996
    vertex 3032.3856855207414 75.22382795257813 24.99999999999996
  endloop
endfacet
facet normal -0.13052619221910217 -0.9914448613739354 -4.1315971495554635e-17
  outer loop
    vertex 3031.9974569530873 75.27493921314418 24.99999999999996
    vertex 3032.3856855207414 75.22382795257813 26.99999999999995
    vertex 3031.9974569530873 75.27493921314418 26.99999999999995
  endloop
endfacet
facet normal -0.6087614290089816 -0.793353340291035 1.935283207116096e-16
  outer loop
    vertex 3033.0581171248673 74.83559938492435 26.99999999999995
    vertex 3032.7474569530877 75.07397731882119 24.99999999999996
    vertex 3033.0581171248673 74.83559938492435 24.99999999999996
  endloop
endfacet
facet normal -0.6087614290089816 -0.793353340291035 1.935283207116096e-16
  outer loop
    vertex 3032.7474569530877 75.07397731882119 24.99999999999996
    vertex 3033.0581171248673 74.83559938492435 26.99999999999995
    vertex 3032.7474569530877 75.07397731882119 26.99999999999995
  endloop
endfacet
facet normal 0.9238795325113007 -0.38268343236505625 -4.53684333997842e-16
  outer loop
    vertex 3030.6984188474107 74.52493921314452 24.99999999999996
    vertex 3030.5485682136537 74.1631677807983 26.99999999999995
    vertex 3030.5485682136537 74.1631677807983 24.99999999999996
  endloop
endfacet
facet normal 0.9238795325113007 -0.38268343236505625 -4.53684333997842e-16
  outer loop
    vertex 3030.5485682136537 74.1631677807983 26.99999999999995
    vertex 3030.6984188474107 74.52493921314452 24.99999999999996
    vertex 3030.6984188474107 74.52493921314452 26.99999999999995
  endloop
endfacet
facet normal -0.9238795325112626 -0.38268343236514785 3.765168556708528e-16
  outer loop
    vertex 3086.296495058739 220.524939213143 26.999999999999957
    vertex 3086.446345692496 220.16316778079687 24.999999999999968
    vertex 3086.446345692496 220.16316778079687 26.999999999999957
  endloop
endfacet
facet normal -0.9238795325112626 -0.38268343236514785 3.765168556708528e-16
  outer loop
    vertex 3086.446345692496 220.16316778079687 24.999999999999968
    vertex 3086.296495058739 220.524939213143 26.999999999999957
    vertex 3086.296495058739 220.524939213143 24.999999999999968
  endloop
endfacet
facet normal -0.6087614290084457 -0.7933533402914461 1.9352832071132738e-16
  outer loop
    vertex 3086.0581171248423 220.83559938492277 26.999999999999957
    vertex 3085.7474569530623 221.07397731881957 24.99999999999997
    vertex 3086.0581171248423 220.83559938492277 24.999999999999968
  endloop
endfacet
facet normal -0.6087614290084457 -0.7933533402914461 1.9352832071132738e-16
  outer loop
    vertex 3085.7474569530623 221.07397731881957 24.99999999999997
    vertex 3086.0581171248423 220.83559938492277 26.999999999999957
    vertex 3085.7474569530623 221.07397731881957 26.999999999999957
  endloop
endfacet
facet normal 0.382683432365254 0.9238795325112189 0.0
  outer loop
    vertex 3081.497456953092 109.04277633629113 27.999999999999993
    vertex 3081.979818862887 108.84297549128188 25.000000000000043
    vertex 3081.497456953092 109.04277633629113 25.000000000000043
  endloop
endfacet
facet normal 0.382683432365254 0.9238795325112189 0.0
  outer loop
    vertex 3081.979818862887 108.84297549128188 25.000000000000043
    vertex 3081.497456953092 109.04277633629113 27.999999999999993
    vertex 3081.979818862887 108.84297549128188 27.999999999999993
  endloop
endfacet
facet normal -0.13052619222002393 0.9914448613738142 0.0
  outer loop
    vertex 3082.497456953092 108.77482714386002 27.999999999999993
    vertex 3083.0150950432967 108.84297549128188 25.000000000000043
    vertex 3082.497456953092 108.77482714386002 25.000000000000043
  endloop
endfacet
facet normal -0.13052619222002393 0.9914448613738142 0.0
  outer loop
    vertex 3083.0150950432967 108.84297549128188 25.000000000000043
    vertex 3082.497456953092 108.77482714386002 27.999999999999993
    vertex 3083.0150950432967 108.84297549128188 27.999999999999993
  endloop
endfacet
facet normal 0.13052619222002393 0.9914448613738142 0.0
  outer loop
    vertex 3081.979818862887 108.84297549128188 27.999999999999993
    vertex 3082.497456953092 108.77482714386002 25.000000000000043
    vertex 3081.979818862887 108.84297549128188 25.000000000000043
  endloop
endfacet
facet normal 0.13052619222002393 0.9914448613738142 0.0
  outer loop
    vertex 3082.497456953092 108.77482714386002 25.000000000000043
    vertex 3081.979818862887 108.84297549128188 27.999999999999993
    vertex 3082.497456953092 108.77482714386002 27.999999999999993
  endloop
endfacet
facet normal -0.7933533402914026 0.6087614290085024 0.0
  outer loop
    vertex 3084.2295077606605 109.77482714385998 27.999999999999993
    vertex 3083.911670515465 109.3606135814869 25.000000000000043
    vertex 3083.911670515465 109.3606135814869 27.999999999999993
  endloop
endfacet
facet normal -0.7933533402914026 0.6087614290085024 0.0
  outer loop
    vertex 3083.911670515465 109.3606135814869 25.000000000000043
    vertex 3084.2295077606605 109.77482714385998 27.999999999999993
    vertex 3084.2295077606605 109.77482714385998 25.000000000000043
  endloop
endfacet
facet normal -0.9238795325113737 0.3826834323648799 0.0
  outer loop
    vertex 3084.4293086056696 110.25718905365491 27.999999999999993
    vertex 3084.2295077606605 109.77482714385998 25.000000000000043
    vertex 3084.2295077606605 109.77482714385998 27.999999999999993
  endloop
endfacet
facet normal -0.9238795325113737 0.3826834323648799 0.0
  outer loop
    vertex 3084.2295077606605 109.77482714385998 25.000000000000043
    vertex 3084.4293086056696 110.25718905365491 27.999999999999993
    vertex 3084.4293086056696 110.25718905365491 25.000000000000043
  endloop
endfacet
facet normal 0.608761429008407 0.793353340291476 0.0
  outer loop
    vertex 3081.0832433907185 109.3606135814869 27.999999999999993
    vertex 3081.497456953092 109.04277633629113 25.000000000000043
    vertex 3081.0832433907185 109.3606135814869 25.000000000000043
  endloop
endfacet
facet normal 0.608761429008407 0.793353340291476 0.0
  outer loop
    vertex 3081.497456953092 109.04277633629113 25.000000000000043
    vertex 3081.0832433907185 109.3606135814869 27.999999999999993
    vertex 3081.497456953092 109.04277633629113 27.999999999999993
  endloop
endfacet
facet normal -0.6087614290087409 0.7933533402912196 0.0
  outer loop
    vertex 3083.497456953092 109.04277633629113 27.999999999999993
    vertex 3083.911670515465 109.3606135814869 25.000000000000043
    vertex 3083.497456953092 109.04277633629113 25.000000000000043
  endloop
endfacet
facet normal -0.6087614290087409 0.7933533402912196 0.0
  outer loop
    vertex 3083.911670515465 109.3606135814869 25.000000000000043
    vertex 3083.497456953092 109.04277633629113 27.999999999999993
    vertex 3083.911670515465 109.3606135814869 27.999999999999993
  endloop
endfacet
facet normal 0.7933533402914026 0.6087614290085024 0.0
  outer loop
    vertex 3080.7654061455232 109.77482714385998 25.000000000000043
    vertex 3081.0832433907185 109.3606135814869 27.999999999999993
    vertex 3081.0832433907185 109.3606135814869 25.000000000000043
  endloop
endfacet
facet normal 0.7933533402914026 0.6087614290085024 0.0
  outer loop
    vertex 3081.0832433907185 109.3606135814869 27.999999999999993
    vertex 3080.7654061455232 109.77482714385998 25.000000000000043
    vertex 3080.7654061455232 109.77482714385998 27.999999999999993
  endloop
endfacet
facet normal -0.9914448613737734 0.1305261922203324 0.0
  outer loop
    vertex 3084.497456953092 110.77482714385994 27.999999999999993
    vertex 3084.4293086056696 110.25718905365491 25.000000000000043
    vertex 3084.4293086056696 110.25718905365491 27.999999999999993
  endloop
endfacet
facet normal -0.9914448613737734 0.1305261922203324 0.0
  outer loop
    vertex 3084.4293086056696 110.25718905365491 25.000000000000043
    vertex 3084.497456953092 110.77482714385994 27.999999999999993
    vertex 3084.497456953092 110.77482714385994 25.000000000000043
  endloop
endfacet
facet normal -0.38268343236500957 0.9238795325113202 0.0
  outer loop
    vertex 3083.0150950432967 108.84297549128188 27.999999999999993
    vertex 3083.497456953092 109.04277633629113 25.000000000000043
    vertex 3083.0150950432967 108.84297549128188 25.000000000000043
  endloop
endfacet
facet normal -0.38268343236500957 0.9238795325113202 0.0
  outer loop
    vertex 3083.497456953092 109.04277633629113 25.000000000000043
    vertex 3083.0150950432967 108.84297549128188 27.999999999999993
    vertex 3083.497456953092 109.04277633629113 27.999999999999993
  endloop
endfacet
facet normal -0.13052619222002393 -0.9914448613738142 -0.0
  outer loop
    vertex 3035.015095043297 112.70667879643801 27.999999999999993
    vertex 3034.497456953092 112.77482714385987 25.000000000000043
    vertex 3035.015095043297 112.70667879643801 25.000000000000043
  endloop
endfacet
facet normal -0.13052619222002393 -0.9914448613738142 -0.0
  outer loop
    vertex 3034.497456953092 112.77482714385987 25.000000000000043
    vertex 3035.015095043297 112.70667879643801 27.999999999999993
    vertex 3034.497456953092 112.77482714385987 27.999999999999993
  endloop
endfacet
facet normal 0.13052619222002393 -0.9914448613738142 0.0
  outer loop
    vertex 3034.497456953092 112.77482714385987 27.999999999999993
    vertex 3033.979818862887 112.70667879643801 25.000000000000043
    vertex 3034.497456953092 112.77482714385987 25.000000000000043
  endloop
endfacet
facet normal 0.13052619222002393 -0.9914448613738142 0.0
  outer loop
    vertex 3033.979818862887 112.70667879643801 25.000000000000043
    vertex 3034.497456953092 112.77482714385987 27.999999999999993
    vertex 3033.979818862887 112.70667879643801 27.999999999999993
  endloop
endfacet
facet normal 0.0 0.0 1.0
  outer loop
    vertex 3081.4974569530873 70.77493921314361 26.99999999999995
    vertex 3083.698418847386 73.02493921314469 26.99999999999995
    vertex 3081.4974569530873 76.77493921314401 26.99999999999995
  endloop
endfacet
facet normal 0.0 0.0 1.0
  outer loop
    vertex 3083.698418847386 73.02493921314469 26.99999999999995
    vertex 3081.4974569530873 70.77493921314361 26.99999999999995
    vertex 3083.9367967812827 72.71427904136493 26.99999999999995
  endloop
endfacet
facet normal 0.0 0.0 1.0
  outer loop
    vertex 3083.9367967812827 72.71427904136493 26.99999999999995
    vertex 3081.4974569530873 70.77493921314361 26.99999999999995
    vertex 3084.2474569530627 72.47590110746816 26.99999999999995
  endloop
endfacet
facet normal 0.0 0.0 1.0
  outer loop
    vertex 3084.2474569530627 72.47590110746816 26.99999999999995
    vertex 3081.4974569530873 70.77493921314361 26.99999999999995
    vertex 3087.4974569530414 70.77493921314404 26.99999999999995
  endloop
endfacet
facet normal 0.0 0.0 1.0
  outer loop
    vertex 3081.4974569530873 76.77493921314401 26.99999999999995
    vertex 3083.698418847386 73.02493921314469 26.99999999999995
    vertex 3081.4974569530873 77.77493921314401 26.99999999999995
  endloop
endfacet
facet normal 0.0 0.0 1.0
  outer loop
    vertex 3081.4974569530873 77.77493921314401 26.99999999999995
    vertex 3083.698418847386 73.02493921314469 26.99999999999995
    vertex 3083.548568213629 73.38671064549082 26.99999999999995
  endloop
endfacet
facet normal 0.0 0.0 1.0
  outer loop
    vertex 3081.4974569530873 77.77493921314401 26.99999999999995
    vertex 3083.548568213629 73.38671064549082 26.99999999999995
    vertex 3083.4974569530627 73.77493921314452 26.99999999999995
  endloop
endfacet
facet normal 0.0 0.0 1.0
  outer loop
    vertex 3084.2474569530627 72.47590110746816 26.99999999999995
    vertex 3087.4974569530414 70.77493921314404 26.99999999999995
    vertex 3084.6092283854086 72.32605047371123 26.99999999999995
  endloop
endfacet
facet normal 0.0 0.0 1.0
  outer loop
    vertex 3084.6092283854086 72.32605047371123 26.99999999999995
    vertex 3087.4974569530414 70.77493921314404 26.99999999999995
    vertex 3084.9974569530623 72.27493921314486 26.99999999999995
  endloop
endfacet
facet normal 0.0 0.0 1.0
  outer loop
    vertex 3084.9974569530623 72.27493921314486 26.99999999999995
    vertex 3087.4974569530414 70.77493921314404 26.99999999999995
    vertex 3085.385685520716 72.32605047371123 26.99999999999995
  endloop
endfacet
facet normal 0.0 0.0 1.0
  outer loop
    vertex 3085.385685520716 72.32605047371123 26.99999999999995
    vertex 3087.4974569530414 70.77493921314404 26.99999999999995
    vertex 3085.7474569530623 72.47590110746816 26.99999999999995
  endloop
endfacet
facet normal 0.0 0.0 1.0
  outer loop
    vertex 3085.7474569530623 72.47590110746816 26.99999999999995
    vertex 3087.4974569530414 70.77493921314404 26.99999999999995
    vertex 3086.058117124842 72.71427904136493 26.99999999999995
  endloop
endfacet
facet normal 0.0 0.0 1.0
  outer loop
    vertex 3086.058117124842 72.71427904136493 26.99999999999995
    vertex 3087.4974569530414 70.77493921314404 26.99999999999995
    vertex 3086.296495058739 73.02493921314469 26.99999999999995
  endloop
endfacet
facet normal 0.0 0.0 1.0
  outer loop
    vertex 3086.296495058739 73.02493921314469 26.99999999999995
    vertex 3087.4974569530414 70.77493921314404 26.99999999999995
    vertex 3086.446345692496 73.38671064549082 26.99999999999995
  endloop
endfacet
facet normal 0.0 0.0 1.0
  outer loop
    vertex 3086.446345692496 73.38671064549082 26.99999999999995
    vertex 3087.4974569530414 70.77493921314404 26.99999999999995
    vertex 3086.497456953062 73.77493921314452 26.99999999999995
  endloop
endfacet
facet normal 0.0 0.0 1.0
  outer loop
    vertex 3086.497456953062 73.77493921314452 26.99999999999995
    vertex 3087.4974569530414 70.77493921314404 26.99999999999995
    vertex 3086.4974569530873 76.77493921314401 26.99999999999995
  endloop
endfacet
facet normal 0.0 0.0 1.0
  outer loop
    vertex 3086.4974569530873 76.77493921314401 26.99999999999995
    vertex 3087.4974569530414 70.77493921314404 26.99999999999995
    vertex 3087.4974569530414 76.77493921314401 26.99999999999995
  endloop
endfacet
facet normal 0.0 0.0 1.0
  outer loop
    vertex 3081.4974569530873 77.77493921314401 26.99999999999995
    vertex 3083.9367967812827 74.8355993849241 26.99999999999995
    vertex 3086.4974569530873 77.77493921314401 26.99999999999995
  endloop
endfacet
facet normal 0.0 0.0 1.0
  outer loop
    vertex 3083.9367967812827 74.8355993849241 26.99999999999995
    vertex 3081.4974569530873 77.77493921314401 26.99999999999995
    vertex 3083.698418847386 74.52493921314435 26.99999999999995
  endloop
endfacet
facet normal 0.0 0.0 1.0
  outer loop
    vertex 3083.698418847386 74.52493921314435 26.99999999999995
    vertex 3081.4974569530873 77.77493921314401 26.99999999999995
    vertex 3083.548568213629 74.16316778079822 26.99999999999995
  endloop
endfacet
facet normal 0.0 0.0 1.0
  outer loop
    vertex 3083.548568213629 74.16316778079822 26.99999999999995
    vertex 3081.4974569530873 77.77493921314401 26.99999999999995
    vertex 3083.4974569530627 73.77493921314452 26.99999999999995
  endloop
endfacet
facet normal 0.0 0.0 1.0
  outer loop
    vertex 3086.4974569530873 77.77493921314401 26.99999999999995
    vertex 3083.9367967812827 74.8355993849241 26.99999999999995
    vertex 3084.2474569530627 75.07397731882088 26.99999999999995
  endloop
endfacet
facet normal 0.0 0.0 1.0
  outer loop
    vertex 3086.4974569530873 77.77493921314401 26.99999999999995
    vertex 3084.2474569530627 75.07397731882088 26.99999999999995
    vertex 3084.6092283854086 75.22382795257779 26.99999999999995
  endloop
endfacet
facet normal 0.0 0.0 1.0
  outer loop
    vertex 3086.4974569530873 77.77493921314401 26.99999999999995
    vertex 3084.6092283854086 75.22382795257779 26.99999999999995
    vertex 3084.9974569530623 75.27493921314418 26.99999999999995
  endloop
endfacet
facet normal 0.0 0.0 1.0
  outer loop
    vertex 3086.4974569530873 77.77493921314401 26.99999999999995
    vertex 3084.9974569530623 75.27493921314418 26.99999999999995
    vertex 3085.385685520716 75.22382795257779 26.99999999999995
  endloop
endfacet
facet normal 0.0 0.0 1.0
  outer loop
    vertex 3086.4974569530873 77.77493921314401 26.99999999999995
    vertex 3085.385685520716 75.22382795257779 26.99999999999995
    vertex 3085.7474569530623 75.07397731882087 26.99999999999995
  endloop
endfacet
facet normal 0.0 0.0 1.0
  outer loop
    vertex 3086.4974569530873 77.77493921314401 26.99999999999995
    vertex 3085.7474569530623 75.07397731882087 26.99999999999995
    vertex 3086.058117124842 74.8355993849241 26.99999999999995
  endloop
endfacet
facet normal 0.0 0.0 1.0
  outer loop
    vertex 3086.4974569530873 77.77493921314401 26.99999999999995
    vertex 3086.058117124842 74.8355993849241 26.99999999999995
    vertex 3086.296495058739 74.52493921314435 26.99999999999995
  endloop
endfacet
facet normal 0.0 0.0 1.0
  outer loop
    vertex 3086.4974569530873 77.77493921314401 26.99999999999995
    vertex 3086.296495058739 74.52493921314435 26.99999999999995
    vertex 3086.446345692496 74.1631677807982 26.99999999999995
  endloop
endfacet
facet normal 0.0 0.0 1.0
  outer loop
    vertex 3086.4974569530873 77.77493921314401 26.99999999999995
    vertex 3086.446345692496 74.1631677807982 26.99999999999995
    vertex 3086.497456953062 73.77493921314452 26.99999999999995
  endloop
endfacet
facet normal 0.0 0.0 1.0
  outer loop
    vertex 3086.4974569530873 77.77493921314401 26.99999999999995
    vertex 3086.497456953062 73.77493921314452 26.99999999999995
    vertex 3086.4974569530873 76.77493921314401 26.99999999999995
  endloop
endfacet
facet normal 0.6087614290087409 -0.7933533402912196 0.0
  outer loop
    vertex 3033.497456953092 112.50687795142875 27.999999999999993
    vertex 3033.083243390719 112.18904070623299 25.000000000000043
    vertex 3033.497456953092 112.50687795142875 25.000000000000043
  endloop
endfacet
facet normal 0.6087614290087409 -0.7933533402912196 0.0
  outer loop
    vertex 3033.083243390719 112.18904070623299 25.000000000000043
    vertex 3033.497456953092 112.50687795142875 27.999999999999993
    vertex 3033.083243390719 112.18904070623299 27.999999999999993
  endloop
endfacet
facet normal 0.7933533402914026 -0.6087614290085024 0.0
  outer loop
    vertex 3033.083243390719 112.18904070623299 25.000000000000043
    vertex 3032.7654061455232 111.77482714385991 27.999999999999993
    vertex 3032.7654061455232 111.77482714385991 25.000000000000043
  endloop
endfacet
facet normal 0.7933533402914026 -0.6087614290085024 0.0
  outer loop
    vertex 3032.7654061455232 111.77482714385991 27.999999999999993
    vertex 3033.083243390719 112.18904070623299 25.000000000000043
    vertex 3033.083243390719 112.18904070623299 27.999999999999993
  endloop
endfacet
facet normal 0.9238795325113737 -0.3826834323648799 0.0
  outer loop
    vertex 3032.7654061455232 111.77482714385991 25.000000000000043
    vertex 3032.565605300514 111.29246523406498 27.999999999999993
    vertex 3032.565605300514 111.29246523406498 25.000000000000043
  endloop
endfacet
facet normal 0.9238795325113737 -0.3826834323648799 0.0
  outer loop
    vertex 3032.565605300514 111.29246523406498 27.999999999999993
    vertex 3032.7654061455232 111.77482714385991 25.000000000000043
    vertex 3032.7654061455232 111.77482714385991 27.999999999999993
  endloop
endfacet
facet normal 0.38268343236500957 -0.9238795325113202 0.0
  outer loop
    vertex 3033.979818862887 112.70667879643801 27.999999999999993
    vertex 3033.497456953092 112.50687795142875 25.000000000000043
    vertex 3033.979818862887 112.70667879643801 25.000000000000043
  endloop
endfacet
facet normal 0.38268343236500957 -0.9238795325113202 0.0
  outer loop
    vertex 3033.497456953092 112.50687795142875 25.000000000000043
    vertex 3033.979818862887 112.70667879643801 27.999999999999993
    vertex 3033.497456953092 112.50687795142875 27.999999999999993
  endloop
endfacet
facet normal -0.9238795325111355 0.3826834323654547 0.0
  outer loop
    vertex 3084.42930860567 182.25718905365488 27.999999999999993
    vertex 3084.2295077606605 181.77482714385994 25.000000000000043
    vertex 3084.2295077606605 181.77482714385994 27.999999999999993
  endloop
endfacet
facet normal -0.9238795325111355 0.3826834323654547 0.0
  outer loop
    vertex 3084.2295077606605 181.77482714385994 25.000000000000043
    vertex 3084.42930860567 182.25718905365488 27.999999999999993
    vertex 3084.42930860567 182.25718905365488 25.000000000000043
  endloop
endfacet
facet normal -0.9914448613738637 0.13052619221964726 0.0
  outer loop
    vertex 3084.497456953092 182.77482714385994 27.999999999999993
    vertex 3084.42930860567 182.25718905365488 25.000000000000043
    vertex 3084.42930860567 182.25718905365488 27.999999999999993
  endloop
endfacet
facet normal -0.9914448613738637 0.13052619221964726 0.0
  outer loop
    vertex 3084.42930860567 182.25718905365488 25.000000000000043
    vertex 3084.497456953092 182.77482714385994 27.999999999999993
    vertex 3084.497456953092 182.77482714385994 25.000000000000043
  endloop
endfacet
facet normal -0.7933533402914186 0.6087614290084815 0.0
  outer loop
    vertex 3084.2295077606605 181.77482714385994 27.999999999999993
    vertex 3083.911670515465 181.36061358148683 25.000000000000043
    vertex 3083.911670515465 181.36061358148683 27.999999999999993
  endloop
endfacet
facet normal -0.7933533402914186 0.6087614290084815 0.0
  outer loop
    vertex 3083.911670515465 181.36061358148683 25.000000000000043
    vertex 3084.2295077606605 181.77482714385994 27.999999999999993
    vertex 3084.2295077606605 181.77482714385994 25.000000000000043
  endloop
endfacet
facet normal 1.0 0.0 0.0
  outer loop
    vertex 3081.4974569530873 222.77493921314144 26.999999999999943
    vertex 3081.4974569530873 215.77493921314377 27.999999999999915
    vertex 3081.4974569530873 215.77493921314377 26.999999999999957
  endloop
endfacet
facet normal 1.0 0.0 0.0
  outer loop
    vertex 3081.4974569530873 215.77493921314377 27.999999999999915
    vertex 3081.4974569530873 222.77493921314144 26.999999999999943
    vertex 3081.4974569530873 222.77493921314144 27.999999999999904
  endloop
endfacet
facet normal -1.0 0.0 0.0
  outer loop
    vertex 3079.4974569530873 216.77471507457582 27.999999999999915
    vertex 3079.4974569530873 211.77471507457585 24.999999999999993
    vertex 3079.4974569530873 211.77471507457585 28.00000000000001
  endloop
endfacet
facet normal -1.0 0.0 0.0
  outer loop
    vertex 3079.4974569530873 211.77471507457585 24.999999999999993
    vertex 3079.4974569530873 216.77471507457582 27.999999999999915
    vertex 3079.4974569530873 216.77471507457582 24.99999999999996
  endloop
endfacet
facet normal 6.034036953352251e-15 1.5338293012429383e-14 1.0
  outer loop
    vertex 3035.4974569530964 215.77493921314377 27.000000000000007
    vertex 3030.4974569530964 216.77493921314377 27.00000000000003
    vertex 3030.4974569530964 215.77493921314377 27.00000000000003
  endloop
endfacet
facet normal 6.034036953352251e-15 1.5338293012429383e-14 1.0
  outer loop
    vertex 3030.4974569530964 216.77493921314377 27.00000000000003
    vertex 3035.4974569530964 215.77493921314377 27.000000000000007
    vertex 3031.2474569530873 218.47590110746663 26.999999999999957
  endloop
endfacet
facet normal 6.034036953352251e-15 1.5338293012429383e-14 1.0
  outer loop
    vertex 3030.4974569530964 216.77493921314377 27.00000000000003
    vertex 3031.2474569530873 218.47590110746663 26.999999999999957
    vertex 3030.9367967813077 218.7142790413635 26.999999999999957
  endloop
endfacet
facet normal 6.034036953352251e-15 1.5338293012429383e-14 1.0
  outer loop
    vertex 3030.4974569530964 216.77493921314377 27.00000000000003
    vertex 3030.9367967813077 218.7142790413635 26.999999999999957
    vertex 3030.6984188474107 219.02493921314334 26.999999999999957
  endloop
endfacet
facet normal 6.034036953352251e-15 1.5338293012429383e-14 1.0
  outer loop
    vertex 3030.4974569530964 216.77493921314377 27.00000000000003
    vertex 3030.6984188474107 219.02493921314334 26.999999999999957
    vertex 3030.5485682136537 219.38671064548953 26.999999999999957
  endloop
endfacet
facet normal 6.034036953352251e-15 1.5338293012429383e-14 1.0
  outer loop
    vertex 3031.2474569530873 218.47590110746663 26.999999999999957
    vertex 3035.4974569530964 215.77493921314377 27.000000000000007
    vertex 3031.6092283854337 218.32605047370964 26.999999999999957
  endloop
endfacet
facet normal 6.034036953352251e-15 1.5338293012429383e-14 1.0
  outer loop
    vertex 3031.6092283854337 218.32605047370964 26.999999999999957
    vertex 3035.4974569530964 215.77493921314377 27.000000000000007
    vertex 3031.9974569530873 218.2749392131436 26.999999999999957
  endloop
endfacet
facet normal 6.034036953352251e-15 1.5338293012429383e-14 1.0
  outer loop
    vertex 3031.9974569530873 218.2749392131436 26.999999999999957
    vertex 3035.4974569530964 215.77493921314377 27.000000000000007
    vertex 3032.385685520741 218.3260504737096 26.999999999999957
  endloop
endfacet
facet normal 6.034036953352251e-15 1.5338293012429383e-14 1.0
  outer loop
    vertex 3032.385685520741 218.3260504737096 26.999999999999957
    vertex 3035.4974569530964 215.77493921314377 27.000000000000007
    vertex 3032.7474569530873 218.47590110746654 26.999999999999957
  endloop
endfacet
facet normal 6.034036953352251e-15 1.5338293012429383e-14 1.0
  outer loop
    vertex 3032.7474569530873 218.47590110746654 26.999999999999957
    vertex 3035.4974569530964 215.77493921314377 27.000000000000007
    vertex 3033.0581171248673 218.71427904136337 26.999999999999957
  endloop
endfacet
facet normal 6.034036953352251e-15 1.5338293012429383e-14 1.0
  outer loop
    vertex 3033.0581171248673 218.71427904136337 26.999999999999957
    vertex 3035.4974569530964 215.77493921314377 27.000000000000007
    vertex 3033.2964950587643 219.02493921314314 26.999999999999957
  endloop
endfacet
facet normal 6.034036953352251e-15 1.5338293012429383e-14 1.0
  outer loop
    vertex 3033.2964950587643 219.02493921314314 26.999999999999957
    vertex 3035.4974569530964 215.77493921314377 27.000000000000007
    vertex 3033.446345692521 219.38671064548936 26.999999999999957
  endloop
endfacet
facet normal 6.034036953352251e-15 1.5338293012429383e-14 1.0
  outer loop
    vertex 3033.446345692521 219.38671064548936 26.999999999999957
    vertex 3035.4974569530964 215.77493921314377 27.000000000000007
    vertex 3033.4974569530873 219.77493921314317 26.999999999999957
  endloop
endfacet
facet normal 6.034036953352251e-15 1.5338293012429383e-14 1.0
  outer loop
    vertex 3029.4974569531305 222.77493921313783 26.999999999999957
    vertex 3031.609228385434 221.2238279525769 26.999999999999957
    vertex 3035.4974569530964 222.77493921313825 26.999999999999854
  endloop
endfacet
facet normal 6.034036953352251e-15 1.5338293012429383e-14 1.0
  outer loop
    vertex 3031.609228385434 221.2238279525769 26.999999999999957
    vertex 3029.4974569531305 222.77493921313783 26.999999999999957
    vertex 3031.2474569530877 221.07397731881997 26.999999999999957
  endloop
endfacet
facet normal 6.034036953352251e-15 1.5338293012429383e-14 1.0
  outer loop
    vertex 3031.2474569530877 221.07397731881997 26.999999999999957
    vertex 3029.4974569531305 222.77493921313783 26.999999999999957
    vertex 3030.9367967813077 220.83559938492314 26.999999999999957
  endloop
endfacet
facet normal 6.034036953352251e-15 1.5338293012429383e-14 1.0
  outer loop
    vertex 3030.9367967813077 220.83559938492314 26.999999999999957
    vertex 3029.4974569531305 222.77493921313783 26.999999999999957
    vertex 3030.6984188474107 220.52493921314334 26.999999999999957
  endloop
endfacet
facet normal 6.034036953352251e-15 1.5338293012429383e-14 1.0
  outer loop
    vertex 3030.6984188474107 220.52493921314334 26.999999999999957
    vertex 3029.4974569531305 222.77493921313783 26.999999999999957
    vertex 3030.5485682136537 220.16316778079715 26.999999999999957
  endloop
endfacet
facet normal 6.034036953352251e-15 1.5338293012429383e-14 1.0
  outer loop
    vertex 3030.5485682136537 220.16316778079715 26.999999999999957
    vertex 3029.4974569531305 222.77493921313783 26.999999999999957
    vertex 3029.497456953131 216.77493921313786 26.999999999999957
  endloop
endfacet
facet normal 6.034036953352251e-15 1.5338293012429383e-14 1.0
  outer loop
    vertex 3030.5485682136537 220.16316778079715 26.999999999999957
    vertex 3029.497456953131 216.77493921313786 26.999999999999957
    vertex 3030.4974569530873 219.77493921314334 26.999999999999957
  endloop
endfacet
facet normal 6.034036953352251e-15 1.5338293012429383e-14 1.0
  outer loop
    vertex 3035.4974569530964 222.77493921313825 26.999999999999854
    vertex 3031.609228385434 221.2238279525769 26.999999999999957
    vertex 3031.9974569530873 221.27493921314291 26.999999999999957
  endloop
endfacet
facet normal 6.034036953352251e-15 1.5338293012429383e-14 1.0
  outer loop
    vertex 3035.4974569530964 222.77493921313825 26.999999999999854
    vertex 3031.9974569530873 221.27493921314291 26.999999999999957
    vertex 3032.3856855207414 221.22382795257687 26.999999999999957
  endloop
endfacet
facet normal 6.034036953352251e-15 1.5338293012429383e-14 1.0
  outer loop
    vertex 3035.4974569530964 222.77493921313825 26.999999999999854
    vertex 3032.3856855207414 221.22382795257687 26.999999999999957
    vertex 3032.7474569530877 221.07397731881989 26.999999999999957
  endloop
endfacet
facet normal 6.034036953352251e-15 1.5338293012429383e-14 1.0
  outer loop
    vertex 3035.4974569530964 222.77493921313825 26.999999999999854
    vertex 3032.7474569530877 221.07397731881989 26.999999999999957
    vertex 3033.0581171248673 220.835599384923 26.999999999999957
  endloop
endfacet
facet normal 6.034036953352251e-15 1.5338293012429383e-14 1.0
  outer loop
    vertex 3035.4974569530964 222.77493921313825 26.999999999999854
    vertex 3033.0581171248673 220.835599384923 26.999999999999957
    vertex 3033.2964950587643 220.52493921314317 26.999999999999957
  endloop
endfacet
facet normal 6.034036953352251e-15 1.5338293012429383e-14 1.0
  outer loop
    vertex 3035.4974569530964 222.77493921313825 26.999999999999854
    vertex 3033.2964950587643 220.52493921314317 26.999999999999957
    vertex 3033.446345692521 220.16316778079695 26.999999999999957
  endloop
endfacet
facet normal 6.034036953352251e-15 1.5338293012429383e-14 1.0
  outer loop
    vertex 3035.4974569530964 222.77493921313825 26.999999999999854
    vertex 3033.446345692521 220.16316778079695 26.999999999999957
    vertex 3033.4974569530873 219.77493921314317 26.999999999999957
  endloop
endfacet
facet normal 6.034036953352251e-15 1.5338293012429383e-14 1.0
  outer loop
    vertex 3035.4974569530964 222.77493921313825 26.999999999999854
    vertex 3033.4974569530873 219.77493921314317 26.999999999999957
    vertex 3035.4974569530964 215.77493921314377 27.000000000000007
  endloop
endfacet
facet normal 6.034036953352251e-15 1.5338293012429383e-14 1.0
  outer loop
    vertex 3030.4974569530964 216.77493921314377 27.00000000000003
    vertex 3030.4974569530873 219.77493921314334 26.999999999999957
    vertex 3029.497456953131 216.77493921313786 26.999999999999957
  endloop
endfacet
facet normal 6.034036953352251e-15 1.5338293012429383e-14 1.0
  outer loop
    vertex 3030.4974569530873 219.77493921314334 26.999999999999957
    vertex 3030.4974569530964 216.77493921314377 27.00000000000003
    vertex 3030.5485682136537 219.38671064548953 26.999999999999957
  endloop
endfacet
facet normal -1.0 0.0 0.0
  outer loop
    vertex 3035.4974569530964 215.7749392131438 27.99999999999996
    vertex 3035.4974569530964 222.77493921313825 26.999999999999854
    vertex 3035.4974569530964 215.77493921314377 27.000000000000007
  endloop
endfacet
facet normal -1.0 0.0 0.0
  outer loop
    vertex 3035.4974569530964 222.77493921313825 26.999999999999854
    vertex 3035.4974569530964 215.7749392131438 27.99999999999996
    vertex 3035.4974569530964 222.77493921313825 27.99999999999981
  endloop
endfacet
facet normal 0.0 1.0 -2.2154966125251726e-15
  outer loop
    vertex 3037.497456953097 211.77471507457585 28.00000000000001
    vertex 3079.4974569530873 211.77471507457585 24.999999999999993
    vertex 3037.497456953097 211.77471507457585 24.99999999999999
  endloop
endfacet
facet normal 0.0 1.0 -2.2154966125251726e-15
  outer loop
    vertex 3079.4974569530873 211.77471507457585 24.999999999999993
    vertex 3037.497456953097 211.77471507457585 28.00000000000001
    vertex 3079.4974569530873 211.77471507457585 28.00000000000001
  endloop
endfacet
facet normal -4.493016461854451e-16 1.0082416927491891e-16 -1.0
  outer loop
    vertex 3032.3856855207414 75.22382795257813 24.99999999999996
    vertex 3032.497456953092 110.77482714385995 25.000000000000043
    vertex 3032.7474569530877 75.07397731882119 24.99999999999996
  endloop
endfacet
facet normal -4.493016461854451e-16 1.0082416927491891e-16 -1.0
  outer loop
    vertex 3032.497456953092 110.77482714385995 25.000000000000043
    vertex 3032.3856855207414 75.22382795257813 24.99999999999996
    vertex 3032.497456953092 182.77482714385994 25.000000000000046
  endloop
endfacet
facet normal -4.493016461854451e-16 1.0082416927491891e-16 -1.0
  outer loop
    vertex 3032.7474569530877 75.07397731882119 24.99999999999996
    vertex 3032.497456953092 110.77482714385995 25.000000000000043
    vertex 3032.565605300514 110.25718905365493 25.000000000000043
  endloop
endfacet
facet normal -4.493016461854451e-16 1.0082416927491891e-16 -1.0
  outer loop
    vertex 3032.7474569530877 75.07397731882119 24.99999999999996
    vertex 3032.565605300514 110.25718905365493 25.000000000000043
    vertex 3032.7654061455232 109.77482714386 25.000000000000043
  endloop
endfacet
facet normal -4.493016461854451e-16 1.0082416927491891e-16 -1.0
  outer loop
    vertex 3032.7474569530877 75.07397731882119 24.99999999999996
    vertex 3032.7654061455232 109.77482714386 25.000000000000043
    vertex 3033.0581171248673 74.83559938492435 24.99999999999996
  endloop
endfacet
facet normal -4.493016461854451e-16 1.0082416927491891e-16 -1.0
  outer loop
    vertex 3033.0581171248673 74.83559938492435 24.99999999999996
    vertex 3032.7654061455232 109.77482714386 25.000000000000043
    vertex 3033.083243390719 109.36061358148693 25.000000000000043
  endloop
endfacet
facet normal -4.493016461854451e-16 1.0082416927491891e-16 -1.0
  outer loop
    vertex 3033.0581171248673 74.83559938492435 24.99999999999996
    vertex 3033.083243390719 109.36061358148693 25.000000000000043
    vertex 3033.2964950587643 74.52493921314452 24.99999999999996
  endloop
endfacet
facet normal -4.493016461854451e-16 1.0082416927491891e-16 -1.0
  outer loop
    vertex 3033.2964950587643 74.52493921314452 24.99999999999996
    vertex 3033.083243390719 109.36061358148693 25.000000000000043
    vertex 3033.4974569530923 109.04277633629115 25.000000000000043
  endloop
endfacet
facet normal -4.493016461854451e-16 1.0082416927491891e-16 -1.0
  outer loop
    vertex 3033.2964950587643 74.52493921314452 24.99999999999996
    vertex 3033.4974569530923 109.04277633629115 25.000000000000043
    vertex 3033.446345692521 74.1631677807983 24.99999999999996
  endloop
endfacet
facet normal -4.493016461854451e-16 1.0082416927491891e-16 -1.0
  outer loop
    vertex 3033.446345692521 74.1631677807983 24.99999999999996
    vertex 3033.4974569530923 109.04277633629115 25.000000000000043
    vertex 3033.4974569530873 73.77493921314452 24.99999999999996
  endloop
endfacet
facet normal -4.493016461854451e-16 1.0082416927491891e-16 -1.0
  outer loop
    vertex 3079.4974569530873 211.77471507457585 24.999999999999993
    vertex 3037.497456953097 81.77493921314401 24.999999999999957
    vertex 3037.497456953097 211.77471507457585 24.99999999999999
  endloop
endfacet
facet normal -4.493016461854451e-16 1.0082416927491891e-16 -1.0
  outer loop
    vertex 3037.497456953097 81.77493921314401 24.999999999999957
    vertex 3079.4974569530873 211.77471507457585 24.999999999999993
    vertex 3079.4974569530873 81.77493921314401 24.999999999999957
  endloop
endfacet
facet normal -4.493016461854451e-16 1.0082416927491891e-16 -1.0
  outer loop
    vertex 3079.4974569530873 81.77493921314401 24.999999999999957
    vertex 3079.4974569530873 211.77471507457585 24.999999999999993
    vertex 3079.4974569530873 76.77493921314401 24.999999999999957
  endloop
endfacet
facet normal -4.493016461854451e-16 1.0082416927491891e-16 -1.0
  outer loop
    vertex 3032.565605300514 182.2571890536549 25.000000000000046
    vertex 3032.497456953092 110.77482714385995 25.000000000000043
    vertex 3032.497456953092 182.77482714385994 25.000000000000046
  endloop
endfacet
facet normal -4.493016461854451e-16 1.0082416927491891e-16 -1.0
  outer loop
    vertex 3032.497456953092 110.77482714385995 25.000000000000043
    vertex 3032.565605300514 182.2571890536549 25.000000000000046
    vertex 3032.565605300514 111.29246523406498 25.000000000000043
  endloop
endfacet
facet normal -4.493016461854451e-16 1.0082416927491891e-16 -1.0
  outer loop
    vertex 3032.565605300514 111.29246523406498 25.000000000000043
    vertex 3032.565605300514 182.2571890536549 25.000000000000046
    vertex 3032.7654061455232 181.77482714386 25.000000000000046
  endloop
endfacet
facet normal -4.493016461854451e-16 1.0082416927491891e-16 -1.0
  outer loop
    vertex 3032.565605300514 111.29246523406498 25.000000000000043
    vertex 3032.7654061455232 181.77482714386 25.000000000000046
    vertex 3032.7654061455232 111.77482714385991 25.000000000000043
  endloop
endfacet
facet normal -4.493016461854451e-16 1.0082416927491891e-16 -1.0
  outer loop
    vertex 3032.7654061455232 111.77482714385991 25.000000000000043
    vertex 3032.7654061455232 181.77482714386 25.000000000000046
    vertex 3033.083243390719 181.36061358148692 25.000000000000046
  endloop
endfacet
facet normal -4.493016461854451e-16 1.0082416927491891e-16 -1.0
  outer loop
    vertex 3032.7654061455232 111.77482714385991 25.000000000000043
    vertex 3033.083243390719 181.36061358148692 25.000000000000046
    vertex 3033.083243390719 112.18904070623299 25.000000000000043
  endloop
endfacet
facet normal -4.493016461854451e-16 1.0082416927491891e-16 -1.0
  outer loop
    vertex 3033.083243390719 112.18904070623299 25.000000000000043
    vertex 3033.083243390719 181.36061358148692 25.000000000000046
    vertex 3033.4974569530923 181.04277633629113 25.000000000000046
  endloop
endfacet
facet normal -4.493016461854451e-16 1.0082416927491891e-16 -1.0
  outer loop
    vertex 3033.083243390719 112.18904070623299 25.000000000000043
    vertex 3033.4974569530923 181.04277633629113 25.000000000000046
    vertex 3033.497456953092 112.50687795142875 25.000000000000043
  endloop
endfacet
facet normal -4.493016461854451e-16 1.0082416927491891e-16 -1.0
  outer loop
    vertex 3033.497456953092 112.50687795142875 25.000000000000043
    vertex 3033.4974569530923 181.04277633629113 25.000000000000046
    vertex 3033.979818862887 112.70667879643801 25.000000000000043
  endloop
endfacet
facet normal -4.493016461854451e-16 1.0082416927491891e-16 -1.0
  outer loop
    vertex 3033.979818862887 112.70667879643801 25.000000000000043
    vertex 3033.4974569530923 181.04277633629113 25.000000000000046
    vertex 3033.979818862887 180.8429754912819 25.000000000000046
  endloop
endfacet
facet normal -4.493016461854451e-16 1.0082416927491891e-16 -1.0
  outer loop
    vertex 3033.979818862887 112.70667879643801 25.000000000000043
    vertex 3033.979818862887 180.8429754912819 25.000000000000046
    vertex 3034.497456953092 180.77482714386002 25.000000000000046
  endloop
endfacet
facet normal -4.493016461854451e-16 1.0082416927491891e-16 -1.0
  outer loop
    vertex 3033.979818862887 112.70667879643801 25.000000000000043
    vertex 3034.497456953092 180.77482714386002 25.000000000000046
    vertex 3034.497456953092 112.77482714385987 25.000000000000043
  endloop
endfacet
facet normal -4.493016461854451e-16 1.0082416927491891e-16 -1.0
  outer loop
    vertex 3034.497456953092 112.77482714385987 25.000000000000043
    vertex 3034.497456953092 180.77482714386002 25.000000000000046
    vertex 3035.015095043297 180.8429754912819 25.000000000000046
  endloop
endfacet
facet normal -4.493016461854451e-16 1.0082416927491891e-16 -1.0
  outer loop
    vertex 3034.497456953092 112.77482714385987 25.000000000000043
    vertex 3035.015095043297 180.8429754912819 25.000000000000046
    vertex 3035.015095043297 112.70667879643801 25.000000000000043
  endloop
endfacet
facet normal -4.493016461854451e-16 1.0082416927491891e-16 -1.0
  outer loop
    vertex 3035.015095043297 112.70667879643801 25.000000000000043
    vertex 3035.015095043297 180.8429754912819 25.000000000000046
    vertex 3035.497456953092 181.04277633629113 25.000000000000046
  endloop
endfacet
facet normal -4.493016461854451e-16 1.0082416927491891e-16 -1.0
  outer loop
    vertex 3035.015095043297 112.70667879643801 25.000000000000043
    vertex 3035.497456953092 181.04277633629113 25.000000000000046
    vertex 3035.497456953092 112.50687795142875 25.000000000000043
  endloop
endfacet
facet normal -4.493016461854451e-16 1.0082416927491891e-16 -1.0
  outer loop
    vertex 3035.497456953092 112.50687795142875 25.000000000000043
    vertex 3035.497456953092 181.04277633629113 25.000000000000046
    vertex 3035.911670515465 112.18904070623299 25.000000000000043
  endloop
endfacet
facet normal -4.493016461854451e-16 1.0082416927491891e-16 -1.0
  outer loop
    vertex 3035.911670515465 112.18904070623299 25.000000000000043
    vertex 3035.497456953092 181.04277633629113 25.000000000000046
    vertex 3035.911670515465 181.36061358148692 25.000000000000046
  endloop
endfacet
facet normal -4.493016461854451e-16 1.0082416927491891e-16 -1.0
  outer loop
    vertex 3035.911670515465 112.18904070623299 25.000000000000043
    vertex 3035.911670515465 181.36061358148692 25.000000000000046
    vertex 3036.229507760661 181.77482714386 25.000000000000046
  endloop
endfacet
facet normal -4.493016461854451e-16 1.0082416927491891e-16 -1.0
  outer loop
    vertex 3035.911670515465 112.18904070623299 25.000000000000043
    vertex 3036.229507760661 181.77482714386 25.000000000000046
    vertex 3036.229507760661 111.77482714385991 25.000000000000043
  endloop
endfacet
facet normal -4.493016461854451e-16 1.0082416927491891e-16 -1.0
  outer loop
    vertex 3036.229507760661 111.77482714385991 25.000000000000043
    vertex 3036.229507760661 181.77482714386 25.000000000000046
    vertex 3036.42930860567 182.2571890536549 25.000000000000046
  endloop
endfacet
facet normal -4.493016461854451e-16 1.0082416927491891e-16 -1.0
  outer loop
    vertex 3036.229507760661 111.77482714385991 25.000000000000043
    vertex 3036.42930860567 182.2571890536549 25.000000000000046
    vertex 3036.42930860567 111.29246523406498 25.000000000000043
  endloop
endfacet
facet normal -4.493016461854451e-16 1.0082416927491891e-16 -1.0
  outer loop
    vertex 3036.42930860567 111.29246523406498 25.000000000000043
    vertex 3036.42930860567 182.2571890536549 25.000000000000046
    vertex 3036.497456953092 182.77482714385994 25.000000000000046
  endloop
endfacet
facet normal -4.493016461854451e-16 1.0082416927491891e-16 -1.0
  outer loop
    vertex 3036.42930860567 111.29246523406498 25.000000000000043
    vertex 3036.497456953092 182.77482714385994 25.000000000000046
    vertex 3036.497456953092 110.77482714385995 25.000000000000043
  endloop
endfacet
facet normal -4.493016461854451e-16 1.0082416927491891e-16 -1.0
  outer loop
    vertex 3030.4974569530964 76.77493921314401 24.99999999999996
    vertex 3029.497456953144 70.77493921314 24.99999999999998
    vertex 3029.497456953144 76.77493921314401 24.99999999999997
  endloop
endfacet
facet normal -4.493016461854451e-16 1.0082416927491891e-16 -1.0
  outer loop
    vertex 3029.497456953144 70.77493921314 24.99999999999998
    vertex 3030.4974569530964 76.77493921314401 24.99999999999996
    vertex 3030.4974569530873 73.77493921314452 24.99999999999996
  endloop
endfacet
facet normal -4.493016461854451e-16 1.0082416927491891e-16 -1.0
  outer loop
    vertex 3030.4974569530873 73.77493921314452 24.99999999999996
    vertex 3030.4974569530964 76.77493921314401 24.99999999999996
    vertex 3030.5485682136537 74.1631677807983 24.99999999999996
  endloop
endfacet
facet normal -4.493016461854451e-16 1.0082416927491891e-16 -1.0
  outer loop
    vertex 3030.5485682136537 74.1631677807983 24.99999999999996
    vertex 3030.4974569530964 76.77493921314401 24.99999999999996
    vertex 3030.5485682136537 219.38671064548953 24.99999999999997
  endloop
endfacet
facet normal -4.493016461854451e-16 1.0082416927491891e-16 -1.0
  outer loop
    vertex 3030.5485682136537 74.1631677807983 24.99999999999996
    vertex 3030.5485682136537 219.38671064548953 24.99999999999997
    vertex 3030.6984188474107 219.02493921314334 24.99999999999997
  endloop
endfacet
facet normal -4.493016461854451e-16 1.0082416927491891e-16 -1.0
  outer loop
    vertex 3030.5485682136537 74.1631677807983 24.99999999999996
    vertex 3030.6984188474107 219.02493921314334 24.99999999999997
    vertex 3030.6984188474107 74.52493921314452 24.99999999999996
  endloop
endfacet
facet normal -4.493016461854451e-16 1.0082416927491891e-16 -1.0
  outer loop
    vertex 3030.6984188474107 74.52493921314452 24.99999999999996
    vertex 3030.6984188474107 219.02493921314334 24.99999999999997
    vertex 3030.9367967813077 218.7142790413635 24.99999999999997
  endloop
endfacet
facet normal -4.493016461854451e-16 1.0082416927491891e-16 -1.0
  outer loop
    vertex 3030.6984188474107 74.52493921314452 24.99999999999996
    vertex 3030.9367967813077 218.7142790413635 24.99999999999997
    vertex 3030.9367967813077 74.83559938492435 24.99999999999996
  endloop
endfacet
facet normal -4.493016461854451e-16 1.0082416927491891e-16 -1.0
  outer loop
    vertex 3030.9367967813077 74.83559938492435 24.99999999999996
    vertex 3030.9367967813077 218.7142790413635 24.99999999999997
    vertex 3031.2474569530873 218.47590110746663 24.99999999999997
  endloop
endfacet
facet normal -4.493016461854451e-16 1.0082416927491891e-16 -1.0
  outer loop
    vertex 3030.9367967813077 74.83559938492435 24.99999999999996
    vertex 3031.2474569530873 218.47590110746663 24.99999999999997
    vertex 3031.2474569530877 75.07397731882119 24.99999999999996
  endloop
endfacet
facet normal -4.493016461854451e-16 1.0082416927491891e-16 -1.0
  outer loop
    vertex 3031.2474569530877 75.07397731882119 24.99999999999996
    vertex 3031.2474569530873 218.47590110746663 24.99999999999997
    vertex 3031.6092283854337 218.32605047370964 24.99999999999997
  endloop
endfacet
facet normal -4.493016461854451e-16 1.0082416927491891e-16 -1.0
  outer loop
    vertex 3031.2474569530877 75.07397731882119 24.99999999999996
    vertex 3031.6092283854337 218.32605047370964 24.99999999999997
    vertex 3031.6092283854337 75.22382795257813 24.99999999999996
  endloop
endfacet
facet normal -4.493016461854451e-16 1.0082416927491891e-16 -1.0
  outer loop
    vertex 3031.6092283854337 75.22382795257813 24.99999999999996
    vertex 3031.6092283854337 218.32605047370964 24.99999999999997
    vertex 3031.9974569530873 218.2749392131436 24.99999999999997
  endloop
endfacet
facet normal -4.493016461854451e-16 1.0082416927491891e-16 -1.0
  outer loop
    vertex 3031.6092283854337 75.22382795257813 24.99999999999996
    vertex 3031.9974569530873 218.2749392131436 24.99999999999997
    vertex 3031.9974569530873 75.27493921314418 24.99999999999996
  endloop
endfacet
facet normal -4.493016461854451e-16 1.0082416927491891e-16 -1.0
  outer loop
    vertex 3031.9974569530873 75.27493921314418 24.99999999999996
    vertex 3031.9974569530873 218.2749392131436 24.99999999999997
    vertex 3032.385685520741 218.3260504737096 24.99999999999997
  endloop
endfacet
facet normal -4.493016461854451e-16 1.0082416927491891e-16 -1.0
  outer loop
    vertex 3031.9974569530873 75.27493921314418 24.99999999999996
    vertex 3032.385685520741 218.3260504737096 24.99999999999997
    vertex 3032.3856855207414 75.22382795257813 24.99999999999996
  endloop
endfacet
facet normal -4.493016461854451e-16 1.0082416927491891e-16 -1.0
  outer loop
    vertex 3032.3856855207414 75.22382795257813 24.99999999999996
    vertex 3032.385685520741 218.3260504737096 24.99999999999997
    vertex 3032.497456953092 182.77482714385994 25.000000000000046
  endloop
endfacet
facet normal -4.493016461854451e-16 1.0082416927491891e-16 -1.0
  outer loop
    vertex 3032.497456953092 182.77482714385994 25.000000000000046
    vertex 3032.385685520741 218.3260504737096 24.99999999999997
    vertex 3032.7474569530873 218.47590110746654 24.99999999999997
  endloop
endfacet
facet normal -4.493016461854451e-16 1.0082416927491891e-16 -1.0
  outer loop
    vertex 3032.497456953092 182.77482714385994 25.000000000000046
    vertex 3032.7474569530873 218.47590110746654 24.99999999999997
    vertex 3032.565605300514 183.29246523406496 25.000000000000046
  endloop
endfacet
facet normal -4.493016461854451e-16 1.0082416927491891e-16 -1.0
  outer loop
    vertex 3032.565605300514 183.29246523406496 25.000000000000046
    vertex 3032.7474569530873 218.47590110746654 24.99999999999997
    vertex 3032.7654061455232 183.77482714385988 25.000000000000046
  endloop
endfacet
facet normal -4.493016461854451e-16 1.0082416927491891e-16 -1.0
  outer loop
    vertex 3032.7654061455232 183.77482714385988 25.000000000000046
    vertex 3032.7474569530873 218.47590110746654 24.99999999999997
    vertex 3033.0581171248673 218.71427904136337 24.99999999999997
  endloop
endfacet
facet normal -4.493016461854451e-16 1.0082416927491891e-16 -1.0
  outer loop
    vertex 3032.7654061455232 183.77482714385988 25.000000000000046
    vertex 3033.0581171248673 218.71427904136337 24.99999999999997
    vertex 3033.083243390719 184.18904070623296 25.000000000000046
  endloop
endfacet
facet normal -4.493016461854451e-16 1.0082416927491891e-16 -1.0
  outer loop
    vertex 3033.083243390719 184.18904070623296 25.000000000000046
    vertex 3033.0581171248673 218.71427904136337 24.99999999999997
    vertex 3033.2964950587643 219.02493921314314 24.99999999999997
  endloop
endfacet
facet normal -4.493016461854451e-16 1.0082416927491891e-16 -1.0
  outer loop
    vertex 3033.083243390719 184.18904070623296 25.000000000000046
    vertex 3033.2964950587643 219.02493921314314 24.99999999999997
    vertex 3033.497456953092 184.50687795142875 25.000000000000046
  endloop
endfacet
facet normal -4.493016461854451e-16 1.0082416927491891e-16 -1.0
  outer loop
    vertex 3033.497456953092 184.50687795142875 25.000000000000046
    vertex 3033.2964950587643 219.02493921314314 24.99999999999997
    vertex 3033.446345692521 219.38671064548936 24.99999999999997
  endloop
endfacet
facet normal -4.493016461854451e-16 1.0082416927491891e-16 -1.0
  outer loop
    vertex 3033.497456953092 184.50687795142875 25.000000000000046
    vertex 3033.446345692521 219.38671064548936 24.99999999999997
    vertex 3033.4974569530873 219.77493921314317 24.99999999999997
  endloop
endfacet
facet normal -4.493016461854451e-16 1.0082416927491891e-16 -1.0
  outer loop
    vertex 3083.4974569530627 219.77493921314334 24.999999999999975
    vertex 3083.497456953092 184.5068779514288 25.000000000000043
    vertex 3083.0150950432967 184.70667879643807 25.000000000000043
  endloop
endfacet
facet normal -4.493016461854451e-16 1.0082416927491891e-16 -1.0
  outer loop
    vertex 3083.497456953092 184.5068779514288 25.000000000000043
    vertex 3083.4974569530627 219.77493921314334 24.999999999999975
    vertex 3083.548568213629 219.38671064548964 24.999999999999975
  endloop
endfacet
facet normal -4.493016461854451e-16 1.0082416927491891e-16 -1.0
  outer loop
    vertex 3083.497456953092 184.5068779514288 25.000000000000043
    vertex 3083.548568213629 219.38671064548964 24.999999999999975
    vertex 3083.911670515465 184.18904070623304 25.000000000000043
  endloop
endfacet
facet normal -4.493016461854451e-16 1.0082416927491891e-16 -1.0
  outer loop
    vertex 3083.911670515465 184.18904070623304 25.000000000000043
    vertex 3083.548568213629 219.38671064548964 24.999999999999975
    vertex 3083.698418847386 219.0249392131435 24.999999999999975
  endloop
endfacet
facet normal -4.493016461854451e-16 1.0082416927491891e-16 -1.0
  outer loop
    vertex 3083.911670515465 184.18904070623304 25.000000000000043
    vertex 3083.698418847386 219.0249392131435 24.999999999999975
    vertex 3083.9367967812827 218.7142790413637 24.999999999999975
  endloop
endfacet
facet normal -4.493016461854451e-16 1.0082416927491891e-16 -1.0
  outer loop
    vertex 3083.911670515465 184.18904070623304 25.000000000000043
    vertex 3083.9367967812827 218.7142790413637 24.999999999999975
    vertex 3084.2295077606605 183.77482714385994 25.000000000000043
  endloop
endfacet
facet normal -4.493016461854451e-16 1.0082416927491891e-16 -1.0
  outer loop
    vertex 3084.2295077606605 183.77482714385994 25.000000000000043
    vertex 3083.9367967812827 218.7142790413637 24.999999999999975
    vertex 3084.2474569530627 218.47590110746694 24.99999999999997
  endloop
endfacet
facet normal -4.493016461854451e-16 1.0082416927491891e-16 -1.0
  outer loop
    vertex 3084.2295077606605 183.77482714385994 25.000000000000043
    vertex 3084.2474569530627 218.47590110746694 24.99999999999997
    vertex 3084.42930860567 183.292465234065 25.000000000000043
  endloop
endfacet
facet normal -4.493016461854451e-16 1.0082416927491891e-16 -1.0
  outer loop
    vertex 3084.42930860567 183.292465234065 25.000000000000043
    vertex 3084.2474569530627 218.47590110746694 24.99999999999997
    vertex 3084.6092283854086 218.32605047371 24.99999999999997
  endloop
endfacet
facet normal -4.493016461854451e-16 1.0082416927491891e-16 -1.0
  outer loop
    vertex 3084.42930860567 183.292465234065 25.000000000000043
    vertex 3084.6092283854086 218.32605047371 24.99999999999997
    vertex 3084.497456953092 182.77482714385994 25.000000000000043
  endloop
endfacet
facet normal -4.493016461854451e-16 1.0082416927491891e-16 -1.0
  outer loop
    vertex 3084.497456953092 182.77482714385994 25.000000000000043
    vertex 3084.6092283854086 218.32605047371 24.99999999999997
    vertex 3084.497456953092 110.77482714385994 25.000000000000043
  endloop
endfacet
facet normal -4.493016461854451e-16 1.0082416927491891e-16 -1.0
  outer loop
    vertex 3029.4974569531305 222.77493921313783 24.99999999999997
    vertex 3030.5485682136537 220.16316778079715 24.99999999999997
    vertex 3029.497456953131 216.77493921313786 24.99999999999997
  endloop
endfacet
facet normal -4.493016461854451e-16 1.0082416927491891e-16 -1.0
  outer loop
    vertex 3030.5485682136537 220.16316778079715 24.99999999999997
    vertex 3029.4974569531305 222.77493921313783 24.99999999999997
    vertex 3030.6984188474107 220.52493921314334 24.99999999999997
  endloop
endfacet
facet normal -4.493016461854451e-16 1.0082416927491891e-16 -1.0
  outer loop
    vertex 3030.6984188474107 220.52493921314334 24.99999999999997
    vertex 3029.4974569531305 222.77493921313783 24.99999999999997
    vertex 3030.9367967813077 220.83559938492314 24.99999999999997
  endloop
endfacet
facet normal -4.493016461854451e-16 1.0082416927491891e-16 -1.0
  outer loop
    vertex 3030.9367967813077 220.83559938492314 24.99999999999997
    vertex 3029.4974569531305 222.77493921313783 24.99999999999997
    vertex 3031.2474569530877 221.07397731881997 24.99999999999997
  endloop
endfacet
facet normal -4.493016461854451e-16 1.0082416927491891e-16 -1.0
  outer loop
    vertex 3031.2474569530877 221.07397731881997 24.99999999999997
    vertex 3029.4974569531305 222.77493921313783 24.99999999999997
    vertex 3031.609228385434 221.2238279525769 24.99999999999997
  endloop
endfacet
facet normal -4.493016461854451e-16 1.0082416927491891e-16 -1.0
  outer loop
    vertex 3031.609228385434 221.2238279525769 24.99999999999997
    vertex 3029.4974569531305 222.77493921313783 24.99999999999997
    vertex 3031.9974569530873 221.27493921314291 24.99999999999997
  endloop
endfacet
facet normal -4.493016461854451e-16 1.0082416927491891e-16 -1.0
  outer loop
    vertex 3031.9974569530873 221.27493921314291 24.99999999999997
    vertex 3029.4974569531305 222.77493921313783 24.99999999999997
    vertex 3087.4974569530414 222.77493921314186 24.99999999999997
  endloop
endfacet
facet normal -4.493016461854451e-16 1.0082416927491891e-16 -1.0
  outer loop
    vertex 3029.497456953131 216.77493921313786 24.99999999999997
    vertex 3030.5485682136537 220.16316778079715 24.99999999999997
    vertex 3030.4974569530873 219.77493921314334 24.99999999999997
  endloop
endfacet
facet normal -4.493016461854451e-16 1.0082416927491891e-16 -1.0
  outer loop
    vertex 3031.9974569530873 221.27493921314291 24.99999999999997
    vertex 3087.4974569530414 222.77493921314186 24.99999999999997
    vertex 3032.3856855207414 221.22382795257687 24.99999999999997
  endloop
endfacet
facet normal -4.493016461854451e-16 1.0082416927491891e-16 -1.0
  outer loop
    vertex 3032.3856855207414 221.22382795257687 24.99999999999997
    vertex 3087.4974569530414 222.77493921314186 24.99999999999997
    vertex 3032.7474569530877 221.07397731881989 24.99999999999997
  endloop
endfacet
facet normal -4.493016461854451e-16 1.0082416927491891e-16 -1.0
  outer loop
    vertex 3032.7474569530877 221.07397731881989 24.99999999999997
    vertex 3087.4974569530414 222.77493921314186 24.99999999999997
    vertex 3033.0581171248673 220.835599384923 24.99999999999997
  endloop
endfacet
facet normal -4.493016461854451e-16 1.0082416927491891e-16 -1.0
  outer loop
    vertex 3033.0581171248673 220.835599384923 24.99999999999997
    vertex 3087.4974569530414 222.77493921314186 24.99999999999997
    vertex 3033.2964950587643 220.52493921314317 24.99999999999997
  endloop
endfacet
facet normal -4.493016461854451e-16 1.0082416927491891e-16 -1.0
  outer loop
    vertex 3033.2964950587643 220.52493921314317 24.99999999999997
    vertex 3087.4974569530414 222.77493921314186 24.99999999999997
    vertex 3033.446345692521 220.16316778079695 24.99999999999997
  endloop
endfacet
facet normal -4.493016461854451e-16 1.0082416927491891e-16 -1.0
  outer loop
    vertex 3033.446345692521 220.16316778079695 24.99999999999997
    vertex 3087.4974569530414 222.77493921314186 24.99999999999997
    vertex 3033.4974569530873 219.77493921314317 24.99999999999997
  endloop
endfacet
facet normal -4.493016461854451e-16 1.0082416927491891e-16 -1.0
  outer loop
    vertex 3033.4974569530873 219.77493921314317 24.99999999999997
    vertex 3087.4974569530414 222.77493921314186 24.99999999999997
    vertex 3037.4974569530964 216.77471507457585 24.99999999999999
  endloop
endfacet
facet normal -4.493016461854451e-16 1.0082416927491891e-16 -1.0
  outer loop
    vertex 3033.4974569530873 219.77493921314317 24.99999999999997
    vertex 3037.4974569530964 216.77471507457585 24.99999999999999
    vertex 3033.497456953092 184.50687795142875 25.000000000000046
  endloop
endfacet
facet normal -4.493016461854451e-16 1.0082416927491891e-16 -1.0
  outer loop
    vertex 3033.497456953092 184.50687795142875 25.000000000000046
    vertex 3037.4974569530964 216.77471507457585 24.99999999999999
    vertex 3033.979818862887 184.70667879643798 25.000000000000046
  endloop
endfacet
facet normal -4.493016461854451e-16 1.0082416927491891e-16 -1.0
  outer loop
    vertex 3033.979818862887 184.70667879643798 25.000000000000046
    vertex 3037.4974569530964 216.77471507457585 24.99999999999999
    vertex 3034.497456953092 184.77482714385985 25.000000000000046
  endloop
endfacet
facet normal -4.493016461854451e-16 1.0082416927491891e-16 -1.0
  outer loop
    vertex 3034.497456953092 184.77482714385985 25.000000000000046
    vertex 3037.4974569530964 216.77471507457585 24.99999999999999
    vertex 3035.015095043297 184.70667879643798 25.000000000000046
  endloop
endfacet
facet normal -4.493016461854451e-16 1.0082416927491891e-16 -1.0
  outer loop
    vertex 3035.015095043297 184.70667879643798 25.000000000000046
    vertex 3037.4974569530964 216.77471507457585 24.99999999999999
    vertex 3035.497456953092 184.50687795142875 25.000000000000046
  endloop
endfacet
facet normal -4.493016461854451e-16 1.0082416927491891e-16 -1.0
  outer loop
    vertex 3035.497456953092 184.50687795142875 25.000000000000046
    vertex 3037.4974569530964 216.77471507457585 24.99999999999999
    vertex 3035.911670515465 184.18904070623296 25.000000000000046
  endloop
endfacet
facet normal -4.493016461854451e-16 1.0082416927491891e-16 -1.0
  outer loop
    vertex 3035.911670515465 184.18904070623296 25.000000000000046
    vertex 3037.4974569530964 216.77471507457585 24.99999999999999
    vertex 3036.229507760661 183.77482714385988 25.000000000000046
  endloop
endfacet
facet normal -4.493016461854451e-16 1.0082416927491891e-16 -1.0
  outer loop
    vertex 3036.229507760661 183.77482714385988 25.000000000000046
    vertex 3037.4974569530964 216.77471507457585 24.99999999999999
    vertex 3036.42930860567 183.29246523406496 25.000000000000046
  endloop
endfacet
facet normal -4.493016461854451e-16 1.0082416927491891e-16 -1.0
  outer loop
    vertex 3036.42930860567 183.29246523406496 25.000000000000046
    vertex 3037.4974569530964 216.77471507457585 24.99999999999999
    vertex 3036.497456953092 182.77482714385994 25.000000000000046
  endloop
endfacet
facet normal -4.493016461854451e-16 1.0082416927491891e-16 -1.0
  outer loop
    vertex 3036.497456953092 182.77482714385994 25.000000000000046
    vertex 3037.4974569530964 216.77471507457585 24.99999999999999
    vertex 3036.497456953092 110.77482714385995 25.000000000000043
  endloop
endfacet
facet normal -4.493016461854451e-16 1.0082416927491891e-16 -1.0
  outer loop
    vertex 3037.4974569530964 216.77471507457585 24.99999999999999
    vertex 3087.4974569530414 222.77493921314186 24.99999999999997
    vertex 3084.2474569530627 221.07397731881966 24.999999999999975
  endloop
endfacet
facet normal -4.493016461854451e-16 1.0082416927491891e-16 -1.0
  outer loop
    vertex 3037.4974569530964 216.77471507457585 24.99999999999999
    vertex 3084.2474569530627 221.07397731881966 24.999999999999975
    vertex 3083.9367967812827 220.83559938492292 24.999999999999975
  endloop
endfacet
facet normal -4.493016461854451e-16 1.0082416927491891e-16 -1.0
  outer loop
    vertex 3037.4974569530964 216.77471507457585 24.99999999999999
    vertex 3083.9367967812827 220.83559938492292 24.999999999999975
    vertex 3079.4974569530873 216.77471507457582 24.99999999999996
  endloop
endfacet
facet normal -4.493016461854451e-16 1.0082416927491891e-16 -1.0
  outer loop
    vertex 3079.4974569530873 216.77471507457582 24.99999999999996
    vertex 3083.9367967812827 220.83559938492292 24.999999999999975
    vertex 3083.698418847386 220.52493921314317 24.999999999999975
  endloop
endfacet
facet normal -4.493016461854451e-16 1.0082416927491891e-16 -1.0
  outer loop
    vertex 3079.4974569530873 216.77471507457582 24.99999999999996
    vertex 3083.698418847386 220.52493921314317 24.999999999999975
    vertex 3079.4974569530873 211.77471507457585 24.999999999999993
  endloop
endfacet
facet normal -4.493016461854451e-16 1.0082416927491891e-16 -1.0
  outer loop
    vertex 3079.4974569530873 211.77471507457585 24.999999999999993
    vertex 3083.698418847386 220.52493921314317 24.999999999999975
    vertex 3083.548568213629 220.16316778079707 24.999999999999975
  endloop
endfacet
facet normal -4.493016461854451e-16 1.0082416927491891e-16 -1.0
  outer loop
    vertex 3079.4974569530873 211.77471507457585 24.999999999999993
    vertex 3083.548568213629 220.16316778079707 24.999999999999975
    vertex 3083.4974569530627 219.77493921314334 24.999999999999975
  endloop
endfacet
facet normal -4.493016461854451e-16 1.0082416927491891e-16 -1.0
  outer loop
    vertex 3079.4974569530873 211.77471507457585 24.999999999999993
    vertex 3083.4974569530627 219.77493921314334 24.999999999999975
    vertex 3080.497456953092 182.77482714385994 25.000000000000043
  endloop
endfacet
facet normal -4.493016461854451e-16 1.0082416927491891e-16 -1.0
  outer loop
    vertex 3080.497456953092 182.77482714385994 25.000000000000043
    vertex 3083.4974569530627 219.77493921314334 24.999999999999975
    vertex 3080.5656053005137 183.292465234065 25.000000000000043
  endloop
endfacet
facet normal -4.493016461854451e-16 1.0082416927491891e-16 -1.0
  outer loop
    vertex 3080.5656053005137 183.292465234065 25.000000000000043
    vertex 3083.4974569530627 219.77493921314334 24.999999999999975
    vertex 3080.7654061455232 183.77482714385994 25.000000000000043
  endloop
endfacet
facet normal -4.493016461854451e-16 1.0082416927491891e-16 -1.0
  outer loop
    vertex 3080.7654061455232 183.77482714385994 25.000000000000043
    vertex 3083.4974569530627 219.77493921314334 24.999999999999975
    vertex 3081.0832433907185 184.18904070623304 25.000000000000043
  endloop
endfacet
facet normal -4.493016461854451e-16 1.0082416927491891e-16 -1.0
  outer loop
    vertex 3081.0832433907185 184.18904070623304 25.000000000000043
    vertex 3083.4974569530627 219.77493921314334 24.999999999999975
    vertex 3081.497456953092 184.5068779514288 25.000000000000043
  endloop
endfacet
facet normal -4.493016461854451e-16 1.0082416927491891e-16 -1.0
  outer loop
    vertex 3081.497456953092 184.5068779514288 25.000000000000043
    vertex 3083.4974569530627 219.77493921314334 24.999999999999975
    vertex 3081.979818862887 184.70667879643807 25.000000000000043
  endloop
endfacet
facet normal -4.493016461854451e-16 1.0082416927491891e-16 -1.0
  outer loop
    vertex 3081.979818862887 184.70667879643807 25.000000000000043
    vertex 3083.4974569530627 219.77493921314334 24.999999999999975
    vertex 3082.497456953092 184.77482714385994 25.000000000000043
  endloop
endfacet
facet normal -4.493016461854451e-16 1.0082416927491891e-16 -1.0
  outer loop
    vertex 3082.497456953092 184.77482714385994 25.000000000000043
    vertex 3083.4974569530627 219.77493921314334 24.999999999999975
    vertex 3083.0150950432967 184.70667879643807 25.000000000000043
  endloop
endfacet
facet normal -4.493016461854451e-16 1.0082416927491891e-16 -1.0
  outer loop
    vertex 3084.2474569530627 221.07397731881966 24.999999999999975
    vertex 3087.4974569530414 222.77493921314186 24.99999999999997
    vertex 3084.6092283854086 221.22382795257653 24.99999999999997
  endloop
endfacet
facet normal -4.493016461854451e-16 1.0082416927491891e-16 -1.0
  outer loop
    vertex 3084.6092283854086 221.22382795257653 24.99999999999997
    vertex 3087.4974569530414 222.77493921314186 24.99999999999997
    vertex 3084.9974569530623 221.27493921314291 24.99999999999997
  endloop
endfacet
facet normal -4.493016461854451e-16 1.0082416927491891e-16 -1.0
  outer loop
    vertex 3084.9974569530623 221.27493921314291 24.99999999999997
    vertex 3087.4974569530414 222.77493921314186 24.99999999999997
    vertex 3085.3856855207164 221.2238279525765 24.99999999999997
  endloop
endfacet
facet normal -4.493016461854451e-16 1.0082416927491891e-16 -1.0
  outer loop
    vertex 3085.3856855207164 221.2238279525765 24.99999999999997
    vertex 3087.4974569530414 222.77493921314186 24.99999999999997
    vertex 3085.7474569530623 221.07397731881957 24.99999999999997
  endloop
endfacet
facet normal -4.493016461854451e-16 1.0082416927491891e-16 -1.0
  outer loop
    vertex 3085.7474569530623 221.07397731881957 24.99999999999997
    vertex 3087.4974569530414 222.77493921314186 24.99999999999997
    vertex 3086.0581171248423 220.83559938492277 24.999999999999968
  endloop
endfacet
facet normal -4.493016461854451e-16 1.0082416927491891e-16 -1.0
  outer loop
    vertex 3086.0581171248423 220.83559938492277 24.999999999999968
    vertex 3087.4974569530414 222.77493921314186 24.99999999999997
    vertex 3086.296495058739 220.524939213143 24.999999999999968
  endloop
endfacet
facet normal -4.493016461854451e-16 1.0082416927491891e-16 -1.0
  outer loop
    vertex 3086.296495058739 220.524939213143 24.999999999999968
    vertex 3087.4974569530414 222.77493921314186 24.99999999999997
    vertex 3086.446345692496 220.16316778079687 24.999999999999968
  endloop
endfacet
facet normal -4.493016461854451e-16 1.0082416927491891e-16 -1.0
  outer loop
    vertex 3086.446345692496 220.16316778079687 24.999999999999968
    vertex 3087.4974569530414 222.77493921314186 24.99999999999997
    vertex 3086.497456953062 219.77493921314317 24.999999999999968
  endloop
endfacet
facet normal -4.493016461854451e-16 1.0082416927491891e-16 -1.0
  outer loop
    vertex 3086.497456953062 219.77493921314317 24.999999999999968
    vertex 3087.4974569530414 222.77493921314186 24.99999999999997
    vertex 3086.4974569530873 216.77493921314385 24.99999999999997
  endloop
endfacet
facet normal -4.493016461854451e-16 1.0082416927491891e-16 -1.0
  outer loop
    vertex 3086.497456953062 219.77493921314317 24.999999999999968
    vertex 3086.4974569530873 216.77493921314385 24.99999999999997
    vertex 3086.497456953062 73.77493921314452 24.99999999999996
  endloop
endfacet
facet normal -4.493016461854451e-16 1.0082416927491891e-16 -1.0
  outer loop
    vertex 3086.4974569530873 216.77493921314385 24.99999999999997
    vertex 3087.4974569530414 222.77493921314186 24.99999999999997
    vertex 3087.4974569530414 216.77493921314385 24.99999999999997
  endloop
endfacet
facet normal -4.493016461854451e-16 1.0082416927491891e-16 -1.0
  outer loop
    vertex 3086.4974569530873 190.7749392131438 24.99999999999997
    vertex 3086.4974569530877 180.7749392131435 24.99999999999997
    vertex 3086.4974569530873 102.77493921314397 24.99999999999996
  endloop
endfacet
facet normal -4.493016461854451e-16 1.0082416927491891e-16 -1.0
  outer loop
    vertex 3086.4974569530877 180.7749392131435 24.99999999999997
    vertex 3086.4974569530873 190.7749392131438 24.99999999999997
    vertex 3091.497456953087 190.7749392131438 24.99999999999997
  endloop
endfacet
facet normal -4.493016461854451e-16 1.0082416927491891e-16 -1.0
  outer loop
    vertex 3086.4974569530877 180.7749392131435 24.99999999999997
    vertex 3091.497456953087 190.7749392131438 24.99999999999997
    vertex 3091.497456953087 180.7749392131435 24.99999999999997
  endloop
endfacet
facet normal -4.493016461854451e-16 1.0082416927491891e-16 -1.0
  outer loop
    vertex 3086.4974569530873 102.77493921314397 24.99999999999996
    vertex 3086.4974569530877 112.774939213144 24.99999999999996
    vertex 3091.497456953087 102.77493921314397 24.99999999999996
  endloop
endfacet
facet normal -4.493016461854451e-16 1.0082416927491891e-16 -1.0
  outer loop
    vertex 3086.4974569530877 112.774939213144 24.99999999999996
    vertex 3086.4974569530873 102.77493921314397 24.99999999999996
    vertex 3086.4974569530877 180.7749392131435 24.99999999999997
  endloop
endfacet
facet normal -4.493016461854451e-16 1.0082416927491891e-16 -1.0
  outer loop
    vertex 3091.497456953087 102.77493921314397 24.99999999999996
    vertex 3086.4974569530877 112.774939213144 24.99999999999996
    vertex 3091.497456953087 112.774939213144 24.99999999999996
  endloop
endfacet
facet normal -4.493016461854451e-16 1.0082416927491891e-16 -1.0
  outer loop
    vertex 3029.497456953144 70.77493921314 24.99999999999998
    vertex 3031.9974569530873 72.27493921314486 24.99999999999996
    vertex 3087.4974569530414 70.77493921314404 24.99999999999996
  endloop
endfacet
facet normal -4.493016461854451e-16 1.0082416927491891e-16 -1.0
  outer loop
    vertex 3031.9974569530873 72.27493921314486 24.99999999999996
    vertex 3029.497456953144 70.77493921314 24.99999999999998
    vertex 3031.6092283854337 72.3260504737109 24.99999999999996
  endloop
endfacet
facet normal -4.493016461854451e-16 1.0082416927491891e-16 -1.0
  outer loop
    vertex 3031.6092283854337 72.3260504737109 24.99999999999996
    vertex 3029.497456953144 70.77493921314 24.99999999999998
    vertex 3031.2474569530873 72.47590110746783 24.99999999999996
  endloop
endfacet
facet normal -4.493016461854451e-16 1.0082416927491891e-16 -1.0
  outer loop
    vertex 3031.2474569530873 72.47590110746783 24.99999999999996
    vertex 3029.497456953144 70.77493921314 24.99999999999998
    vertex 3030.9367967813077 72.71427904136468 24.99999999999996
  endloop
endfacet
facet normal -4.493016461854451e-16 1.0082416927491891e-16 -1.0
  outer loop
    vertex 3030.9367967813077 72.71427904136468 24.99999999999996
    vertex 3029.497456953144 70.77493921314 24.99999999999998
    vertex 3030.6984188474107 73.0249392131445 24.99999999999996
  endloop
endfacet
facet normal -4.493016461854451e-16 1.0082416927491891e-16 -1.0
  outer loop
    vertex 3030.6984188474107 73.0249392131445 24.99999999999996
    vertex 3029.497456953144 70.77493921314 24.99999999999998
    vertex 3030.5485682136537 73.38671064549072 24.99999999999996
  endloop
endfacet
facet normal -4.493016461854451e-16 1.0082416927491891e-16 -1.0
  outer loop
    vertex 3030.5485682136537 73.38671064549072 24.99999999999996
    vertex 3029.497456953144 70.77493921314 24.99999999999998
    vertex 3030.4974569530873 73.77493921314452 24.99999999999996
  endloop
endfacet
facet normal -4.493016461854451e-16 1.0082416927491891e-16 -1.0
  outer loop
    vertex 3087.4974569530414 70.77493921314404 24.99999999999996
    vertex 3031.9974569530873 72.27493921314486 24.99999999999996
    vertex 3032.3856855207414 72.3260504737109 24.99999999999996
  endloop
endfacet
facet normal -4.493016461854451e-16 1.0082416927491891e-16 -1.0
  outer loop
    vertex 3087.4974569530414 70.77493921314404 24.99999999999996
    vertex 3032.3856855207414 72.3260504737109 24.99999999999996
    vertex 3032.7474569530873 72.47590110746783 24.99999999999996
  endloop
endfacet
facet normal -4.493016461854451e-16 1.0082416927491891e-16 -1.0
  outer loop
    vertex 3087.4974569530414 70.77493921314404 24.99999999999996
    vertex 3032.7474569530873 72.47590110746783 24.99999999999996
    vertex 3033.0581171248673 72.71427904136468 24.99999999999996
  endloop
endfacet
facet normal -4.493016461854451e-16 1.0082416927491891e-16 -1.0
  outer loop
    vertex 3087.4974569530414 70.77493921314404 24.99999999999996
    vertex 3033.0581171248673 72.71427904136468 24.99999999999996
    vertex 3033.2964950587643 73.0249392131445 24.99999999999996
  endloop
endfacet
facet normal -4.493016461854451e-16 1.0082416927491891e-16 -1.0
  outer loop
    vertex 3087.4974569530414 70.77493921314404 24.99999999999996
    vertex 3033.2964950587643 73.0249392131445 24.99999999999996
    vertex 3033.446345692521 73.38671064549072 24.99999999999996
  endloop
endfacet
facet normal -4.493016461854451e-16 1.0082416927491891e-16 -1.0
  outer loop
    vertex 3087.4974569530414 70.77493921314404 24.99999999999996
    vertex 3033.446345692521 73.38671064549072 24.99999999999996
    vertex 3033.4974569530873 73.77493921314452 24.99999999999996
  endloop
endfacet
facet normal -4.493016461854451e-16 1.0082416927491891e-16 -1.0
  outer loop
    vertex 3087.4974569530414 70.77493921314404 24.99999999999996
    vertex 3033.4974569530873 73.77493921314452 24.99999999999996
    vertex 3037.497456953097 76.77493921314401 24.999999999999957
  endloop
endfacet
facet normal -4.493016461854451e-16 1.0082416927491891e-16 -1.0
  outer loop
    vertex 3037.497456953097 76.77493921314401 24.999999999999957
    vertex 3033.4974569530873 73.77493921314452 24.99999999999996
    vertex 3033.4974569530923 109.04277633629115 25.000000000000043
  endloop
endfacet
facet normal -4.493016461854451e-16 1.0082416927491891e-16 -1.0
  outer loop
    vertex 3037.497456953097 76.77493921314401 24.999999999999957
    vertex 3033.4974569530923 109.04277633629115 25.000000000000043
    vertex 3033.979818862887 108.8429754912819 25.000000000000043
  endloop
endfacet
facet normal -4.493016461854451e-16 1.0082416927491891e-16 -1.0
  outer loop
    vertex 3037.497456953097 76.77493921314401 24.999999999999957
    vertex 3033.979818862887 108.8429754912819 25.000000000000043
    vertex 3034.497456953092 108.77482714386005 25.000000000000043
  endloop
endfacet
facet normal -4.493016461854451e-16 1.0082416927491891e-16 -1.0
  outer loop
    vertex 3037.497456953097 76.77493921314401 24.999999999999957
    vertex 3034.497456953092 108.77482714386005 25.000000000000043
    vertex 3035.015095043297 108.8429754912819 25.000000000000043
  endloop
endfacet
facet normal -4.493016461854451e-16 1.0082416927491891e-16 -1.0
  outer loop
    vertex 3037.497456953097 76.77493921314401 24.999999999999957
    vertex 3035.015095043297 108.8429754912819 25.000000000000043
    vertex 3035.497456953092 109.04277633629115 25.000000000000043
  endloop
endfacet
facet normal -4.493016461854451e-16 1.0082416927491891e-16 -1.0
  outer loop
    vertex 3037.497456953097 76.77493921314401 24.999999999999957
    vertex 3035.497456953092 109.04277633629115 25.000000000000043
    vertex 3035.911670515465 109.36061358148693 25.000000000000043
  endloop
endfacet
facet normal -4.493016461854451e-16 1.0082416927491891e-16 -1.0
  outer loop
    vertex 3037.497456953097 76.77493921314401 24.999999999999957
    vertex 3035.911670515465 109.36061358148693 25.000000000000043
    vertex 3036.229507760661 109.77482714386 25.000000000000043
  endloop
endfacet
facet normal -4.493016461854451e-16 1.0082416927491891e-16 -1.0
  outer loop
    vertex 3037.497456953097 76.77493921314401 24.999999999999957
    vertex 3036.229507760661 109.77482714386 25.000000000000043
    vertex 3036.42930860567 110.25718905365493 25.000000000000043
  endloop
endfacet
facet normal -4.493016461854451e-16 1.0082416927491891e-16 -1.0
  outer loop
    vertex 3037.497456953097 76.77493921314401 24.999999999999957
    vertex 3036.42930860567 110.25718905365493 25.000000000000043
    vertex 3036.497456953092 110.77482714385995 25.000000000000043
  endloop
endfacet
facet normal -4.493016461854451e-16 1.0082416927491891e-16 -1.0
  outer loop
    vertex 3037.497456953097 76.77493921314401 24.999999999999957
    vertex 3036.497456953092 110.77482714385995 25.000000000000043
    vertex 3037.4974569530964 216.77471507457585 24.99999999999999
  endloop
endfacet
facet normal -4.493016461854451e-16 1.0082416927491891e-16 -1.0
  outer loop
    vertex 3037.497456953097 76.77493921314401 24.999999999999957
    vertex 3037.4974569530964 216.77471507457585 24.99999999999999
    vertex 3037.497456953097 211.77471507457585 24.99999999999999
  endloop
endfacet
facet normal -4.493016461854451e-16 1.0082416927491891e-16 -1.0
  outer loop
    vertex 3037.497456953097 76.77493921314401 24.999999999999957
    vertex 3037.497456953097 211.77471507457585 24.99999999999999
    vertex 3037.497456953097 81.77493921314401 24.999999999999957
  endloop
endfacet
facet normal -4.493016461854451e-16 1.0082416927491891e-16 -1.0
  outer loop
    vertex 3087.4974569530414 70.77493921314404 24.99999999999996
    vertex 3037.497456953097 76.77493921314401 24.999999999999957
    vertex 3084.2474569530627 72.47590110746816 24.99999999999996
  endloop
endfacet
facet normal -4.493016461854451e-16 1.0082416927491891e-16 -1.0
  outer loop
    vertex 3084.2474569530627 72.47590110746816 24.99999999999996
    vertex 3037.497456953097 76.77493921314401 24.999999999999957
    vertex 3083.9367967812827 72.71427904136493 24.99999999999996
  endloop
endfacet
facet normal -4.493016461854451e-16 1.0082416927491891e-16 -1.0
  outer loop
    vertex 3083.9367967812827 72.71427904136493 24.99999999999996
    vertex 3037.497456953097 76.77493921314401 24.999999999999957
    vertex 3079.4974569530873 76.77493921314401 24.999999999999957
  endloop
endfacet
facet normal -4.493016461854451e-16 1.0082416927491891e-16 -1.0
  outer loop
    vertex 3083.9367967812827 72.71427904136493 24.99999999999996
    vertex 3079.4974569530873 76.77493921314401 24.999999999999957
    vertex 3083.698418847386 73.02493921314469 24.99999999999996
  endloop
endfacet
facet normal -4.493016461854451e-16 1.0082416927491891e-16 -1.0
  outer loop
    vertex 3083.698418847386 73.02493921314469 24.99999999999996
    vertex 3079.4974569530873 76.77493921314401 24.999999999999957
    vertex 3083.548568213629 73.38671064549082 24.99999999999996
  endloop
endfacet
facet normal -4.493016461854451e-16 1.0082416927491891e-16 -1.0
  outer loop
    vertex 3083.548568213629 73.38671064549082 24.99999999999996
    vertex 3079.4974569530873 76.77493921314401 24.999999999999957
    vertex 3083.4974569530627 73.77493921314452 24.99999999999996
  endloop
endfacet
facet normal -4.493016461854451e-16 1.0082416927491891e-16 -1.0
  outer loop
    vertex 3083.4974569530627 73.77493921314452 24.99999999999996
    vertex 3079.4974569530873 76.77493921314401 24.999999999999957
    vertex 3080.497456953092 110.77482714385994 25.000000000000043
  endloop
endfacet
facet normal -4.493016461854451e-16 1.0082416927491891e-16 -1.0
  outer loop
    vertex 3080.497456953092 110.77482714385994 25.000000000000043
    vertex 3079.4974569530873 76.77493921314401 24.999999999999957
    vertex 3079.4974569530873 211.77471507457585 24.999999999999993
  endloop
endfacet
facet normal -4.493016461854451e-16 1.0082416927491891e-16 -1.0
  outer loop
    vertex 3080.497456953092 110.77482714385994 25.000000000000043
    vertex 3079.4974569530873 211.77471507457585 24.999999999999993
    vertex 3080.497456953092 182.77482714385994 25.000000000000043
  endloop
endfacet
facet normal -4.493016461854451e-16 1.0082416927491891e-16 -1.0
  outer loop
    vertex 3083.4974569530627 73.77493921314452 24.99999999999996
    vertex 3080.497456953092 110.77482714385994 25.000000000000043
    vertex 3080.565605300514 110.25718905365491 25.000000000000043
  endloop
endfacet
facet normal -4.493016461854451e-16 1.0082416927491891e-16 -1.0
  outer loop
    vertex 3083.4974569530627 73.77493921314452 24.99999999999996
    vertex 3080.565605300514 110.25718905365491 25.000000000000043
    vertex 3080.7654061455232 109.77482714385998 25.000000000000043
  endloop
endfacet
facet normal -4.493016461854451e-16 1.0082416927491891e-16 -1.0
  outer loop
    vertex 3083.4974569530627 73.77493921314452 24.99999999999996
    vertex 3080.7654061455232 109.77482714385998 25.000000000000043
    vertex 3081.0832433907185 109.3606135814869 25.000000000000043
  endloop
endfacet
facet normal -4.493016461854451e-16 1.0082416927491891e-16 -1.0
  outer loop
    vertex 3083.4974569530627 73.77493921314452 24.99999999999996
    vertex 3081.0832433907185 109.3606135814869 25.000000000000043
    vertex 3081.497456953092 109.04277633629113 25.000000000000043
  endloop
endfacet
facet normal -4.493016461854451e-16 1.0082416927491891e-16 -1.0
  outer loop
    vertex 3083.4974569530627 73.77493921314452 24.99999999999996
    vertex 3081.497456953092 109.04277633629113 25.000000000000043
    vertex 3081.979818862887 108.84297549128188 25.000000000000043
  endloop
endfacet
facet normal -4.493016461854451e-16 1.0082416927491891e-16 -1.0
  outer loop
    vertex 3083.4974569530627 73.77493921314452 24.99999999999996
    vertex 3081.979818862887 108.84297549128188 25.000000000000043
    vertex 3082.497456953092 108.77482714386002 25.000000000000043
  endloop
endfacet
facet normal -4.493016461854451e-16 1.0082416927491891e-16 -1.0
  outer loop
    vertex 3083.4974569530627 73.77493921314452 24.99999999999996
    vertex 3082.497456953092 108.77482714386002 25.000000000000043
    vertex 3083.0150950432967 108.84297549128188 25.000000000000043
  endloop
endfacet
facet normal -4.493016461854451e-16 1.0082416927491891e-16 -1.0
  outer loop
    vertex 3087.4974569530414 70.77493921314404 24.99999999999996
    vertex 3084.2474569530627 72.47590110746816 24.99999999999996
    vertex 3084.6092283854086 72.32605047371123 24.99999999999996
  endloop
endfacet
facet normal -4.493016461854451e-16 1.0082416927491891e-16 -1.0
  outer loop
    vertex 3087.4974569530414 70.77493921314404 24.99999999999996
    vertex 3084.6092283854086 72.32605047371123 24.99999999999996
    vertex 3084.9974569530623 72.27493921314486 24.99999999999996
  endloop
endfacet
facet normal -4.493016461854451e-16 1.0082416927491891e-16 -1.0
  outer loop
    vertex 3087.4974569530414 70.77493921314404 24.99999999999996
    vertex 3084.9974569530623 72.27493921314486 24.99999999999996
    vertex 3085.385685520716 72.32605047371123 24.99999999999996
  endloop
endfacet
facet normal -4.493016461854451e-16 1.0082416927491891e-16 -1.0
  outer loop
    vertex 3087.4974569530414 70.77493921314404 24.99999999999996
    vertex 3085.385685520716 72.32605047371123 24.99999999999996
    vertex 3085.7474569530623 72.47590110746816 24.99999999999996
  endloop
endfacet
facet normal -4.493016461854451e-16 1.0082416927491891e-16 -1.0
  outer loop
    vertex 3087.4974569530414 70.77493921314404 24.99999999999996
    vertex 3085.7474569530623 72.47590110746816 24.99999999999996
    vertex 3086.058117124842 72.71427904136493 24.99999999999996
  endloop
endfacet
facet normal -4.493016461854451e-16 1.0082416927491891e-16 -1.0
  outer loop
    vertex 3087.4974569530414 70.77493921314404 24.99999999999996
    vertex 3086.058117124842 72.71427904136493 24.99999999999996
    vertex 3086.296495058739 73.02493921314469 24.99999999999996
  endloop
endfacet
facet normal -4.493016461854451e-16 1.0082416927491891e-16 -1.0
  outer loop
    vertex 3087.4974569530414 70.77493921314404 24.99999999999996
    vertex 3086.296495058739 73.02493921314469 24.99999999999996
    vertex 3086.446345692496 73.38671064549082 24.99999999999996
  endloop
endfacet
facet normal -4.493016461854451e-16 1.0082416927491891e-16 -1.0
  outer loop
    vertex 3087.4974569530414 70.77493921314404 24.99999999999996
    vertex 3086.446345692496 73.38671064549082 24.99999999999996
    vertex 3086.497456953062 73.77493921314452 24.99999999999996
  endloop
endfacet
facet normal -4.493016461854451e-16 1.0082416927491891e-16 -1.0
  outer loop
    vertex 3087.4974569530414 70.77493921314404 24.99999999999996
    vertex 3086.497456953062 73.77493921314452 24.99999999999996
    vertex 3086.4974569530873 76.77493921314401 24.99999999999996
  endloop
endfacet
facet normal -4.493016461854451e-16 1.0082416927491891e-16 -1.0
  outer loop
    vertex 3086.4974569530873 76.77493921314401 24.99999999999996
    vertex 3086.497456953062 73.77493921314452 24.99999999999996
    vertex 3086.4974569530873 216.77493921314385 24.99999999999997
  endloop
endfacet
facet normal -4.493016461854451e-16 1.0082416927491891e-16 -1.0
  outer loop
    vertex 3086.4974569530873 76.77493921314401 24.99999999999996
    vertex 3086.4974569530873 216.77493921314385 24.99999999999997
    vertex 3086.4974569530873 190.7749392131438 24.99999999999997
  endloop
endfacet
facet normal -4.493016461854451e-16 1.0082416927491891e-16 -1.0
  outer loop
    vertex 3086.4974569530873 76.77493921314401 24.99999999999996
    vertex 3086.4974569530873 190.7749392131438 24.99999999999997
    vertex 3086.4974569530873 102.77493921314397 24.99999999999996
  endloop
endfacet
facet normal -4.493016461854451e-16 1.0082416927491891e-16 -1.0
  outer loop
    vertex 3087.4974569530414 70.77493921314404 24.99999999999996
    vertex 3086.4974569530873 76.77493921314401 24.99999999999996
    vertex 3087.4974569530414 76.77493921314401 24.99999999999996
  endloop
endfacet
facet normal -4.493016461854451e-16 1.0082416927491891e-16 -1.0
  outer loop
    vertex 3083.497456953092 109.04277633629113 25.000000000000043
    vertex 3083.4974569530627 73.77493921314452 24.99999999999996
    vertex 3083.0150950432967 108.84297549128188 25.000000000000043
  endloop
endfacet
facet normal -4.493016461854451e-16 1.0082416927491891e-16 -1.0
  outer loop
    vertex 3083.4974569530627 73.77493921314452 24.99999999999996
    vertex 3083.497456953092 109.04277633629113 25.000000000000043
    vertex 3083.548568213629 74.16316778079822 24.99999999999996
  endloop
endfacet
facet normal -4.493016461854451e-16 1.0082416927491891e-16 -1.0
  outer loop
    vertex 3083.548568213629 74.16316778079822 24.99999999999996
    vertex 3083.497456953092 109.04277633629113 25.000000000000043
    vertex 3083.911670515465 109.3606135814869 25.000000000000043
  endloop
endfacet
facet normal -4.493016461854451e-16 1.0082416927491891e-16 -1.0
  outer loop
    vertex 3083.548568213629 74.16316778079822 24.99999999999996
    vertex 3083.911670515465 109.3606135814869 25.000000000000043
    vertex 3083.698418847386 74.52493921314435 24.99999999999996
  endloop
endfacet
facet normal -4.493016461854451e-16 1.0082416927491891e-16 -1.0
  outer loop
    vertex 3083.698418847386 74.52493921314435 24.99999999999996
    vertex 3083.911670515465 109.3606135814869 25.000000000000043
    vertex 3083.9367967812827 74.8355993849241 24.99999999999996
  endloop
endfacet
facet normal -4.493016461854451e-16 1.0082416927491891e-16 -1.0
  outer loop
    vertex 3083.9367967812827 74.8355993849241 24.99999999999996
    vertex 3083.911670515465 109.3606135814869 25.000000000000043
    vertex 3084.2295077606605 109.77482714385998 25.000000000000043
  endloop
endfacet
facet normal -4.493016461854451e-16 1.0082416927491891e-16 -1.0
  outer loop
    vertex 3083.9367967812827 74.8355993849241 24.99999999999996
    vertex 3084.2295077606605 109.77482714385998 25.000000000000043
    vertex 3084.2474569530627 75.07397731882088 24.99999999999996
  endloop
endfacet
facet normal -4.493016461854451e-16 1.0082416927491891e-16 -1.0
  outer loop
    vertex 3084.2474569530627 75.07397731882088 24.99999999999996
    vertex 3084.2295077606605 109.77482714385998 25.000000000000043
    vertex 3084.4293086056696 110.25718905365491 25.000000000000043
  endloop
endfacet
facet normal -4.493016461854451e-16 1.0082416927491891e-16 -1.0
  outer loop
    vertex 3084.2474569530627 75.07397731882088 24.99999999999996
    vertex 3084.4293086056696 110.25718905365491 25.000000000000043
    vertex 3084.6092283854086 75.22382795257779 24.99999999999996
  endloop
endfacet
facet normal -4.493016461854451e-16 1.0082416927491891e-16 -1.0
  outer loop
    vertex 3084.6092283854086 75.22382795257779 24.99999999999996
    vertex 3084.4293086056696 110.25718905365491 25.000000000000043
    vertex 3084.497456953092 110.77482714385994 25.000000000000043
  endloop
endfacet
facet normal -4.493016461854451e-16 1.0082416927491891e-16 -1.0
  outer loop
    vertex 3084.6092283854086 75.22382795257779 24.99999999999996
    vertex 3084.497456953092 110.77482714385994 25.000000000000043
    vertex 3084.6092283854086 218.32605047371 24.99999999999997
  endloop
endfacet
facet normal -4.493016461854451e-16 1.0082416927491891e-16 -1.0
  outer loop
    vertex 3084.6092283854086 75.22382795257779 24.99999999999996
    vertex 3084.6092283854086 218.32605047371 24.99999999999997
    vertex 3084.9974569530623 218.2749392131436 24.99999999999997
  endloop
endfacet
facet normal -4.493016461854451e-16 1.0082416927491891e-16 -1.0
  outer loop
    vertex 3084.6092283854086 75.22382795257779 24.99999999999996
    vertex 3084.9974569530623 218.2749392131436 24.99999999999997
    vertex 3084.9974569530623 75.27493921314418 24.99999999999996
  endloop
endfacet
facet normal -4.493016461854451e-16 1.0082416927491891e-16 -1.0
  outer loop
    vertex 3084.9974569530623 75.27493921314418 24.99999999999996
    vertex 3084.9974569530623 218.2749392131436 24.99999999999997
    vertex 3085.385685520716 218.32605047370996 24.99999999999997
  endloop
endfacet
facet normal -4.493016461854451e-16 1.0082416927491891e-16 -1.0
  outer loop
    vertex 3084.9974569530623 75.27493921314418 24.99999999999996
    vertex 3085.385685520716 218.32605047370996 24.99999999999997
    vertex 3085.385685520716 75.22382795257779 24.99999999999996
  endloop
endfacet
facet normal -4.493016461854451e-16 1.0082416927491891e-16 -1.0
  outer loop
    vertex 3085.385685520716 75.22382795257779 24.99999999999996
    vertex 3085.385685520716 218.32605047370996 24.99999999999997
    vertex 3085.7474569530623 218.47590110746685 24.999999999999968
  endloop
endfacet
facet normal -4.493016461854451e-16 1.0082416927491891e-16 -1.0
  outer loop
    vertex 3085.385685520716 75.22382795257779 24.99999999999996
    vertex 3085.7474569530623 218.47590110746685 24.999999999999968
    vertex 3085.7474569530623 75.07397731882087 24.99999999999996
  endloop
endfacet
facet normal -4.493016461854451e-16 1.0082416927491891e-16 -1.0
  outer loop
    vertex 3085.7474569530623 75.07397731882087 24.99999999999996
    vertex 3085.7474569530623 218.47590110746685 24.999999999999968
    vertex 3086.058117124842 218.7142790413636 24.999999999999968
  endloop
endfacet
facet normal -4.493016461854451e-16 1.0082416927491891e-16 -1.0
  outer loop
    vertex 3085.7474569530623 75.07397731882087 24.99999999999996
    vertex 3086.058117124842 218.7142790413636 24.999999999999968
    vertex 3086.058117124842 74.8355993849241 24.99999999999996
  endloop
endfacet
facet normal -4.493016461854451e-16 1.0082416927491891e-16 -1.0
  outer loop
    vertex 3086.058117124842 74.8355993849241 24.99999999999996
    vertex 3086.058117124842 218.7142790413636 24.999999999999968
    vertex 3086.296495058739 219.02493921314334 24.999999999999968
  endloop
endfacet
facet normal -4.493016461854451e-16 1.0082416927491891e-16 -1.0
  outer loop
    vertex 3086.058117124842 74.8355993849241 24.99999999999996
    vertex 3086.296495058739 219.02493921314334 24.999999999999968
    vertex 3086.296495058739 74.52493921314435 24.99999999999996
  endloop
endfacet
facet normal -4.493016461854451e-16 1.0082416927491891e-16 -1.0
  outer loop
    vertex 3086.296495058739 74.52493921314435 24.99999999999996
    vertex 3086.296495058739 219.02493921314334 24.999999999999968
    vertex 3086.446345692496 219.38671064548944 24.999999999999968
  endloop
endfacet
facet normal -4.493016461854451e-16 1.0082416927491891e-16 -1.0
  outer loop
    vertex 3086.296495058739 74.52493921314435 24.99999999999996
    vertex 3086.446345692496 219.38671064548944 24.999999999999968
    vertex 3086.446345692496 74.1631677807982 24.99999999999996
  endloop
endfacet
facet normal -4.493016461854451e-16 1.0082416927491891e-16 -1.0
  outer loop
    vertex 3086.446345692496 74.1631677807982 24.99999999999996
    vertex 3086.446345692496 219.38671064548944 24.999999999999968
    vertex 3086.497456953062 219.77493921314317 24.999999999999968
  endloop
endfacet
facet normal -4.493016461854451e-16 1.0082416927491891e-16 -1.0
  outer loop
    vertex 3086.446345692496 74.1631677807982 24.99999999999996
    vertex 3086.497456953062 219.77493921314317 24.999999999999968
    vertex 3086.497456953062 73.77493921314452 24.99999999999996
  endloop
endfacet
facet normal -4.493016461854451e-16 1.0082416927491891e-16 -1.0
  outer loop
    vertex 3080.5656053005137 182.25718905365488 25.000000000000043
    vertex 3080.497456953092 110.77482714385994 25.000000000000043
    vertex 3080.497456953092 182.77482714385994 25.000000000000043
  endloop
endfacet
facet normal -4.493016461854451e-16 1.0082416927491891e-16 -1.0
  outer loop
    vertex 3080.497456953092 110.77482714385994 25.000000000000043
    vertex 3080.5656053005137 182.25718905365488 25.000000000000043
    vertex 3080.565605300514 111.29246523406495 25.000000000000043
  endloop
endfacet
facet normal -4.493016461854451e-16 1.0082416927491891e-16 -1.0
  outer loop
    vertex 3080.565605300514 111.29246523406495 25.000000000000043
    vertex 3080.5656053005137 182.25718905365488 25.000000000000043
    vertex 3080.7654061455232 181.77482714385994 25.000000000000043
  endloop
endfacet
facet normal -4.493016461854451e-16 1.0082416927491891e-16 -1.0
  outer loop
    vertex 3080.565605300514 111.29246523406495 25.000000000000043
    vertex 3080.7654061455232 181.77482714385994 25.000000000000043
    vertex 3080.7654061455232 111.77482714385988 25.000000000000043
  endloop
endfacet
facet normal -4.493016461854451e-16 1.0082416927491891e-16 -1.0
  outer loop
    vertex 3080.7654061455232 111.77482714385988 25.000000000000043
    vertex 3080.7654061455232 181.77482714385994 25.000000000000043
    vertex 3081.0832433907185 181.36061358148683 25.000000000000043
  endloop
endfacet
facet normal -4.493016461854451e-16 1.0082416927491891e-16 -1.0
  outer loop
    vertex 3080.7654061455232 111.77482714385988 25.000000000000043
    vertex 3081.0832433907185 181.36061358148683 25.000000000000043
    vertex 3081.0832433907185 112.18904070623296 25.000000000000043
  endloop
endfacet
facet normal -4.493016461854451e-16 1.0082416927491891e-16 -1.0
  outer loop
    vertex 3081.0832433907185 112.18904070623296 25.000000000000043
    vertex 3081.0832433907185 181.36061358148683 25.000000000000043
    vertex 3081.497456953092 181.04277633629107 25.000000000000043
  endloop
endfacet
facet normal -4.493016461854451e-16 1.0082416927491891e-16 -1.0
  outer loop
    vertex 3081.0832433907185 112.18904070623296 25.000000000000043
    vertex 3081.497456953092 181.04277633629107 25.000000000000043
    vertex 3081.497456953092 112.50687795142873 25.000000000000043
  endloop
endfacet
facet normal -4.493016461854451e-16 1.0082416927491891e-16 -1.0
  outer loop
    vertex 3081.497456953092 112.50687795142873 25.000000000000043
    vertex 3081.497456953092 181.04277633629107 25.000000000000043
    vertex 3081.979818862887 180.84297549128178 25.000000000000043
  endloop
endfacet
facet normal -4.493016461854451e-16 1.0082416927491891e-16 -1.0
  outer loop
    vertex 3081.497456953092 112.50687795142873 25.000000000000043
    vertex 3081.979818862887 180.84297549128178 25.000000000000043
    vertex 3081.979818862887 112.70667879643798 25.000000000000043
  endloop
endfacet
facet normal -4.493016461854451e-16 1.0082416927491891e-16 -1.0
  outer loop
    vertex 3081.979818862887 112.70667879643798 25.000000000000043
    vertex 3081.979818862887 180.84297549128178 25.000000000000043
    vertex 3082.497456953092 180.77482714385994 25.000000000000043
  endloop
endfacet
facet normal -4.493016461854451e-16 1.0082416927491891e-16 -1.0
  outer loop
    vertex 3081.979818862887 112.70667879643798 25.000000000000043
    vertex 3082.497456953092 180.77482714385994 25.000000000000043
    vertex 3082.497456953092 112.77482714385984 25.000000000000043
  endloop
endfacet
facet normal -4.493016461854451e-16 1.0082416927491891e-16 -1.0
  outer loop
    vertex 3082.497456953092 112.77482714385984 25.000000000000043
    vertex 3082.497456953092 180.77482714385994 25.000000000000043
    vertex 3083.0150950432967 180.84297549128178 25.000000000000043
  endloop
endfacet
facet normal -4.493016461854451e-16 1.0082416927491891e-16 -1.0
  outer loop
    vertex 3082.497456953092 112.77482714385984 25.000000000000043
    vertex 3083.0150950432967 180.84297549128178 25.000000000000043
    vertex 3083.0150950432967 112.70667879643798 25.000000000000043
  endloop
endfacet
facet normal -4.493016461854451e-16 1.0082416927491891e-16 -1.0
  outer loop
    vertex 3083.0150950432967 112.70667879643798 25.000000000000043
    vertex 3083.0150950432967 180.84297549128178 25.000000000000043
    vertex 3083.497456953092 181.04277633629107 25.000000000000043
  endloop
endfacet
facet normal -4.493016461854451e-16 1.0082416927491891e-16 -1.0
  outer loop
    vertex 3083.0150950432967 112.70667879643798 25.000000000000043
    vertex 3083.497456953092 181.04277633629107 25.000000000000043
    vertex 3083.4974569530914 112.50687795142873 25.000000000000043
  endloop
endfacet
facet normal -4.493016461854451e-16 1.0082416927491891e-16 -1.0
  outer loop
    vertex 3083.4974569530914 112.50687795142873 25.000000000000043
    vertex 3083.497456953092 181.04277633629107 25.000000000000043
    vertex 3083.911670515465 112.18904070623296 25.000000000000043
  endloop
endfacet
facet normal -4.493016461854451e-16 1.0082416927491891e-16 -1.0
  outer loop
    vertex 3083.911670515465 112.18904070623296 25.000000000000043
    vertex 3083.497456953092 181.04277633629107 25.000000000000043
    vertex 3083.911670515465 181.36061358148683 25.000000000000043
  endloop
endfacet
facet normal -4.493016461854451e-16 1.0082416927491891e-16 -1.0
  outer loop
    vertex 3083.911670515465 112.18904070623296 25.000000000000043
    vertex 3083.911670515465 181.36061358148683 25.000000000000043
    vertex 3084.2295077606605 181.77482714385994 25.000000000000043
  endloop
endfacet
facet normal -4.493016461854451e-16 1.0082416927491891e-16 -1.0
  outer loop
    vertex 3083.911670515465 112.18904070623296 25.000000000000043
    vertex 3084.2295077606605 181.77482714385994 25.000000000000043
    vertex 3084.2295077606605 111.77482714385988 25.000000000000043
  endloop
endfacet
facet normal -4.493016461854451e-16 1.0082416927491891e-16 -1.0
  outer loop
    vertex 3084.2295077606605 111.77482714385988 25.000000000000043
    vertex 3084.2295077606605 181.77482714385994 25.000000000000043
    vertex 3084.42930860567 182.25718905365488 25.000000000000043
  endloop
endfacet
facet normal -4.493016461854451e-16 1.0082416927491891e-16 -1.0
  outer loop
    vertex 3084.2295077606605 111.77482714385988 25.000000000000043
    vertex 3084.42930860567 182.25718905365488 25.000000000000043
    vertex 3084.4293086056696 111.29246523406495 25.000000000000043
  endloop
endfacet
facet normal -4.493016461854451e-16 1.0082416927491891e-16 -1.0
  outer loop
    vertex 3084.4293086056696 111.29246523406495 25.000000000000043
    vertex 3084.42930860567 182.25718905365488 25.000000000000043
    vertex 3084.497456953092 110.77482714385994 25.000000000000043
  endloop
endfacet
facet normal -4.493016461854451e-16 1.0082416927491891e-16 -1.0
  outer loop
    vertex 3084.497456953092 110.77482714385994 25.000000000000043
    vertex 3084.42930860567 182.25718905365488 25.000000000000043
    vertex 3084.497456953092 182.77482714385994 25.000000000000043
  endloop
endfacet
facet normal -4.493016461854451e-16 1.0082416927491891e-16 -1.0
  outer loop
    vertex 3030.4974569530873 219.77493921314334 24.99999999999997
    vertex 3030.4974569530964 216.77493921314377 25.000000000000043
    vertex 3029.497456953131 216.77493921313786 24.99999999999997
  endloop
endfacet
facet normal -4.493016461854451e-16 1.0082416927491891e-16 -1.0
  outer loop
    vertex 3030.4974569530964 216.77493921314377 25.000000000000043
    vertex 3030.4974569530873 219.77493921314334 24.99999999999997
    vertex 3030.5485682136537 219.38671064548953 24.99999999999997
  endloop
endfacet
facet normal -4.493016461854451e-16 1.0082416927491891e-16 -1.0
  outer loop
    vertex 3030.4974569530964 216.77493921314377 25.000000000000043
    vertex 3030.5485682136537 219.38671064548953 24.99999999999997
    vertex 3030.4974569530964 190.77493921314377 25.000000000000043
  endloop
endfacet
facet normal -4.493016461854451e-16 1.0082416927491891e-16 -1.0
  outer loop
    vertex 3030.4974569530964 190.77493921314377 25.000000000000043
    vertex 3030.5485682136537 219.38671064548953 24.99999999999997
    vertex 3030.4974569530964 180.77493921312373 25.000000000000043
  endloop
endfacet
facet normal -4.493016461854451e-16 1.0082416927491891e-16 -1.0
  outer loop
    vertex 3030.4974569530964 180.77493921312373 25.000000000000043
    vertex 3030.5485682136537 219.38671064548953 24.99999999999997
    vertex 3030.4974569530964 112.77493921316386 25.000000000000032
  endloop
endfacet
facet normal -4.493016461854451e-16 1.0082416927491891e-16 -1.0
  outer loop
    vertex 3030.4974569530964 112.77493921316386 25.000000000000032
    vertex 3030.5485682136537 219.38671064548953 24.99999999999997
    vertex 3030.4974569530964 102.77493921314394 25.000000000000032
  endloop
endfacet
facet normal -4.493016461854451e-16 1.0082416927491891e-16 -1.0
  outer loop
    vertex 3030.4974569530964 102.77493921314394 25.000000000000032
    vertex 3030.5485682136537 219.38671064548953 24.99999999999997
    vertex 3030.4974569530964 76.77493921314401 24.99999999999996
  endloop
endfacet
facet normal -4.493016461854451e-16 1.0082416927491891e-16 -1.0
  outer loop
    vertex 3030.4974569530964 112.77493921316386 25.000000000000032
    vertex 3025.4974569530964 102.77493921314496 24.99999999999996
    vertex 3025.4974569530946 112.77493921313801 24.99999999999998
  endloop
endfacet
facet normal -4.493016461854451e-16 1.0082416927491891e-16 -1.0
  outer loop
    vertex 3025.4974569530964 102.77493921314496 24.99999999999996
    vertex 3030.4974569530964 112.77493921316386 25.000000000000032
    vertex 3030.4974569530964 102.77493921314394 25.000000000000032
  endloop
endfacet
facet normal -4.493016461854451e-16 1.0082416927491891e-16 -1.0
  outer loop
    vertex 3025.4974569530964 190.77493921314272 24.99999999999997
    vertex 3030.4974569530964 180.77493921312373 25.000000000000043
    vertex 3025.4974569530887 180.77493921313751 24.99999999999997
  endloop
endfacet
facet normal -4.493016461854451e-16 1.0082416927491891e-16 -1.0
  outer loop
    vertex 3030.4974569530964 180.77493921312373 25.000000000000043
    vertex 3025.4974569530964 190.77493921314272 24.99999999999997
    vertex 3030.4974569530964 190.77493921314377 25.000000000000043
  endloop
endfacet
facet normal 8.529623339985472e-31 1.0 1.0082416927491891e-16
  outer loop
    vertex 3029.497456953144 76.77493921314401 24.99999999999997
    vertex 3030.4974569530964 76.77493921314401 26.99999999999995
    vertex 3030.4974569530964 76.77493921314401 24.99999999999996
  endloop
endfacet
facet normal 8.529623339985472e-31 1.0 1.0082416927491891e-16
  outer loop
    vertex 3030.4974569530964 76.77493921314401 26.99999999999995
    vertex 3029.497456953144 76.77493921314401 24.99999999999997
    vertex 3029.497456953144 76.77493921314401 26.999999999999957
  endloop
endfacet
facet normal -1.0 7.941025614850738e-13 4.493016461855183e-16
  outer loop
    vertex 3025.4974569530964 190.77493921314272 27.999999999999975
    vertex 3025.4974569530887 180.77493921313751 24.99999999999997
    vertex 3025.4974569530887 180.77493921313751 27.999999999999975
  endloop
endfacet
facet normal -1.0 7.941025614850738e-13 4.493016461855183e-16
  outer loop
    vertex 3025.4974569530887 180.77493921313751 24.99999999999997
    vertex 3025.4974569530964 190.77493921314272 27.999999999999975
    vertex 3025.4974569530964 190.77493921314272 24.99999999999997
  endloop
endfacet
facet normal -2.1206147948760421e-13 1.0 1.008241692750142e-16
  outer loop
    vertex 3025.4974569530964 190.77493921314272 27.999999999999975
    vertex 3030.4974569530964 190.77493921314377 25.000000000000043
    vertex 3025.4974569530964 190.77493921314272 24.99999999999997
  endloop
endfacet
facet normal -2.1206147948760421e-13 1.0 1.008241692750142e-16
  outer loop
    vertex 3030.4974569530964 190.77493921314377 25.000000000000043
    vertex 3025.4974569530964 190.77493921314272 27.999999999999975
    vertex 3030.4974569530964 190.77493921314377 28.00000000000005
  endloop
endfacet
facet normal 5.910649747624418e-12 -1.0 -1.0082416927757457e-16
  outer loop
    vertex 3030.4974569530964 216.77493921314377 25.000000000000043
    vertex 3029.497456953131 216.77493921313786 26.999999999999957
    vertex 3029.497456953131 216.77493921313786 24.99999999999997
  endloop
endfacet
facet normal 5.910649747624418e-12 -1.0 -1.0082416927757457e-16
  outer loop
    vertex 3029.497456953131 216.77493921313786 26.999999999999957
    vertex 3030.4974569530964 216.77493921314377 25.000000000000043
    vertex 3030.4974569530964 216.77493921314377 27.00000000000003
  endloop
endfacet
facet normal -1.0 -6.015928496102193e-14 4.493016461854323e-16
  outer loop
    vertex 3029.4974569531305 222.77493921313783 26.999999999999957
    vertex 3029.497456953131 216.77493921313786 24.99999999999997
    vertex 3029.497456953131 216.77493921313786 26.999999999999957
  endloop
endfacet
facet normal -1.0 -6.015928496102193e-14 4.493016461854323e-16
  outer loop
    vertex 3029.497456953131 216.77493921313786 24.99999999999997
    vertex 3029.4974569531305 222.77493921313783 26.999999999999957
    vertex 3029.4974569531305 222.77493921313783 24.99999999999997
  endloop
endfacet
facet normal 1.0 0.0 -4.493016461854383e-16
  outer loop
    vertex 3087.4974569530414 222.77493921314186 24.99999999999997
    vertex 3087.4974569530414 216.77493921314385 26.999999999999957
    vertex 3087.4974569530414 216.77493921314385 24.99999999999997
  endloop
endfacet
facet normal 1.0 0.0 -4.493016461854383e-16
  outer loop
    vertex 3087.4974569530414 216.77493921314385 26.999999999999957
    vertex 3087.4974569530414 222.77493921314186 24.99999999999997
    vertex 3087.4974569530414 222.77493921314186 26.999999999999957
  endloop
endfacet
facet normal -0.0 -1.0 -1.0082416927491892e-16
  outer loop
    vertex 3091.497456953087 180.7749392131435 27.999999999999975
    vertex 3086.4974569530877 180.7749392131435 24.99999999999997
    vertex 3091.497456953087 180.7749392131435 24.99999999999997
  endloop
endfacet
facet normal -0.0 -1.0 -1.0082416927491892e-16
  outer loop
    vertex 3086.4974569530877 180.7749392131435 24.99999999999997
    vertex 3091.497456953087 180.7749392131435 27.999999999999975
    vertex 3086.4974569530877 180.7749392131435 27.999999999999975
  endloop
endfacet
facet normal -5.170690542395029e-12 1.0 1.0082416927724211e-16
  outer loop
    vertex 3025.4974569530946 112.77493921313801 27.99999999999999
    vertex 3030.4974569530964 112.77493921316386 25.000000000000032
    vertex 3025.4974569530946 112.77493921313801 24.99999999999998
  endloop
endfacet
facet normal -5.170690542395029e-12 1.0 1.0082416927724211e-16
  outer loop
    vertex 3030.4974569530964 112.77493921316386 25.000000000000032
    vertex 3025.4974569530946 112.77493921313801 27.99999999999999
    vertex 3030.4974569530964 112.77493921316386 28.00000000000004
  endloop
endfacet
facet normal -6.923503915783435e-14 1.0 1.0082416927495002e-16
  outer loop
    vertex 3029.4974569531305 222.77493921313783 26.999999999999957
    vertex 3087.4974569530414 222.77493921314186 24.99999999999997
    vertex 3029.4974569531305 222.77493921313783 24.99999999999997
  endloop
endfacet
facet normal -6.923503915783435e-14 1.0 1.0082416927495002e-16
  outer loop
    vertex 3087.4974569530414 222.77493921314186 24.99999999999997
    vertex 3029.4974569531305 222.77493921313783 26.999999999999957
    vertex 3035.4974569530964 222.77493921313825 26.999999999999854
  endloop
endfacet
facet normal -6.923503915783435e-14 1.0 1.0082416927495002e-16
  outer loop
    vertex 3035.4974569530964 222.77493921313825 27.99999999999981
    vertex 3081.4974569530873 222.77493921314144 26.999999999999943
    vertex 3035.4974569530964 222.77493921313825 26.999999999999854
  endloop
endfacet
facet normal -6.923503915783435e-14 1.0 1.0082416927495002e-16
  outer loop
    vertex 3081.4974569530873 222.77493921314144 26.999999999999943
    vertex 3035.4974569530964 222.77493921313825 27.99999999999981
    vertex 3081.4974569530873 222.77493921314144 27.999999999999904
  endloop
endfacet
facet normal -6.923503915783435e-14 1.0 1.0082416927495002e-16
  outer loop
    vertex 3035.4974569530964 222.77493921313825 26.999999999999854
    vertex 3087.4974569530414 222.77493921314186 26.999999999999957
    vertex 3087.4974569530414 222.77493921314186 24.99999999999997
  endloop
endfacet
facet normal -6.923503915783435e-14 1.0 1.0082416927495002e-16
  outer loop
    vertex 3087.4974569530414 222.77493921314186 26.999999999999957
    vertex 3035.4974569530964 222.77493921313825 26.999999999999854
    vertex 3081.4974569530873 222.77493921314144 26.999999999999943
  endloop
endfacet
facet normal 1.0 5.589774629984733e-32 -4.493016461854383e-16
  outer loop
    vertex 3086.4974569530877 180.7749392131435 24.99999999999997
    vertex 3086.4974569530877 112.774939213144 27.99999999999997
    vertex 3086.4974569530877 112.774939213144 24.99999999999996
  endloop
endfacet
facet normal 1.0 5.589774629984733e-32 -4.493016461854383e-16
  outer loop
    vertex 3086.4974569530877 112.774939213144 27.99999999999997
    vertex 3086.4974569530877 180.7749392131435 24.99999999999997
    vertex 3086.4974569530877 180.7749392131435 27.999999999999975
  endloop
endfacet
facet normal 0.13052619222009923 0.9914448613738042 4.131597149509341e-17
  outer loop
    vertex 3084.6092283854086 72.32605047371123 26.99999999999995
    vertex 3084.9974569530623 72.27493921314486 24.99999999999996
    vertex 3084.6092283854086 72.32605047371123 24.99999999999996
  endloop
endfacet
facet normal 0.13052619222009923 0.9914448613738042 4.131597149509341e-17
  outer loop
    vertex 3084.9974569530623 72.27493921314486 24.99999999999996
    vertex 3084.6092283854086 72.32605047371123 26.99999999999995
    vertex 3084.9974569530623 72.27493921314486 26.99999999999995
  endloop
endfacet
facet normal -0.0 -1.0 -1.0082416927491891e-16
  outer loop
    vertex 3087.4974569530414 216.77493921314385 26.999999999999957
    vertex 3086.4974569530873 216.77493921314385 24.99999999999997
    vertex 3087.4974569530414 216.77493921314385 24.99999999999997
  endloop
endfacet
facet normal -0.0 -1.0 -1.0082416927491891e-16
  outer loop
    vertex 3086.4974569530873 216.77493921314385 24.99999999999997
    vertex 3087.4974569530414 216.77493921314385 26.999999999999957
    vertex 3086.4974569530873 216.77493921314385 26.999999999999957
  endloop
endfacet
facet normal -1.0 -5.589774629987992e-32 4.493016461854383e-16
  outer loop
    vertex 3030.4974569530964 180.77493921312373 28.00000000000005
    vertex 3030.4974569530964 112.77493921316386 25.000000000000032
    vertex 3030.4974569530964 112.77493921316386 28.00000000000004
  endloop
endfacet
facet normal -1.0 -5.589774629987992e-32 4.493016461854383e-16
  outer loop
    vertex 3030.4974569530964 112.77493921316386 25.000000000000032
    vertex 3030.4974569530964 180.77493921312373 28.00000000000005
    vertex 3030.4974569530964 180.77493921312373 25.000000000000043
  endloop
endfacet
facet normal -0.13052619222009923 0.9914448613738042 1.586072375647085e-16
  outer loop
    vertex 3084.9974569530623 72.27493921314486 26.99999999999995
    vertex 3085.385685520716 72.32605047371123 24.99999999999996
    vertex 3084.9974569530623 72.27493921314486 24.99999999999996
  endloop
endfacet
facet normal -0.13052619222009923 0.9914448613738042 1.586072375647085e-16
  outer loop
    vertex 3085.385685520716 72.32605047371123 24.99999999999996
    vertex 3084.9974569530623 72.27493921314486 26.99999999999995
    vertex 3085.385685520716 72.32605047371123 26.99999999999995
  endloop
endfacet
facet normal -2.0303758674345082e-13 -1.0 -1.0082416927482769e-16
  outer loop
    vertex 3030.4974569530964 102.77493921314394 25.000000000000032
    vertex 3025.4974569530964 102.77493921314496 27.99999999999997
    vertex 3025.4974569530964 102.77493921314496 24.99999999999996
  endloop
endfacet
facet normal -2.0303758674345082e-13 -1.0 -1.0082416927482769e-16
  outer loop
    vertex 3025.4974569530964 102.77493921314496 27.99999999999997
    vertex 3030.4974569530964 102.77493921314394 25.000000000000032
    vertex 3030.4974569530964 102.77493921314394 28.00000000000004
  endloop
endfacet
facet normal 1.0 0.0 -4.493016461854383e-16
  outer loop
    vertex 3086.4974569530873 102.77493921314397 24.99999999999996
    vertex 3086.4974569530873 76.77493921314401 26.99999999999995
    vertex 3086.4974569530873 76.77493921314401 24.99999999999996
  endloop
endfacet
facet normal 1.0 0.0 -4.493016461854383e-16
  outer loop
    vertex 3086.4974569530873 76.77493921314401 26.99999999999995
    vertex 3086.4974569530873 102.77493921314397 24.99999999999996
    vertex 3086.4974569530873 77.77493921314401 26.99999999999995
  endloop
endfacet
facet normal 1.0 0.0 -4.493016461854383e-16
  outer loop
    vertex 3086.4974569530873 77.77493921314401 26.99999999999995
    vertex 3086.4974569530873 102.77493921314397 24.99999999999996
    vertex 3086.4974569530873 77.77493921314401 27.99999999999997
  endloop
endfacet
facet normal 1.0 0.0 -4.493016461854383e-16
  outer loop
    vertex 3086.4974569530873 77.77493921314401 27.99999999999997
    vertex 3086.4974569530873 102.77493921314397 24.99999999999996
    vertex 3086.4974569530873 102.77493921314397 27.99999999999997
  endloop
endfacet
facet normal -1.0 0.0 4.493016461854383e-16
  outer loop
    vertex 3030.4974569530964 215.77493921314377 28.00000000000005
    vertex 3030.4974569530964 190.77493921314377 25.000000000000043
    vertex 3030.4974569530964 190.77493921314377 28.00000000000005
  endloop
endfacet
facet normal -1.0 0.0 4.493016461854383e-16
  outer loop
    vertex 3030.4974569530964 190.77493921314377 25.000000000000043
    vertex 3030.4974569530964 215.77493921314377 28.00000000000005
    vertex 3030.4974569530964 215.77493921314377 27.00000000000003
  endloop
endfacet
facet normal -1.0 0.0 4.493016461854383e-16
  outer loop
    vertex 3030.4974569530964 190.77493921314377 25.000000000000043
    vertex 3030.4974569530964 215.77493921314377 27.00000000000003
    vertex 3030.4974569530964 216.77493921314377 25.000000000000043
  endloop
endfacet
facet normal -1.0 0.0 4.493016461854383e-16
  outer loop
    vertex 3030.4974569530964 216.77493921314377 25.000000000000043
    vertex 3030.4974569530964 215.77493921314377 27.00000000000003
    vertex 3030.4974569530964 216.77493921314377 27.00000000000003
  endloop
endfacet
facet normal 0.0 1.0 1.0082416927491892e-16
  outer loop
    vertex 3086.4974569530873 190.7749392131438 27.999999999999975
    vertex 3091.497456953087 190.7749392131438 24.99999999999997
    vertex 3086.4974569530873 190.7749392131438 24.99999999999997
  endloop
endfacet
facet normal 0.0 1.0 1.0082416927491892e-16
  outer loop
    vertex 3091.497456953087 190.7749392131438 24.99999999999997
    vertex 3086.4974569530873 190.7749392131438 27.999999999999975
    vertex 3091.497456953087 190.7749392131438 27.999999999999975
  endloop
endfacet
facet normal 1.0 0.0 -4.493016461854384e-16
  outer loop
    vertex 3087.4974569530414 76.77493921314401 24.99999999999996
    vertex 3087.4974569530414 70.77493921314404 26.99999999999995
    vertex 3087.4974569530414 70.77493921314404 24.99999999999996
  endloop
endfacet
facet normal 1.0 0.0 -4.493016461854384e-16
  outer loop
    vertex 3087.4974569530414 70.77493921314404 26.99999999999995
    vertex 3087.4974569530414 76.77493921314401 24.99999999999996
    vertex 3087.4974569530414 76.77493921314401 26.99999999999995
  endloop
endfacet
facet normal 1.0 0.0 -4.493016461854383e-16
  outer loop
    vertex 3086.4974569530873 216.77493921314385 24.99999999999997
    vertex 3086.4974569530873 190.7749392131438 27.999999999999975
    vertex 3086.4974569530873 190.7749392131438 24.99999999999997
  endloop
endfacet
facet normal 1.0 0.0 -4.493016461854383e-16
  outer loop
    vertex 3086.4974569530873 190.7749392131438 27.999999999999975
    vertex 3086.4974569530873 216.77493921314385 24.99999999999997
    vertex 3086.4974569530873 215.77493921314377 26.999999999999957
  endloop
endfacet
facet normal 1.0 0.0 -4.493016461854383e-16
  outer loop
    vertex 3086.4974569530873 215.77493921314377 26.999999999999957
    vertex 3086.4974569530873 216.77493921314385 24.99999999999997
    vertex 3086.4974569530873 216.77493921314385 26.999999999999957
  endloop
endfacet
facet normal 1.0 0.0 -4.493016461854383e-16
  outer loop
    vertex 3086.4974569530873 215.77493921314377 27.999999999999975
    vertex 3086.4974569530873 190.7749392131438 27.999999999999975
    vertex 3086.4974569530873 215.77493921314377 26.999999999999957
  endloop
endfacet
facet normal 0.0 1.0 1.0082416927491891e-16
  outer loop
    vertex 3086.4974569530873 76.77493921314401 26.99999999999995
    vertex 3087.4974569530414 76.77493921314401 24.99999999999996
    vertex 3086.4974569530873 76.77493921314401 24.99999999999996
  endloop
endfacet
facet normal 0.0 1.0 1.0082416927491891e-16
  outer loop
    vertex 3087.4974569530414 76.77493921314401 24.99999999999996
    vertex 3086.4974569530873 76.77493921314401 26.99999999999995
    vertex 3087.4974569530414 76.77493921314401 26.99999999999995
  endloop
endfacet
facet normal 0.0 1.0 1.0082416927491892e-16
  outer loop
    vertex 3086.4974569530877 112.774939213144 27.99999999999997
    vertex 3091.497456953087 112.774939213144 24.99999999999996
    vertex 3086.4974569530877 112.774939213144 24.99999999999996
  endloop
endfacet
facet normal 0.0 1.0 1.0082416927491892e-16
  outer loop
    vertex 3091.497456953087 112.774939213144 24.99999999999996
    vertex 3086.4974569530877 112.774939213144 27.99999999999997
    vertex 3091.497456953087 112.774939213144 27.99999999999997
  endloop
endfacet
facet normal 6.942951960492291e-14 -1.0 -1.0082416927495012e-16
  outer loop
    vertex 3081.4974569530873 70.77493921314361 27.999999999999908
    vertex 3035.497456953097 70.77493921314043 26.99999999999996
    vertex 3081.4974569530873 70.77493921314361 26.99999999999995
  endloop
endfacet
facet normal 6.942951960492291e-14 -1.0 -1.0082416927495012e-16
  outer loop
    vertex 3035.497456953097 70.77493921314043 26.99999999999996
    vertex 3081.4974569530873 70.77493921314361 27.999999999999908
    vertex 3035.497456953097 70.77493921314043 27.999999999999922
  endloop
endfacet
facet normal 6.942951960492291e-14 -1.0 -1.0082416927495012e-16
  outer loop
    vertex 3087.4974569530414 70.77493921314404 26.99999999999995
    vertex 3029.497456953144 70.77493921314 24.99999999999998
    vertex 3087.4974569530414 70.77493921314404 24.99999999999996
  endloop
endfacet
facet normal 6.942951960492291e-14 -1.0 -1.0082416927495012e-16
  outer loop
    vertex 3029.497456953144 70.77493921314 24.99999999999998
    vertex 3087.4974569530414 70.77493921314404 26.99999999999995
    vertex 3081.4974569530873 70.77493921314361 26.99999999999995
  endloop
endfacet
facet normal 6.942951960492291e-14 -1.0 -1.0082416927495012e-16
  outer loop
    vertex 3029.497456953144 70.77493921314 24.99999999999998
    vertex 3081.4974569530873 70.77493921314361 26.99999999999995
    vertex 3035.497456953097 70.77493921314043 26.99999999999996
  endloop
endfacet
facet normal 6.942951960492291e-14 -1.0 -1.0082416927495012e-16
  outer loop
    vertex 3029.497456953144 70.77493921314 24.99999999999998
    vertex 3035.497456953097 70.77493921314043 26.99999999999996
    vertex 3029.497456953144 70.77493921314 26.999999999999968
  endloop
endfacet
facet normal -1.0 -1.804778548831908e-13 4.493016461854201e-16
  outer loop
    vertex 3025.4974569530946 112.77493921313801 27.99999999999999
    vertex 3025.4974569530964 102.77493921314496 24.99999999999996
    vertex 3025.4974569530964 102.77493921314496 27.99999999999997
  endloop
endfacet
facet normal -1.0 -1.804778548831908e-13 4.493016461854201e-16
  outer loop
    vertex 3025.4974569530964 102.77493921314496 24.99999999999996
    vertex 3025.4974569530946 112.77493921313801 27.99999999999999
    vertex 3025.4974569530946 112.77493921313801 24.99999999999998
  endloop
endfacet
facet normal 1.0 0.0 -4.493016461854383e-16
  outer loop
    vertex 3091.497456953087 112.774939213144 24.99999999999996
    vertex 3091.497456953087 102.77493921314397 27.99999999999997
    vertex 3091.497456953087 102.77493921314397 24.99999999999996
  endloop
endfacet
facet normal 1.0 0.0 -4.493016461854383e-16
  outer loop
    vertex 3091.497456953087 102.77493921314397 27.99999999999997
    vertex 3091.497456953087 112.774939213144 24.99999999999996
    vertex 3091.497456953087 112.774939213144 27.99999999999997
  endloop
endfacet
facet normal -1.0 -1.2182842142274364e-30 4.493016461854384e-16
  outer loop
    vertex 3030.4974569530964 102.77493921314394 28.00000000000004
    vertex 3030.4974569530964 77.77493921314401 26.999999999999957
    vertex 3030.4974569530964 77.77493921314401 27.999999999999975
  endloop
endfacet
facet normal -1.0 -1.2182842142274364e-30 4.493016461854384e-16
  outer loop
    vertex 3030.4974569530964 77.77493921314401 26.999999999999957
    vertex 3030.4974569530964 76.77493921314401 24.99999999999996
    vertex 3030.4974569530964 76.77493921314401 26.99999999999995
  endloop
endfacet
facet normal -1.0 -1.2182842142274364e-30 4.493016461854384e-16
  outer loop
    vertex 3030.4974569530964 76.77493921314401 24.99999999999996
    vertex 3030.4974569530964 77.77493921314401 26.999999999999957
    vertex 3030.4974569530964 102.77493921314394 25.000000000000032
  endloop
endfacet
facet normal -1.0 -1.2182842142274364e-30 4.493016461854384e-16
  outer loop
    vertex 3030.4974569530964 102.77493921314394 25.000000000000032
    vertex 3030.4974569530964 77.77493921314401 26.999999999999957
    vertex 3030.4974569530964 102.77493921314394 28.00000000000004
  endloop
endfacet
facet normal -2.7567992333328843e-12 -1.0 -1.0082416927368029e-16
  outer loop
    vertex 3030.4974569530964 180.77493921312373 25.000000000000043
    vertex 3025.4974569530887 180.77493921313751 27.999999999999975
    vertex 3025.4974569530887 180.77493921313751 24.99999999999997
  endloop
endfacet
facet normal -2.7567992333328843e-12 -1.0 -1.0082416927368029e-16
  outer loop
    vertex 3025.4974569530887 180.77493921313751 27.999999999999975
    vertex 3030.4974569530964 180.77493921312373 25.000000000000043
    vertex 3030.4974569530964 180.77493921312373 28.00000000000005
  endloop
endfacet
facet normal 1.0 0.0 -4.493016461854384e-16
  outer loop
    vertex 3091.497456953087 190.7749392131438 24.99999999999997
    vertex 3091.497456953087 180.7749392131435 27.999999999999975
    vertex 3091.497456953087 180.7749392131435 24.99999999999997
  endloop
endfacet
facet normal 1.0 0.0 -4.493016461854384e-16
  outer loop
    vertex 3091.497456953087 180.7749392131435 27.999999999999975
    vertex 3091.497456953087 190.7749392131438 24.99999999999997
    vertex 3091.497456953087 190.7749392131438 27.999999999999975
  endloop
endfacet
facet normal -0.0 -1.0 -1.0082416927491892e-16
  outer loop
    vertex 3091.497456953087 102.77493921314397 27.99999999999997
    vertex 3086.4974569530873 102.77493921314397 24.99999999999996
    vertex 3091.497456953087 102.77493921314397 24.99999999999996
  endloop
endfacet
facet normal -0.0 -1.0 -1.0082416927491892e-16
  outer loop
    vertex 3086.4974569530873 102.77493921314397 24.99999999999996
    vertex 3091.497456953087 102.77493921314397 27.99999999999997
    vertex 3086.4974569530873 102.77493921314397 27.99999999999997
  endloop
endfacet
facet normal -1.0 6.335077913978424e-31 4.493016461854383e-16
  outer loop
    vertex 3029.497456953144 76.77493921314401 26.999999999999957
    vertex 3029.497456953144 70.77493921314 24.99999999999998
    vertex 3029.497456953144 70.77493921314 26.999999999999968
  endloop
endfacet
facet normal -1.0 6.335077913978424e-31 4.493016461854383e-16
  outer loop
    vertex 3029.497456953144 70.77493921314 24.99999999999998
    vertex 3029.497456953144 76.77493921314401 26.999999999999957
    vertex 3029.497456953144 76.77493921314401 24.99999999999997
  endloop
endfacet
facet normal 0.3826834323650465 0.9238795325113048 0.0
  outer loop
    vertex 3081.497456953092 181.04277633629107 27.999999999999993
    vertex 3081.979818862887 180.84297549128178 25.000000000000043
    vertex 3081.497456953092 181.04277633629107 25.000000000000043
  endloop
endfacet
facet normal 0.3826834323650465 0.9238795325113048 0.0
  outer loop
    vertex 3081.979818862887 180.84297549128178 25.000000000000043
    vertex 3081.497456953092 181.04277633629107 27.999999999999993
    vertex 3081.979818862887 180.84297549128178 27.999999999999993
  endloop
endfacet
facet normal 0.9238795325111355 -0.3826834323654547 0.0
  outer loop
    vertex 3080.7654061455232 183.77482714385994 25.000000000000043
    vertex 3080.5656053005137 183.292465234065 27.999999999999993
    vertex 3080.5656053005137 183.292465234065 25.000000000000043
  endloop
endfacet
facet normal 0.9238795325111355 -0.3826834323654547 0.0
  outer loop
    vertex 3080.5656053005137 183.292465234065 27.999999999999993
    vertex 3080.7654061455232 183.77482714385994 25.000000000000043
    vertex 3080.7654061455232 183.77482714385994 27.999999999999993
  endloop
endfacet
facet normal -6.637431648812692e-16 8.587713673184339e-16 1.0
  outer loop
    vertex 3081.4974569530873 215.77493921314377 26.999999999999957
    vertex 3083.698418847386 219.0249392131435 26.99999999999996
    vertex 3081.4974569530873 222.77493921314144 26.999999999999943
  endloop
endfacet
facet normal -6.637431648812692e-16 8.587713673184339e-16 1.0
  outer loop
    vertex 3083.698418847386 219.0249392131435 26.99999999999996
    vertex 3081.4974569530873 215.77493921314377 26.999999999999957
    vertex 3083.9367967812827 218.7142790413637 26.99999999999996
  endloop
endfacet
facet normal -6.637431648812692e-16 8.587713673184339e-16 1.0
  outer loop
    vertex 3083.9367967812827 218.7142790413637 26.99999999999996
    vertex 3081.4974569530873 215.77493921314377 26.999999999999957
    vertex 3086.4974569530873 215.77493921314377 26.999999999999957
  endloop
endfacet
facet normal -6.637431648812692e-16 8.587713673184339e-16 1.0
  outer loop
    vertex 3081.4974569530873 222.77493921314144 26.999999999999943
    vertex 3083.698418847386 219.0249392131435 26.99999999999996
    vertex 3083.548568213629 219.38671064548964 26.99999999999996
  endloop
endfacet
facet normal -6.637431648812692e-16 8.587713673184339e-16 1.0
  outer loop
    vertex 3081.4974569530873 222.77493921314144 26.999999999999943
    vertex 3083.548568213629 219.38671064548964 26.99999999999996
    vertex 3083.4974569530627 219.77493921314334 26.99999999999996
  endloop
endfacet
facet normal -6.637431648812692e-16 8.587713673184339e-16 1.0
  outer loop
    vertex 3083.9367967812827 218.7142790413637 26.99999999999996
    vertex 3086.4974569530873 215.77493921314377 26.999999999999957
    vertex 3084.2474569530627 218.47590110746694 26.999999999999957
  endloop
endfacet
facet normal -6.637431648812692e-16 8.587713673184339e-16 1.0
  outer loop
    vertex 3084.2474569530627 218.47590110746694 26.999999999999957
    vertex 3086.4974569530873 215.77493921314377 26.999999999999957
    vertex 3084.6092283854086 218.32605047371 26.999999999999957
  endloop
endfacet
facet normal -6.637431648812692e-16 8.587713673184339e-16 1.0
  outer loop
    vertex 3084.6092283854086 218.32605047371 26.999999999999957
    vertex 3086.4974569530873 215.77493921314377 26.999999999999957
    vertex 3084.9974569530623 218.2749392131436 26.999999999999957
  endloop
endfacet
facet normal -6.637431648812692e-16 8.587713673184339e-16 1.0
  outer loop
    vertex 3084.9974569530623 218.2749392131436 26.999999999999957
    vertex 3086.4974569530873 215.77493921314377 26.999999999999957
    vertex 3085.385685520716 218.32605047370996 26.999999999999957
  endloop
endfacet
facet normal -6.637431648812692e-16 8.587713673184339e-16 1.0
  outer loop
    vertex 3085.385685520716 218.32605047370996 26.999999999999957
    vertex 3086.4974569530873 215.77493921314377 26.999999999999957
    vertex 3085.7474569530623 218.47590110746685 26.999999999999957
  endloop
endfacet
facet normal -6.637431648812692e-16 8.587713673184339e-16 1.0
  outer loop
    vertex 3085.7474569530623 218.47590110746685 26.999999999999957
    vertex 3086.4974569530873 215.77493921314377 26.999999999999957
    vertex 3086.058117124842 218.7142790413636 26.999999999999957
  endloop
endfacet
facet normal -6.637431648812692e-16 8.587713673184339e-16 1.0
  outer loop
    vertex 3086.058117124842 218.7142790413636 26.999999999999957
    vertex 3086.4974569530873 215.77493921314377 26.999999999999957
    vertex 3086.296495058739 219.02493921314334 26.999999999999957
  endloop
endfacet
facet normal -6.637431648812692e-16 8.587713673184339e-16 1.0
  outer loop
    vertex 3086.296495058739 219.02493921314334 26.999999999999957
    vertex 3086.4974569530873 215.77493921314377 26.999999999999957
    vertex 3086.446345692496 219.38671064548944 26.999999999999957
  endloop
endfacet
facet normal -6.637431648812692e-16 8.587713673184339e-16 1.0
  outer loop
    vertex 3086.446345692496 219.38671064548944 26.999999999999957
    vertex 3086.4974569530873 215.77493921314377 26.999999999999957
    vertex 3086.497456953062 219.77493921314317 26.999999999999957
  endloop
endfacet
facet normal -6.637431648812692e-16 8.587713673184339e-16 1.0
  outer loop
    vertex 3081.4974569530873 222.77493921314144 26.999999999999943
    vertex 3084.2474569530627 221.07397731881966 26.99999999999996
    vertex 3087.4974569530414 222.77493921314186 26.999999999999957
  endloop
endfacet
facet normal -6.637431648812692e-16 8.587713673184339e-16 1.0
  outer loop
    vertex 3084.2474569530627 221.07397731881966 26.99999999999996
    vertex 3081.4974569530873 222.77493921314144 26.999999999999943
    vertex 3083.9367967812827 220.83559938492292 26.99999999999996
  endloop
endfacet
facet normal -6.637431648812692e-16 8.587713673184339e-16 1.0
  outer loop
    vertex 3083.9367967812827 220.83559938492292 26.99999999999996
    vertex 3081.4974569530873 222.77493921314144 26.999999999999943
    vertex 3083.698418847386 220.52493921314317 26.99999999999996
  endloop
endfacet
facet normal -6.637431648812692e-16 8.587713673184339e-16 1.0
  outer loop
    vertex 3083.698418847386 220.52493921314317 26.99999999999996
    vertex 3081.4974569530873 222.77493921314144 26.999999999999943
    vertex 3083.548568213629 220.16316778079707 26.99999999999996
  endloop
endfacet
facet normal -6.637431648812692e-16 8.587713673184339e-16 1.0
  outer loop
    vertex 3083.548568213629 220.16316778079707 26.99999999999996
    vertex 3081.4974569530873 222.77493921314144 26.999999999999943
    vertex 3083.4974569530627 219.77493921314334 26.99999999999996
  endloop
endfacet
facet normal -6.637431648812692e-16 8.587713673184339e-16 1.0
  outer loop
    vertex 3087.4974569530414 222.77493921314186 26.999999999999957
    vertex 3084.2474569530627 221.07397731881966 26.99999999999996
    vertex 3084.6092283854086 221.22382795257653 26.999999999999957
  endloop
endfacet
facet normal -6.637431648812692e-16 8.587713673184339e-16 1.0
  outer loop
    vertex 3087.4974569530414 222.77493921314186 26.999999999999957
    vertex 3084.6092283854086 221.22382795257653 26.999999999999957
    vertex 3084.9974569530623 221.27493921314291 26.999999999999957
  endloop
endfacet
facet normal -6.637431648812692e-16 8.587713673184339e-16 1.0
  outer loop
    vertex 3087.4974569530414 222.77493921314186 26.999999999999957
    vertex 3084.9974569530623 221.27493921314291 26.999999999999957
    vertex 3085.3856855207164 221.2238279525765 26.999999999999957
  endloop
endfacet
facet normal -6.637431648812692e-16 8.587713673184339e-16 1.0
  outer loop
    vertex 3087.4974569530414 222.77493921314186 26.999999999999957
    vertex 3085.3856855207164 221.2238279525765 26.999999999999957
    vertex 3085.7474569530623 221.07397731881957 26.999999999999957
  endloop
endfacet
facet normal -6.637431648812692e-16 8.587713673184339e-16 1.0
  outer loop
    vertex 3087.4974569530414 222.77493921314186 26.999999999999957
    vertex 3085.7474569530623 221.07397731881957 26.999999999999957
    vertex 3086.0581171248423 220.83559938492277 26.999999999999957
  endloop
endfacet
facet normal -6.637431648812692e-16 8.587713673184339e-16 1.0
  outer loop
    vertex 3087.4974569530414 222.77493921314186 26.999999999999957
    vertex 3086.0581171248423 220.83559938492277 26.999999999999957
    vertex 3086.296495058739 220.524939213143 26.999999999999957
  endloop
endfacet
facet normal -6.637431648812692e-16 8.587713673184339e-16 1.0
  outer loop
    vertex 3087.4974569530414 222.77493921314186 26.999999999999957
    vertex 3086.296495058739 220.524939213143 26.999999999999957
    vertex 3086.446345692496 220.16316778079687 26.999999999999957
  endloop
endfacet
facet normal -6.637431648812692e-16 8.587713673184339e-16 1.0
  outer loop
    vertex 3087.4974569530414 222.77493921314186 26.999999999999957
    vertex 3086.446345692496 220.16316778079687 26.999999999999957
    vertex 3086.497456953062 219.77493921314317 26.999999999999957
  endloop
endfacet
facet normal -6.637431648812692e-16 8.587713673184339e-16 1.0
  outer loop
    vertex 3087.4974569530414 222.77493921314186 26.999999999999957
    vertex 3086.497456953062 219.77493921314317 26.999999999999957
    vertex 3086.4974569530873 216.77493921314385 26.999999999999957
  endloop
endfacet
facet normal -6.637431648812692e-16 8.587713673184339e-16 1.0
  outer loop
    vertex 3086.4974569530873 216.77493921314385 26.999999999999957
    vertex 3086.497456953062 219.77493921314317 26.999999999999957
    vertex 3086.4974569530873 215.77493921314377 26.999999999999957
  endloop
endfacet
facet normal -6.637431648812692e-16 8.587713673184339e-16 1.0
  outer loop
    vertex 3087.4974569530414 222.77493921314186 26.999999999999957
    vertex 3086.4974569530873 216.77493921314385 26.999999999999957
    vertex 3087.4974569530414 216.77493921314385 26.999999999999957
  endloop
endfacet
facet normal 0.9914448613738637 0.13052619221964726 0.0
  outer loop
    vertex 3080.497456953092 182.77482714385994 25.000000000000043
    vertex 3080.5656053005137 182.25718905365488 27.999999999999993
    vertex 3080.5656053005137 182.25718905365488 25.000000000000043
  endloop
endfacet
facet normal 0.9914448613738637 0.13052619221964726 0.0
  outer loop
    vertex 3080.5656053005137 182.25718905365488 27.999999999999993
    vertex 3080.497456953092 182.77482714385994 25.000000000000043
    vertex 3080.497456953092 182.77482714385994 27.999999999999993
  endloop
endfacet
facet normal 0.7933533402914186 0.6087614290084815 0.0
  outer loop
    vertex 3080.7654061455232 181.77482714385994 25.000000000000043
    vertex 3081.0832433907185 181.36061358148683 27.999999999999993
    vertex 3081.0832433907185 181.36061358148683 25.000000000000043
  endloop
endfacet
facet normal 0.7933533402914186 0.6087614290084815 0.0
  outer loop
    vertex 3081.0832433907185 181.36061358148683 27.999999999999993
    vertex 3080.7654061455232 181.77482714385994 25.000000000000043
    vertex 3080.7654061455232 181.77482714385994 27.999999999999993
  endloop
endfacet
facet normal 0.9238795325111355 0.3826834323654547 0.0
  outer loop
    vertex 3080.5656053005137 182.25718905365488 25.000000000000043
    vertex 3080.7654061455232 181.77482714385994 27.999999999999993
    vertex 3080.7654061455232 181.77482714385994 25.000000000000043
  endloop
endfacet
facet normal 0.9238795325111355 0.3826834323654547 0.0
  outer loop
    vertex 3080.7654061455232 181.77482714385994 27.999999999999993
    vertex 3080.5656053005137 182.25718905365488 25.000000000000043
    vertex 3080.5656053005137 182.25718905365488 27.999999999999993
  endloop
endfacet
facet normal 0.9914448613738637 -0.13052619221964726 0.0
  outer loop
    vertex 3080.5656053005137 183.292465234065 25.000000000000043
    vertex 3080.497456953092 182.77482714385994 27.999999999999993
    vertex 3080.497456953092 182.77482714385994 25.000000000000043
  endloop
endfacet
facet normal 0.9914448613738637 -0.13052619221964726 0.0
  outer loop
    vertex 3080.497456953092 182.77482714385994 27.999999999999993
    vertex 3080.5656053005137 183.292465234065 25.000000000000043
    vertex 3080.5656053005137 183.292465234065 27.999999999999993
  endloop
endfacet
facet normal 0.6087614290087409 0.7933533402912196 0.0
  outer loop
    vertex 3081.0832433907185 181.36061358148683 27.999999999999993
    vertex 3081.497456953092 181.04277633629107 25.000000000000043
    vertex 3081.0832433907185 181.36061358148683 25.000000000000043
  endloop
endfacet
facet normal 0.6087614290087409 0.7933533402912196 0.0
  outer loop
    vertex 3081.497456953092 181.04277633629107 25.000000000000043
    vertex 3081.0832433907185 181.36061358148683 27.999999999999993
    vertex 3081.497456953092 181.04277633629107 27.999999999999993
  endloop
endfacet
facet normal 7.615045505337351e-16 1.7999894689227966e-15 1.0
  outer loop
    vertex 3029.497456953144 70.77493921314 26.999999999999968
    vertex 3030.5485682136537 73.38671064549072 26.99999999999995
    vertex 3029.497456953144 76.77493921314401 26.999999999999957
  endloop
endfacet
facet normal 7.615045505337351e-16 1.7999894689227966e-15 1.0
  outer loop
    vertex 3030.5485682136537 73.38671064549072 26.99999999999995
    vertex 3029.497456953144 70.77493921314 26.999999999999968
    vertex 3030.6984188474107 73.0249392131445 26.99999999999995
  endloop
endfacet
facet normal 7.615045505337351e-16 1.7999894689227966e-15 1.0
  outer loop
    vertex 3030.6984188474107 73.0249392131445 26.99999999999995
    vertex 3029.497456953144 70.77493921314 26.999999999999968
    vertex 3030.9367967813077 72.71427904136468 26.99999999999995
  endloop
endfacet
facet normal 7.615045505337351e-16 1.7999894689227966e-15 1.0
  outer loop
    vertex 3030.9367967813077 72.71427904136468 26.99999999999995
    vertex 3029.497456953144 70.77493921314 26.999999999999968
    vertex 3031.2474569530873 72.47590110746783 26.99999999999995
  endloop
endfacet
facet normal 7.615045505337351e-16 1.7999894689227966e-15 1.0
  outer loop
    vertex 3031.2474569530873 72.47590110746783 26.99999999999995
    vertex 3029.497456953144 70.77493921314 26.999999999999968
    vertex 3031.6092283854337 72.3260504737109 26.99999999999995
  endloop
endfacet
facet normal 7.615045505337351e-16 1.7999894689227966e-15 1.0
  outer loop
    vertex 3031.6092283854337 72.3260504737109 26.99999999999995
    vertex 3029.497456953144 70.77493921314 26.999999999999968
    vertex 3035.497456953097 70.77493921314043 26.99999999999996
  endloop
endfacet
facet normal 7.615045505337351e-16 1.7999894689227966e-15 1.0
  outer loop
    vertex 3029.497456953144 76.77493921314401 26.999999999999957
    vertex 3030.5485682136537 73.38671064549072 26.99999999999995
    vertex 3030.4974569530873 73.77493921314452 26.99999999999995
  endloop
endfacet
facet normal 7.615045505337351e-16 1.7999894689227966e-15 1.0
  outer loop
    vertex 3031.6092283854337 72.3260504737109 26.99999999999995
    vertex 3035.497456953097 70.77493921314043 26.99999999999996
    vertex 3031.9974569530873 72.27493921314486 26.99999999999995
  endloop
endfacet
facet normal 7.615045505337351e-16 1.7999894689227966e-15 1.0
  outer loop
    vertex 3031.9974569530873 72.27493921314486 26.99999999999995
    vertex 3035.497456953097 70.77493921314043 26.99999999999996
    vertex 3032.3856855207414 72.3260504737109 26.99999999999995
  endloop
endfacet
facet normal 7.615045505337351e-16 1.7999894689227966e-15 1.0
  outer loop
    vertex 3032.3856855207414 72.3260504737109 26.99999999999995
    vertex 3035.497456953097 70.77493921314043 26.99999999999996
    vertex 3032.7474569530873 72.47590110746783 26.99999999999995
  endloop
endfacet
facet normal 7.615045505337351e-16 1.7999894689227966e-15 1.0
  outer loop
    vertex 3032.7474569530873 72.47590110746783 26.99999999999995
    vertex 3035.497456953097 70.77493921314043 26.99999999999996
    vertex 3033.0581171248673 72.71427904136468 26.99999999999995
  endloop
endfacet
facet normal 7.615045505337351e-16 1.7999894689227966e-15 1.0
  outer loop
    vertex 3033.0581171248673 72.71427904136468 26.99999999999995
    vertex 3035.497456953097 70.77493921314043 26.99999999999996
    vertex 3033.2964950587643 73.0249392131445 26.99999999999995
  endloop
endfacet
facet normal 7.615045505337351e-16 1.7999894689227966e-15 1.0
  outer loop
    vertex 3033.2964950587643 73.0249392131445 26.99999999999995
    vertex 3035.497456953097 70.77493921314043 26.99999999999996
    vertex 3033.446345692521 73.38671064549072 26.99999999999995
  endloop
endfacet
facet normal 7.615045505337351e-16 1.7999894689227966e-15 1.0
  outer loop
    vertex 3033.446345692521 73.38671064549072 26.99999999999995
    vertex 3035.497456953097 70.77493921314043 26.99999999999996
    vertex 3033.4974569530873 73.77493921314452 26.99999999999995
  endloop
endfacet
facet normal 7.615045505337351e-16 1.7999894689227966e-15 1.0
  outer loop
    vertex 3033.4974569530873 73.77493921314452 26.99999999999995
    vertex 3035.497456953097 70.77493921314043 26.99999999999996
    vertex 3035.4974569530964 77.77493921314401 26.99999999999995
  endloop
endfacet
facet normal 7.615045505337351e-16 1.7999894689227966e-15 1.0
  outer loop
    vertex 3030.4974569530873 73.77493921314452 26.99999999999995
    vertex 3030.4974569530964 76.77493921314401 26.99999999999995
    vertex 3029.497456953144 76.77493921314401 26.999999999999957
  endloop
endfacet
facet normal 7.615045505337351e-16 1.7999894689227966e-15 1.0
  outer loop
    vertex 3030.4974569530964 76.77493921314401 26.99999999999995
    vertex 3030.4974569530873 73.77493921314452 26.99999999999995
    vertex 3030.5485682136537 74.1631677807983 26.99999999999995
  endloop
endfacet
facet normal 7.615045505337351e-16 1.7999894689227966e-15 1.0
  outer loop
    vertex 3030.4974569530964 76.77493921314401 26.99999999999995
    vertex 3030.5485682136537 74.1631677807983 26.99999999999995
    vertex 3030.4974569530964 77.77493921314401 26.999999999999957
  endloop
endfacet
facet normal 7.615045505337351e-16 1.7999894689227966e-15 1.0
  outer loop
    vertex 3030.4974569530964 77.77493921314401 26.999999999999957
    vertex 3030.5485682136537 74.1631677807983 26.99999999999995
    vertex 3030.6984188474107 74.52493921314452 26.99999999999995
  endloop
endfacet
facet normal 7.615045505337351e-16 1.7999894689227966e-15 1.0
  outer loop
    vertex 3030.4974569530964 77.77493921314401 26.999999999999957
    vertex 3030.6984188474107 74.52493921314452 26.99999999999995
    vertex 3030.9367967813077 74.83559938492435 26.99999999999995
  endloop
endfacet
facet normal 7.615045505337351e-16 1.7999894689227966e-15 1.0
  outer loop
    vertex 3030.4974569530964 77.77493921314401 26.999999999999957
    vertex 3030.9367967813077 74.83559938492435 26.99999999999995
    vertex 3031.2474569530877 75.07397731882119 26.99999999999995
  endloop
endfacet
facet normal 7.615045505337351e-16 1.7999894689227966e-15 1.0
  outer loop
    vertex 3030.4974569530964 77.77493921314401 26.999999999999957
    vertex 3031.2474569530877 75.07397731882119 26.99999999999995
    vertex 3035.4974569530964 77.77493921314401 26.99999999999995
  endloop
endfacet
facet normal 7.615045505337351e-16 1.7999894689227966e-15 1.0
  outer loop
    vertex 3035.4974569530964 77.77493921314401 26.99999999999995
    vertex 3031.2474569530877 75.07397731882119 26.99999999999995
    vertex 3031.6092283854337 75.22382795257813 26.99999999999995
  endloop
endfacet
facet normal 7.615045505337351e-16 1.7999894689227966e-15 1.0
  outer loop
    vertex 3035.4974569530964 77.77493921314401 26.99999999999995
    vertex 3031.6092283854337 75.22382795257813 26.99999999999995
    vertex 3031.9974569530873 75.27493921314418 26.99999999999995
  endloop
endfacet
facet normal 7.615045505337351e-16 1.7999894689227966e-15 1.0
  outer loop
    vertex 3035.4974569530964 77.77493921314401 26.99999999999995
    vertex 3031.9974569530873 75.27493921314418 26.99999999999995
    vertex 3032.3856855207414 75.22382795257813 26.99999999999995
  endloop
endfacet
facet normal 7.615045505337351e-16 1.7999894689227966e-15 1.0
  outer loop
    vertex 3035.4974569530964 77.77493921314401 26.99999999999995
    vertex 3032.3856855207414 75.22382795257813 26.99999999999995
    vertex 3032.7474569530877 75.07397731882119 26.99999999999995
  endloop
endfacet
facet normal 7.615045505337351e-16 1.7999894689227966e-15 1.0
  outer loop
    vertex 3035.4974569530964 77.77493921314401 26.99999999999995
    vertex 3032.7474569530877 75.07397731882119 26.99999999999995
    vertex 3033.0581171248673 74.83559938492435 26.99999999999995
  endloop
endfacet
facet normal 7.615045505337351e-16 1.7999894689227966e-15 1.0
  outer loop
    vertex 3035.4974569530964 77.77493921314401 26.99999999999995
    vertex 3033.0581171248673 74.83559938492435 26.99999999999995
    vertex 3033.2964950587643 74.52493921314452 26.99999999999995
  endloop
endfacet
facet normal 7.615045505337351e-16 1.7999894689227966e-15 1.0
  outer loop
    vertex 3035.4974569530964 77.77493921314401 26.99999999999995
    vertex 3033.2964950587643 74.52493921314452 26.99999999999995
    vertex 3033.446345692521 74.1631677807983 26.99999999999995
  endloop
endfacet
facet normal 7.615045505337351e-16 1.7999894689227966e-15 1.0
  outer loop
    vertex 3035.4974569530964 77.77493921314401 26.99999999999995
    vertex 3033.446345692521 74.1631677807983 26.99999999999995
    vertex 3033.4974569530873 73.77493921314452 26.99999999999995
  endloop
endfacet
facet normal 1.0 5.15615239943653e-14 -1.98173997926688e-27
  outer loop
    vertex 3037.4974569530964 216.77471507457585 24.99999999999999
    vertex 3037.497456953097 211.77471507457585 28.00000000000001
    vertex 3037.497456953097 211.77471507457585 24.99999999999999
  endloop
endfacet
facet normal 1.0 5.15615239943653e-14 -1.98173997926688e-27
  outer loop
    vertex 3037.497456953097 211.77471507457585 28.00000000000001
    vertex 3037.4974569530964 216.77471507457585 24.99999999999999
    vertex 3037.4974569530964 216.7747150745759 27.999999999999943
  endloop
endfacet
facet normal 1.0 0.0 0.0
  outer loop
    vertex 3037.497456953097 81.77493921314401 24.999999999999957
    vertex 3037.497456953097 76.77493921314401 27.999999999999915
    vertex 3037.497456953097 76.77493921314401 24.999999999999957
  endloop
endfacet
facet normal 1.0 0.0 0.0
  outer loop
    vertex 3037.497456953097 76.77493921314401 27.999999999999915
    vertex 3037.497456953097 81.77493921314401 24.999999999999957
    vertex 3037.497456953097 81.77493921314401 27.99999999999997
  endloop
endfacet
facet normal 4.558342896604677e-16 -3.8368304146535594e-17 1.0
  outer loop
    vertex 3032.565605300514 111.29246523406498 27.999999999999993
    vertex 3032.497456953092 182.77482714385994 27.999999999999993
    vertex 3032.497456953092 110.77482714385995 27.999999999999993
  endloop
endfacet
facet normal 4.558342896604677e-16 -3.8368304146535594e-17 1.0
  outer loop
    vertex 3032.497456953092 182.77482714385994 27.999999999999993
    vertex 3032.565605300514 111.29246523406498 27.999999999999993
    vertex 3032.565605300514 182.2571890536549 27.999999999999993
  endloop
endfacet
facet normal 4.558342896604677e-16 -3.8368304146535594e-17 1.0
  outer loop
    vertex 3032.565605300514 182.2571890536549 27.999999999999993
    vertex 3032.565605300514 111.29246523406498 27.999999999999993
    vertex 3032.7654061455232 111.77482714385991 27.999999999999993
  endloop
endfacet
facet normal 4.558342896604677e-16 -3.8368304146535594e-17 1.0
  outer loop
    vertex 3032.565605300514 182.2571890536549 27.999999999999993
    vertex 3032.7654061455232 111.77482714385991 27.999999999999993
    vertex 3032.7654061455232 181.77482714386 27.999999999999993
  endloop
endfacet
facet normal 4.558342896604677e-16 -3.8368304146535594e-17 1.0
  outer loop
    vertex 3032.7654061455232 181.77482714386 27.999999999999993
    vertex 3032.7654061455232 111.77482714385991 27.999999999999993
    vertex 3033.083243390719 112.18904070623299 27.999999999999993
  endloop
endfacet
facet normal 4.558342896604677e-16 -3.8368304146535594e-17 1.0
  outer loop
    vertex 3032.7654061455232 181.77482714386 27.999999999999993
    vertex 3033.083243390719 112.18904070623299 27.999999999999993
    vertex 3033.083243390719 181.36061358148692 27.999999999999993
  endloop
endfacet
facet normal 4.558342896604677e-16 -3.8368304146535594e-17 1.0
  outer loop
    vertex 3033.083243390719 181.36061358148692 27.999999999999993
    vertex 3033.083243390719 112.18904070623299 27.999999999999993
    vertex 3033.497456953092 112.50687795142875 27.999999999999993
  endloop
endfacet
facet normal 4.558342896604677e-16 -3.8368304146535594e-17 1.0
  outer loop
    vertex 3033.083243390719 181.36061358148692 27.999999999999993
    vertex 3033.497456953092 112.50687795142875 27.999999999999993
    vertex 3033.4974569530923 181.04277633629113 27.999999999999993
  endloop
endfacet
facet normal 4.558342896604677e-16 -3.8368304146535594e-17 1.0
  outer loop
    vertex 3033.4974569530923 181.04277633629113 27.999999999999993
    vertex 3033.497456953092 112.50687795142875 27.999999999999993
    vertex 3033.979818862887 112.70667879643801 27.999999999999993
  endloop
endfacet
facet normal 4.558342896604677e-16 -3.8368304146535594e-17 1.0
  outer loop
    vertex 3033.4974569530923 181.04277633629113 27.999999999999993
    vertex 3033.979818862887 112.70667879643801 27.999999999999993
    vertex 3033.979818862887 180.8429754912819 27.999999999999993
  endloop
endfacet
facet normal 4.558342896604677e-16 -3.8368304146535594e-17 1.0
  outer loop
    vertex 3033.979818862887 180.8429754912819 27.999999999999993
    vertex 3033.979818862887 112.70667879643801 27.999999999999993
    vertex 3034.497456953092 112.77482714385987 27.999999999999993
  endloop
endfacet
facet normal 4.558342896604677e-16 -3.8368304146535594e-17 1.0
  outer loop
    vertex 3033.979818862887 180.8429754912819 27.999999999999993
    vertex 3034.497456953092 112.77482714385987 27.999999999999993
    vertex 3034.497456953092 180.77482714386002 27.999999999999993
  endloop
endfacet
facet normal 4.558342896604677e-16 -3.8368304146535594e-17 1.0
  outer loop
    vertex 3034.497456953092 180.77482714386002 27.999999999999993
    vertex 3034.497456953092 112.77482714385987 27.999999999999993
    vertex 3035.015095043297 112.70667879643801 27.999999999999993
  endloop
endfacet
facet normal 4.558342896604677e-16 -3.8368304146535594e-17 1.0
  outer loop
    vertex 3034.497456953092 180.77482714386002 27.999999999999993
    vertex 3035.015095043297 112.70667879643801 27.999999999999993
    vertex 3035.015095043297 180.8429754912819 27.999999999999993
  endloop
endfacet
facet normal 4.558342896604677e-16 -3.8368304146535594e-17 1.0
  outer loop
    vertex 3035.015095043297 180.8429754912819 27.999999999999993
    vertex 3035.015095043297 112.70667879643801 27.999999999999993
    vertex 3035.497456953092 112.50687795142875 27.999999999999993
  endloop
endfacet
facet normal 4.558342896604677e-16 -3.8368304146535594e-17 1.0
  outer loop
    vertex 3035.015095043297 180.8429754912819 27.999999999999993
    vertex 3035.497456953092 112.50687795142875 27.999999999999993
    vertex 3035.497456953092 181.04277633629113 27.999999999999993
  endloop
endfacet
facet normal 4.558342896604677e-16 -3.8368304146535594e-17 1.0
  outer loop
    vertex 3035.497456953092 181.04277633629113 27.999999999999993
    vertex 3035.497456953092 112.50687795142875 27.999999999999993
    vertex 3035.911670515465 112.18904070623299 27.999999999999993
  endloop
endfacet
facet normal 4.558342896604677e-16 -3.8368304146535594e-17 1.0
  outer loop
    vertex 3035.497456953092 181.04277633629113 27.999999999999993
    vertex 3035.911670515465 112.18904070623299 27.999999999999993
    vertex 3035.911670515465 181.36061358148692 27.999999999999993
  endloop
endfacet
facet normal 4.558342896604677e-16 -3.8368304146535594e-17 1.0
  outer loop
    vertex 3035.911670515465 181.36061358148692 27.999999999999993
    vertex 3035.911670515465 112.18904070623299 27.999999999999993
    vertex 3036.229507760661 111.77482714385991 27.999999999999993
  endloop
endfacet
facet normal 4.558342896604677e-16 -3.8368304146535594e-17 1.0
  outer loop
    vertex 3035.911670515465 181.36061358148692 27.999999999999993
    vertex 3036.229507760661 111.77482714385991 27.999999999999993
    vertex 3036.229507760661 181.77482714386 27.999999999999993
  endloop
endfacet
facet normal 4.558342896604677e-16 -3.8368304146535594e-17 1.0
  outer loop
    vertex 3036.229507760661 181.77482714386 27.999999999999993
    vertex 3036.229507760661 111.77482714385991 27.999999999999993
    vertex 3036.42930860567 111.29246523406498 27.999999999999993
  endloop
endfacet
facet normal 4.558342896604677e-16 -3.8368304146535594e-17 1.0
  outer loop
    vertex 3036.229507760661 181.77482714386 27.999999999999993
    vertex 3036.42930860567 111.29246523406498 27.999999999999993
    vertex 3036.42930860567 182.2571890536549 27.999999999999993
  endloop
endfacet
facet normal 4.558342896604677e-16 -3.8368304146535594e-17 1.0
  outer loop
    vertex 3036.42930860567 182.2571890536549 27.999999999999993
    vertex 3036.42930860567 111.29246523406498 27.999999999999993
    vertex 3036.497456953092 110.77482714385995 27.999999999999993
  endloop
endfacet
facet normal 4.558342896604677e-16 -3.8368304146535594e-17 1.0
  outer loop
    vertex 3036.42930860567 182.2571890536549 27.999999999999993
    vertex 3036.497456953092 110.77482714385995 27.999999999999993
    vertex 3036.497456953092 182.77482714385994 27.999999999999993
  endloop
endfacet
facet normal 4.558342896604677e-16 -3.8368304146535594e-17 1.0
  outer loop
    vertex 3035.4974569530964 77.77493921314401 27.999999999999915
    vertex 3030.4974569530964 102.77493921314394 28.00000000000004
    vertex 3030.4974569530964 77.77493921314401 27.999999999999975
  endloop
endfacet
facet normal 4.558342896604677e-16 -3.8368304146535594e-17 1.0
  outer loop
    vertex 3030.4974569530964 102.77493921314394 28.00000000000004
    vertex 3035.4974569530964 77.77493921314401 27.999999999999915
    vertex 3030.4974569530964 112.77493921316386 28.00000000000004
  endloop
endfacet
facet normal 4.558342896604677e-16 -3.8368304146535594e-17 1.0
  outer loop
    vertex 3030.4974569530964 112.77493921316386 28.00000000000004
    vertex 3035.4974569530964 77.77493921314401 27.999999999999915
    vertex 3032.497456953092 110.77482714385995 27.999999999999993
  endloop
endfacet
facet normal 4.558342896604677e-16 -3.8368304146535594e-17 1.0
  outer loop
    vertex 3030.4974569530964 112.77493921316386 28.00000000000004
    vertex 3032.497456953092 110.77482714385995 27.999999999999993
    vertex 3030.4974569530964 180.77493921312373 28.00000000000005
  endloop
endfacet
facet normal 4.558342896604677e-16 -3.8368304146535594e-17 1.0
  outer loop
    vertex 3030.4974569530964 180.77493921312373 28.00000000000005
    vertex 3032.497456953092 110.77482714385995 27.999999999999993
    vertex 3030.4974569530964 190.77493921314377 28.00000000000005
  endloop
endfacet
facet normal 4.558342896604677e-16 -3.8368304146535594e-17 1.0
  outer loop
    vertex 3030.4974569530964 190.77493921314377 28.00000000000005
    vertex 3032.497456953092 110.77482714385995 27.999999999999993
    vertex 3030.4974569530964 215.77493921314377 28.00000000000005
  endloop
endfacet
facet normal 4.558342896604677e-16 -3.8368304146535594e-17 1.0
  outer loop
    vertex 3032.497456953092 110.77482714385995 27.999999999999993
    vertex 3035.4974569530964 77.77493921314401 27.999999999999915
    vertex 3032.565605300514 110.25718905365493 27.999999999999993
  endloop
endfacet
facet normal 4.558342896604677e-16 -3.8368304146535594e-17 1.0
  outer loop
    vertex 3032.565605300514 110.25718905365493 27.999999999999993
    vertex 3035.4974569530964 77.77493921314401 27.999999999999915
    vertex 3032.7654061455232 109.77482714386 27.999999999999993
  endloop
endfacet
facet normal 4.558342896604677e-16 -3.8368304146535594e-17 1.0
  outer loop
    vertex 3032.7654061455232 109.77482714386 27.999999999999993
    vertex 3035.4974569530964 77.77493921314401 27.999999999999915
    vertex 3033.083243390719 109.36061358148693 27.999999999999993
  endloop
endfacet
facet normal 4.558342896604677e-16 -3.8368304146535594e-17 1.0
  outer loop
    vertex 3033.083243390719 109.36061358148693 27.999999999999993
    vertex 3035.4974569530964 77.77493921314401 27.999999999999915
    vertex 3033.4974569530923 109.04277633629115 27.999999999999993
  endloop
endfacet
facet normal 4.558342896604677e-16 -3.8368304146535594e-17 1.0
  outer loop
    vertex 3033.4974569530923 109.04277633629115 27.999999999999993
    vertex 3035.4974569530964 77.77493921314401 27.999999999999915
    vertex 3033.979818862887 108.8429754912819 27.999999999999993
  endloop
endfacet
facet normal 4.558342896604677e-16 -3.8368304146535594e-17 1.0
  outer loop
    vertex 3033.979818862887 108.8429754912819 27.999999999999993
    vertex 3035.4974569530964 77.77493921314401 27.999999999999915
    vertex 3034.497456953092 108.77482714386005 27.999999999999993
  endloop
endfacet
facet normal 4.558342896604677e-16 -3.8368304146535594e-17 1.0
  outer loop
    vertex 3034.497456953092 108.77482714386005 27.999999999999993
    vertex 3035.4974569530964 77.77493921314401 27.999999999999915
    vertex 3035.015095043297 108.8429754912819 27.999999999999993
  endloop
endfacet
facet normal 4.558342896604677e-16 -3.8368304146535594e-17 1.0
  outer loop
    vertex 3035.015095043297 108.8429754912819 27.999999999999993
    vertex 3035.4974569530964 77.77493921314401 27.999999999999915
    vertex 3035.497456953092 109.04277633629115 27.999999999999993
  endloop
endfacet
facet normal 4.558342896604677e-16 -3.8368304146535594e-17 1.0
  outer loop
    vertex 3035.497456953092 109.04277633629115 27.999999999999993
    vertex 3035.4974569530964 77.77493921314401 27.999999999999915
    vertex 3035.911670515465 109.36061358148693 27.999999999999993
  endloop
endfacet
facet normal 4.558342896604677e-16 -3.8368304146535594e-17 1.0
  outer loop
    vertex 3035.911670515465 109.36061358148693 27.999999999999993
    vertex 3035.4974569530964 77.77493921314401 27.999999999999915
    vertex 3035.497456953097 70.77493921314043 27.999999999999922
  endloop
endfacet
facet normal 4.558342896604677e-16 -3.8368304146535594e-17 1.0
  outer loop
    vertex 3035.911670515465 109.36061358148693 27.999999999999993
    vertex 3035.497456953097 70.77493921314043 27.999999999999922
    vertex 3037.497456953097 76.77493921314401 27.999999999999915
  endloop
endfacet
facet normal 4.558342896604677e-16 -3.8368304146535594e-17 1.0
  outer loop
    vertex 3037.497456953097 76.77493921314401 27.999999999999915
    vertex 3035.497456953097 70.77493921314043 27.999999999999922
    vertex 3081.4974569530873 70.77493921314361 27.999999999999908
  endloop
endfacet
facet normal 4.558342896604677e-16 -3.8368304146535594e-17 1.0
  outer loop
    vertex 3035.911670515465 109.36061358148693 27.999999999999993
    vertex 3037.497456953097 76.77493921314401 27.999999999999915
    vertex 3036.229507760661 109.77482714386 27.999999999999993
  endloop
endfacet
facet normal 4.558342896604677e-16 -3.8368304146535594e-17 1.0
  outer loop
    vertex 3036.229507760661 109.77482714386 27.999999999999993
    vertex 3037.497456953097 76.77493921314401 27.999999999999915
    vertex 3036.42930860567 110.25718905365493 27.999999999999993
  endloop
endfacet
facet normal 4.558342896604677e-16 -3.8368304146535594e-17 1.0
  outer loop
    vertex 3036.42930860567 110.25718905365493 27.999999999999993
    vertex 3037.497456953097 76.77493921314401 27.999999999999915
    vertex 3036.497456953092 110.77482714385995 27.999999999999993
  endloop
endfacet
facet normal 4.558342896604677e-16 -3.8368304146535594e-17 1.0
  outer loop
    vertex 3036.497456953092 110.77482714385995 27.999999999999993
    vertex 3037.497456953097 76.77493921314401 27.999999999999915
    vertex 3036.497456953092 182.77482714385994 27.999999999999993
  endloop
endfacet
facet normal 4.558342896604677e-16 -3.8368304146535594e-17 1.0
  outer loop
    vertex 3036.497456953092 182.77482714385994 27.999999999999993
    vertex 3037.497456953097 76.77493921314401 27.999999999999915
    vertex 3037.4974569530964 216.7747150745759 27.999999999999943
  endloop
endfacet
facet normal 4.558342896604677e-16 -3.8368304146535594e-17 1.0
  outer loop
    vertex 3037.497456953097 76.77493921314401 27.999999999999915
    vertex 3081.4974569530873 70.77493921314361 27.999999999999908
    vertex 3079.4974569530873 76.77493921314401 27.999999999999908
  endloop
endfacet
facet normal 4.558342896604677e-16 -3.8368304146535594e-17 1.0
  outer loop
    vertex 3079.4974569530873 76.77493921314401 27.999999999999908
    vertex 3081.4974569530873 70.77493921314361 27.999999999999908
    vertex 3079.4974569530873 81.77493921314401 27.99999999999997
  endloop
endfacet
facet normal 4.558342896604677e-16 -3.8368304146535594e-17 1.0
  outer loop
    vertex 3079.4974569530873 81.77493921314401 27.99999999999997
    vertex 3081.4974569530873 70.77493921314361 27.999999999999908
    vertex 3080.497456953092 110.77482714385994 27.999999999999993
  endloop
endfacet
facet normal 4.558342896604677e-16 -3.8368304146535594e-17 1.0
  outer loop
    vertex 3079.4974569530873 81.77493921314401 27.99999999999997
    vertex 3080.497456953092 110.77482714385994 27.999999999999993
    vertex 3079.4974569530873 211.77471507457585 28.00000000000001
  endloop
endfacet
facet normal 4.558342896604677e-16 -3.8368304146535594e-17 1.0
  outer loop
    vertex 3079.4974569530873 211.77471507457585 28.00000000000001
    vertex 3080.497456953092 110.77482714385994 27.999999999999993
    vertex 3079.4974569530873 216.77471507457582 27.999999999999915
  endloop
endfacet
facet normal 4.558342896604677e-16 -3.8368304146535594e-17 1.0
  outer loop
    vertex 3080.497456953092 110.77482714385994 27.999999999999993
    vertex 3081.4974569530873 70.77493921314361 27.999999999999908
    vertex 3080.565605300514 110.25718905365491 27.999999999999993
  endloop
endfacet
facet normal 4.558342896604677e-16 -3.8368304146535594e-17 1.0
  outer loop
    vertex 3080.565605300514 110.25718905365491 27.999999999999993
    vertex 3081.4974569530873 70.77493921314361 27.999999999999908
    vertex 3080.7654061455232 109.77482714385998 27.999999999999993
  endloop
endfacet
facet normal 4.558342896604677e-16 -3.8368304146535594e-17 1.0
  outer loop
    vertex 3080.7654061455232 109.77482714385998 27.999999999999993
    vertex 3081.4974569530873 70.77493921314361 27.999999999999908
    vertex 3081.0832433907185 109.3606135814869 27.999999999999993
  endloop
endfacet
facet normal 4.558342896604677e-16 -3.8368304146535594e-17 1.0
  outer loop
    vertex 3081.0832433907185 109.3606135814869 27.999999999999993
    vertex 3081.4974569530873 70.77493921314361 27.999999999999908
    vertex 3081.4974569530873 77.77493921314401 27.999999999999908
  endloop
endfacet
facet normal 4.558342896604677e-16 -3.8368304146535594e-17 1.0
  outer loop
    vertex 3081.0832433907185 109.3606135814869 27.999999999999993
    vertex 3081.4974569530873 77.77493921314401 27.999999999999908
    vertex 3081.497456953092 109.04277633629113 27.999999999999993
  endloop
endfacet
facet normal 4.558342896604677e-16 -3.8368304146535594e-17 1.0
  outer loop
    vertex 3081.4974569530873 77.77493921314401 27.999999999999908
    vertex 3081.4974569530873 70.77493921314361 27.999999999999908
    vertex 3081.4974569530873 76.77493921314401 27.999999999999908
  endloop
endfacet
facet normal 4.558342896604677e-16 -3.8368304146535594e-17 1.0
  outer loop
    vertex 3081.497456953092 109.04277633629113 27.999999999999993
    vertex 3081.4974569530873 77.77493921314401 27.999999999999908
    vertex 3086.4974569530873 77.77493921314401 27.99999999999997
  endloop
endfacet
facet normal 4.558342896604677e-16 -3.8368304146535594e-17 1.0
  outer loop
    vertex 3081.497456953092 109.04277633629113 27.999999999999993
    vertex 3086.4974569530873 77.77493921314401 27.99999999999997
    vertex 3081.979818862887 108.84297549128188 27.999999999999993
  endloop
endfacet
facet normal 4.558342896604677e-16 -3.8368304146535594e-17 1.0
  outer loop
    vertex 3081.979818862887 108.84297549128188 27.999999999999993
    vertex 3086.4974569530873 77.77493921314401 27.99999999999997
    vertex 3082.497456953092 108.77482714386002 27.999999999999993
  endloop
endfacet
facet normal 4.558342896604677e-16 -3.8368304146535594e-17 1.0
  outer loop
    vertex 3082.497456953092 108.77482714386002 27.999999999999993
    vertex 3086.4974569530873 77.77493921314401 27.99999999999997
    vertex 3083.0150950432967 108.84297549128188 27.999999999999993
  endloop
endfacet
facet normal 4.558342896604677e-16 -3.8368304146535594e-17 1.0
  outer loop
    vertex 3083.0150950432967 108.84297549128188 27.999999999999993
    vertex 3086.4974569530873 77.77493921314401 27.99999999999997
    vertex 3083.497456953092 109.04277633629113 27.999999999999993
  endloop
endfacet
facet normal 4.558342896604677e-16 -3.8368304146535594e-17 1.0
  outer loop
    vertex 3083.497456953092 109.04277633629113 27.999999999999993
    vertex 3086.4974569530873 77.77493921314401 27.99999999999997
    vertex 3083.911670515465 109.3606135814869 27.999999999999993
  endloop
endfacet
facet normal 4.558342896604677e-16 -3.8368304146535594e-17 1.0
  outer loop
    vertex 3083.911670515465 109.3606135814869 27.999999999999993
    vertex 3086.4974569530873 77.77493921314401 27.99999999999997
    vertex 3084.2295077606605 109.77482714385998 27.999999999999993
  endloop
endfacet
facet normal 4.558342896604677e-16 -3.8368304146535594e-17 1.0
  outer loop
    vertex 3084.2295077606605 109.77482714385998 27.999999999999993
    vertex 3086.4974569530873 77.77493921314401 27.99999999999997
    vertex 3084.4293086056696 110.25718905365491 27.999999999999993
  endloop
endfacet
facet normal 4.558342896604677e-16 -3.8368304146535594e-17 1.0
  outer loop
    vertex 3084.4293086056696 110.25718905365491 27.999999999999993
    vertex 3086.4974569530873 77.77493921314401 27.99999999999997
    vertex 3084.497456953092 110.77482714385994 27.999999999999993
  endloop
endfacet
facet normal 4.558342896604677e-16 -3.8368304146535594e-17 1.0
  outer loop
    vertex 3084.497456953092 110.77482714385994 27.999999999999993
    vertex 3086.4974569530873 77.77493921314401 27.99999999999997
    vertex 3084.497456953092 182.77482714385994 27.999999999999993
  endloop
endfacet
facet normal 4.558342896604677e-16 -3.8368304146535594e-17 1.0
  outer loop
    vertex 3081.497456953092 184.5068779514288 27.999999999999993
    vertex 3081.4974569530873 215.77493921314377 27.999999999999915
    vertex 3081.0832433907185 184.18904070623304 27.999999999999993
  endloop
endfacet
facet normal 4.558342896604677e-16 -3.8368304146535594e-17 1.0
  outer loop
    vertex 3081.4974569530873 215.77493921314377 27.999999999999915
    vertex 3081.497456953092 184.5068779514288 27.999999999999993
    vertex 3086.4974569530873 215.77493921314377 27.999999999999975
  endloop
endfacet
facet normal 4.558342896604677e-16 -3.8368304146535594e-17 1.0
  outer loop
    vertex 3086.4974569530873 215.77493921314377 27.999999999999975
    vertex 3081.497456953092 184.5068779514288 27.999999999999993
    vertex 3081.979818862887 184.70667879643807 27.999999999999993
  endloop
endfacet
facet normal 4.558342896604677e-16 -3.8368304146535594e-17 1.0
  outer loop
    vertex 3086.4974569530873 215.77493921314377 27.999999999999975
    vertex 3081.979818862887 184.70667879643807 27.999999999999993
    vertex 3082.497456953092 184.77482714385994 27.999999999999993
  endloop
endfacet
facet normal 4.558342896604677e-16 -3.8368304146535594e-17 1.0
  outer loop
    vertex 3086.4974569530873 215.77493921314377 27.999999999999975
    vertex 3082.497456953092 184.77482714385994 27.999999999999993
    vertex 3083.0150950432967 184.70667879643807 27.999999999999993
  endloop
endfacet
facet normal 4.558342896604677e-16 -3.8368304146535594e-17 1.0
  outer loop
    vertex 3086.4974569530873 215.77493921314377 27.999999999999975
    vertex 3083.0150950432967 184.70667879643807 27.999999999999993
    vertex 3083.497456953092 184.5068779514288 27.999999999999993
  endloop
endfacet
facet normal 4.558342896604677e-16 -3.8368304146535594e-17 1.0
  outer loop
    vertex 3086.4974569530873 215.77493921314377 27.999999999999975
    vertex 3083.497456953092 184.5068779514288 27.999999999999993
    vertex 3083.911670515465 184.18904070623304 27.999999999999993
  endloop
endfacet
facet normal 4.558342896604677e-16 -3.8368304146535594e-17 1.0
  outer loop
    vertex 3086.4974569530873 215.77493921314377 27.999999999999975
    vertex 3083.911670515465 184.18904070623304 27.999999999999993
    vertex 3084.2295077606605 183.77482714385994 27.999999999999993
  endloop
endfacet
facet normal 4.558342896604677e-16 -3.8368304146535594e-17 1.0
  outer loop
    vertex 3086.4974569530873 215.77493921314377 27.999999999999975
    vertex 3084.2295077606605 183.77482714385994 27.999999999999993
    vertex 3084.42930860567 183.292465234065 27.999999999999993
  endloop
endfacet
facet normal 4.558342896604677e-16 -3.8368304146535594e-17 1.0
  outer loop
    vertex 3086.4974569530873 215.77493921314377 27.999999999999975
    vertex 3084.42930860567 183.292465234065 27.999999999999993
    vertex 3084.497456953092 182.77482714385994 27.999999999999993
  endloop
endfacet
facet normal 4.558342896604677e-16 -3.8368304146535594e-17 1.0
  outer loop
    vertex 3086.4974569530873 215.77493921314377 27.999999999999975
    vertex 3084.497456953092 182.77482714385994 27.999999999999993
    vertex 3086.4974569530873 77.77493921314401 27.99999999999997
  endloop
endfacet
facet normal 4.558342896604677e-16 -3.8368304146535594e-17 1.0
  outer loop
    vertex 3086.4974569530873 215.77493921314377 27.999999999999975
    vertex 3086.4974569530873 77.77493921314401 27.99999999999997
    vertex 3086.4974569530873 102.77493921314397 27.99999999999997
  endloop
endfacet
facet normal 4.558342896604677e-16 -3.8368304146535594e-17 1.0
  outer loop
    vertex 3086.4974569530873 215.77493921314377 27.999999999999975
    vertex 3086.4974569530873 102.77493921314397 27.99999999999997
    vertex 3086.4974569530873 190.7749392131438 27.999999999999975
  endloop
endfacet
facet normal 4.558342896604677e-16 -3.8368304146535594e-17 1.0
  outer loop
    vertex 3080.565605300514 111.29246523406495 27.999999999999993
    vertex 3080.497456953092 182.77482714385994 27.999999999999993
    vertex 3080.497456953092 110.77482714385994 27.999999999999993
  endloop
endfacet
facet normal 4.558342896604677e-16 -3.8368304146535594e-17 1.0
  outer loop
    vertex 3080.497456953092 182.77482714385994 27.999999999999993
    vertex 3080.565605300514 111.29246523406495 27.999999999999993
    vertex 3080.5656053005137 182.25718905365488 27.999999999999993
  endloop
endfacet
facet normal 4.558342896604677e-16 -3.8368304146535594e-17 1.0
  outer loop
    vertex 3080.5656053005137 182.25718905365488 27.999999999999993
    vertex 3080.565605300514 111.29246523406495 27.999999999999993
    vertex 3080.7654061455232 181.77482714385994 27.999999999999993
  endloop
endfacet
facet normal 4.558342896604677e-16 -3.8368304146535594e-17 1.0
  outer loop
    vertex 3080.7654061455232 181.77482714385994 27.999999999999993
    vertex 3080.565605300514 111.29246523406495 27.999999999999993
    vertex 3080.7654061455232 111.77482714385988 27.999999999999993
  endloop
endfacet
facet normal 4.558342896604677e-16 -3.8368304146535594e-17 1.0
  outer loop
    vertex 3080.7654061455232 181.77482714385994 27.999999999999993
    vertex 3080.7654061455232 111.77482714385988 27.999999999999993
    vertex 3081.0832433907185 112.18904070623296 27.999999999999993
  endloop
endfacet
facet normal 4.558342896604677e-16 -3.8368304146535594e-17 1.0
  outer loop
    vertex 3080.7654061455232 181.77482714385994 27.999999999999993
    vertex 3081.0832433907185 112.18904070623296 27.999999999999993
    vertex 3081.0832433907185 181.36061358148683 27.999999999999993
  endloop
endfacet
facet normal 4.558342896604677e-16 -3.8368304146535594e-17 1.0
  outer loop
    vertex 3081.0832433907185 181.36061358148683 27.999999999999993
    vertex 3081.0832433907185 112.18904070623296 27.999999999999993
    vertex 3081.497456953092 112.50687795142873 27.999999999999993
  endloop
endfacet
facet normal 4.558342896604677e-16 -3.8368304146535594e-17 1.0
  outer loop
    vertex 3081.0832433907185 181.36061358148683 27.999999999999993
    vertex 3081.497456953092 112.50687795142873 27.999999999999993
    vertex 3081.497456953092 181.04277633629107 27.999999999999993
  endloop
endfacet
facet normal 4.558342896604677e-16 -3.8368304146535594e-17 1.0
  outer loop
    vertex 3081.497456953092 181.04277633629107 27.999999999999993
    vertex 3081.497456953092 112.50687795142873 27.999999999999993
    vertex 3081.979818862887 112.70667879643798 27.999999999999993
  endloop
endfacet
facet normal 4.558342896604677e-16 -3.8368304146535594e-17 1.0
  outer loop
    vertex 3081.497456953092 181.04277633629107 27.999999999999993
    vertex 3081.979818862887 112.70667879643798 27.999999999999993
    vertex 3081.979818862887 180.84297549128178 27.999999999999993
  endloop
endfacet
facet normal 4.558342896604677e-16 -3.8368304146535594e-17 1.0
  outer loop
    vertex 3081.979818862887 180.84297549128178 27.999999999999993
    vertex 3081.979818862887 112.70667879643798 27.999999999999993
    vertex 3082.497456953092 112.77482714385984 27.999999999999993
  endloop
endfacet
facet normal 4.558342896604677e-16 -3.8368304146535594e-17 1.0
  outer loop
    vertex 3081.979818862887 180.84297549128178 27.999999999999993
    vertex 3082.497456953092 112.77482714385984 27.999999999999993
    vertex 3082.497456953092 180.77482714385994 27.999999999999993
  endloop
endfacet
facet normal 4.558342896604677e-16 -3.8368304146535594e-17 1.0
  outer loop
    vertex 3082.497456953092 180.77482714385994 27.999999999999993
    vertex 3082.497456953092 112.77482714385984 27.999999999999993
    vertex 3083.0150950432967 112.70667879643798 27.999999999999993
  endloop
endfacet
facet normal 4.558342896604677e-16 -3.8368304146535594e-17 1.0
  outer loop
    vertex 3082.497456953092 180.77482714385994 27.999999999999993
    vertex 3083.0150950432967 112.70667879643798 27.999999999999993
    vertex 3083.0150950432967 180.84297549128178 27.999999999999993
  endloop
endfacet
facet normal 4.558342896604677e-16 -3.8368304146535594e-17 1.0
  outer loop
    vertex 3083.0150950432967 180.84297549128178 27.999999999999993
    vertex 3083.0150950432967 112.70667879643798 27.999999999999993
    vertex 3083.4974569530914 112.50687795142873 27.999999999999993
  endloop
endfacet
facet normal 4.558342896604677e-16 -3.8368304146535594e-17 1.0
  outer loop
    vertex 3083.0150950432967 180.84297549128178 27.999999999999993
    vertex 3083.4974569530914 112.50687795142873 27.999999999999993
    vertex 3083.497456953092 181.04277633629107 27.999999999999993
  endloop
endfacet
facet normal 4.558342896604677e-16 -3.8368304146535594e-17 1.0
  outer loop
    vertex 3083.497456953092 181.04277633629107 27.999999999999993
    vertex 3083.4974569530914 112.50687795142873 27.999999999999993
    vertex 3083.911670515465 112.18904070623296 27.999999999999993
  endloop
endfacet
facet normal 4.558342896604677e-16 -3.8368304146535594e-17 1.0
  outer loop
    vertex 3083.497456953092 181.04277633629107 27.999999999999993
    vertex 3083.911670515465 112.18904070623296 27.999999999999993
    vertex 3083.911670515465 181.36061358148683 27.999999999999993
  endloop
endfacet
facet normal 4.558342896604677e-16 -3.8368304146535594e-17 1.0
  outer loop
    vertex 3083.911670515465 181.36061358148683 27.999999999999993
    vertex 3083.911670515465 112.18904070623296 27.999999999999993
    vertex 3084.2295077606605 111.77482714385988 27.999999999999993
  endloop
endfacet
facet normal 4.558342896604677e-16 -3.8368304146535594e-17 1.0
  outer loop
    vertex 3083.911670515465 181.36061358148683 27.999999999999993
    vertex 3084.2295077606605 111.77482714385988 27.999999999999993
    vertex 3084.2295077606605 181.77482714385994 27.999999999999993
  endloop
endfacet
facet normal 4.558342896604677e-16 -3.8368304146535594e-17 1.0
  outer loop
    vertex 3084.2295077606605 181.77482714385994 27.999999999999993
    vertex 3084.2295077606605 111.77482714385988 27.999999999999993
    vertex 3084.4293086056696 111.29246523406495 27.999999999999993
  endloop
endfacet
facet normal 4.558342896604677e-16 -3.8368304146535594e-17 1.0
  outer loop
    vertex 3084.2295077606605 181.77482714385994 27.999999999999993
    vertex 3084.4293086056696 111.29246523406495 27.999999999999993
    vertex 3084.42930860567 182.25718905365488 27.999999999999993
  endloop
endfacet
facet normal 4.558342896604677e-16 -3.8368304146535594e-17 1.0
  outer loop
    vertex 3084.42930860567 182.25718905365488 27.999999999999993
    vertex 3084.4293086056696 111.29246523406495 27.999999999999993
    vertex 3084.497456953092 110.77482714385994 27.999999999999993
  endloop
endfacet
facet normal 4.558342896604677e-16 -3.8368304146535594e-17 1.0
  outer loop
    vertex 3084.42930860567 182.25718905365488 27.999999999999993
    vertex 3084.497456953092 110.77482714385994 27.999999999999993
    vertex 3084.497456953092 182.77482714385994 27.999999999999993
  endloop
endfacet
facet normal 4.558342896604677e-16 -3.8368304146535594e-17 1.0
  outer loop
    vertex 3030.4974569530964 215.77493921314377 28.00000000000005
    vertex 3032.497456953092 182.77482714385994 27.999999999999993
    vertex 3035.4974569530964 215.7749392131438 27.99999999999996
  endloop
endfacet
facet normal 4.558342896604677e-16 -3.8368304146535594e-17 1.0
  outer loop
    vertex 3032.497456953092 182.77482714385994 27.999999999999993
    vertex 3030.4974569530964 215.77493921314377 28.00000000000005
    vertex 3032.497456953092 110.77482714385995 27.999999999999993
  endloop
endfacet
facet normal 4.558342896604677e-16 -3.8368304146535594e-17 1.0
  outer loop
    vertex 3035.4974569530964 215.7749392131438 27.99999999999996
    vertex 3032.497456953092 182.77482714385994 27.999999999999993
    vertex 3032.565605300514 183.29246523406496 27.999999999999993
  endloop
endfacet
facet normal 4.558342896604677e-16 -3.8368304146535594e-17 1.0
  outer loop
    vertex 3035.4974569530964 215.7749392131438 27.99999999999996
    vertex 3032.565605300514 183.29246523406496 27.999999999999993
    vertex 3032.7654061455232 183.77482714385988 27.999999999999993
  endloop
endfacet
facet normal 4.558342896604677e-16 -3.8368304146535594e-17 1.0
  outer loop
    vertex 3035.4974569530964 215.7749392131438 27.99999999999996
    vertex 3032.7654061455232 183.77482714385988 27.999999999999993
    vertex 3033.083243390719 184.18904070623296 27.999999999999993
  endloop
endfacet
facet normal 4.558342896604677e-16 -3.8368304146535594e-17 1.0
  outer loop
    vertex 3035.4974569530964 215.7749392131438 27.99999999999996
    vertex 3033.083243390719 184.18904070623296 27.999999999999993
    vertex 3033.497456953092 184.50687795142875 27.999999999999993
  endloop
endfacet
facet normal 4.558342896604677e-16 -3.8368304146535594e-17 1.0
  outer loop
    vertex 3035.4974569530964 215.7749392131438 27.99999999999996
    vertex 3033.497456953092 184.50687795142875 27.999999999999993
    vertex 3033.979818862887 184.70667879643798 27.999999999999993
  endloop
endfacet
facet normal 4.558342896604677e-16 -3.8368304146535594e-17 1.0
  outer loop
    vertex 3035.4974569530964 215.7749392131438 27.99999999999996
    vertex 3033.979818862887 184.70667879643798 27.999999999999993
    vertex 3034.497456953092 184.77482714385985 27.999999999999993
  endloop
endfacet
facet normal 4.558342896604677e-16 -3.8368304146535594e-17 1.0
  outer loop
    vertex 3035.4974569530964 215.7749392131438 27.99999999999996
    vertex 3034.497456953092 184.77482714385985 27.999999999999993
    vertex 3035.015095043297 184.70667879643798 27.999999999999993
  endloop
endfacet
facet normal 4.558342896604677e-16 -3.8368304146535594e-17 1.0
  outer loop
    vertex 3035.4974569530964 215.7749392131438 27.99999999999996
    vertex 3035.015095043297 184.70667879643798 27.999999999999993
    vertex 3035.497456953092 184.50687795142875 27.999999999999993
  endloop
endfacet
facet normal 4.558342896604677e-16 -3.8368304146535594e-17 1.0
  outer loop
    vertex 3035.4974569530964 215.7749392131438 27.99999999999996
    vertex 3035.497456953092 184.50687795142875 27.999999999999993
    vertex 3035.911670515465 184.18904070623296 27.999999999999993
  endloop
endfacet
facet normal 4.558342896604677e-16 -3.8368304146535594e-17 1.0
  outer loop
    vertex 3035.4974569530964 215.7749392131438 27.99999999999996
    vertex 3035.911670515465 184.18904070623296 27.999999999999993
    vertex 3035.4974569530964 222.77493921313825 27.99999999999981
  endloop
endfacet
facet normal 4.558342896604677e-16 -3.8368304146535594e-17 1.0
  outer loop
    vertex 3035.4974569530964 222.77493921313825 27.99999999999981
    vertex 3035.911670515465 184.18904070623296 27.999999999999993
    vertex 3037.4974569530964 216.7747150745759 27.999999999999943
  endloop
endfacet
facet normal 4.558342896604677e-16 -3.8368304146535594e-17 1.0
  outer loop
    vertex 3035.4974569530964 222.77493921313825 27.99999999999981
    vertex 3037.4974569530964 216.7747150745759 27.999999999999943
    vertex 3081.4974569530873 222.77493921314144 27.999999999999904
  endloop
endfacet
facet normal 4.558342896604677e-16 -3.8368304146535594e-17 1.0
  outer loop
    vertex 3037.4974569530964 216.7747150745759 27.999999999999943
    vertex 3035.911670515465 184.18904070623296 27.999999999999993
    vertex 3036.229507760661 183.77482714385988 27.999999999999993
  endloop
endfacet
facet normal 4.558342896604677e-16 -3.8368304146535594e-17 1.0
  outer loop
    vertex 3037.4974569530964 216.7747150745759 27.999999999999943
    vertex 3036.229507760661 183.77482714385988 27.999999999999993
    vertex 3036.42930860567 183.29246523406496 27.999999999999993
  endloop
endfacet
facet normal 4.558342896604677e-16 -3.8368304146535594e-17 1.0
  outer loop
    vertex 3037.4974569530964 216.7747150745759 27.999999999999943
    vertex 3036.42930860567 183.29246523406496 27.999999999999993
    vertex 3036.497456953092 182.77482714385994 27.999999999999993
  endloop
endfacet
facet normal 4.558342896604677e-16 -3.8368304146535594e-17 1.0
  outer loop
    vertex 3081.4974569530873 222.77493921314144 27.999999999999904
    vertex 3037.4974569530964 216.7747150745759 27.999999999999943
    vertex 3079.4974569530873 216.77471507457582 27.999999999999915
  endloop
endfacet
facet normal 4.558342896604677e-16 -3.8368304146535594e-17 1.0
  outer loop
    vertex 3081.4974569530873 222.77493921314144 27.999999999999904
    vertex 3079.4974569530873 216.77471507457582 27.999999999999915
    vertex 3080.497456953092 182.77482714385994 27.999999999999993
  endloop
endfacet
facet normal 4.558342896604677e-16 -3.8368304146535594e-17 1.0
  outer loop
    vertex 3080.497456953092 182.77482714385994 27.999999999999993
    vertex 3079.4974569530873 216.77471507457582 27.999999999999915
    vertex 3080.497456953092 110.77482714385994 27.999999999999993
  endloop
endfacet
facet normal 4.558342896604677e-16 -3.8368304146535594e-17 1.0
  outer loop
    vertex 3081.4974569530873 222.77493921314144 27.999999999999904
    vertex 3080.497456953092 182.77482714385994 27.999999999999993
    vertex 3080.5656053005137 183.292465234065 27.999999999999993
  endloop
endfacet
facet normal 4.558342896604677e-16 -3.8368304146535594e-17 1.0
  outer loop
    vertex 3081.4974569530873 222.77493921314144 27.999999999999904
    vertex 3080.5656053005137 183.292465234065 27.999999999999993
    vertex 3080.7654061455232 183.77482714385994 27.999999999999993
  endloop
endfacet
facet normal 4.558342896604677e-16 -3.8368304146535594e-17 1.0
  outer loop
    vertex 3081.4974569530873 222.77493921314144 27.999999999999904
    vertex 3080.7654061455232 183.77482714385994 27.999999999999993
    vertex 3081.0832433907185 184.18904070623304 27.999999999999993
  endloop
endfacet
facet normal 4.558342896604677e-16 -3.8368304146535594e-17 1.0
  outer loop
    vertex 3081.4974569530873 222.77493921314144 27.999999999999904
    vertex 3081.0832433907185 184.18904070623304 27.999999999999993
    vertex 3081.4974569530873 215.77493921314377 27.999999999999915
  endloop
endfacet
facet normal 4.558342896604677e-16 -3.8368304146535594e-17 1.0
  outer loop
    vertex 3037.497456953097 76.77493921314401 27.999999999999915
    vertex 3037.497456953097 211.77471507457585 28.00000000000001
    vertex 3037.4974569530964 216.7747150745759 27.999999999999943
  endloop
endfacet
facet normal 4.558342896604677e-16 -3.8368304146535594e-17 1.0
  outer loop
    vertex 3037.497456953097 211.77471507457585 28.00000000000001
    vertex 3037.497456953097 76.77493921314401 27.999999999999915
    vertex 3037.497456953097 81.77493921314401 27.99999999999997
  endloop
endfacet
facet normal 4.558342896604677e-16 -3.8368304146535594e-17 1.0
  outer loop
    vertex 3037.497456953097 211.77471507457585 28.00000000000001
    vertex 3037.497456953097 81.77493921314401 27.99999999999997
    vertex 3079.4974569530873 81.77493921314401 27.99999999999997
  endloop
endfacet
facet normal 4.558342896604677e-16 -3.8368304146535594e-17 1.0
  outer loop
    vertex 3037.497456953097 211.77471507457585 28.00000000000001
    vertex 3079.4974569530873 81.77493921314401 27.99999999999997
    vertex 3079.4974569530873 211.77471507457585 28.00000000000001
  endloop
endfacet
facet normal 4.558342896604677e-16 -3.8368304146535594e-17 1.0
  outer loop
    vertex 3030.4974569530964 180.77493921312373 28.00000000000005
    vertex 3025.4974569530964 190.77493921314272 27.999999999999975
    vertex 3025.4974569530887 180.77493921313751 27.999999999999975
  endloop
endfacet
facet normal 4.558342896604677e-16 -3.8368304146535594e-17 1.0
  outer loop
    vertex 3025.4974569530964 190.77493921314272 27.999999999999975
    vertex 3030.4974569530964 180.77493921312373 28.00000000000005
    vertex 3030.4974569530964 190.77493921314377 28.00000000000005
  endloop
endfacet
facet normal 4.558342896604677e-16 -3.8368304146535594e-17 1.0
  outer loop
    vertex 3025.4974569530964 102.77493921314496 27.99999999999997
    vertex 3030.4974569530964 112.77493921316386 28.00000000000004
    vertex 3025.4974569530946 112.77493921313801 27.99999999999999
  endloop
endfacet
facet normal 4.558342896604677e-16 -3.8368304146535594e-17 1.0
  outer loop
    vertex 3030.4974569530964 112.77493921316386 28.00000000000004
    vertex 3025.4974569530964 102.77493921314496 27.99999999999997
    vertex 3030.4974569530964 102.77493921314394 28.00000000000004
  endloop
endfacet
facet normal 4.558342896604677e-16 -3.8368304146535594e-17 1.0
  outer loop
    vertex 3086.4974569530873 102.77493921314397 27.99999999999997
    vertex 3086.4974569530877 112.774939213144 27.99999999999997
    vertex 3086.4974569530873 190.7749392131438 27.999999999999975
  endloop
endfacet
facet normal 4.558342896604677e-16 -3.8368304146535594e-17 1.0
  outer loop
    vertex 3086.4974569530877 112.774939213144 27.99999999999997
    vertex 3086.4974569530873 102.77493921314397 27.99999999999997
    vertex 3091.497456953087 102.77493921314397 27.99999999999997
  endloop
endfacet
facet normal 4.558342896604677e-16 -3.8368304146535594e-17 1.0
  outer loop
    vertex 3086.4974569530877 112.774939213144 27.99999999999997
    vertex 3091.497456953087 102.77493921314397 27.99999999999997
    vertex 3091.497456953087 112.774939213144 27.99999999999997
  endloop
endfacet
facet normal 4.558342896604677e-16 -3.8368304146535594e-17 1.0
  outer loop
    vertex 3086.4974569530873 190.7749392131438 27.999999999999975
    vertex 3086.4974569530877 180.7749392131435 27.999999999999975
    vertex 3091.497456953087 190.7749392131438 27.999999999999975
  endloop
endfacet
facet normal 4.558342896604677e-16 -3.8368304146535594e-17 1.0
  outer loop
    vertex 3086.4974569530877 180.7749392131435 27.999999999999975
    vertex 3086.4974569530873 190.7749392131438 27.999999999999975
    vertex 3086.4974569530877 112.774939213144 27.99999999999997
  endloop
endfacet
facet normal 4.558342896604677e-16 -3.8368304146535594e-17 1.0
  outer loop
    vertex 3091.497456953087 190.7749392131438 27.999999999999975
    vertex 3086.4974569530877 180.7749392131435 27.999999999999975
    vertex 3091.497456953087 180.7749392131435 27.999999999999975
  endloop
endfacet
facet normal -1.0 0.0 0.0
  outer loop
    vertex 3079.4974569530873 81.77493921314401 27.99999999999997
    vertex 3079.4974569530873 76.77493921314401 24.999999999999957
    vertex 3079.4974569530873 76.77493921314401 27.999999999999908
  endloop
endfacet
facet normal -1.0 0.0 0.0
  outer loop
    vertex 3079.4974569530873 76.77493921314401 24.999999999999957
    vertex 3079.4974569530873 81.77493921314401 27.99999999999997
    vertex 3079.4974569530873 81.77493921314401 24.999999999999957
  endloop
endfacet
facet normal 1.0 0.0 0.0
  outer loop
    vertex 3081.4974569530873 76.77493921314401 26.99999999999995
    vertex 3081.4974569530873 70.77493921314361 27.999999999999908
    vertex 3081.4974569530873 70.77493921314361 26.99999999999995
  endloop
endfacet
facet normal 1.0 0.0 0.0
  outer loop
    vertex 3081.4974569530873 70.77493921314361 27.999999999999908
    vertex 3081.4974569530873 76.77493921314401 26.99999999999995
    vertex 3081.4974569530873 76.77493921314401 27.999999999999908
  endloop
endfacet
facet normal -1.0 -5.456307240647911e-14 1.5417837027366191e-28
  outer loop
    vertex 3035.4974569530964 77.77493921314401 27.999999999999915
    vertex 3035.497456953097 70.77493921314043 26.99999999999996
    vertex 3035.497456953097 70.77493921314043 27.999999999999922
  endloop
endfacet
facet normal -1.0 -5.456307240647911e-14 1.5417837027366191e-28
  outer loop
    vertex 3035.497456953097 70.77493921314043 26.99999999999996
    vertex 3035.4974569530964 77.77493921314401 27.999999999999915
    vertex 3035.4974569530964 77.77493921314401 26.99999999999995
  endloop
endfacet
facet normal 1.0 0.0 0.0
  outer loop
    vertex 3081.4974569530873 77.77493921314401 26.99999999999995
    vertex 3081.4974569530873 76.77493921314401 27.999999999999908
    vertex 3081.4974569530873 76.77493921314401 26.99999999999995
  endloop
endfacet
facet normal 1.0 0.0 0.0
  outer loop
    vertex 3081.4974569530873 76.77493921314401 27.999999999999908
    vertex 3081.4974569530873 77.77493921314401 26.99999999999995
    vertex 3081.4974569530873 77.77493921314401 27.999999999999908
  endloop
endfacet
facet normal -0.608761429008407 -0.793353340291476 -0.0
  outer loop
    vertex 3083.911670515465 112.18904070623296 27.999999999999993
    vertex 3083.4974569530914 112.50687795142873 25.000000000000043
    vertex 3083.911670515465 112.18904070623296 25.000000000000043
  endloop
endfacet
facet normal -0.608761429008407 -0.793353340291476 -0.0
  outer loop
    vertex 3083.4974569530914 112.50687795142873 25.000000000000043
    vertex 3083.911670515465 112.18904070623296 27.999999999999993
    vertex 3083.4974569530914 112.50687795142873 27.999999999999993
  endloop
endfacet
facet normal -0.9238795325113737 -0.3826834323648799 -0.0
  outer loop
    vertex 3084.2295077606605 111.77482714385988 27.999999999999993
    vertex 3084.4293086056696 111.29246523406495 25.000000000000043
    vertex 3084.4293086056696 111.29246523406495 27.999999999999993
  endloop
endfacet
facet normal -0.9238795325113737 -0.3826834323648799 -0.0
  outer loop
    vertex 3084.4293086056696 111.29246523406495 25.000000000000043
    vertex 3084.2295077606605 111.77482714385988 27.999999999999993
    vertex 3084.2295077606605 111.77482714385988 25.000000000000043
  endloop
endfacet
facet normal -0.7933533402914026 -0.6087614290085024 -0.0
  outer loop
    vertex 3083.911670515465 112.18904070623296 27.999999999999993
    vertex 3084.2295077606605 111.77482714385988 25.000000000000043
    vertex 3084.2295077606605 111.77482714385988 27.999999999999993
  endloop
endfacet
facet normal -0.7933533402914026 -0.6087614290085024 -0.0
  outer loop
    vertex 3084.2295077606605 111.77482714385988 25.000000000000043
    vertex 3083.911670515465 112.18904070623296 27.999999999999993
    vertex 3083.911670515465 112.18904070623296 25.000000000000043
  endloop
endfacet
facet normal -0.382683432365254 -0.9238795325112189 -0.0
  outer loop
    vertex 3083.4974569530914 112.50687795142873 27.999999999999993
    vertex 3083.0150950432967 112.70667879643798 25.000000000000043
    vertex 3083.4974569530914 112.50687795142873 25.000000000000043
  endloop
endfacet
facet normal -0.382683432365254 -0.9238795325112189 -0.0
  outer loop
    vertex 3083.0150950432967 112.70667879643798 25.000000000000043
    vertex 3083.4974569530914 112.50687795142873 27.999999999999993
    vertex 3083.0150950432967 112.70667879643798 27.999999999999993
  endloop
endfacet
facet normal -0.9914448613737734 -0.1305261922203324 -0.0
  outer loop
    vertex 3084.4293086056696 111.29246523406495 27.999999999999993
    vertex 3084.497456953092 110.77482714385994 25.000000000000043
    vertex 3084.497456953092 110.77482714385994 27.999999999999993
  endloop
endfacet
facet normal -0.9914448613737734 -0.1305261922203324 -0.0
  outer loop
    vertex 3084.497456953092 110.77482714385994 25.000000000000043
    vertex 3084.4293086056696 111.29246523406495 27.999999999999993
    vertex 3084.4293086056696 111.29246523406495 25.000000000000043
  endloop
endfacet
facet normal -0.3826834323650833 -0.9238795325112894 7.879090975397453e-17
  outer loop
    vertex 3032.7474569530877 221.07397731881989 26.999999999999957
    vertex 3032.3856855207414 221.22382795257687 24.99999999999997
    vertex 3032.7474569530877 221.07397731881989 24.99999999999997
  endloop
endfacet
facet normal -0.3826834323650833 -0.9238795325112894 7.879090975397453e-17
  outer loop
    vertex 3032.3856855207414 221.22382795257687 24.99999999999997
    vertex 3032.7474569530877 221.07397731881989 26.999999999999957
    vertex 3032.3856855207414 221.22382795257687 26.999999999999957
  endloop
endfacet
facet normal -0.7933533402914186 -0.6087614290084815 -0.0
  outer loop
    vertex 3083.911670515465 184.18904070623304 27.999999999999993
    vertex 3084.2295077606605 183.77482714385994 25.000000000000043
    vertex 3084.2295077606605 183.77482714385994 27.999999999999993
  endloop
endfacet
facet normal -0.7933533402914186 -0.6087614290084815 -0.0
  outer loop
    vertex 3084.2295077606605 183.77482714385994 25.000000000000043
    vertex 3083.911670515465 184.18904070623304 27.999999999999993
    vertex 3083.911670515465 184.18904070623304 25.000000000000043
  endloop
endfacet
facet normal 0.0 1.0 0.0
  outer loop
    vertex 3037.497456953097 76.77493921314401 27.999999999999915
    vertex 3079.4974569530873 76.77493921314401 24.999999999999957
    vertex 3037.497456953097 76.77493921314401 24.999999999999957
  endloop
endfacet
facet normal 0.0 1.0 0.0
  outer loop
    vertex 3079.4974569530873 76.77493921314401 24.999999999999957
    vertex 3037.497456953097 76.77493921314401 27.999999999999915
    vertex 3079.4974569530873 76.77493921314401 27.999999999999908
  endloop
endfacet
facet normal -0.9238795325111355 -0.3826834323654547 -0.0
  outer loop
    vertex 3084.2295077606605 183.77482714385994 27.999999999999993
    vertex 3084.42930860567 183.292465234065 25.000000000000043
    vertex 3084.42930860567 183.292465234065 27.999999999999993
  endloop
endfacet
facet normal -0.9238795325111355 -0.3826834323654547 -0.0
  outer loop
    vertex 3084.42930860567 183.292465234065 25.000000000000043
    vertex 3084.2295077606605 183.77482714385994 27.999999999999993
    vertex 3084.2295077606605 183.77482714385994 25.000000000000043
  endloop
endfacet
facet normal -0.9914448613738637 -0.13052619221964726 -0.0
  outer loop
    vertex 3084.42930860567 183.292465234065 27.999999999999993
    vertex 3084.497456953092 182.77482714385994 25.000000000000043
    vertex 3084.497456953092 182.77482714385994 27.999999999999993
  endloop
endfacet
facet normal -0.9914448613738637 -0.13052619221964726 -0.0
  outer loop
    vertex 3084.497456953092 182.77482714385994 25.000000000000043
    vertex 3084.42930860567 183.292465234065 27.999999999999993
    vertex 3084.42930860567 183.292465234065 25.000000000000043
  endloop
endfacet
facet normal 0.13052619222002393 0.9914448613738142 0.0
  outer loop
    vertex 3081.979818862887 180.84297549128178 27.999999999999993
    vertex 3082.497456953092 180.77482714385994 25.000000000000043
    vertex 3081.979818862887 180.84297549128178 25.000000000000043
  endloop
endfacet
facet normal 0.13052619222002393 0.9914448613738142 0.0
  outer loop
    vertex 3082.497456953092 180.77482714385994 25.000000000000043
    vertex 3081.979818862887 180.84297549128178 27.999999999999993
    vertex 3082.497456953092 180.77482714385994 27.999999999999993
  endloop
endfacet
facet normal -0.7933533402914026 -0.6087614290085024 -0.0
  outer loop
    vertex 3035.911670515465 184.18904070623296 27.999999999999993
    vertex 3036.229507760661 183.77482714385988 25.000000000000046
    vertex 3036.229507760661 183.77482714385988 27.999999999999993
  endloop
endfacet
facet normal -0.7933533402914026 -0.6087614290085024 -0.0
  outer loop
    vertex 3036.229507760661 183.77482714385988 25.000000000000046
    vertex 3035.911670515465 184.18904070623296 27.999999999999993
    vertex 3035.911670515465 184.18904070623296 25.000000000000046
  endloop
endfacet
facet normal -0.7933533402914026 0.6087614290085024 0.0
  outer loop
    vertex 3036.229507760661 181.77482714386 27.999999999999993
    vertex 3035.911670515465 181.36061358148692 25.000000000000046
    vertex 3035.911670515465 181.36061358148692 27.999999999999993
  endloop
endfacet
facet normal -0.7933533402914026 0.6087614290085024 0.0
  outer loop
    vertex 3035.911670515465 181.36061358148692 25.000000000000046
    vertex 3036.229507760661 181.77482714386 27.999999999999993
    vertex 3036.229507760661 181.77482714386 25.000000000000046
  endloop
endfacet
facet normal -0.9914448613737734 0.1305261922203324 0.0
  outer loop
    vertex 3036.497456953092 182.77482714385994 27.999999999999993
    vertex 3036.42930860567 182.2571890536549 25.000000000000046
    vertex 3036.42930860567 182.2571890536549 27.999999999999993
  endloop
endfacet
facet normal -0.9914448613737734 0.1305261922203324 0.0
  outer loop
    vertex 3036.42930860567 182.2571890536549 25.000000000000046
    vertex 3036.497456953092 182.77482714385994 27.999999999999993
    vertex 3036.497456953092 182.77482714385994 25.000000000000046
  endloop
endfacet
facet normal -0.9914448613737734 -0.1305261922203324 -0.0
  outer loop
    vertex 3036.42930860567 183.29246523406496 27.999999999999993
    vertex 3036.497456953092 182.77482714385994 25.000000000000046
    vertex 3036.497456953092 182.77482714385994 27.999999999999993
  endloop
endfacet
facet normal -0.9914448613737734 -0.1305261922203324 -0.0
  outer loop
    vertex 3036.497456953092 182.77482714385994 25.000000000000046
    vertex 3036.42930860567 183.29246523406496 27.999999999999993
    vertex 3036.42930860567 183.29246523406496 25.000000000000046
  endloop
endfacet
facet normal -0.9238795325113737 -0.3826834323648799 -0.0
  outer loop
    vertex 3036.229507760661 183.77482714385988 27.999999999999993
    vertex 3036.42930860567 183.29246523406496 25.000000000000046
    vertex 3036.42930860567 183.29246523406496 27.999999999999993
  endloop
endfacet
facet normal -0.9238795325113737 -0.3826834323648799 -0.0
  outer loop
    vertex 3036.42930860567 183.29246523406496 25.000000000000046
    vertex 3036.229507760661 183.77482714385988 27.999999999999993
    vertex 3036.229507760661 183.77482714385988 25.000000000000046
  endloop
endfacet
facet normal -0.13052619222002393 0.9914448613738142 0.0
  outer loop
    vertex 3034.497456953092 180.77482714386002 27.999999999999993
    vertex 3035.015095043297 180.8429754912819 25.000000000000046
    vertex 3034.497456953092 180.77482714386002 25.000000000000046
  endloop
endfacet
facet normal -0.13052619222002393 0.9914448613738142 0.0
  outer loop
    vertex 3035.015095043297 180.8429754912819 25.000000000000046
    vertex 3034.497456953092 180.77482714386002 27.999999999999993
    vertex 3035.015095043297 180.8429754912819 27.999999999999993
  endloop
endfacet
facet normal -0.608761429008407 -0.793353340291476 -0.0
  outer loop
    vertex 3035.911670515465 184.18904070623296 27.999999999999993
    vertex 3035.497456953092 184.50687795142875 25.000000000000046
    vertex 3035.911670515465 184.18904070623296 25.000000000000046
  endloop
endfacet
facet normal -0.608761429008407 -0.793353340291476 -0.0
  outer loop
    vertex 3035.497456953092 184.50687795142875 25.000000000000046
    vertex 3035.911670515465 184.18904070623296 27.999999999999993
    vertex 3035.497456953092 184.50687795142875 27.999999999999993
  endloop
endfacet
facet normal -0.6087614290087409 0.7933533402912196 0.0
  outer loop
    vertex 3035.497456953092 181.04277633629113 27.999999999999993
    vertex 3035.911670515465 181.36061358148692 25.000000000000046
    vertex 3035.497456953092 181.04277633629113 25.000000000000046
  endloop
endfacet
facet normal -0.6087614290087409 0.7933533402912196 0.0
  outer loop
    vertex 3035.911670515465 181.36061358148692 25.000000000000046
    vertex 3035.497456953092 181.04277633629113 27.999999999999993
    vertex 3035.911670515465 181.36061358148692 27.999999999999993
  endloop
endfacet
facet normal -0.382683432365254 -0.9238795325112189 -0.0
  outer loop
    vertex 3035.497456953092 184.50687795142875 27.999999999999993
    vertex 3035.015095043297 184.70667879643798 25.000000000000046
    vertex 3035.497456953092 184.50687795142875 25.000000000000046
  endloop
endfacet
facet normal -0.382683432365254 -0.9238795325112189 -0.0
  outer loop
    vertex 3035.015095043297 184.70667879643798 25.000000000000046
    vertex 3035.497456953092 184.50687795142875 27.999999999999993
    vertex 3035.015095043297 184.70667879643798 27.999999999999993
  endloop
endfacet
facet normal -0.13052619222002393 -0.9914448613738142 -0.0
  outer loop
    vertex 3035.015095043297 184.70667879643798 27.999999999999993
    vertex 3034.497456953092 184.77482714385985 25.000000000000046
    vertex 3035.015095043297 184.70667879643798 25.000000000000046
  endloop
endfacet
facet normal -0.13052619222002393 -0.9914448613738142 -0.0
  outer loop
    vertex 3034.497456953092 184.77482714385985 25.000000000000046
    vertex 3035.015095043297 184.70667879643798 27.999999999999993
    vertex 3034.497456953092 184.77482714385985 27.999999999999993
  endloop
endfacet
facet normal 0.13052619222002393 -0.9914448613738142 0.0
  outer loop
    vertex 3034.497456953092 184.77482714385985 27.999999999999993
    vertex 3033.979818862887 184.70667879643798 25.000000000000046
    vertex 3034.497456953092 184.77482714385985 25.000000000000046
  endloop
endfacet
facet normal 0.13052619222002393 -0.9914448613738142 0.0
  outer loop
    vertex 3033.979818862887 184.70667879643798 25.000000000000046
    vertex 3034.497456953092 184.77482714385985 27.999999999999993
    vertex 3033.979818862887 184.70667879643798 27.999999999999993
  endloop
endfacet
facet normal -0.9238795325113737 0.3826834323648799 0.0
  outer loop
    vertex 3036.42930860567 182.2571890536549 27.999999999999993
    vertex 3036.229507760661 181.77482714386 25.000000000000046
    vertex 3036.229507760661 181.77482714386 27.999999999999993
  endloop
endfacet
facet normal -0.9238795325113737 0.3826834323648799 0.0
  outer loop
    vertex 3036.229507760661 181.77482714386 25.000000000000046
    vertex 3036.42930860567 182.2571890536549 27.999999999999993
    vertex 3036.42930860567 182.2571890536549 25.000000000000046
  endloop
endfacet
facet normal 0.13052619222002393 0.9914448613738142 0.0
  outer loop
    vertex 3033.979818862887 180.8429754912819 27.999999999999993
    vertex 3034.497456953092 180.77482714386002 25.000000000000046
    vertex 3033.979818862887 180.8429754912819 25.000000000000046
  endloop
endfacet
facet normal 0.13052619222002393 0.9914448613738142 0.0
  outer loop
    vertex 3034.497456953092 180.77482714386002 25.000000000000046
    vertex 3033.979818862887 180.8429754912819 27.999999999999993
    vertex 3034.497456953092 180.77482714386002 27.999999999999993
  endloop
endfacet
facet normal -0.38268343236500957 0.9238795325113202 0.0
  outer loop
    vertex 3035.015095043297 180.8429754912819 27.999999999999993
    vertex 3035.497456953092 181.04277633629113 25.000000000000046
    vertex 3035.015095043297 180.8429754912819 25.000000000000046
  endloop
endfacet
facet normal -0.38268343236500957 0.9238795325113202 0.0
  outer loop
    vertex 3035.497456953092 181.04277633629113 25.000000000000046
    vertex 3035.015095043297 180.8429754912819 27.999999999999993
    vertex 3035.497456953092 181.04277633629113 27.999999999999993
  endloop
endfacet
facet normal -0.13052619222002393 0.9914448613738142 0.0
  outer loop
    vertex 3082.497456953092 180.77482714385994 27.999999999999993
    vertex 3083.0150950432967 180.84297549128178 25.000000000000043
    vertex 3082.497456953092 180.77482714385994 25.000000000000043
  endloop
endfacet
facet normal -0.13052619222002393 0.9914448613738142 0.0
  outer loop
    vertex 3083.0150950432967 180.84297549128178 25.000000000000043
    vertex 3082.497456953092 180.77482714385994 27.999999999999993
    vertex 3083.0150950432967 180.84297549128178 27.999999999999993
  endloop
endfacet
facet normal -0.6087614290087409 0.7933533402912196 0.0
  outer loop
    vertex 3083.497456953092 181.04277633629107 27.999999999999993
    vertex 3083.911670515465 181.36061358148683 25.000000000000043
    vertex 3083.497456953092 181.04277633629107 25.000000000000043
  endloop
endfacet
facet normal -0.6087614290087409 0.7933533402912196 0.0
  outer loop
    vertex 3083.911670515465 181.36061358148683 25.000000000000043
    vertex 3083.497456953092 181.04277633629107 27.999999999999993
    vertex 3083.911670515465 181.36061358148683 27.999999999999993
  endloop
endfacet
facet normal 0.38268343236500957 -0.9238795325113202 0.0
  outer loop
    vertex 3033.979818862887 184.70667879643798 27.999999999999993
    vertex 3033.497456953092 184.50687795142875 25.000000000000046
    vertex 3033.979818862887 184.70667879643798 25.000000000000046
  endloop
endfacet
facet normal 0.38268343236500957 -0.9238795325113202 0.0
  outer loop
    vertex 3033.497456953092 184.50687795142875 25.000000000000046
    vertex 3033.979818862887 184.70667879643798 27.999999999999993
    vertex 3033.497456953092 184.50687795142875 27.999999999999993
  endloop
endfacet
facet normal -0.3826834323650465 0.9238795325113048 0.0
  outer loop
    vertex 3083.0150950432967 180.84297549128178 27.999999999999993
    vertex 3083.497456953092 181.04277633629107 25.000000000000043
    vertex 3083.0150950432967 180.84297549128178 25.000000000000043
  endloop
endfacet
facet normal -0.3826834323650465 0.9238795325113048 0.0
  outer loop
    vertex 3083.497456953092 181.04277633629107 25.000000000000043
    vertex 3083.0150950432967 180.84297549128178 27.999999999999993
    vertex 3083.497456953092 181.04277633629107 27.999999999999993
  endloop
endfacet
facet normal 0.6087614290087409 -0.7933533402912196 0.0
  outer loop
    vertex 3033.497456953092 184.50687795142875 27.999999999999993
    vertex 3033.083243390719 184.18904070623296 25.000000000000046
    vertex 3033.497456953092 184.50687795142875 25.000000000000046
  endloop
endfacet
facet normal 0.6087614290087409 -0.7933533402912196 0.0
  outer loop
    vertex 3033.083243390719 184.18904070623296 25.000000000000046
    vertex 3033.497456953092 184.50687795142875 27.999999999999993
    vertex 3033.083243390719 184.18904070623296 27.999999999999993
  endloop
endfacet
facet normal -0.9238795325113737 -0.3826834323648799 -0.0
  outer loop
    vertex 3036.229507760661 111.77482714385991 27.999999999999993
    vertex 3036.42930860567 111.29246523406498 25.000000000000043
    vertex 3036.42930860567 111.29246523406498 27.999999999999993
  endloop
endfacet
facet normal -0.9238795325113737 -0.3826834323648799 -0.0
  outer loop
    vertex 3036.42930860567 111.29246523406498 25.000000000000043
    vertex 3036.229507760661 111.77482714385991 27.999999999999993
    vertex 3036.229507760661 111.77482714385991 25.000000000000043
  endloop
endfacet
facet normal -0.7933533402914026 -0.6087614290085024 -0.0
  outer loop
    vertex 3035.911670515465 112.18904070623299 27.999999999999993
    vertex 3036.229507760661 111.77482714385991 25.000000000000043
    vertex 3036.229507760661 111.77482714385991 27.999999999999993
  endloop
endfacet
facet normal -0.7933533402914026 -0.6087614290085024 -0.0
  outer loop
    vertex 3036.229507760661 111.77482714385991 25.000000000000043
    vertex 3035.911670515465 112.18904070623299 27.999999999999993
    vertex 3035.911670515465 112.18904070623299 25.000000000000043
  endloop
endfacet
facet normal -0.608761429008407 -0.793353340291476 -0.0
  outer loop
    vertex 3035.911670515465 112.18904070623299 27.999999999999993
    vertex 3035.497456953092 112.50687795142875 25.000000000000043
    vertex 3035.911670515465 112.18904070623299 25.000000000000043
  endloop
endfacet
facet normal -0.608761429008407 -0.793353340291476 -0.0
  outer loop
    vertex 3035.497456953092 112.50687795142875 25.000000000000043
    vertex 3035.911670515465 112.18904070623299 27.999999999999993
    vertex 3035.497456953092 112.50687795142875 27.999999999999993
  endloop
endfacet
facet normal -0.9238795325113737 0.3826834323648799 0.0
  outer loop
    vertex 3036.42930860567 110.25718905365493 27.999999999999993
    vertex 3036.229507760661 109.77482714386 25.000000000000043
    vertex 3036.229507760661 109.77482714386 27.999999999999993
  endloop
endfacet
facet normal -0.9238795325113737 0.3826834323648799 0.0
  outer loop
    vertex 3036.229507760661 109.77482714386 25.000000000000043
    vertex 3036.42930860567 110.25718905365493 27.999999999999993
    vertex 3036.42930860567 110.25718905365493 25.000000000000043
  endloop
endfacet
facet normal -0.382683432365254 -0.9238795325112189 -0.0
  outer loop
    vertex 3035.497456953092 112.50687795142875 27.999999999999993
    vertex 3035.015095043297 112.70667879643801 25.000000000000043
    vertex 3035.497456953092 112.50687795142875 25.000000000000043
  endloop
endfacet
facet normal -0.382683432365254 -0.9238795325112189 -0.0
  outer loop
    vertex 3035.015095043297 112.70667879643801 25.000000000000043
    vertex 3035.497456953092 112.50687795142875 27.999999999999993
    vertex 3035.015095043297 112.70667879643801 27.999999999999993
  endloop
endfacet
facet normal -0.13052619222002393 0.9914448613738142 0.0
  outer loop
    vertex 3034.497456953092 108.77482714386005 27.999999999999993
    vertex 3035.015095043297 108.8429754912819 25.000000000000043
    vertex 3034.497456953092 108.77482714386005 25.000000000000043
  endloop
endfacet
facet normal -0.13052619222002393 0.9914448613738142 0.0
  outer loop
    vertex 3035.015095043297 108.8429754912819 25.000000000000043
    vertex 3034.497456953092 108.77482714386005 27.999999999999993
    vertex 3035.015095043297 108.8429754912819 27.999999999999993
  endloop
endfacet
facet normal -0.6087614290087409 0.7933533402912196 0.0
  outer loop
    vertex 3035.497456953092 109.04277633629115 27.999999999999993
    vertex 3035.911670515465 109.36061358148693 25.000000000000043
    vertex 3035.497456953092 109.04277633629115 25.000000000000043
  endloop
endfacet
facet normal -0.6087614290087409 0.7933533402912196 0.0
  outer loop
    vertex 3035.911670515465 109.36061358148693 25.000000000000043
    vertex 3035.497456953092 109.04277633629115 27.999999999999993
    vertex 3035.911670515465 109.36061358148693 27.999999999999993
  endloop
endfacet
facet normal 0.6087614290087409 -0.7933533402912196 0.0
  outer loop
    vertex 3081.497456953092 184.5068779514288 27.999999999999993
    vertex 3081.0832433907185 184.18904070623304 25.000000000000043
    vertex 3081.497456953092 184.5068779514288 25.000000000000043
  endloop
endfacet
facet normal 0.6087614290087409 -0.7933533402912196 0.0
  outer loop
    vertex 3081.0832433907185 184.18904070623304 25.000000000000043
    vertex 3081.497456953092 184.5068779514288 27.999999999999993
    vertex 3081.0832433907185 184.18904070623304 27.999999999999993
  endloop
endfacet
facet normal 0.13052619222002393 0.9914448613738142 0.0
  outer loop
    vertex 3033.979818862887 108.8429754912819 27.999999999999993
    vertex 3034.497456953092 108.77482714386005 25.000000000000043
    vertex 3033.979818862887 108.8429754912819 25.000000000000043
  endloop
endfacet
facet normal 0.13052619222002393 0.9914448613738142 0.0
  outer loop
    vertex 3034.497456953092 108.77482714386005 25.000000000000043
    vertex 3033.979818862887 108.8429754912819 27.999999999999993
    vertex 3034.497456953092 108.77482714386005 27.999999999999993
  endloop
endfacet
facet normal -0.38268343236500957 0.9238795325113202 0.0
  outer loop
    vertex 3035.015095043297 108.8429754912819 27.999999999999993
    vertex 3035.497456953092 109.04277633629115 25.000000000000043
    vertex 3035.015095043297 108.8429754912819 25.000000000000043
  endloop
endfacet
facet normal -0.38268343236500957 0.9238795325113202 0.0
  outer loop
    vertex 3035.497456953092 109.04277633629115 25.000000000000043
    vertex 3035.015095043297 108.8429754912819 27.999999999999993
    vertex 3035.497456953092 109.04277633629115 27.999999999999993
  endloop
endfacet
facet normal -0.7933533402914026 0.6087614290085024 0.0
  outer loop
    vertex 3036.229507760661 109.77482714386 27.999999999999993
    vertex 3035.911670515465 109.36061358148693 25.000000000000043
    vertex 3035.911670515465 109.36061358148693 27.999999999999993
  endloop
endfacet
facet normal -0.7933533402914026 0.6087614290085024 0.0
  outer loop
    vertex 3035.911670515465 109.36061358148693 25.000000000000043
    vertex 3036.229507760661 109.77482714386 27.999999999999993
    vertex 3036.229507760661 109.77482714386 25.000000000000043
  endloop
endfacet
facet normal -0.9914448613737734 0.1305261922203324 0.0
  outer loop
    vertex 3036.497456953092 110.77482714385995 27.999999999999993
    vertex 3036.42930860567 110.25718905365493 25.000000000000043
    vertex 3036.42930860567 110.25718905365493 27.999999999999993
  endloop
endfacet
facet normal -0.9914448613737734 0.1305261922203324 0.0
  outer loop
    vertex 3036.42930860567 110.25718905365493 25.000000000000043
    vertex 3036.497456953092 110.77482714385995 27.999999999999993
    vertex 3036.497456953092 110.77482714385995 25.000000000000043
  endloop
endfacet
facet normal 0.7933533402914186 -0.6087614290084815 0.0
  outer loop
    vertex 3081.0832433907185 184.18904070623304 25.000000000000043
    vertex 3080.7654061455232 183.77482714385994 27.999999999999993
    vertex 3080.7654061455232 183.77482714385994 25.000000000000043
  endloop
endfacet
facet normal 0.7933533402914186 -0.6087614290084815 0.0
  outer loop
    vertex 3080.7654061455232 183.77482714385994 27.999999999999993
    vertex 3081.0832433907185 184.18904070623304 25.000000000000043
    vertex 3081.0832433907185 184.18904070623304 27.999999999999993
  endloop
endfacet
facet normal -0.9914448613737734 -0.1305261922203324 -0.0
  outer loop
    vertex 3036.42930860567 111.29246523406498 27.999999999999993
    vertex 3036.497456953092 110.77482714385995 25.000000000000043
    vertex 3036.497456953092 110.77482714385995 27.999999999999993
  endloop
endfacet
facet normal -0.9914448613737734 -0.1305261922203324 -0.0
  outer loop
    vertex 3036.497456953092 110.77482714385995 25.000000000000043
    vertex 3036.42930860567 111.29246523406498 27.999999999999993
    vertex 3036.42930860567 111.29246523406498 25.000000000000043
  endloop
endfacet
facet normal 0.608761429008407 0.793353340291476 0.0
  outer loop
    vertex 3033.083243390719 109.36061358148693 27.999999999999993
    vertex 3033.4974569530923 109.04277633629115 25.000000000000043
    vertex 3033.083243390719 109.36061358148693 25.000000000000043
  endloop
endfacet
facet normal 0.608761429008407 0.793353340291476 0.0
  outer loop
    vertex 3033.4974569530923 109.04277633629115 25.000000000000043
    vertex 3033.083243390719 109.36061358148693 27.999999999999993
    vertex 3033.4974569530923 109.04277633629115 27.999999999999993
  endloop
endfacet
facet normal 0.382683432365254 0.9238795325112189 0.0
  outer loop
    vertex 3033.4974569530923 109.04277633629115 27.999999999999993
    vertex 3033.979818862887 108.8429754912819 25.000000000000043
    vertex 3033.4974569530923 109.04277633629115 25.000000000000043
  endloop
endfacet
facet normal 0.382683432365254 0.9238795325112189 0.0
  outer loop
    vertex 3033.979818862887 108.8429754912819 25.000000000000043
    vertex 3033.4974569530923 109.04277633629115 27.999999999999993
    vertex 3033.979818862887 108.8429754912819 27.999999999999993
  endloop
endfacet
facet normal 0.9914448613737734 -0.1305261922203324 0.0
  outer loop
    vertex 3032.565605300514 111.29246523406498 25.000000000000043
    vertex 3032.497456953092 110.77482714385995 27.999999999999993
    vertex 3032.497456953092 110.77482714385995 25.000000000000043
  endloop
endfacet
facet normal 0.9914448613737734 -0.1305261922203324 0.0
  outer loop
    vertex 3032.497456953092 110.77482714385995 27.999999999999993
    vertex 3032.565605300514 111.29246523406498 25.000000000000043
    vertex 3032.565605300514 111.29246523406498 27.999999999999993
  endloop
endfacet
facet normal 0.9914448613737734 0.1305261922203324 0.0
  outer loop
    vertex 3032.497456953092 110.77482714385995 25.000000000000043
    vertex 3032.565605300514 110.25718905365493 27.999999999999993
    vertex 3032.565605300514 110.25718905365493 25.000000000000043
  endloop
endfacet
facet normal 0.9914448613737734 0.1305261922203324 0.0
  outer loop
    vertex 3032.565605300514 110.25718905365493 27.999999999999993
    vertex 3032.497456953092 110.77482714385995 25.000000000000043
    vertex 3032.497456953092 110.77482714385995 27.999999999999993
  endloop
endfacet
facet normal 0.9238795325113737 0.3826834323648799 0.0
  outer loop
    vertex 3032.565605300514 110.25718905365493 25.000000000000043
    vertex 3032.7654061455232 109.77482714386 27.999999999999993
    vertex 3032.7654061455232 109.77482714386 25.000000000000043
  endloop
endfacet
facet normal 0.9238795325113737 0.3826834323648799 0.0
  outer loop
    vertex 3032.7654061455232 109.77482714386 27.999999999999993
    vertex 3032.565605300514 110.25718905365493 25.000000000000043
    vertex 3032.565605300514 110.25718905365493 27.999999999999993
  endloop
endfacet
facet normal 0.7933533402914026 0.6087614290085024 0.0
  outer loop
    vertex 3032.7654061455232 109.77482714386 25.000000000000043
    vertex 3033.083243390719 109.36061358148693 27.999999999999993
    vertex 3033.083243390719 109.36061358148693 25.000000000000043
  endloop
endfacet
facet normal 0.7933533402914026 0.6087614290085024 0.0
  outer loop
    vertex 3033.083243390719 109.36061358148693 27.999999999999993
    vertex 3032.7654061455232 109.77482714386 25.000000000000043
    vertex 3032.7654061455232 109.77482714386 27.999999999999993
  endloop
endfacet
facet normal -0.3826834323650465 -0.9238795325113048 -0.0
  outer loop
    vertex 3083.497456953092 184.5068779514288 27.999999999999993
    vertex 3083.0150950432967 184.70667879643807 25.000000000000043
    vertex 3083.497456953092 184.5068779514288 25.000000000000043
  endloop
endfacet
facet normal -0.3826834323650465 -0.9238795325113048 -0.0
  outer loop
    vertex 3083.0150950432967 184.70667879643807 25.000000000000043
    vertex 3083.497456953092 184.5068779514288 27.999999999999993
    vertex 3083.0150950432967 184.70667879643807 27.999999999999993
  endloop
endfacet
facet normal -0.6087614290087409 -0.7933533402912196 -0.0
  outer loop
    vertex 3083.911670515465 184.18904070623304 27.999999999999993
    vertex 3083.497456953092 184.5068779514288 25.000000000000043
    vertex 3083.911670515465 184.18904070623304 25.000000000000043
  endloop
endfacet
facet normal -0.6087614290087409 -0.7933533402912196 -0.0
  outer loop
    vertex 3083.497456953092 184.5068779514288 25.000000000000043
    vertex 3083.911670515465 184.18904070623304 27.999999999999993
    vertex 3083.497456953092 184.5068779514288 27.999999999999993
  endloop
endfacet
facet normal -0.13052619222002393 -0.9914448613738142 -0.0
  outer loop
    vertex 3083.0150950432967 184.70667879643807 27.999999999999993
    vertex 3082.497456953092 184.77482714385994 25.000000000000043
    vertex 3083.0150950432967 184.70667879643807 25.000000000000043
  endloop
endfacet
facet normal -0.13052619222002393 -0.9914448613738142 -0.0
  outer loop
    vertex 3082.497456953092 184.77482714385994 25.000000000000043
    vertex 3083.0150950432967 184.70667879643807 27.999999999999993
    vertex 3082.497456953092 184.77482714385994 27.999999999999993
  endloop
endfacet
facet normal -4.511946372076939e-15 1.0 -2.2559731860382713e-14
  outer loop
    vertex 3030.4974569530964 215.77493921314377 27.00000000000003
    vertex 3035.4974569530964 215.7749392131438 27.99999999999996
    vertex 3035.4974569530964 215.77493921314377 27.000000000000007
  endloop
endfacet
facet normal -4.511946372076939e-15 1.0 -2.2559731860382713e-14
  outer loop
    vertex 3035.4974569530964 215.7749392131438 27.99999999999996
    vertex 3030.4974569530964 215.77493921314377 27.00000000000003
    vertex 3030.4974569530964 215.77493921314377 28.00000000000005
  endloop
endfacet
facet normal 0.38268343236500957 -0.9238795325113202 0.0
  outer loop
    vertex 3081.979818862887 112.70667879643798 27.999999999999993
    vertex 3081.497456953092 112.50687795142873 25.000000000000043
    vertex 3081.979818862887 112.70667879643798 25.000000000000043
  endloop
endfacet
facet normal 0.38268343236500957 -0.9238795325113202 0.0
  outer loop
    vertex 3081.497456953092 112.50687795142873 25.000000000000043
    vertex 3081.979818862887 112.70667879643798 27.999999999999993
    vertex 3081.497456953092 112.50687795142873 27.999999999999993
  endloop
endfacet
facet normal 0.6087614290087409 -0.7933533402912196 0.0
  outer loop
    vertex 3081.497456953092 112.50687795142873 27.999999999999993
    vertex 3081.0832433907185 112.18904070623296 25.000000000000043
    vertex 3081.497456953092 112.50687795142873 25.000000000000043
  endloop
endfacet
facet normal 0.6087614290087409 -0.7933533402912196 0.0
  outer loop
    vertex 3081.0832433907185 112.18904070623296 25.000000000000043
    vertex 3081.497456953092 112.50687795142873 27.999999999999993
    vertex 3081.0832433907185 112.18904070623296 27.999999999999993
  endloop
endfacet
facet normal 0.13052619222002393 -0.9914448613738142 0.0
  outer loop
    vertex 3082.497456953092 112.77482714385984 27.999999999999993
    vertex 3081.979818862887 112.70667879643798 25.000000000000043
    vertex 3082.497456953092 112.77482714385984 25.000000000000043
  endloop
endfacet
facet normal 0.13052619222002393 -0.9914448613738142 0.0
  outer loop
    vertex 3081.979818862887 112.70667879643798 25.000000000000043
    vertex 3082.497456953092 112.77482714385984 27.999999999999993
    vertex 3081.979818862887 112.70667879643798 27.999999999999993
  endloop
endfacet
facet normal 0.7933533402914026 -0.6087614290085024 0.0
  outer loop
    vertex 3081.0832433907185 112.18904070623296 25.000000000000043
    vertex 3080.7654061455232 111.77482714385988 27.999999999999993
    vertex 3080.7654061455232 111.77482714385988 25.000000000000043
  endloop
endfacet
facet normal 0.7933533402914026 -0.6087614290085024 0.0
  outer loop
    vertex 3080.7654061455232 111.77482714385988 27.999999999999993
    vertex 3081.0832433907185 112.18904070623296 25.000000000000043
    vertex 3081.0832433907185 112.18904070623296 27.999999999999993
  endloop
endfacet
facet normal -0.13052619222002393 -0.9914448613738142 -0.0
  outer loop
    vertex 3083.0150950432967 112.70667879643798 27.999999999999993
    vertex 3082.497456953092 112.77482714385984 25.000000000000043
    vertex 3083.0150950432967 112.70667879643798 25.000000000000043
  endloop
endfacet
facet normal -0.13052619222002393 -0.9914448613738142 -0.0
  outer loop
    vertex 3082.497456953092 112.77482714385984 25.000000000000043
    vertex 3083.0150950432967 112.70667879643798 27.999999999999993
    vertex 3082.497456953092 112.77482714385984 27.999999999999993
  endloop
endfacet
facet normal 0.0 -1.0 0.0
  outer loop
    vertex 3035.4974569530964 77.77493921314401 27.999999999999915
    vertex 3030.4974569530964 77.77493921314401 26.999999999999957
    vertex 3035.4974569530964 77.77493921314401 26.99999999999995
  endloop
endfacet
facet normal 0.0 -1.0 0.0
  outer loop
    vertex 3030.4974569530964 77.77493921314401 26.999999999999957
    vertex 3035.4974569530964 77.77493921314401 27.999999999999915
    vertex 3030.4974569530964 77.77493921314401 27.999999999999975
  endloop
endfacet
facet normal 0.0 1.0 0.0
  outer loop
    vertex 3081.4974569530873 215.77493921314377 27.999999999999915
    vertex 3086.4974569530873 215.77493921314377 26.999999999999957
    vertex 3081.4974569530873 215.77493921314377 26.999999999999957
  endloop
endfacet
facet normal 0.0 1.0 0.0
  outer loop
    vertex 3086.4974569530873 215.77493921314377 26.999999999999957
    vertex 3081.4974569530873 215.77493921314377 27.999999999999915
    vertex 3086.4974569530873 215.77493921314377 27.999999999999975
  endloop
endfacet
facet normal 0.0 -1.0 0.0
  outer loop
    vertex 3086.4974569530873 77.77493921314401 27.99999999999997
    vertex 3081.4974569530873 77.77493921314401 26.99999999999995
    vertex 3086.4974569530873 77.77493921314401 26.99999999999995
  endloop
endfacet
facet normal 0.0 -1.0 0.0
  outer loop
    vertex 3081.4974569530873 77.77493921314401 26.99999999999995
    vertex 3086.4974569530873 77.77493921314401 27.99999999999997
    vertex 3081.4974569530873 77.77493921314401 27.999999999999908
  endloop
endfacet
facet normal 0.9914448613737734 0.1305261922203324 0.0
  outer loop
    vertex 3080.497456953092 110.77482714385994 25.000000000000043
    vertex 3080.565605300514 110.25718905365491 27.999999999999993
    vertex 3080.565605300514 110.25718905365491 25.000000000000043
  endloop
endfacet
facet normal 0.9914448613737734 0.1305261922203324 0.0
  outer loop
    vertex 3080.565605300514 110.25718905365491 27.999999999999993
    vertex 3080.497456953092 110.77482714385994 25.000000000000043
    vertex 3080.497456953092 110.77482714385994 27.999999999999993
  endloop
endfacet
facet normal 0.9238795325113737 0.3826834323648799 0.0
  outer loop
    vertex 3080.565605300514 110.25718905365491 25.000000000000043
    vertex 3080.7654061455232 109.77482714385998 27.999999999999993
    vertex 3080.7654061455232 109.77482714385998 25.000000000000043
  endloop
endfacet
facet normal 0.9238795325113737 0.3826834323648799 0.0
  outer loop
    vertex 3080.7654061455232 109.77482714385998 27.999999999999993
    vertex 3080.565605300514 110.25718905365491 25.000000000000043
    vertex 3080.565605300514 110.25718905365491 27.999999999999993
  endloop
endfacet
facet normal 0.9914448613737734 -0.1305261922203324 0.0
  outer loop
    vertex 3080.565605300514 111.29246523406495 25.000000000000043
    vertex 3080.497456953092 110.77482714385994 27.999999999999993
    vertex 3080.497456953092 110.77482714385994 25.000000000000043
  endloop
endfacet
facet normal 0.9914448613737734 -0.1305261922203324 0.0
  outer loop
    vertex 3080.497456953092 110.77482714385994 27.999999999999993
    vertex 3080.565605300514 111.29246523406495 25.000000000000043
    vertex 3080.565605300514 111.29246523406495 27.999999999999993
  endloop
endfacet
facet normal 0.9238795325113737 -0.3826834323648799 0.0
  outer loop
    vertex 3080.7654061455232 111.77482714385988 25.000000000000043
    vertex 3080.565605300514 111.29246523406495 27.999999999999993
    vertex 3080.565605300514 111.29246523406495 25.000000000000043
  endloop
endfacet
facet normal 0.9238795325113737 -0.3826834323648799 0.0
  outer loop
    vertex 3080.565605300514 111.29246523406495 27.999999999999993
    vertex 3080.7654061455232 111.77482714385988 25.000000000000043
    vertex 3080.7654061455232 111.77482714385988 27.999999999999993
  endloop
endfacet
endsolid ISOBOT JUNIOR
