solid ISOBOT JUNIOR
facet normal -0.0 -1.0 -0.0
  outer loop
    vertex 3094.4974569529954 -172.88919316103875 27.99999999999996
    vertex 3089.4974569529954 -172.88919316103875 26.99999999999996
    vertex 3094.4974569529954 -172.88919316103875 26.99999999999996
  endloop
endfacet
facet normal -0.0 -1.0 -0.0
  outer loop
    vertex 3089.4974569529954 -172.88919316103875 26.99999999999996
    vertex 3094.4974569529954 -172.88919316103875 27.99999999999996
    vertex 3089.4974569529954 -172.88919316103875 27.99999999999996
  endloop
endfacet
facet normal 0.0 1.0 0.0
  outer loop
    vertex 3089.4974569529954 -34.889193161038904 27.99999999999997
    vertex 3094.4974569529954 -34.889193161038904 26.99999999999997
    vertex 3089.4974569529954 -34.889193161038904 26.99999999999997
  endloop
endfacet
facet normal 0.0 1.0 0.0
  outer loop
    vertex 3094.4974569529954 -34.889193161038904 26.99999999999997
    vertex 3089.4974569529954 -34.889193161038904 27.99999999999997
    vertex 3094.4974569529954 -34.889193161038904 27.99999999999997
  endloop
endfacet
facet normal -1.0 0.0 0.0
  outer loop
    vertex 3094.4974569529954 -172.88919316103875 27.99999999999996
    vertex 3094.4974569529954 -179.88919316103863 26.99999999999996
    vertex 3094.4974569529954 -179.88919316103863 27.99999999999996
  endloop
endfacet
facet normal -1.0 0.0 0.0
  outer loop
    vertex 3094.4974569529954 -179.88919316103863 26.99999999999996
    vertex 3094.4974569529954 -172.88919316103875 27.99999999999996
    vertex 3094.4974569529954 -172.88919316103875 26.99999999999996
  endloop
endfacet
facet normal 0.0 0.0 1.0
  outer loop
    vertex 3094.4974569529954 -34.889193161038904 26.99999999999997
    vertex 3089.4974569529954 -33.889193161038904 26.99999999999997
    vertex 3089.4974569529954 -34.889193161038904 26.99999999999997
  endloop
endfacet
facet normal 0.0 0.0 1.0
  outer loop
    vertex 3089.4974569529954 -33.889193161038904 26.99999999999997
    vertex 3094.4974569529954 -34.889193161038904 26.99999999999997
    vertex 3090.247456953018 -32.18823126671581 26.99999999999997
  endloop
endfacet
facet normal 0.0 0.0 1.0
  outer loop
    vertex 3089.4974569529954 -33.889193161038904 26.99999999999997
    vertex 3090.247456953018 -32.18823126671581 26.99999999999997
    vertex 3089.936796781239 -31.94985333281903 26.99999999999997
  endloop
endfacet
facet normal 0.0 0.0 1.0
  outer loop
    vertex 3089.4974569529954 -33.889193161038904 26.99999999999997
    vertex 3089.936796781239 -31.94985333281903 26.99999999999997
    vertex 3089.6984188473416 -31.63919316103942 26.99999999999997
  endloop
endfacet
facet normal 0.0 0.0 1.0
  outer loop
    vertex 3089.4974569529954 -33.889193161038904 26.99999999999997
    vertex 3089.6984188473416 -31.63919316103942 26.99999999999997
    vertex 3089.548568213585 -31.277421728693117 26.99999999999997
  endloop
endfacet
facet normal 0.0 0.0 1.0
  outer loop
    vertex 3089.4974569529954 -33.889193161038904 26.99999999999997
    vertex 3089.548568213585 -31.277421728693117 26.99999999999997
    vertex 3089.4974569530186 -30.889193161039408 26.99999999999997
  endloop
endfacet
facet normal 0.0 0.0 1.0
  outer loop
    vertex 3090.247456953018 -32.18823126671581 26.99999999999997
    vertex 3094.4974569529954 -34.889193161038904 26.99999999999997
    vertex 3090.6092283853627 -32.33808190047256 26.99999999999997
  endloop
endfacet
facet normal 0.0 0.0 1.0
  outer loop
    vertex 3090.6092283853627 -32.33808190047256 26.99999999999997
    vertex 3094.4974569529954 -34.889193161038904 26.99999999999997
    vertex 3090.997456953017 -32.38919316103916 26.99999999999997
  endloop
endfacet
facet normal 0.0 0.0 1.0
  outer loop
    vertex 3090.997456953017 -32.38919316103916 26.99999999999997
    vertex 3094.4974569529954 -34.889193161038904 26.99999999999997
    vertex 3091.3856855206704 -32.33808190047256 26.99999999999997
  endloop
endfacet
facet normal 0.0 0.0 1.0
  outer loop
    vertex 3091.3856855206704 -32.33808190047256 26.99999999999997
    vertex 3094.4974569529954 -34.889193161038904 26.99999999999997
    vertex 3091.7474569530164 -32.18823126671581 26.99999999999997
  endloop
endfacet
facet normal 0.0 0.0 1.0
  outer loop
    vertex 3091.7474569530164 -32.18823126671581 26.99999999999997
    vertex 3094.4974569529954 -34.889193161038904 26.99999999999997
    vertex 3092.0581171247973 -31.94985333281903 26.99999999999997
  endloop
endfacet
facet normal 0.0 0.0 1.0
  outer loop
    vertex 3092.0581171247973 -31.94985333281903 26.99999999999997
    vertex 3094.4974569529954 -34.889193161038904 26.99999999999997
    vertex 3092.296495058693 -31.63919316103942 26.99999999999997
  endloop
endfacet
facet normal 0.0 0.0 1.0
  outer loop
    vertex 3092.296495058693 -31.63919316103942 26.99999999999997
    vertex 3094.4974569529954 -34.889193161038904 26.99999999999997
    vertex 3092.4463456924495 -31.277421728693117 26.99999999999997
  endloop
endfacet
facet normal 0.0 0.0 1.0
  outer loop
    vertex 3092.4463456924495 -31.277421728693117 26.99999999999997
    vertex 3094.4974569529954 -34.889193161038904 26.99999999999997
    vertex 3092.4974569530164 -30.889193161039408 26.99999999999997
  endloop
endfacet
facet normal 0.0 0.0 1.0
  outer loop
    vertex 3089.4974569529954 -33.889193161038904 26.99999999999997
    vertex 3088.497456952995 -27.8891931610409 26.99999999999997
    vertex 3088.497456952995 -33.889193161038904 26.99999999999997
  endloop
endfacet
facet normal 0.0 0.0 1.0
  outer loop
    vertex 3088.497456952995 -27.8891931610409 26.99999999999997
    vertex 3089.4974569529954 -33.889193161038904 26.99999999999997
    vertex 3089.4974569530186 -30.889193161039408 26.99999999999997
  endloop
endfacet
facet normal 0.0 0.0 1.0
  outer loop
    vertex 3088.497456952995 -27.8891931610409 26.99999999999997
    vertex 3089.4974569530186 -30.889193161039408 26.99999999999997
    vertex 3089.548568213585 -30.500964593385877 26.99999999999997
  endloop
endfacet
facet normal 0.0 0.0 1.0
  outer loop
    vertex 3088.497456952995 -27.8891931610409 26.99999999999997
    vertex 3089.548568213585 -30.500964593385877 26.99999999999997
    vertex 3089.6984188473416 -30.13919316103976 26.99999999999997
  endloop
endfacet
facet normal 0.0 0.0 1.0
  outer loop
    vertex 3088.497456952995 -27.8891931610409 26.99999999999997
    vertex 3089.6984188473416 -30.13919316103976 26.99999999999997
    vertex 3089.936796781239 -29.828532989259877 26.99999999999997
  endloop
endfacet
facet normal 0.0 0.0 1.0
  outer loop
    vertex 3088.497456952995 -27.8891931610409 26.99999999999997
    vertex 3089.936796781239 -29.828532989259877 26.99999999999997
    vertex 3090.247456953018 -29.590155055363006 26.99999999999997
  endloop
endfacet
facet normal 0.0 0.0 1.0
  outer loop
    vertex 3088.497456952995 -27.8891931610409 26.99999999999997
    vertex 3090.247456953018 -29.590155055363006 26.99999999999997
    vertex 3090.6092283853627 -29.440304421606076 26.99999999999997
  endloop
endfacet
facet normal 0.0 0.0 1.0
  outer loop
    vertex 3088.497456952995 -27.8891931610409 26.99999999999997
    vertex 3090.6092283853627 -29.440304421606076 26.99999999999997
    vertex 3094.4974569529954 -27.889193161038904 26.99999999999997
  endloop
endfacet
facet normal 0.0 0.0 1.0
  outer loop
    vertex 3094.4974569529954 -27.889193161038904 26.99999999999997
    vertex 3090.6092283853627 -29.440304421606076 26.99999999999997
    vertex 3090.997456953017 -29.389193161039838 26.99999999999997
  endloop
endfacet
facet normal 0.0 0.0 1.0
  outer loop
    vertex 3094.4974569529954 -27.889193161038904 26.99999999999997
    vertex 3090.997456953017 -29.389193161039838 26.99999999999997
    vertex 3091.3856855206704 -29.440304421606076 26.99999999999997
  endloop
endfacet
facet normal 0.0 0.0 1.0
  outer loop
    vertex 3094.4974569529954 -27.889193161038904 26.99999999999997
    vertex 3091.3856855206704 -29.440304421606076 26.99999999999997
    vertex 3091.7474569530164 -29.590155055363006 26.99999999999997
  endloop
endfacet
facet normal 0.0 0.0 1.0
  outer loop
    vertex 3094.4974569529954 -27.889193161038904 26.99999999999997
    vertex 3091.7474569530164 -29.590155055363006 26.99999999999997
    vertex 3092.0581171247973 -29.828532989259877 26.99999999999997
  endloop
endfacet
facet normal 0.0 0.0 1.0
  outer loop
    vertex 3094.4974569529954 -27.889193161038904 26.99999999999997
    vertex 3092.0581171247973 -29.828532989259877 26.99999999999997
    vertex 3092.296495058693 -30.13919316103976 26.99999999999997
  endloop
endfacet
facet normal 0.0 0.0 1.0
  outer loop
    vertex 3094.4974569529954 -27.889193161038904 26.99999999999997
    vertex 3092.296495058693 -30.13919316103976 26.99999999999997
    vertex 3092.4463456924495 -30.500964593385877 26.99999999999997
  endloop
endfacet
facet normal 0.0 0.0 1.0
  outer loop
    vertex 3094.4974569529954 -27.889193161038904 26.99999999999997
    vertex 3092.4463456924495 -30.500964593385877 26.99999999999997
    vertex 3092.4974569530164 -30.889193161039408 26.99999999999997
  endloop
endfacet
facet normal 0.0 0.0 1.0
  outer loop
    vertex 3094.4974569529954 -27.889193161038904 26.99999999999997
    vertex 3092.4974569530164 -30.889193161039408 26.99999999999997
    vertex 3094.4974569529954 -34.889193161038904 26.99999999999997
  endloop
endfacet
facet normal -1.0 -0.0 -9.422057822933101e-18
  outer loop
    vertex 3109.4974569530405 -115.88919316103876 27.99999999999996
    vertex 3109.4974569530405 -165.88919316103875 24.99999999999997
    vertex 3109.4974569530405 -165.88919316103875 27.99999999999996
  endloop
endfacet
facet normal -1.0 -0.0 -9.422057822933101e-18
  outer loop
    vertex 3109.4974569530405 -165.88919316103875 24.99999999999997
    vertex 3109.4974569530405 -115.88919316103876 27.99999999999996
    vertex 3109.4974569530405 -115.88919316103876 24.99999999999997
  endloop
endfacet
facet normal 0.0 1.0 6.591780938883983e-17
  outer loop
    vertex 3095.497456953041 -165.88919316103875 27.99999999999996
    vertex 3100.4974569530405 -165.88919316103875 24.99999999999997
    vertex 3095.497456953041 -165.88919316103875 24.99999999999997
  endloop
endfacet
facet normal 0.0 1.0 6.591780938883983e-17
  outer loop
    vertex 3100.4974569530405 -165.88919316103875 24.99999999999997
    vertex 3095.497456953041 -165.88919316103875 27.99999999999996
    vertex 3100.4974569530405 -165.88919316103875 27.99999999999996
  endloop
endfacet
facet normal -3.7177202615904975e-32 -1.0 -6.591780938883983e-17
  outer loop
    vertex 3100.4974569530405 -41.88919316103898 27.999999999999964
    vertex 3095.497456953041 -41.88919316103898 24.99999999999998
    vertex 3100.4974569530405 -41.88919316103898 24.999999999999975
  endloop
endfacet
facet normal -3.7177202615904975e-32 -1.0 -6.591780938883983e-17
  outer loop
    vertex 3095.497456953041 -41.88919316103898 24.99999999999998
    vertex 3100.4974569530405 -41.88919316103898 27.999999999999964
    vertex 3095.497456953041 -41.88919316103898 27.99999999999997
  endloop
endfacet
facet normal 1.0 -0.0 9.422057822933101e-18
  outer loop
    vertex 3095.497456953041 -115.88919316103876 24.99999999999997
    vertex 3095.497456953041 -165.88919316103875 27.99999999999996
    vertex 3095.497456953041 -165.88919316103875 24.99999999999997
  endloop
endfacet
facet normal 1.0 -0.0 9.422057822933101e-18
  outer loop
    vertex 3095.497456953041 -165.88919316103875 27.99999999999996
    vertex 3095.497456953041 -115.88919316103876 24.99999999999997
    vertex 3095.497456953041 -115.88919316103876 27.99999999999996
  endloop
endfacet
facet normal 1.0 -0.0 9.422057822933101e-18
  outer loop
    vertex 3095.497456953041 -41.88919316103898 24.99999999999998
    vertex 3095.497456953041 -91.88919316103897 27.99999999999997
    vertex 3095.497456953041 -91.88919316103897 24.99999999999998
  endloop
endfacet
facet normal 1.0 -0.0 9.422057822933101e-18
  outer loop
    vertex 3095.497456953041 -91.88919316103897 27.99999999999997
    vertex 3095.497456953041 -41.88919316103898 24.99999999999998
    vertex 3095.497456953041 -41.88919316103898 27.99999999999997
  endloop
endfacet
facet normal 1.0 5.313977451459912e-34 9.422057822933101e-18
  outer loop
    vertex 3104.4974569530405 -115.88919316103876 24.999999999999975
    vertex 3104.4974569530405 -165.88919316103875 27.999999999999964
    vertex 3104.4974569530405 -165.88919316103875 24.999999999999975
  endloop
endfacet
facet normal 1.0 5.313977451459912e-34 9.422057822933101e-18
  outer loop
    vertex 3104.4974569530405 -165.88919316103875 27.999999999999964
    vertex 3104.4974569530405 -115.88919316103876 24.999999999999975
    vertex 3104.4974569530405 -115.88919316103876 27.999999999999964
  endloop
endfacet
facet normal -3.7177202615902293e-32 -1.0 -6.591780938883983e-17
  outer loop
    vertex 3109.4974569530405 -115.88919316103876 27.99999999999996
    vertex 3104.4974569530405 -115.88919316103876 24.999999999999975
    vertex 3109.4974569530405 -115.88919316103876 24.99999999999997
  endloop
endfacet
facet normal -3.7177202615902293e-32 -1.0 -6.591780938883983e-17
  outer loop
    vertex 3104.4974569530405 -115.88919316103876 24.999999999999975
    vertex 3109.4974569530405 -115.88919316103876 27.99999999999996
    vertex 3104.4974569530405 -115.88919316103876 27.999999999999964
  endloop
endfacet
facet normal 3.7177202615904975e-32 1.0 6.591780938883983e-17
  outer loop
    vertex 3095.497456953041 -91.88919316103897 24.99999999999998
    vertex 3100.4974569530405 -91.88919316103897 27.999999999999964
    vertex 3100.4974569530405 -91.88919316103897 24.999999999999975
  endloop
endfacet
facet normal 3.7177202615904975e-32 1.0 6.591780938883983e-17
  outer loop
    vertex 3100.4974569530405 -91.88919316103897 27.999999999999964
    vertex 3095.497456953041 -91.88919316103897 24.99999999999998
    vertex 3095.497456953041 -91.88919316103897 27.99999999999997
  endloop
endfacet
facet normal 0.0 -1.0 -6.591780938883983e-17
  outer loop
    vertex 3100.4974569530405 -115.88919316103876 27.99999999999996
    vertex 3095.497456953041 -115.88919316103876 24.99999999999997
    vertex 3100.4974569530405 -115.88919316103876 24.99999999999997
  endloop
endfacet
facet normal 0.0 -1.0 -6.591780938883983e-17
  outer loop
    vertex 3095.497456953041 -115.88919316103876 24.99999999999997
    vertex 3100.4974569530405 -115.88919316103876 27.99999999999996
    vertex 3095.497456953041 -115.88919316103876 27.99999999999996
  endloop
endfacet
facet normal -1.0 -0.0 -9.422057822933101e-18
  outer loop
    vertex 3100.4974569530405 -41.88919316103898 27.999999999999964
    vertex 3100.4974569530405 -91.88919316103897 24.999999999999975
    vertex 3100.4974569530405 -91.88919316103897 27.999999999999964
  endloop
endfacet
facet normal -1.0 -0.0 -9.422057822933101e-18
  outer loop
    vertex 3100.4974569530405 -91.88919316103897 24.999999999999975
    vertex 3100.4974569530405 -41.88919316103898 27.999999999999964
    vertex 3100.4974569530405 -41.88919316103898 24.999999999999975
  endloop
endfacet
facet normal 7.435440523180459e-32 1.0 6.591780938883983e-17
  outer loop
    vertex 3104.4974569530405 -165.88919316103875 24.999999999999975
    vertex 3109.4974569530405 -165.88919316103875 27.99999999999996
    vertex 3109.4974569530405 -165.88919316103875 24.99999999999997
  endloop
endfacet
facet normal 7.435440523180459e-32 1.0 6.591780938883983e-17
  outer loop
    vertex 3109.4974569530405 -165.88919316103875 27.99999999999996
    vertex 3104.4974569530405 -165.88919316103875 24.999999999999975
    vertex 3104.4974569530405 -165.88919316103875 27.999999999999964
  endloop
endfacet
facet normal -1.0 -0.0 -9.422057822933101e-18
  outer loop
    vertex 3100.4974569530405 -115.88919316103876 27.99999999999996
    vertex 3100.4974569530405 -165.88919316103875 24.99999999999997
    vertex 3100.4974569530405 -165.88919316103875 27.99999999999996
  endloop
endfacet
facet normal -1.0 -0.0 -9.422057822933101e-18
  outer loop
    vertex 3100.4974569530405 -165.88919316103875 24.99999999999997
    vertex 3100.4974569530405 -115.88919316103876 27.99999999999996
    vertex 3100.4974569530405 -115.88919316103876 24.99999999999997
  endloop
endfacet
facet normal -1.0 -0.0 -9.4220578229331e-18
  outer loop
    vertex 3092.497456953041 -137.88919316103875 27.99999999999996
    vertex 3092.497456953041 -147.88919316103878 24.99999999999997
    vertex 3092.497456953041 -147.88919316103878 27.99999999999996
  endloop
endfacet
facet normal -1.0 -0.0 -9.4220578229331e-18
  outer loop
    vertex 3092.497456953041 -147.88919316103878 24.99999999999997
    vertex 3092.497456953041 -137.88919316103875 27.99999999999996
    vertex 3092.497456953041 -137.88919316103875 24.99999999999997
  endloop
endfacet
facet normal 3.759955310064719e-15 -1.0 -6.59178093888398e-17
  outer loop
    vertex 3092.497456953041 -59.889193161038946 27.99999999999997
    vertex 3089.4974569530414 -59.88919316103896 24.99999999999998
    vertex 3092.497456953041 -59.889193161038946 24.99999999999998
  endloop
endfacet
facet normal 3.759955310064719e-15 -1.0 -6.59178093888398e-17
  outer loop
    vertex 3089.4974569530414 -59.88919316103896 24.99999999999998
    vertex 3092.497456953041 -59.889193161038946 27.99999999999997
    vertex 3089.4974569530414 -59.88919316103896 27.99999999999997
  endloop
endfacet
facet normal -1.0 -1.777012725002487e-12 0.0
  outer loop
    vertex 3089.4974569529954 -34.889193161038904 27.99999999999997
    vertex 3089.4974569530414 -59.88919316103896 24.99999999999998
    vertex 3089.4974569530414 -59.88919316103896 27.99999999999997
  endloop
endfacet
facet normal -1.0 -1.777012725002487e-12 0.0
  outer loop
    vertex 3089.4974569530414 -59.88919316103896 24.99999999999998
    vertex 3089.4974569529954 -34.889193161038904 27.99999999999997
    vertex 3089.4974569529954 -34.889193161038904 26.99999999999997
  endloop
endfacet
facet normal -1.0 -1.777012725002487e-12 0.0
  outer loop
    vertex 3089.4974569530414 -59.88919316103896 24.99999999999998
    vertex 3089.4974569529954 -34.889193161038904 26.99999999999997
    vertex 3089.4974569529954 -33.889193161038904 24.99999999999998
  endloop
endfacet
facet normal -1.0 -1.777012725002487e-12 0.0
  outer loop
    vertex 3089.4974569529954 -33.889193161038904 24.99999999999998
    vertex 3089.4974569529954 -34.889193161038904 26.99999999999997
    vertex 3089.4974569529954 -33.889193161038904 26.99999999999997
  endloop
endfacet
facet normal 0.0 1.0 6.591780938883984e-17
  outer loop
    vertex 3089.4974569530414 -147.88919316103878 27.99999999999996
    vertex 3092.497456953041 -147.88919316103878 24.99999999999997
    vertex 3089.4974569530414 -147.88919316103878 24.99999999999997
  endloop
endfacet
facet normal 0.0 1.0 6.591780938883984e-17
  outer loop
    vertex 3092.497456953041 -147.88919316103878 24.99999999999997
    vertex 3089.4974569530414 -147.88919316103878 27.99999999999996
    vertex 3092.497456953041 -147.88919316103878 27.99999999999996
  endloop
endfacet
facet normal -1.0 1.7770127250024937e-12 -9.422057822815965e-18
  outer loop
    vertex 3089.4974569530414 -147.88919316103878 27.99999999999996
    vertex 3089.4974569529954 -172.88919316103875 26.99999999999996
    vertex 3089.4974569529954 -172.88919316103875 27.99999999999996
  endloop
endfacet
facet normal -1.0 1.7770127250024937e-12 -9.422057822815965e-18
  outer loop
    vertex 3089.4974569529954 -172.88919316103875 26.99999999999996
    vertex 3089.4974569529954 -173.88919316103875 24.99999999999997
    vertex 3089.4974569529954 -173.88919316103875 26.99999999999996
  endloop
endfacet
facet normal -1.0 1.7770127250024937e-12 -9.422057822815965e-18
  outer loop
    vertex 3089.4974569529954 -173.88919316103875 24.99999999999997
    vertex 3089.4974569529954 -172.88919316103875 26.99999999999996
    vertex 3089.4974569530414 -147.88919316103878 24.99999999999997
  endloop
endfacet
facet normal -1.0 1.7770127250024937e-12 -9.422057822815965e-18
  outer loop
    vertex 3089.4974569530414 -147.88919316103878 24.99999999999997
    vertex 3089.4974569529954 -172.88919316103875 26.99999999999996
    vertex 3089.4974569530414 -147.88919316103878 27.99999999999996
  endloop
endfacet
facet normal 0.0 1.0 6.591780938883982e-17
  outer loop
    vertex 3088.497456952995 -173.88919316103875 26.99999999999996
    vertex 3089.4974569529954 -173.88919316103875 24.99999999999997
    vertex 3088.497456952995 -173.88919316103875 24.99999999999997
  endloop
endfacet
facet normal 0.0 1.0 6.591780938883982e-17
  outer loop
    vertex 3089.4974569529954 -173.88919316103875 24.99999999999997
    vertex 3088.497456952995 -173.88919316103875 26.99999999999996
    vertex 3089.4974569529954 -173.88919316103875 26.99999999999996
  endloop
endfacet
facet normal -3.759955310064719e-15 1.0 6.59178093888398e-17
  outer loop
    vertex 3089.4974569530414 -69.88919316103926 27.999999999999964
    vertex 3092.497456953041 -69.88919316103924 24.99999999999998
    vertex 3089.4974569530414 -69.88919316103926 24.999999999999975
  endloop
endfacet
facet normal -3.759955310064719e-15 1.0 6.59178093888398e-17
  outer loop
    vertex 3092.497456953041 -69.88919316103924 24.99999999999998
    vertex 3089.4974569530414 -69.88919316103926 27.999999999999964
    vertex 3092.497456953041 -69.88919316103924 27.99999999999997
  endloop
endfacet
facet normal -1.0 -0.0 -9.422057822933103e-18
  outer loop
    vertex 3092.497456953041 -59.889193161038946 27.99999999999997
    vertex 3092.497456953041 -69.88919316103924 24.99999999999998
    vertex 3092.497456953041 -69.88919316103924 27.99999999999997
  endloop
endfacet
facet normal -1.0 -0.0 -9.422057822933103e-18
  outer loop
    vertex 3092.497456953041 -69.88919316103924 24.99999999999998
    vertex 3092.497456953041 -59.889193161038946 27.99999999999997
    vertex 3092.497456953041 -59.889193161038946 24.99999999999998
  endloop
endfacet
facet normal -1.0 7.814672722735222e-34 -9.422057822933101e-18
  outer loop
    vertex 3089.4974569530414 -69.88919316103926 27.999999999999964
    vertex 3089.4974569530414 -137.88919316103875 24.99999999999997
    vertex 3089.4974569530414 -137.88919316103875 27.99999999999996
  endloop
endfacet
facet normal -1.0 7.814672722735222e-34 -9.422057822933101e-18
  outer loop
    vertex 3089.4974569530414 -137.88919316103875 24.99999999999997
    vertex 3089.4974569530414 -69.88919316103926 27.999999999999964
    vertex 3089.4974569530414 -69.88919316103926 24.999999999999975
  endloop
endfacet
facet normal 0.0 -1.0 -6.591780938883984e-17
  outer loop
    vertex 3092.497456953041 -137.88919316103875 27.99999999999996
    vertex 3089.4974569530414 -137.88919316103875 24.99999999999997
    vertex 3092.497456953041 -137.88919316103875 24.99999999999997
  endloop
endfacet
facet normal 0.0 -1.0 -6.591780938883984e-17
  outer loop
    vertex 3089.4974569530414 -137.88919316103875 24.99999999999997
    vertex 3092.497456953041 -137.88919316103875 27.99999999999996
    vertex 3089.4974569530414 -137.88919316103875 27.99999999999996
  endloop
endfacet
facet normal 0.38268343236622104 0.9238795325108182 6.450578034993162e-17
  outer loop
    vertex 3090.247456953018 -32.18823126671581 26.99999999999997
    vertex 3090.6092283853627 -32.33808190047256 24.99999999999998
    vertex 3090.247456953018 -32.18823126671581 24.99999999999998
  endloop
endfacet
facet normal 0.38268343236622104 0.9238795325108182 6.450578034993162e-17
  outer loop
    vertex 3090.6092283853627 -32.33808190047256 24.99999999999998
    vertex 3090.247456953018 -32.18823126671581 26.99999999999997
    vertex 3090.6092283853627 -32.33808190047256 26.99999999999997
  endloop
endfacet
facet normal 0.6087614290093362 0.793353340290763 5.803189964778325e-17
  outer loop
    vertex 3089.936796781239 -31.94985333281903 26.99999999999997
    vertex 3090.247456953018 -32.18823126671581 24.99999999999998
    vertex 3089.936796781239 -31.94985333281903 24.99999999999998
  endloop
endfacet
facet normal 0.6087614290093362 0.793353340290763 5.803189964778325e-17
  outer loop
    vertex 3090.247456953018 -32.18823126671581 24.99999999999998
    vertex 3089.936796781239 -31.94985333281903 26.99999999999997
    vertex 3090.247456953018 -32.18823126671581 26.99999999999997
  endloop
endfacet
facet normal 0.7071067811864965 -0.7071067811865986 -3.994852904048701e-17
  outer loop
    vertex 3115.49745695304 -174.88919316103878 27.99999999999996
    vertex 3110.4974569530395 -179.88919316103838 24.99999999999997
    vertex 3115.49745695304 -174.88919316103878 24.99999999999997
  endloop
endfacet
facet normal 0.7071067811864965 -0.7071067811865986 -3.994852904048701e-17
  outer loop
    vertex 3110.4974569530395 -179.88919316103838 24.99999999999997
    vertex 3115.49745695304 -174.88919316103878 27.99999999999996
    vertex 3110.4974569530395 -179.88919316103838 27.99999999999996
  endloop
endfacet
facet normal 0.7933533402904367 0.6087614290097612 4.7603240886976807e-17
  outer loop
    vertex 3089.6984188473416 -31.63919316103942 24.99999999999998
    vertex 3089.936796781239 -31.94985333281903 26.99999999999997
    vertex 3089.936796781239 -31.94985333281903 24.99999999999998
  endloop
endfacet
facet normal 0.7933533402904367 0.6087614290097612 4.7603240886976807e-17
  outer loop
    vertex 3089.936796781239 -31.94985333281903 26.99999999999997
    vertex 3089.6984188473416 -31.63919316103942 24.99999999999998
    vertex 3089.6984188473416 -31.63919316103942 26.99999999999997
  endloop
endfacet
facet normal 0.9238795325116562 0.38268343236419816 3.393049992759942e-17
  outer loop
    vertex 3089.548568213585 -31.277421728693117 24.99999999999998
    vertex 3089.6984188473416 -31.63919316103942 26.99999999999997
    vertex 3089.6984188473416 -31.63919316103942 24.99999999999998
  endloop
endfacet
facet normal 0.9238795325116562 0.38268343236419816 3.393049992759942e-17
  outer loop
    vertex 3089.6984188473416 -31.63919316103942 26.99999999999997
    vertex 3089.548568213585 -31.277421728693117 24.99999999999998
    vertex 3089.548568213585 -31.277421728693117 26.99999999999997
  endloop
endfacet
facet normal 1.0 -5.613356462809779e-34 9.422057822933101e-18
  outer loop
    vertex 3115.49745695304 -32.88919316103913 24.99999999999998
    vertex 3115.49745695304 -174.88919316103878 27.99999999999996
    vertex 3115.49745695304 -174.88919316103878 24.99999999999997
  endloop
endfacet
facet normal 1.0 -5.613356462809779e-34 9.422057822933101e-18
  outer loop
    vertex 3115.49745695304 -174.88919316103878 27.99999999999996
    vertex 3115.49745695304 -32.88919316103913 24.99999999999998
    vertex 3115.49745695304 -32.88919316103913 27.99999999999997
  endloop
endfacet
facet normal -1.0 -0.0 -9.422057822933103e-18
  outer loop
    vertex 3088.497456952995 -27.8891931610409 26.99999999999997
    vertex 3088.497456952995 -33.889193161038904 24.99999999999998
    vertex 3088.497456952995 -33.889193161038904 26.99999999999997
  endloop
endfacet
facet normal -1.0 -0.0 -9.422057822933103e-18
  outer loop
    vertex 3088.497456952995 -33.889193161038904 24.99999999999998
    vertex 3088.497456952995 -27.8891931610409 26.99999999999997
    vertex 3088.497456952995 -27.8891931610409 24.99999999999998
  endloop
endfacet
facet normal -1.0 -0.0 -9.422057822933103e-18
  outer loop
    vertex 3088.497456952995 -173.88919316103875 26.99999999999996
    vertex 3088.497456952995 -179.88919316103872 24.99999999999997
    vertex 3088.497456952995 -179.88919316103872 26.99999999999996
  endloop
endfacet
facet normal -1.0 -0.0 -9.422057822933103e-18
  outer loop
    vertex 3088.497456952995 -179.88919316103872 24.99999999999997
    vertex 3088.497456952995 -173.88919316103875 26.99999999999996
    vertex 3088.497456952995 -173.88919316103875 24.99999999999997
  endloop
endfacet
facet normal 0.707106781186522 0.7071067811865731 5.327333099914012e-17
  outer loop
    vertex 3110.4974569530395 -27.889193161039188 27.99999999999997
    vertex 3115.49745695304 -32.88919316103913 24.99999999999998
    vertex 3110.4974569530395 -27.889193161039188 24.99999999999998
  endloop
endfacet
facet normal 0.707106781186522 0.7071067811865731 5.327333099914012e-17
  outer loop
    vertex 3115.49745695304 -32.88919316103913 24.99999999999998
    vertex 3110.4974569530395 -27.889193161039188 27.99999999999997
    vertex 3115.49745695304 -32.88919316103913 27.99999999999997
  endloop
endfacet
facet normal -7.793361915389354e-14 1.0 6.591780938883909e-17
  outer loop
    vertex 3088.497456952995 -27.8891931610409 26.99999999999997
    vertex 3110.4974569530395 -27.889193161039188 24.99999999999998
    vertex 3088.497456952995 -27.8891931610409 24.99999999999998
  endloop
endfacet
facet normal -7.793361915389354e-14 1.0 6.591780938883909e-17
  outer loop
    vertex 3110.4974569530395 -27.889193161039188 24.99999999999998
    vertex 3088.497456952995 -27.8891931610409 26.99999999999997
    vertex 3094.4974569529954 -27.889193161038904 26.99999999999997
  endloop
endfacet
facet normal -7.793361915389354e-14 1.0 6.591780938883909e-17
  outer loop
    vertex 3110.4974569530395 -27.889193161039188 24.99999999999998
    vertex 3094.4974569529954 -27.889193161038904 26.99999999999997
    vertex 3110.4974569530395 -27.889193161039188 27.99999999999997
  endloop
endfacet
facet normal -7.793361915389354e-14 1.0 6.591780938883909e-17
  outer loop
    vertex 3110.4974569530395 -27.889193161039188 27.99999999999997
    vertex 3094.4974569529954 -27.889193161038904 26.99999999999997
    vertex 3094.4974569529954 -27.889193161038904 27.99999999999997
  endloop
endfacet
facet normal 0.0 -1.0 0.0
  outer loop
    vertex 3089.4974569529954 -33.889193161038904 26.99999999999997
    vertex 3088.497456952995 -33.889193161038904 24.99999999999998
    vertex 3089.4974569529954 -33.889193161038904 24.99999999999998
  endloop
endfacet
facet normal 0.0 -1.0 0.0
  outer loop
    vertex 3088.497456952995 -33.889193161038904 24.99999999999998
    vertex 3089.4974569529954 -33.889193161038904 26.99999999999997
    vertex 3088.497456952995 -33.889193161038904 26.99999999999997
  endloop
endfacet
facet normal 1.6407077716609165e-14 -1.0 -6.591780938883967e-17
  outer loop
    vertex 3110.4974569530395 -179.88919316103838 27.99999999999996
    vertex 3088.497456952995 -179.88919316103872 24.99999999999997
    vertex 3110.4974569530395 -179.88919316103838 24.99999999999997
  endloop
endfacet
facet normal 1.6407077716609165e-14 -1.0 -6.591780938883967e-17
  outer loop
    vertex 3088.497456952995 -179.88919316103872 24.99999999999997
    vertex 3110.4974569530395 -179.88919316103838 27.99999999999996
    vertex 3094.4974569529954 -179.88919316103863 26.99999999999996
  endloop
endfacet
facet normal 1.6407077716609165e-14 -1.0 -6.591780938883967e-17
  outer loop
    vertex 3094.4974569529954 -179.88919316103863 26.99999999999996
    vertex 3110.4974569530395 -179.88919316103838 27.99999999999996
    vertex 3094.4974569529954 -179.88919316103863 27.99999999999996
  endloop
endfacet
facet normal 1.6407077716609165e-14 -1.0 -6.591780938883967e-17
  outer loop
    vertex 3088.497456952995 -179.88919316103872 26.99999999999996
    vertex 3088.497456952995 -179.88919316103872 24.99999999999997
    vertex 3094.4974569529954 -179.88919316103863 26.99999999999996
  endloop
endfacet
facet normal -0.13052619222051795 0.9914448613737492 6.412404806107053e-17
  outer loop
    vertex 3090.997456953017 -32.38919316103916 26.99999999999997
    vertex 3091.3856855206704 -32.33808190047256 24.99999999999998
    vertex 3090.997456953017 -32.38919316103916 24.99999999999998
  endloop
endfacet
facet normal -0.13052619222051795 0.9914448613737492 6.412404806107053e-17
  outer loop
    vertex 3091.3856855206704 -32.33808190047256 24.99999999999998
    vertex 3090.997456953017 -32.38919316103916 26.99999999999997
    vertex 3091.3856855206704 -32.33808190047256 26.99999999999997
  endloop
endfacet
facet normal 0.13052619222051795 0.9914448613737492 6.658369872208854e-17
  outer loop
    vertex 3090.6092283853627 -32.33808190047256 26.99999999999997
    vertex 3090.997456953017 -32.38919316103916 24.99999999999998
    vertex 3090.6092283853627 -32.33808190047256 24.99999999999998
  endloop
endfacet
facet normal 0.13052619222051795 0.9914448613737492 6.658369872208854e-17
  outer loop
    vertex 3090.997456953017 -32.38919316103916 24.99999999999998
    vertex 3090.6092283853627 -32.33808190047256 26.99999999999997
    vertex 3090.997456953017 -32.38919316103916 26.99999999999997
  endloop
endfacet
facet normal 0.0 0.0 1.0
  outer loop
    vertex 3088.497456952995 -179.88919316103872 26.99999999999996
    vertex 3089.548568213585 -177.27742172869196 26.99999999999996
    vertex 3088.497456952995 -173.88919316103875 26.99999999999996
  endloop
endfacet
facet normal 0.0 0.0 1.0
  outer loop
    vertex 3089.548568213585 -177.27742172869196 26.99999999999996
    vertex 3088.497456952995 -179.88919316103872 26.99999999999996
    vertex 3089.6984188473416 -177.63919316103807 26.99999999999996
  endloop
endfacet
facet normal 0.0 0.0 1.0
  outer loop
    vertex 3089.6984188473416 -177.63919316103807 26.99999999999996
    vertex 3088.497456952995 -179.88919316103872 26.99999999999996
    vertex 3089.936796781239 -177.94985333281787 26.99999999999996
  endloop
endfacet
facet normal 0.0 0.0 1.0
  outer loop
    vertex 3089.936796781239 -177.94985333281787 26.99999999999996
    vertex 3088.497456952995 -179.88919316103872 26.99999999999996
    vertex 3090.247456953018 -178.18823126671464 26.99999999999996
  endloop
endfacet
facet normal 0.0 0.0 1.0
  outer loop
    vertex 3090.247456953018 -178.18823126671464 26.99999999999996
    vertex 3088.497456952995 -179.88919316103872 26.99999999999996
    vertex 3090.6092283853627 -178.33808190047154 26.99999999999996
  endloop
endfacet
facet normal 0.0 0.0 1.0
  outer loop
    vertex 3090.6092283853627 -178.33808190047154 26.99999999999996
    vertex 3088.497456952995 -179.88919316103872 26.99999999999996
    vertex 3094.4974569529954 -179.88919316103863 26.99999999999996
  endloop
endfacet
facet normal 0.0 0.0 1.0
  outer loop
    vertex 3088.497456952995 -173.88919316103875 26.99999999999996
    vertex 3089.548568213585 -177.27742172869196 26.99999999999996
    vertex 3089.4974569530186 -176.88919316103824 26.99999999999996
  endloop
endfacet
facet normal 0.0 0.0 1.0
  outer loop
    vertex 3088.497456952995 -173.88919316103875 26.99999999999996
    vertex 3089.4974569530186 -176.88919316103824 26.99999999999996
    vertex 3089.4974569529954 -173.88919316103875 26.99999999999996
  endloop
endfacet
facet normal 0.0 0.0 1.0
  outer loop
    vertex 3089.4974569529954 -173.88919316103875 26.99999999999996
    vertex 3089.4974569530186 -176.88919316103824 26.99999999999996
    vertex 3089.4974569529954 -172.88919316103875 26.99999999999996
  endloop
endfacet
facet normal 0.0 0.0 1.0
  outer loop
    vertex 3090.6092283853627 -178.33808190047154 26.99999999999996
    vertex 3094.4974569529954 -179.88919316103863 26.99999999999996
    vertex 3090.997456953017 -178.3891931610379 26.99999999999996
  endloop
endfacet
facet normal 0.0 0.0 1.0
  outer loop
    vertex 3090.997456953017 -178.3891931610379 26.99999999999996
    vertex 3094.4974569529954 -179.88919316103863 26.99999999999996
    vertex 3091.3856855206704 -178.33808190047154 26.99999999999996
  endloop
endfacet
facet normal 0.0 0.0 1.0
  outer loop
    vertex 3091.3856855206704 -178.33808190047154 26.99999999999996
    vertex 3094.4974569529954 -179.88919316103863 26.99999999999996
    vertex 3091.7474569530164 -178.18823126671464 26.99999999999996
  endloop
endfacet
facet normal 0.0 0.0 1.0
  outer loop
    vertex 3091.7474569530164 -178.18823126671464 26.99999999999996
    vertex 3094.4974569529954 -179.88919316103863 26.99999999999996
    vertex 3092.0581171247973 -177.94985333281787 26.99999999999996
  endloop
endfacet
facet normal 0.0 0.0 1.0
  outer loop
    vertex 3092.0581171247973 -177.94985333281787 26.99999999999996
    vertex 3094.4974569529954 -179.88919316103863 26.99999999999996
    vertex 3092.296495058693 -177.63919316103807 26.99999999999996
  endloop
endfacet
facet normal 0.0 0.0 1.0
  outer loop
    vertex 3092.296495058693 -177.63919316103807 26.99999999999996
    vertex 3094.4974569529954 -179.88919316103863 26.99999999999996
    vertex 3092.4463456924495 -177.27742172869196 26.99999999999996
  endloop
endfacet
facet normal 0.0 0.0 1.0
  outer loop
    vertex 3092.4463456924495 -177.27742172869196 26.99999999999996
    vertex 3094.4974569529954 -179.88919316103863 26.99999999999996
    vertex 3092.4974569530164 -176.88919316103824 26.99999999999996
  endloop
endfacet
facet normal 0.0 0.0 1.0
  outer loop
    vertex 3089.4974569529954 -172.88919316103875 26.99999999999996
    vertex 3090.247456953018 -175.59015505536192 26.99999999999996
    vertex 3094.4974569529954 -172.88919316103875 26.99999999999996
  endloop
endfacet
facet normal 0.0 0.0 1.0
  outer loop
    vertex 3090.247456953018 -175.59015505536192 26.99999999999996
    vertex 3089.4974569529954 -172.88919316103875 26.99999999999996
    vertex 3089.936796781239 -175.82853298925872 26.99999999999996
  endloop
endfacet
facet normal 0.0 0.0 1.0
  outer loop
    vertex 3089.936796781239 -175.82853298925872 26.99999999999996
    vertex 3089.4974569529954 -172.88919316103875 26.99999999999996
    vertex 3089.6984188473416 -176.1391931610384 26.99999999999996
  endloop
endfacet
facet normal 0.0 0.0 1.0
  outer loop
    vertex 3089.6984188473416 -176.1391931610384 26.99999999999996
    vertex 3089.4974569529954 -172.88919316103875 26.99999999999996
    vertex 3089.548568213585 -176.50096459338457 26.99999999999996
  endloop
endfacet
facet normal 0.0 0.0 1.0
  outer loop
    vertex 3089.548568213585 -176.50096459338457 26.99999999999996
    vertex 3089.4974569529954 -172.88919316103875 26.99999999999996
    vertex 3089.4974569530186 -176.88919316103824 26.99999999999996
  endloop
endfacet
facet normal 0.0 0.0 1.0
  outer loop
    vertex 3094.4974569529954 -172.88919316103875 26.99999999999996
    vertex 3090.247456953018 -175.59015505536192 26.99999999999996
    vertex 3090.6092283853627 -175.440304421605 26.99999999999996
  endloop
endfacet
facet normal 0.0 0.0 1.0
  outer loop
    vertex 3094.4974569529954 -172.88919316103875 26.99999999999996
    vertex 3090.6092283853627 -175.440304421605 26.99999999999996
    vertex 3090.997456953017 -175.38919316103858 26.99999999999996
  endloop
endfacet
facet normal 0.0 0.0 1.0
  outer loop
    vertex 3094.4974569529954 -172.88919316103875 26.99999999999996
    vertex 3090.997456953017 -175.38919316103858 26.99999999999996
    vertex 3091.3856855206704 -175.440304421605 26.99999999999996
  endloop
endfacet
facet normal 0.0 0.0 1.0
  outer loop
    vertex 3094.4974569529954 -172.88919316103875 26.99999999999996
    vertex 3091.3856855206704 -175.440304421605 26.99999999999996
    vertex 3091.7474569530164 -175.5901550553619 26.99999999999996
  endloop
endfacet
facet normal 0.0 0.0 1.0
  outer loop
    vertex 3094.4974569529954 -172.88919316103875 26.99999999999996
    vertex 3091.7474569530164 -175.5901550553619 26.99999999999996
    vertex 3092.0581171247973 -175.82853298925872 26.99999999999996
  endloop
endfacet
facet normal 0.0 0.0 1.0
  outer loop
    vertex 3094.4974569529954 -172.88919316103875 26.99999999999996
    vertex 3092.0581171247973 -175.82853298925872 26.99999999999996
    vertex 3092.296495058693 -176.1391931610384 26.99999999999996
  endloop
endfacet
facet normal 0.0 0.0 1.0
  outer loop
    vertex 3094.4974569529954 -172.88919316103875 26.99999999999996
    vertex 3092.296495058693 -176.1391931610384 26.99999999999996
    vertex 3092.4463456924495 -176.50096459338457 26.99999999999996
  endloop
endfacet
facet normal 0.0 0.0 1.0
  outer loop
    vertex 3094.4974569529954 -172.88919316103875 26.99999999999996
    vertex 3092.4463456924495 -176.50096459338457 26.99999999999996
    vertex 3092.4974569530164 -176.88919316103824 26.99999999999996
  endloop
endfacet
facet normal 0.0 0.0 1.0
  outer loop
    vertex 3094.4974569529954 -172.88919316103875 26.99999999999996
    vertex 3092.4974569530164 -176.88919316103824 26.99999999999996
    vertex 3094.4974569529954 -179.88919316103863 26.99999999999996
  endloop
endfacet
facet normal -1.0 0.0 0.0
  outer loop
    vertex 3094.4974569529954 -27.889193161038904 27.99999999999997
    vertex 3094.4974569529954 -34.889193161038904 26.99999999999997
    vertex 3094.4974569529954 -34.889193161038904 27.99999999999997
  endloop
endfacet
facet normal -1.0 0.0 0.0
  outer loop
    vertex 3094.4974569529954 -34.889193161038904 26.99999999999997
    vertex 3094.4974569529954 -27.889193161038904 27.99999999999997
    vertex 3094.4974569529954 -27.889193161038904 26.99999999999997
  endloop
endfacet
facet normal 0.9238795325116056 -0.3826834323643204 -1.6520807174109503e-17
  outer loop
    vertex 3089.6984188473416 -176.1391931610384 24.99999999999997
    vertex 3089.548568213585 -176.50096459338457 26.99999999999996
    vertex 3089.548568213585 -176.50096459338457 24.99999999999997
  endloop
endfacet
facet normal 0.9238795325116056 -0.3826834323643204 -1.6520807174109503e-17
  outer loop
    vertex 3089.548568213585 -176.50096459338457 26.99999999999996
    vertex 3089.6984188473416 -176.1391931610384 24.99999999999997
    vertex 3089.6984188473416 -176.1391931610384 26.99999999999996
  endloop
endfacet
facet normal -0.38268343236521246 0.9238795325112359 5.729444949470256e-17
  outer loop
    vertex 3091.3856855206704 -178.33808190047154 26.99999999999996
    vertex 3091.7474569530164 -178.18823126671464 24.99999999999997
    vertex 3091.3856855206704 -178.33808190047154 24.99999999999997
  endloop
endfacet
facet normal -0.38268343236521246 0.9238795325112359 5.729444949470256e-17
  outer loop
    vertex 3091.7474569530164 -178.18823126671464 24.99999999999997
    vertex 3091.3856855206704 -178.33808190047154 26.99999999999996
    vertex 3091.7474569530164 -178.18823126671464 26.99999999999996
  endloop
endfacet
facet normal -0.13052619221995165 0.9914448613738237 6.412404806108078e-17
  outer loop
    vertex 3090.997456953017 -178.3891931610379 26.99999999999996
    vertex 3091.3856855206704 -178.33808190047154 24.99999999999997
    vertex 3090.997456953017 -178.3891931610379 24.99999999999997
  endloop
endfacet
facet normal -0.13052619221995165 0.9914448613738237 6.412404806108078e-17
  outer loop
    vertex 3091.3856855206704 -178.33808190047154 24.99999999999997
    vertex 3090.997456953017 -178.3891931610379 26.99999999999996
    vertex 3091.3856855206704 -178.33808190047154 26.99999999999996
  endloop
endfacet
facet normal -0.6087614290076279 -0.7933533402920737 -5.803189964785355e-17
  outer loop
    vertex 3092.0581171247973 -175.82853298925872 26.99999999999996
    vertex 3091.7474569530164 -175.5901550553619 24.99999999999997
    vertex 3092.0581171247973 -175.82853298925872 24.99999999999997
  endloop
endfacet
facet normal -0.6087614290076279 -0.7933533402920737 -5.803189964785355e-17
  outer loop
    vertex 3091.7474569530164 -175.5901550553619 24.99999999999997
    vertex 3092.0581171247973 -175.82853298925872 26.99999999999996
    vertex 3091.7474569530164 -175.5901550553619 26.99999999999996
  endloop
endfacet
facet normal 0.9914448613737096 -0.13052619222081904 7.374501530499679e-19
  outer loop
    vertex 3089.548568213585 -176.50096459338457 24.99999999999997
    vertex 3089.4974569530186 -176.88919316103824 26.99999999999996
    vertex 3089.4974569530186 -176.88919316103824 24.99999999999997
  endloop
endfacet
facet normal 0.9914448613737096 -0.13052619222081904 7.374501530499679e-19
  outer loop
    vertex 3089.4974569530186 -176.88919316103824 26.99999999999996
    vertex 3089.548568213585 -176.50096459338457 24.99999999999997
    vertex 3089.548568213585 -176.50096459338457 26.99999999999996
  endloop
endfacet
facet normal 0.9914448613737115 0.1305261922208041 1.7945451471175037e-17
  outer loop
    vertex 3089.4974569530186 -176.88919316103824 24.99999999999997
    vertex 3089.548568213585 -177.27742172869196 26.99999999999996
    vertex 3089.548568213585 -177.27742172869196 24.99999999999997
  endloop
endfacet
facet normal 0.9914448613737115 0.1305261922208041 1.7945451471175037e-17
  outer loop
    vertex 3089.548568213585 -177.27742172869196 26.99999999999996
    vertex 3089.4974569530186 -176.88919316103824 24.99999999999997
    vertex 3089.4974569530186 -176.88919316103824 26.99999999999996
  endloop
endfacet
facet normal -0.7933533402922176 0.6087614290074405 3.265319879433982e-17
  outer loop
    vertex 3092.296495058693 -31.63919316103942 26.99999999999997
    vertex 3092.0581171247973 -31.94985333281903 24.99999999999998
    vertex 3092.0581171247973 -31.94985333281903 26.99999999999997
  endloop
endfacet
facet normal -0.7933533402922176 0.6087614290074405 3.265319879433982e-17
  outer loop
    vertex 3092.0581171247973 -31.94985333281903 24.99999999999998
    vertex 3092.296495058693 -31.63919316103942 26.99999999999997
    vertex 3092.296495058693 -31.63919316103942 24.99999999999998
  endloop
endfacet
facet normal 1.0 -5.313977451459912e-34 9.422057822933101e-18
  outer loop
    vertex 3104.4974569530405 -41.88919316103898 24.99999999999998
    vertex 3104.4974569530405 -91.88919316103897 27.999999999999964
    vertex 3104.4974569530405 -91.88919316103897 24.999999999999975
  endloop
endfacet
facet normal 1.0 -5.313977451459912e-34 9.422057822933101e-18
  outer loop
    vertex 3104.4974569530405 -91.88919316103897 27.999999999999964
    vertex 3104.4974569530405 -41.88919316103898 24.99999999999998
    vertex 3104.4974569530405 -41.88919316103898 27.99999999999997
  endloop
endfacet
facet normal 0.7933533402906074 0.6087614290095386 4.760324088696374e-17
  outer loop
    vertex 3089.6984188473416 -177.63919316103807 24.99999999999997
    vertex 3089.936796781239 -177.94985333281787 26.99999999999996
    vertex 3089.936796781239 -177.94985333281787 24.99999999999997
  endloop
endfacet
facet normal 0.7933533402906074 0.6087614290095386 4.760324088696374e-17
  outer loop
    vertex 3089.936796781239 -177.94985333281787 26.99999999999996
    vertex 3089.6984188473416 -177.63919316103807 24.99999999999997
    vertex 3089.6984188473416 -177.63919316103807 26.99999999999996
  endloop
endfacet
facet normal 0.1305261922200649 -0.9914448613738087 -6.412404806107872e-17
  outer loop
    vertex 3090.997456953017 -175.38919316103858 26.99999999999996
    vertex 3090.6092283853627 -175.440304421605 24.99999999999997
    vertex 3090.997456953017 -175.38919316103858 24.99999999999997
  endloop
endfacet
facet normal 0.1305261922200649 -0.9914448613738087 -6.412404806107872e-17
  outer loop
    vertex 3090.6092283853627 -175.440304421605 24.99999999999997
    vertex 3090.997456953017 -175.38919316103858 26.99999999999996
    vertex 3090.6092283853627 -175.440304421605 26.99999999999996
  endloop
endfacet
facet normal 0.0 -1.0 -6.591780938883983e-17
  outer loop
    vertex 3109.4974569530405 -41.88919316103898 27.99999999999997
    vertex 3104.4974569530405 -41.88919316103898 24.99999999999998
    vertex 3109.4974569530405 -41.88919316103898 24.99999999999998
  endloop
endfacet
facet normal 0.0 -1.0 -6.591780938883983e-17
  outer loop
    vertex 3104.4974569530405 -41.88919316103898 24.99999999999998
    vertex 3109.4974569530405 -41.88919316103898 27.99999999999997
    vertex 3104.4974569530405 -41.88919316103898 27.99999999999997
  endloop
endfacet
facet normal -0.9914448613737115 0.1305261922208041 -7.374501530509688e-19
  outer loop
    vertex 3092.4974569530164 -176.88919316103824 26.99999999999996
    vertex 3092.4463456924495 -177.27742172869196 24.99999999999997
    vertex 3092.4463456924495 -177.27742172869196 26.99999999999996
  endloop
endfacet
facet normal -0.9914448613737115 0.1305261922208041 -7.374501530509688e-19
  outer loop
    vertex 3092.4463456924495 -177.27742172869196 24.99999999999997
    vertex 3092.4974569530164 -176.88919316103824 26.99999999999996
    vertex 3092.4974569530164 -176.88919316103824 24.99999999999997
  endloop
endfacet
facet normal 0.6087614290093362 -0.793353340290763 -4.656032887878855e-17
  outer loop
    vertex 3090.247456953018 -175.59015505536192 26.99999999999996
    vertex 3089.936796781239 -175.82853298925872 24.99999999999997
    vertex 3090.247456953018 -175.59015505536192 24.99999999999997
  endloop
endfacet
facet normal 0.6087614290093362 -0.793353340290763 -4.656032887878855e-17
  outer loop
    vertex 3089.936796781239 -175.82853298925872 24.99999999999997
    vertex 3090.247456953018 -175.59015505536192 26.99999999999996
    vertex 3089.936796781239 -175.82853298925872 26.99999999999996
  endloop
endfacet
facet normal 0.7933533402905222 -0.6087614290096499 -3.265319879450143e-17
  outer loop
    vertex 3089.936796781239 -175.82853298925872 24.99999999999997
    vertex 3089.6984188473416 -176.1391931610384 26.99999999999996
    vertex 3089.6984188473416 -176.1391931610384 24.99999999999997
  endloop
endfacet
facet normal 0.7933533402905222 -0.6087614290096499 -3.265319879450143e-17
  outer loop
    vertex 3089.6984188473416 -176.1391931610384 26.99999999999996
    vertex 3089.936796781239 -175.82853298925872 24.99999999999997
    vertex 3089.936796781239 -175.82853298925872 26.99999999999996
  endloop
endfacet
facet normal -0.9238795325116056 -0.3826834323643204 -3.3930499927607e-17
  outer loop
    vertex 3092.296495058693 -176.1391931610384 26.99999999999996
    vertex 3092.4463456924495 -176.50096459338457 24.99999999999997
    vertex 3092.4463456924495 -176.50096459338457 26.99999999999996
  endloop
endfacet
facet normal -0.9238795325116056 -0.3826834323643204 -3.3930499927607e-17
  outer loop
    vertex 3092.4463456924495 -176.50096459338457 24.99999999999997
    vertex 3092.296495058693 -176.1391931610384 26.99999999999996
    vertex 3092.296495058693 -176.1391931610384 24.99999999999997
  endloop
endfacet
facet normal -0.7933533402923031 -0.6087614290073292 -4.7603240886834085e-17
  outer loop
    vertex 3092.0581171247973 -175.82853298925872 26.99999999999996
    vertex 3092.296495058693 -176.1391931610384 24.99999999999997
    vertex 3092.296495058693 -176.1391931610384 26.99999999999996
  endloop
endfacet
facet normal -0.7933533402923031 -0.6087614290073292 -4.7603240886834085e-17
  outer loop
    vertex 3092.296495058693 -176.1391931610384 24.99999999999997
    vertex 3092.0581171247973 -175.82853298925872 26.99999999999996
    vertex 3092.0581171247973 -175.82853298925872 24.99999999999997
  endloop
endfacet
facet normal -3.7177202615902293e-32 1.0 6.591780938883983e-17
  outer loop
    vertex 3104.4974569530405 -91.88919316103897 27.999999999999964
    vertex 3109.4974569530405 -91.88919316103897 24.99999999999998
    vertex 3104.4974569530405 -91.88919316103897 24.999999999999975
  endloop
endfacet
facet normal -3.7177202615902293e-32 1.0 6.591780938883983e-17
  outer loop
    vertex 3109.4974569530405 -91.88919316103897 24.99999999999998
    vertex 3104.4974569530405 -91.88919316103897 27.999999999999964
    vertex 3109.4974569530405 -91.88919316103897 27.99999999999997
  endloop
endfacet
facet normal -1.0 -0.0 -9.422057822933101e-18
  outer loop
    vertex 3109.4974569530405 -41.88919316103898 27.99999999999997
    vertex 3109.4974569530405 -91.88919316103897 24.99999999999998
    vertex 3109.4974569530405 -91.88919316103897 27.99999999999997
  endloop
endfacet
facet normal -1.0 -0.0 -9.422057822933101e-18
  outer loop
    vertex 3109.4974569530405 -91.88919316103897 24.99999999999998
    vertex 3109.4974569530405 -41.88919316103898 27.99999999999997
    vertex 3109.4974569530405 -41.88919316103898 24.99999999999998
  endloop
endfacet
facet normal -0.9238795325116562 0.38268343236419816 1.6520807174100967e-17
  outer loop
    vertex 3092.4463456924495 -31.277421728693117 26.99999999999997
    vertex 3092.296495058693 -31.63919316103942 24.99999999999998
    vertex 3092.296495058693 -31.63919316103942 26.99999999999997
  endloop
endfacet
facet normal -0.9238795325116562 0.38268343236419816 1.6520807174100967e-17
  outer loop
    vertex 3092.296495058693 -31.63919316103942 24.99999999999998
    vertex 3092.4463456924495 -31.277421728693117 26.99999999999997
    vertex 3092.4463456924495 -31.277421728693117 24.99999999999998
  endloop
endfacet
facet normal -0.38268343236521246 -0.9238795325112359 -6.450578034994964e-17
  outer loop
    vertex 3091.7474569530164 -175.5901550553619 26.99999999999996
    vertex 3091.3856855206704 -175.440304421605 24.99999999999997
    vertex 3091.7474569530164 -175.5901550553619 24.99999999999997
  endloop
endfacet
facet normal -0.38268343236521246 -0.9238795325112359 -6.450578034994964e-17
  outer loop
    vertex 3091.3856855206704 -175.440304421605 24.99999999999997
    vertex 3091.7474569530164 -175.5901550553619 26.99999999999996
    vertex 3091.3856855206704 -175.440304421605 26.99999999999996
  endloop
endfacet
facet normal -0.3826834323649175 0.9238795325113582 5.72944494947134e-17
  outer loop
    vertex 3091.3856855206704 -32.33808190047256 26.99999999999997
    vertex 3091.7474569530164 -32.18823126671581 24.99999999999998
    vertex 3091.3856855206704 -32.33808190047256 24.99999999999998
  endloop
endfacet
facet normal -0.3826834323649175 0.9238795325113582 5.72944494947134e-17
  outer loop
    vertex 3091.7474569530164 -32.18823126671581 24.99999999999998
    vertex 3091.3856855206704 -32.33808190047256 26.99999999999997
    vertex 3091.7474569530164 -32.18823126671581 26.99999999999997
  endloop
endfacet
facet normal 0.6087614290093362 0.793353340290763 5.803189964778325e-17
  outer loop
    vertex 3089.936796781239 -177.94985333281787 26.99999999999996
    vertex 3090.247456953018 -178.18823126671464 24.99999999999997
    vertex 3089.936796781239 -177.94985333281787 24.99999999999997
  endloop
endfacet
facet normal 0.6087614290093362 0.793353340290763 5.803189964778325e-17
  outer loop
    vertex 3090.247456953018 -178.18823126671464 24.99999999999997
    vertex 3089.936796781239 -177.94985333281787 26.99999999999996
    vertex 3090.247456953018 -178.18823126671464 26.99999999999996
  endloop
endfacet
facet normal -0.9238795325115887 0.38268343236436114 1.6520807174112344e-17
  outer loop
    vertex 3092.4463456924495 -177.27742172869196 26.99999999999996
    vertex 3092.296495058693 -177.63919316103807 24.99999999999997
    vertex 3092.296495058693 -177.63919316103807 26.99999999999996
  endloop
endfacet
facet normal -0.9238795325115887 0.38268343236436114 1.6520807174112344e-17
  outer loop
    vertex 3092.296495058693 -177.63919316103807 24.99999999999997
    vertex 3092.4463456924495 -177.27742172869196 26.99999999999996
    vertex 3092.4463456924495 -177.27742172869196 24.99999999999997
  endloop
endfacet
facet normal 0.13052619221995165 0.9914448613738237 6.658369872208812e-17
  outer loop
    vertex 3090.6092283853627 -178.33808190047154 26.99999999999996
    vertex 3090.997456953017 -178.3891931610379 24.99999999999997
    vertex 3090.6092283853627 -178.33808190047154 24.99999999999997
  endloop
endfacet
facet normal 0.13052619221995165 0.9914448613738237 6.658369872208812e-17
  outer loop
    vertex 3090.997456953017 -178.3891931610379 24.99999999999997
    vertex 3090.6092283853627 -178.33808190047154 26.99999999999996
    vertex 3090.997456953017 -178.3891931610379 26.99999999999996
  endloop
endfacet
facet normal 0.9238795325115887 0.38268343236436114 3.393049992760953e-17
  outer loop
    vertex 3089.548568213585 -177.27742172869196 24.99999999999997
    vertex 3089.6984188473416 -177.63919316103807 26.99999999999996
    vertex 3089.6984188473416 -177.63919316103807 24.99999999999997
  endloop
endfacet
facet normal 0.9238795325115887 0.38268343236436114 3.393049992760953e-17
  outer loop
    vertex 3089.6984188473416 -177.63919316103807 26.99999999999996
    vertex 3089.548568213585 -177.27742172869196 24.99999999999997
    vertex 3089.548568213585 -177.27742172869196 26.99999999999996
  endloop
endfacet
facet normal -0.1305261922200649 -0.9914448613738087 -6.658369872208819e-17
  outer loop
    vertex 3091.3856855206704 -175.440304421605 26.99999999999996
    vertex 3090.997456953017 -175.38919316103858 24.99999999999997
    vertex 3091.3856855206704 -175.440304421605 24.99999999999997
  endloop
endfacet
facet normal -0.1305261922200649 -0.9914448613738087 -6.658369872208819e-17
  outer loop
    vertex 3090.997456953017 -175.38919316103858 24.99999999999997
    vertex 3091.3856855206704 -175.440304421605 26.99999999999996
    vertex 3090.997456953017 -175.38919316103858 26.99999999999996
  endloop
endfacet
facet normal -0.6087614290075554 0.7933533402921293 4.656032887889539e-17
  outer loop
    vertex 3091.7474569530164 -178.18823126671464 26.99999999999996
    vertex 3092.0581171247973 -177.94985333281787 24.99999999999997
    vertex 3091.7474569530164 -178.18823126671464 24.99999999999997
  endloop
endfacet
facet normal -0.6087614290075554 0.7933533402921293 4.656032887889539e-17
  outer loop
    vertex 3092.0581171247973 -177.94985333281787 24.99999999999997
    vertex 3091.7474569530164 -178.18823126671464 26.99999999999996
    vertex 3092.0581171247973 -177.94985333281787 26.99999999999996
  endloop
endfacet
facet normal 0.38268343236661445 -0.9238795325106552 -5.729444949465107e-17
  outer loop
    vertex 3090.6092283853627 -175.440304421605 26.99999999999996
    vertex 3090.247456953018 -175.59015505536192 24.99999999999997
    vertex 3090.6092283853627 -175.440304421605 24.99999999999997
  endloop
endfacet
facet normal 0.38268343236661445 -0.9238795325106552 -5.729444949465107e-17
  outer loop
    vertex 3090.247456953018 -175.59015505536192 24.99999999999997
    vertex 3090.6092283853627 -175.440304421605 26.99999999999996
    vertex 3090.247456953018 -175.59015505536192 26.99999999999996
  endloop
endfacet
facet normal -0.7933533402923884 0.6087614290072179 3.265319879432354e-17
  outer loop
    vertex 3092.296495058693 -177.63919316103807 26.99999999999996
    vertex 3092.0581171247973 -177.94985333281787 24.99999999999997
    vertex 3092.0581171247973 -177.94985333281787 26.99999999999996
  endloop
endfacet
facet normal -0.7933533402923884 0.6087614290072179 3.265319879432354e-17
  outer loop
    vertex 3092.0581171247973 -177.94985333281787 24.99999999999997
    vertex 3092.296495058693 -177.63919316103807 26.99999999999996
    vertex 3092.296495058693 -177.63919316103807 24.99999999999997
  endloop
endfacet
facet normal -0.6087614290075554 0.7933533402921293 4.656032887889539e-17
  outer loop
    vertex 3091.7474569530164 -32.18823126671581 26.99999999999997
    vertex 3092.0581171247973 -31.94985333281903 24.99999999999998
    vertex 3091.7474569530164 -32.18823126671581 24.99999999999998
  endloop
endfacet
facet normal -0.6087614290075554 0.7933533402921293 4.656032887889539e-17
  outer loop
    vertex 3092.0581171247973 -31.94985333281903 24.99999999999998
    vertex 3091.7474569530164 -32.18823126671581 26.99999999999997
    vertex 3092.0581171247973 -31.94985333281903 26.99999999999997
  endloop
endfacet
facet normal -0.9914448613737096 -0.13052619222081904 -1.7945451471176004e-17
  outer loop
    vertex 3092.4463456924495 -176.50096459338457 26.99999999999996
    vertex 3092.4974569530164 -176.88919316103824 24.99999999999997
    vertex 3092.4974569530164 -176.88919316103824 26.99999999999996
  endloop
endfacet
facet normal -0.9914448613737096 -0.13052619222081904 -1.7945451471176004e-17
  outer loop
    vertex 3092.4974569530164 -176.88919316103824 24.99999999999997
    vertex 3092.4463456924495 -176.50096459338457 26.99999999999996
    vertex 3092.4463456924495 -176.50096459338457 24.99999999999997
  endloop
endfacet
facet normal 0.3826834323665161 0.923879532510696 6.450578034992634e-17
  outer loop
    vertex 3090.247456953018 -178.18823126671464 26.99999999999996
    vertex 3090.6092283853627 -178.33808190047154 24.99999999999997
    vertex 3090.247456953018 -178.18823126671464 24.99999999999997
  endloop
endfacet
facet normal 0.3826834323665161 0.923879532510696 6.450578034992634e-17
  outer loop
    vertex 3090.6092283853627 -178.33808190047154 24.99999999999997
    vertex 3090.247456953018 -178.18823126671464 26.99999999999996
    vertex 3090.6092283853627 -178.33808190047154 26.99999999999996
  endloop
endfacet
facet normal -0.7933533402924737 -0.6087614290071065 -4.760324088682101e-17
  outer loop
    vertex 3092.0581171247973 -29.828532989259877 26.99999999999997
    vertex 3092.296495058693 -30.13919316103976 24.99999999999998
    vertex 3092.296495058693 -30.13919316103976 26.99999999999997
  endloop
endfacet
facet normal -0.7933533402924737 -0.6087614290071065 -4.760324088682101e-17
  outer loop
    vertex 3092.296495058693 -30.13919316103976 24.99999999999998
    vertex 3092.0581171247973 -29.828532989259877 26.99999999999997
    vertex 3092.0581171247973 -29.828532989259877 24.99999999999998
  endloop
endfacet
facet normal -0.9914448613737037 -0.13052619222086376 -1.7945451471178892e-17
  outer loop
    vertex 3092.4463456924495 -30.500964593385877 26.99999999999997
    vertex 3092.4974569530164 -30.889193161039408 24.99999999999998
    vertex 3092.4974569530164 -30.889193161039408 26.99999999999997
  endloop
endfacet
facet normal -0.9914448613737037 -0.13052619222086376 -1.7945451471178892e-17
  outer loop
    vertex 3092.4974569530164 -30.889193161039408 24.99999999999998
    vertex 3092.4463456924495 -30.500964593385877 26.99999999999997
    vertex 3092.4463456924495 -30.500964593385877 24.99999999999998
  endloop
endfacet
facet normal 0.9914448613737037 -0.13052619222086376 7.37450153046963e-19
  outer loop
    vertex 3089.548568213585 -30.500964593385877 24.99999999999998
    vertex 3089.4974569530186 -30.889193161039408 26.99999999999997
    vertex 3089.4974569530186 -30.889193161039408 24.99999999999998
  endloop
endfacet
facet normal 0.9914448613737037 -0.13052619222086376 7.37450153046963e-19
  outer loop
    vertex 3089.4974569530186 -30.889193161039408 26.99999999999997
    vertex 3089.548568213585 -30.500964593385877 24.99999999999998
    vertex 3089.548568213585 -30.500964593385877 26.99999999999997
  endloop
endfacet
facet normal 0.793353340290693 -0.6087614290094273 -3.265319879448515e-17
  outer loop
    vertex 3089.936796781239 -29.828532989259877 24.99999999999998
    vertex 3089.6984188473416 -30.13919316103976 26.99999999999997
    vertex 3089.6984188473416 -30.13919316103976 24.99999999999998
  endloop
endfacet
facet normal 0.793353340290693 -0.6087614290094273 -3.265319879448515e-17
  outer loop
    vertex 3089.6984188473416 -30.13919316103976 26.99999999999997
    vertex 3089.936796781239 -29.828532989259877 24.99999999999998
    vertex 3089.936796781239 -29.828532989259877 26.99999999999997
  endloop
endfacet
facet normal 0.9238795325115887 -0.38268343236436114 -1.6520807174112344e-17
  outer loop
    vertex 3089.6984188473416 -30.13919316103976 24.99999999999998
    vertex 3089.548568213585 -30.500964593385877 26.99999999999997
    vertex 3089.548568213585 -30.500964593385877 24.99999999999998
  endloop
endfacet
facet normal 0.9238795325115887 -0.38268343236436114 -1.6520807174112344e-17
  outer loop
    vertex 3089.548568213585 -30.500964593385877 26.99999999999997
    vertex 3089.6984188473416 -30.13919316103976 24.99999999999998
    vertex 3089.6984188473416 -30.13919316103976 26.99999999999997
  endloop
endfacet
facet normal 0.38268343236661445 -0.9238795325106552 -5.729444949465107e-17
  outer loop
    vertex 3090.6092283853627 -29.440304421606076 26.99999999999997
    vertex 3090.247456953018 -29.590155055363006 24.99999999999998
    vertex 3090.6092283853627 -29.440304421606076 24.99999999999998
  endloop
endfacet
facet normal 0.38268343236661445 -0.9238795325106552 -5.729444949465107e-17
  outer loop
    vertex 3090.247456953018 -29.590155055363006 24.99999999999998
    vertex 3090.6092283853627 -29.440304421606076 26.99999999999997
    vertex 3090.247456953018 -29.590155055363006 26.99999999999997
  endloop
endfacet
facet normal -0.3826834323653109 -0.9238795325111953 -6.450578034994789e-17
  outer loop
    vertex 3091.7474569530164 -29.590155055363006 26.99999999999997
    vertex 3091.3856855206704 -29.440304421606076 24.99999999999998
    vertex 3091.7474569530164 -29.590155055363006 24.99999999999998
  endloop
endfacet
facet normal -0.3826834323653109 -0.9238795325111953 -6.450578034994789e-17
  outer loop
    vertex 3091.3856855206704 -29.440304421606076 24.99999999999998
    vertex 3091.7474569530164 -29.590155055363006 26.99999999999997
    vertex 3091.3856855206704 -29.440304421606076 26.99999999999997
  endloop
endfacet
facet normal -0.6087614290077005 -0.7933533402920181 -5.803189964785058e-17
  outer loop
    vertex 3092.0581171247973 -29.828532989259877 26.99999999999997
    vertex 3091.7474569530164 -29.590155055363006 24.99999999999998
    vertex 3092.0581171247973 -29.828532989259877 24.99999999999998
  endloop
endfacet
facet normal -0.6087614290077005 -0.7933533402920181 -5.803189964785058e-17
  outer loop
    vertex 3091.7474569530164 -29.590155055363006 24.99999999999998
    vertex 3092.0581171247973 -29.828532989259877 26.99999999999997
    vertex 3091.7474569530164 -29.590155055363006 26.99999999999997
  endloop
endfacet
facet normal 0.9914448613737115 0.1305261922208041 1.7945451471175037e-17
  outer loop
    vertex 3089.4974569530186 -30.889193161039408 24.99999999999998
    vertex 3089.548568213585 -31.277421728693117 26.99999999999997
    vertex 3089.548568213585 -31.277421728693117 24.99999999999998
  endloop
endfacet
facet normal 0.9914448613737115 0.1305261922208041 1.7945451471175037e-17
  outer loop
    vertex 3089.548568213585 -31.277421728693117 26.99999999999997
    vertex 3089.4974569530186 -30.889193161039408 24.99999999999998
    vertex 3089.4974569530186 -30.889193161039408 26.99999999999997
  endloop
endfacet
facet normal 0.6087614290094812 -0.7933533402906516 -4.656032887877984e-17
  outer loop
    vertex 3090.247456953018 -29.590155055363006 26.99999999999997
    vertex 3089.936796781239 -29.828532989259877 24.99999999999998
    vertex 3090.247456953018 -29.590155055363006 24.99999999999998
  endloop
endfacet
facet normal 0.6087614290094812 -0.7933533402906516 -4.656032887877984e-17
  outer loop
    vertex 3089.936796781239 -29.828532989259877 24.99999999999998
    vertex 3090.247456953018 -29.590155055363006 26.99999999999997
    vertex 3089.936796781239 -29.828532989259877 26.99999999999997
  endloop
endfacet
facet normal -0.9238795325115887 -0.38268343236436114 -3.393049992760953e-17
  outer loop
    vertex 3092.296495058693 -30.13919316103976 26.99999999999997
    vertex 3092.4463456924495 -30.500964593385877 24.99999999999998
    vertex 3092.4463456924495 -30.500964593385877 26.99999999999997
  endloop
endfacet
facet normal -0.9238795325115887 -0.38268343236436114 -3.393049992760953e-17
  outer loop
    vertex 3092.4463456924495 -30.500964593385877 24.99999999999998
    vertex 3092.296495058693 -30.13919316103976 26.99999999999997
    vertex 3092.296495058693 -30.13919316103976 24.99999999999998
  endloop
endfacet
facet normal 0.13052619221961187 -0.9914448613738684 -6.412404806108693e-17
  outer loop
    vertex 3090.997456953017 -29.389193161039838 26.99999999999997
    vertex 3090.6092283853627 -29.440304421606076 24.99999999999998
    vertex 3090.997456953017 -29.389193161039838 24.99999999999998
  endloop
endfacet
facet normal 0.13052619221961187 -0.9914448613738684 -6.412404806108693e-17
  outer loop
    vertex 3090.6092283853627 -29.440304421606076 24.99999999999998
    vertex 3090.997456953017 -29.389193161039838 26.99999999999997
    vertex 3090.6092283853627 -29.440304421606076 26.99999999999997
  endloop
endfacet
facet normal -0.9914448613737115 0.1305261922208041 -7.374501530509688e-19
  outer loop
    vertex 3092.4974569530164 -30.889193161039408 26.99999999999997
    vertex 3092.4463456924495 -31.277421728693117 24.99999999999998
    vertex 3092.4463456924495 -31.277421728693117 26.99999999999997
  endloop
endfacet
facet normal -0.9914448613737115 0.1305261922208041 -7.374501530509688e-19
  outer loop
    vertex 3092.4463456924495 -31.277421728693117 24.99999999999998
    vertex 3092.4974569530164 -30.889193161039408 26.99999999999997
    vertex 3092.4974569530164 -30.889193161039408 24.99999999999998
  endloop
endfacet
facet normal -0.13052619221961187 -0.9914448613738684 -6.658369872208786e-17
  outer loop
    vertex 3091.3856855206704 -29.440304421606076 26.99999999999997
    vertex 3090.997456953017 -29.389193161039838 24.99999999999998
    vertex 3091.3856855206704 -29.440304421606076 24.99999999999998
  endloop
endfacet
facet normal -0.13052619221961187 -0.9914448613738684 -6.658369872208786e-17
  outer loop
    vertex 3090.997456953017 -29.389193161039838 24.99999999999998
    vertex 3091.3856855206704 -29.440304421606076 26.99999999999997
    vertex 3090.997456953017 -29.389193161039838 26.99999999999997
  endloop
endfacet
facet normal -2.5363897881860686e-17 -8.69093639217269e-17 1.0
  outer loop
    vertex 3110.4974569530395 -179.88919316103838 27.99999999999996
    vertex 3094.4974569529954 -172.88919316103875 27.99999999999996
    vertex 3094.4974569529954 -179.88919316103863 27.99999999999996
  endloop
endfacet
facet normal -2.5363897881860686e-17 -8.69093639217269e-17 1.0
  outer loop
    vertex 3094.4974569529954 -172.88919316103875 27.99999999999996
    vertex 3110.4974569530395 -179.88919316103838 27.99999999999996
    vertex 3095.497456953041 -165.88919316103875 27.99999999999996
  endloop
endfacet
facet normal -2.5363897881860686e-17 -8.69093639217269e-17 1.0
  outer loop
    vertex 3094.4974569529954 -172.88919316103875 27.99999999999996
    vertex 3095.497456953041 -165.88919316103875 27.99999999999996
    vertex 3094.4974569529954 -34.889193161038904 27.99999999999997
  endloop
endfacet
facet normal -2.5363897881860686e-17 -8.69093639217269e-17 1.0
  outer loop
    vertex 3094.4974569529954 -34.889193161038904 27.99999999999997
    vertex 3095.497456953041 -165.88919316103875 27.99999999999996
    vertex 3094.4974569529954 -27.889193161038904 27.99999999999997
  endloop
endfacet
facet normal -2.5363897881860686e-17 -8.69093639217269e-17 1.0
  outer loop
    vertex 3095.497456953041 -165.88919316103875 27.99999999999996
    vertex 3110.4974569530395 -179.88919316103838 27.99999999999996
    vertex 3100.4974569530405 -165.88919316103875 27.99999999999996
  endloop
endfacet
facet normal -2.5363897881860686e-17 -8.69093639217269e-17 1.0
  outer loop
    vertex 3100.4974569530405 -165.88919316103875 27.99999999999996
    vertex 3110.4974569530395 -179.88919316103838 27.99999999999996
    vertex 3104.4974569530405 -165.88919316103875 27.999999999999964
  endloop
endfacet
facet normal -2.5363897881860686e-17 -8.69093639217269e-17 1.0
  outer loop
    vertex 3100.4974569530405 -165.88919316103875 27.99999999999996
    vertex 3104.4974569530405 -165.88919316103875 27.999999999999964
    vertex 3100.4974569530405 -115.88919316103876 27.99999999999996
  endloop
endfacet
facet normal -2.5363897881860686e-17 -8.69093639217269e-17 1.0
  outer loop
    vertex 3100.4974569530405 -115.88919316103876 27.99999999999996
    vertex 3104.4974569530405 -165.88919316103875 27.999999999999964
    vertex 3100.4974569530405 -91.88919316103897 27.999999999999964
  endloop
endfacet
facet normal -2.5363897881860686e-17 -8.69093639217269e-17 1.0
  outer loop
    vertex 3100.4974569530405 -91.88919316103897 27.999999999999964
    vertex 3104.4974569530405 -165.88919316103875 27.999999999999964
    vertex 3100.4974569530405 -41.88919316103898 27.999999999999964
  endloop
endfacet
facet normal -2.5363897881860686e-17 -8.69093639217269e-17 1.0
  outer loop
    vertex 3104.4974569530405 -165.88919316103875 27.999999999999964
    vertex 3110.4974569530395 -179.88919316103838 27.99999999999996
    vertex 3109.4974569530405 -165.88919316103875 27.99999999999996
  endloop
endfacet
facet normal -2.5363897881860686e-17 -8.69093639217269e-17 1.0
  outer loop
    vertex 3109.4974569530405 -165.88919316103875 27.99999999999996
    vertex 3110.4974569530395 -179.88919316103838 27.99999999999996
    vertex 3109.4974569530405 -115.88919316103876 27.99999999999996
  endloop
endfacet
facet normal -2.5363897881860686e-17 -8.69093639217269e-17 1.0
  outer loop
    vertex 3109.4974569530405 -115.88919316103876 27.99999999999996
    vertex 3110.4974569530395 -179.88919316103838 27.99999999999996
    vertex 3109.4974569530405 -91.88919316103897 27.99999999999997
  endloop
endfacet
facet normal -2.5363897881860686e-17 -8.69093639217269e-17 1.0
  outer loop
    vertex 3109.4974569530405 -91.88919316103897 27.99999999999997
    vertex 3110.4974569530395 -179.88919316103838 27.99999999999996
    vertex 3109.4974569530405 -41.88919316103898 27.99999999999997
  endloop
endfacet
facet normal -2.5363897881860686e-17 -8.69093639217269e-17 1.0
  outer loop
    vertex 3094.4974569529954 -27.889193161038904 27.99999999999997
    vertex 3095.497456953041 -41.88919316103898 27.99999999999997
    vertex 3110.4974569530395 -27.889193161039188 27.99999999999997
  endloop
endfacet
facet normal -2.5363897881860686e-17 -8.69093639217269e-17 1.0
  outer loop
    vertex 3095.497456953041 -41.88919316103898 27.99999999999997
    vertex 3094.4974569529954 -27.889193161038904 27.99999999999997
    vertex 3095.497456953041 -165.88919316103875 27.99999999999996
  endloop
endfacet
facet normal -2.5363897881860686e-17 -8.69093639217269e-17 1.0
  outer loop
    vertex 3095.497456953041 -41.88919316103898 27.99999999999997
    vertex 3095.497456953041 -165.88919316103875 27.99999999999996
    vertex 3095.497456953041 -115.88919316103876 27.99999999999996
  endloop
endfacet
facet normal -2.5363897881860686e-17 -8.69093639217269e-17 1.0
  outer loop
    vertex 3095.497456953041 -41.88919316103898 27.99999999999997
    vertex 3095.497456953041 -115.88919316103876 27.99999999999996
    vertex 3095.497456953041 -91.88919316103897 27.99999999999997
  endloop
endfacet
facet normal -2.5363897881860686e-17 -8.69093639217269e-17 1.0
  outer loop
    vertex 3110.4974569530395 -27.889193161039188 27.99999999999997
    vertex 3095.497456953041 -41.88919316103898 27.99999999999997
    vertex 3100.4974569530405 -41.88919316103898 27.999999999999964
  endloop
endfacet
facet normal -2.5363897881860686e-17 -8.69093639217269e-17 1.0
  outer loop
    vertex 3110.4974569530395 -27.889193161039188 27.99999999999997
    vertex 3100.4974569530405 -41.88919316103898 27.999999999999964
    vertex 3104.4974569530405 -41.88919316103898 27.99999999999997
  endloop
endfacet
facet normal -2.5363897881860686e-17 -8.69093639217269e-17 1.0
  outer loop
    vertex 3104.4974569530405 -41.88919316103898 27.99999999999997
    vertex 3100.4974569530405 -41.88919316103898 27.999999999999964
    vertex 3104.4974569530405 -165.88919316103875 27.999999999999964
  endloop
endfacet
facet normal -2.5363897881860686e-17 -8.69093639217269e-17 1.0
  outer loop
    vertex 3104.4974569530405 -41.88919316103898 27.99999999999997
    vertex 3104.4974569530405 -165.88919316103875 27.999999999999964
    vertex 3104.4974569530405 -115.88919316103876 27.999999999999964
  endloop
endfacet
facet normal -2.5363897881860686e-17 -8.69093639217269e-17 1.0
  outer loop
    vertex 3104.4974569530405 -41.88919316103898 27.99999999999997
    vertex 3104.4974569530405 -115.88919316103876 27.999999999999964
    vertex 3104.4974569530405 -91.88919316103897 27.999999999999964
  endloop
endfacet
facet normal -2.5363897881860686e-17 -8.69093639217269e-17 1.0
  outer loop
    vertex 3110.4974569530395 -27.889193161039188 27.99999999999997
    vertex 3104.4974569530405 -41.88919316103898 27.99999999999997
    vertex 3109.4974569530405 -41.88919316103898 27.99999999999997
  endloop
endfacet
facet normal -2.5363897881860686e-17 -8.69093639217269e-17 1.0
  outer loop
    vertex 3110.4974569530395 -27.889193161039188 27.99999999999997
    vertex 3109.4974569530405 -41.88919316103898 27.99999999999997
    vertex 3110.4974569530395 -179.88919316103838 27.99999999999996
  endloop
endfacet
facet normal -2.5363897881860686e-17 -8.69093639217269e-17 1.0
  outer loop
    vertex 3110.4974569530395 -27.889193161039188 27.99999999999997
    vertex 3110.4974569530395 -179.88919316103838 27.99999999999996
    vertex 3115.49745695304 -174.88919316103878 27.99999999999996
  endloop
endfacet
facet normal -2.5363897881860686e-17 -8.69093639217269e-17 1.0
  outer loop
    vertex 3110.4974569530395 -27.889193161039188 27.99999999999997
    vertex 3115.49745695304 -174.88919316103878 27.99999999999996
    vertex 3115.49745695304 -32.88919316103913 27.99999999999997
  endloop
endfacet
facet normal -2.5363897881860686e-17 -8.69093639217269e-17 1.0
  outer loop
    vertex 3109.4974569530405 -115.88919316103876 27.99999999999996
    vertex 3104.4974569530405 -91.88919316103897 27.999999999999964
    vertex 3104.4974569530405 -115.88919316103876 27.999999999999964
  endloop
endfacet
facet normal -2.5363897881860686e-17 -8.69093639217269e-17 1.0
  outer loop
    vertex 3104.4974569530405 -91.88919316103897 27.999999999999964
    vertex 3109.4974569530405 -115.88919316103876 27.99999999999996
    vertex 3109.4974569530405 -91.88919316103897 27.99999999999997
  endloop
endfacet
facet normal -2.5363897881860686e-17 -8.69093639217269e-17 1.0
  outer loop
    vertex 3100.4974569530405 -115.88919316103876 27.99999999999996
    vertex 3095.497456953041 -91.88919316103897 27.99999999999997
    vertex 3095.497456953041 -115.88919316103876 27.99999999999996
  endloop
endfacet
facet normal -2.5363897881860686e-17 -8.69093639217269e-17 1.0
  outer loop
    vertex 3095.497456953041 -91.88919316103897 27.99999999999997
    vertex 3100.4974569530405 -115.88919316103876 27.99999999999996
    vertex 3100.4974569530405 -91.88919316103897 27.999999999999964
  endloop
endfacet
facet normal -2.5363897881860686e-17 -8.69093639217269e-17 1.0
  outer loop
    vertex 3094.4974569529954 -172.88919316103875 27.99999999999996
    vertex 3089.4974569530414 -147.88919316103878 27.99999999999996
    vertex 3089.4974569529954 -172.88919316103875 27.99999999999996
  endloop
endfacet
facet normal -2.5363897881860686e-17 -8.69093639217269e-17 1.0
  outer loop
    vertex 3089.4974569530414 -147.88919316103878 27.99999999999996
    vertex 3094.4974569529954 -172.88919316103875 27.99999999999996
    vertex 3092.497456953041 -147.88919316103878 27.99999999999996
  endloop
endfacet
facet normal -2.5363897881860686e-17 -8.69093639217269e-17 1.0
  outer loop
    vertex 3092.497456953041 -147.88919316103878 27.99999999999996
    vertex 3094.4974569529954 -172.88919316103875 27.99999999999996
    vertex 3092.497456953041 -137.88919316103875 27.99999999999996
  endloop
endfacet
facet normal -2.5363897881860686e-17 -8.69093639217269e-17 1.0
  outer loop
    vertex 3092.497456953041 -137.88919316103875 27.99999999999996
    vertex 3094.4974569529954 -172.88919316103875 27.99999999999996
    vertex 3092.497456953041 -69.88919316103924 27.99999999999997
  endloop
endfacet
facet normal -2.5363897881860686e-17 -8.69093639217269e-17 1.0
  outer loop
    vertex 3092.497456953041 -69.88919316103924 27.99999999999997
    vertex 3094.4974569529954 -172.88919316103875 27.99999999999996
    vertex 3092.497456953041 -59.889193161038946 27.99999999999997
  endloop
endfacet
facet normal -2.5363897881860686e-17 -8.69093639217269e-17 1.0
  outer loop
    vertex 3089.4974569530414 -59.88919316103896 27.99999999999997
    vertex 3094.4974569529954 -34.889193161038904 27.99999999999997
    vertex 3089.4974569529954 -34.889193161038904 27.99999999999997
  endloop
endfacet
facet normal -2.5363897881860686e-17 -8.69093639217269e-17 1.0
  outer loop
    vertex 3094.4974569529954 -34.889193161038904 27.99999999999997
    vertex 3089.4974569530414 -59.88919316103896 27.99999999999997
    vertex 3092.497456953041 -59.889193161038946 27.99999999999997
  endloop
endfacet
facet normal -2.5363897881860686e-17 -8.69093639217269e-17 1.0
  outer loop
    vertex 3094.4974569529954 -34.889193161038904 27.99999999999997
    vertex 3092.497456953041 -59.889193161038946 27.99999999999997
    vertex 3094.4974569529954 -172.88919316103875 27.99999999999996
  endloop
endfacet
facet normal -2.5363897881860686e-17 -8.69093639217269e-17 1.0
  outer loop
    vertex 3092.497456953041 -137.88919316103875 27.99999999999996
    vertex 3089.4974569530414 -69.88919316103926 27.999999999999964
    vertex 3089.4974569530414 -137.88919316103875 27.99999999999996
  endloop
endfacet
facet normal -2.5363897881860686e-17 -8.69093639217269e-17 1.0
  outer loop
    vertex 3089.4974569530414 -69.88919316103926 27.999999999999964
    vertex 3092.497456953041 -137.88919316103875 27.99999999999996
    vertex 3092.497456953041 -69.88919316103924 27.99999999999997
  endloop
endfacet
facet normal 9.422057822933101e-18 6.591780938883983e-17 -1.0
  outer loop
    vertex 3089.4974569530414 -147.88919316103878 24.99999999999997
    vertex 3089.4974569530186 -176.88919316103824 24.99999999999997
    vertex 3089.4974569529954 -173.88919316103875 24.99999999999997
  endloop
endfacet
facet normal 9.422057822933101e-18 6.591780938883983e-17 -1.0
  outer loop
    vertex 3089.4974569530186 -176.88919316103824 24.99999999999997
    vertex 3089.4974569530414 -147.88919316103878 24.99999999999997
    vertex 3089.548568213585 -176.50096459338457 24.99999999999997
  endloop
endfacet
facet normal 9.422057822933101e-18 6.591780938883983e-17 -1.0
  outer loop
    vertex 3089.548568213585 -176.50096459338457 24.99999999999997
    vertex 3089.4974569530414 -147.88919316103878 24.99999999999997
    vertex 3092.497456953041 -147.88919316103878 24.99999999999997
  endloop
endfacet
facet normal 9.422057822933101e-18 6.591780938883983e-17 -1.0
  outer loop
    vertex 3089.548568213585 -176.50096459338457 24.99999999999997
    vertex 3092.497456953041 -147.88919316103878 24.99999999999997
    vertex 3089.6984188473416 -176.1391931610384 24.99999999999997
  endloop
endfacet
facet normal 9.422057822933101e-18 6.591780938883983e-17 -1.0
  outer loop
    vertex 3089.6984188473416 -176.1391931610384 24.99999999999997
    vertex 3092.497456953041 -147.88919316103878 24.99999999999997
    vertex 3089.936796781239 -175.82853298925872 24.99999999999997
  endloop
endfacet
facet normal 9.422057822933101e-18 6.591780938883983e-17 -1.0
  outer loop
    vertex 3089.936796781239 -175.82853298925872 24.99999999999997
    vertex 3092.497456953041 -147.88919316103878 24.99999999999997
    vertex 3090.247456953018 -175.59015505536192 24.99999999999997
  endloop
endfacet
facet normal 9.422057822933101e-18 6.591780938883983e-17 -1.0
  outer loop
    vertex 3090.247456953018 -175.59015505536192 24.99999999999997
    vertex 3092.497456953041 -147.88919316103878 24.99999999999997
    vertex 3090.6092283853627 -175.440304421605 24.99999999999997
  endloop
endfacet
facet normal 9.422057822933101e-18 6.591780938883983e-17 -1.0
  outer loop
    vertex 3090.6092283853627 -175.440304421605 24.99999999999997
    vertex 3092.497456953041 -147.88919316103878 24.99999999999997
    vertex 3090.997456953017 -175.38919316103858 24.99999999999997
  endloop
endfacet
facet normal 9.422057822933101e-18 6.591780938883983e-17 -1.0
  outer loop
    vertex 3090.997456953017 -175.38919316103858 24.99999999999997
    vertex 3092.497456953041 -147.88919316103878 24.99999999999997
    vertex 3091.3856855206704 -175.440304421605 24.99999999999997
  endloop
endfacet
facet normal 9.422057822933101e-18 6.591780938883983e-17 -1.0
  outer loop
    vertex 3091.3856855206704 -175.440304421605 24.99999999999997
    vertex 3092.497456953041 -147.88919316103878 24.99999999999997
    vertex 3091.7474569530164 -175.5901550553619 24.99999999999997
  endloop
endfacet
facet normal 9.422057822933101e-18 6.591780938883983e-17 -1.0
  outer loop
    vertex 3091.7474569530164 -175.5901550553619 24.99999999999997
    vertex 3092.497456953041 -147.88919316103878 24.99999999999997
    vertex 3092.0581171247973 -175.82853298925872 24.99999999999997
  endloop
endfacet
facet normal 9.422057822933101e-18 6.591780938883983e-17 -1.0
  outer loop
    vertex 3092.0581171247973 -175.82853298925872 24.99999999999997
    vertex 3092.497456953041 -147.88919316103878 24.99999999999997
    vertex 3092.296495058693 -176.1391931610384 24.99999999999997
  endloop
endfacet
facet normal 9.422057822933101e-18 6.591780938883983e-17 -1.0
  outer loop
    vertex 3092.296495058693 -176.1391931610384 24.99999999999997
    vertex 3092.497456953041 -147.88919316103878 24.99999999999997
    vertex 3092.4463456924495 -176.50096459338457 24.99999999999997
  endloop
endfacet
facet normal 9.422057822933101e-18 6.591780938883983e-17 -1.0
  outer loop
    vertex 3092.4463456924495 -176.50096459338457 24.99999999999997
    vertex 3092.497456953041 -147.88919316103878 24.99999999999997
    vertex 3092.4974569530164 -176.88919316103824 24.99999999999997
  endloop
endfacet
facet normal 9.422057822933101e-18 6.591780938883983e-17 -1.0
  outer loop
    vertex 3088.497456952995 -27.8891931610409 24.99999999999998
    vertex 3089.548568213585 -30.500964593385877 24.99999999999998
    vertex 3088.497456952995 -33.889193161038904 24.99999999999998
  endloop
endfacet
facet normal 9.422057822933101e-18 6.591780938883983e-17 -1.0
  outer loop
    vertex 3089.548568213585 -30.500964593385877 24.99999999999998
    vertex 3088.497456952995 -27.8891931610409 24.99999999999998
    vertex 3089.6984188473416 -30.13919316103976 24.99999999999998
  endloop
endfacet
facet normal 9.422057822933101e-18 6.591780938883983e-17 -1.0
  outer loop
    vertex 3089.6984188473416 -30.13919316103976 24.99999999999998
    vertex 3088.497456952995 -27.8891931610409 24.99999999999998
    vertex 3089.936796781239 -29.828532989259877 24.99999999999998
  endloop
endfacet
facet normal 9.422057822933101e-18 6.591780938883983e-17 -1.0
  outer loop
    vertex 3089.936796781239 -29.828532989259877 24.99999999999998
    vertex 3088.497456952995 -27.8891931610409 24.99999999999998
    vertex 3090.247456953018 -29.590155055363006 24.99999999999998
  endloop
endfacet
facet normal 9.422057822933101e-18 6.591780938883983e-17 -1.0
  outer loop
    vertex 3090.247456953018 -29.590155055363006 24.99999999999998
    vertex 3088.497456952995 -27.8891931610409 24.99999999999998
    vertex 3090.6092283853627 -29.440304421606076 24.99999999999998
  endloop
endfacet
facet normal 9.422057822933101e-18 6.591780938883983e-17 -1.0
  outer loop
    vertex 3090.6092283853627 -29.440304421606076 24.99999999999998
    vertex 3088.497456952995 -27.8891931610409 24.99999999999998
    vertex 3090.997456953017 -29.389193161039838 24.99999999999998
  endloop
endfacet
facet normal 9.422057822933101e-18 6.591780938883983e-17 -1.0
  outer loop
    vertex 3090.997456953017 -29.389193161039838 24.99999999999998
    vertex 3088.497456952995 -27.8891931610409 24.99999999999998
    vertex 3110.4974569530395 -27.889193161039188 24.99999999999998
  endloop
endfacet
facet normal 9.422057822933101e-18 6.591780938883983e-17 -1.0
  outer loop
    vertex 3088.497456952995 -33.889193161038904 24.99999999999998
    vertex 3089.548568213585 -30.500964593385877 24.99999999999998
    vertex 3089.4974569530186 -30.889193161039408 24.99999999999998
  endloop
endfacet
facet normal 9.422057822933101e-18 6.591780938883983e-17 -1.0
  outer loop
    vertex 3088.497456952995 -33.889193161038904 24.99999999999998
    vertex 3089.4974569530186 -30.889193161039408 24.99999999999998
    vertex 3089.4974569529954 -33.889193161038904 24.99999999999998
  endloop
endfacet
facet normal 9.422057822933101e-18 6.591780938883983e-17 -1.0
  outer loop
    vertex 3090.997456953017 -29.389193161039838 24.99999999999998
    vertex 3110.4974569530395 -27.889193161039188 24.99999999999998
    vertex 3091.3856855206704 -29.440304421606076 24.99999999999998
  endloop
endfacet
facet normal 9.422057822933101e-18 6.591780938883983e-17 -1.0
  outer loop
    vertex 3091.3856855206704 -29.440304421606076 24.99999999999998
    vertex 3110.4974569530395 -27.889193161039188 24.99999999999998
    vertex 3091.7474569530164 -29.590155055363006 24.99999999999998
  endloop
endfacet
facet normal 9.422057822933101e-18 6.591780938883983e-17 -1.0
  outer loop
    vertex 3091.7474569530164 -29.590155055363006 24.99999999999998
    vertex 3110.4974569530395 -27.889193161039188 24.99999999999998
    vertex 3092.0581171247973 -29.828532989259877 24.99999999999998
  endloop
endfacet
facet normal 9.422057822933101e-18 6.591780938883983e-17 -1.0
  outer loop
    vertex 3092.0581171247973 -29.828532989259877 24.99999999999998
    vertex 3110.4974569530395 -27.889193161039188 24.99999999999998
    vertex 3092.296495058693 -30.13919316103976 24.99999999999998
  endloop
endfacet
facet normal 9.422057822933101e-18 6.591780938883983e-17 -1.0
  outer loop
    vertex 3092.296495058693 -30.13919316103976 24.99999999999998
    vertex 3110.4974569530395 -27.889193161039188 24.99999999999998
    vertex 3092.4463456924495 -30.500964593385877 24.99999999999998
  endloop
endfacet
facet normal 9.422057822933101e-18 6.591780938883983e-17 -1.0
  outer loop
    vertex 3092.4463456924495 -30.500964593385877 24.99999999999998
    vertex 3110.4974569530395 -27.889193161039188 24.99999999999998
    vertex 3092.4974569530164 -30.889193161039408 24.99999999999998
  endloop
endfacet
facet normal 9.422057822933101e-18 6.591780938883983e-17 -1.0
  outer loop
    vertex 3092.4974569530164 -30.889193161039408 24.99999999999998
    vertex 3110.4974569530395 -27.889193161039188 24.99999999999998
    vertex 3095.497456953041 -41.88919316103898 24.99999999999998
  endloop
endfacet
facet normal 9.422057822933101e-18 6.591780938883983e-17 -1.0
  outer loop
    vertex 3092.4974569530164 -30.889193161039408 24.99999999999998
    vertex 3095.497456953041 -41.88919316103898 24.99999999999998
    vertex 3092.497456953041 -59.889193161038946 24.99999999999998
  endloop
endfacet
facet normal 9.422057822933101e-18 6.591780938883983e-17 -1.0
  outer loop
    vertex 3092.497456953041 -59.889193161038946 24.99999999999998
    vertex 3095.497456953041 -41.88919316103898 24.99999999999998
    vertex 3092.497456953041 -69.88919316103924 24.99999999999998
  endloop
endfacet
facet normal 9.422057822933101e-18 6.591780938883983e-17 -1.0
  outer loop
    vertex 3092.497456953041 -69.88919316103924 24.99999999999998
    vertex 3095.497456953041 -41.88919316103898 24.99999999999998
    vertex 3092.497456953041 -137.88919316103875 24.99999999999997
  endloop
endfacet
facet normal 9.422057822933101e-18 6.591780938883983e-17 -1.0
  outer loop
    vertex 3092.497456953041 -137.88919316103875 24.99999999999997
    vertex 3095.497456953041 -41.88919316103898 24.99999999999998
    vertex 3092.497456953041 -147.88919316103878 24.99999999999997
  endloop
endfacet
facet normal 9.422057822933101e-18 6.591780938883983e-17 -1.0
  outer loop
    vertex 3095.497456953041 -41.88919316103898 24.99999999999998
    vertex 3110.4974569530395 -27.889193161039188 24.99999999999998
    vertex 3100.4974569530405 -41.88919316103898 24.999999999999975
  endloop
endfacet
facet normal 9.422057822933101e-18 6.591780938883983e-17 -1.0
  outer loop
    vertex 3100.4974569530405 -41.88919316103898 24.999999999999975
    vertex 3110.4974569530395 -27.889193161039188 24.99999999999998
    vertex 3104.4974569530405 -41.88919316103898 24.99999999999998
  endloop
endfacet
facet normal 9.422057822933101e-18 6.591780938883983e-17 -1.0
  outer loop
    vertex 3100.4974569530405 -41.88919316103898 24.999999999999975
    vertex 3104.4974569530405 -41.88919316103898 24.99999999999998
    vertex 3100.4974569530405 -91.88919316103897 24.999999999999975
  endloop
endfacet
facet normal 9.422057822933101e-18 6.591780938883983e-17 -1.0
  outer loop
    vertex 3100.4974569530405 -91.88919316103897 24.999999999999975
    vertex 3104.4974569530405 -41.88919316103898 24.99999999999998
    vertex 3100.4974569530405 -115.88919316103876 24.99999999999997
  endloop
endfacet
facet normal 9.422057822933101e-18 6.591780938883983e-17 -1.0
  outer loop
    vertex 3100.4974569530405 -115.88919316103876 24.99999999999997
    vertex 3104.4974569530405 -41.88919316103898 24.99999999999998
    vertex 3100.4974569530405 -165.88919316103875 24.99999999999997
  endloop
endfacet
facet normal 9.422057822933101e-18 6.591780938883983e-17 -1.0
  outer loop
    vertex 3104.4974569530405 -41.88919316103898 24.99999999999998
    vertex 3110.4974569530395 -27.889193161039188 24.99999999999998
    vertex 3109.4974569530405 -41.88919316103898 24.99999999999998
  endloop
endfacet
facet normal 9.422057822933101e-18 6.591780938883983e-17 -1.0
  outer loop
    vertex 3109.4974569530405 -41.88919316103898 24.99999999999998
    vertex 3110.4974569530395 -27.889193161039188 24.99999999999998
    vertex 3109.4974569530405 -91.88919316103897 24.99999999999998
  endloop
endfacet
facet normal 9.422057822933101e-18 6.591780938883983e-17 -1.0
  outer loop
    vertex 3109.4974569530405 -91.88919316103897 24.99999999999998
    vertex 3110.4974569530395 -27.889193161039188 24.99999999999998
    vertex 3109.4974569530405 -115.88919316103876 24.99999999999997
  endloop
endfacet
facet normal 9.422057822933101e-18 6.591780938883983e-17 -1.0
  outer loop
    vertex 3109.4974569530405 -115.88919316103876 24.99999999999997
    vertex 3110.4974569530395 -27.889193161039188 24.99999999999998
    vertex 3109.4974569530405 -165.88919316103875 24.99999999999997
  endloop
endfacet
facet normal 9.422057822933101e-18 6.591780938883983e-17 -1.0
  outer loop
    vertex 3089.4974569529954 -173.88919316103875 24.99999999999997
    vertex 3088.497456952995 -179.88919316103872 24.99999999999997
    vertex 3088.497456952995 -173.88919316103875 24.99999999999997
  endloop
endfacet
facet normal 9.422057822933101e-18 6.591780938883983e-17 -1.0
  outer loop
    vertex 3088.497456952995 -179.88919316103872 24.99999999999997
    vertex 3089.4974569529954 -173.88919316103875 24.99999999999997
    vertex 3089.4974569530186 -176.88919316103824 24.99999999999997
  endloop
endfacet
facet normal 9.422057822933101e-18 6.591780938883983e-17 -1.0
  outer loop
    vertex 3088.497456952995 -179.88919316103872 24.99999999999997
    vertex 3089.4974569530186 -176.88919316103824 24.99999999999997
    vertex 3089.548568213585 -177.27742172869196 24.99999999999997
  endloop
endfacet
facet normal 9.422057822933101e-18 6.591780938883983e-17 -1.0
  outer loop
    vertex 3088.497456952995 -179.88919316103872 24.99999999999997
    vertex 3089.548568213585 -177.27742172869196 24.99999999999997
    vertex 3089.6984188473416 -177.63919316103807 24.99999999999997
  endloop
endfacet
facet normal 9.422057822933101e-18 6.591780938883983e-17 -1.0
  outer loop
    vertex 3088.497456952995 -179.88919316103872 24.99999999999997
    vertex 3089.6984188473416 -177.63919316103807 24.99999999999997
    vertex 3089.936796781239 -177.94985333281787 24.99999999999997
  endloop
endfacet
facet normal 9.422057822933101e-18 6.591780938883983e-17 -1.0
  outer loop
    vertex 3088.497456952995 -179.88919316103872 24.99999999999997
    vertex 3089.936796781239 -177.94985333281787 24.99999999999997
    vertex 3090.247456953018 -178.18823126671464 24.99999999999997
  endloop
endfacet
facet normal 9.422057822933101e-18 6.591780938883983e-17 -1.0
  outer loop
    vertex 3088.497456952995 -179.88919316103872 24.99999999999997
    vertex 3090.247456953018 -178.18823126671464 24.99999999999997
    vertex 3090.6092283853627 -178.33808190047154 24.99999999999997
  endloop
endfacet
facet normal 9.422057822933101e-18 6.591780938883983e-17 -1.0
  outer loop
    vertex 3088.497456952995 -179.88919316103872 24.99999999999997
    vertex 3090.6092283853627 -178.33808190047154 24.99999999999997
    vertex 3090.997456953017 -178.3891931610379 24.99999999999997
  endloop
endfacet
facet normal 9.422057822933101e-18 6.591780938883983e-17 -1.0
  outer loop
    vertex 3088.497456952995 -179.88919316103872 24.99999999999997
    vertex 3090.997456953017 -178.3891931610379 24.99999999999997
    vertex 3110.4974569530395 -179.88919316103838 24.99999999999997
  endloop
endfacet
facet normal 9.422057822933101e-18 6.591780938883983e-17 -1.0
  outer loop
    vertex 3110.4974569530395 -179.88919316103838 24.99999999999997
    vertex 3090.997456953017 -178.3891931610379 24.99999999999997
    vertex 3091.3856855206704 -178.33808190047154 24.99999999999997
  endloop
endfacet
facet normal 9.422057822933101e-18 6.591780938883983e-17 -1.0
  outer loop
    vertex 3110.4974569530395 -179.88919316103838 24.99999999999997
    vertex 3091.3856855206704 -178.33808190047154 24.99999999999997
    vertex 3091.7474569530164 -178.18823126671464 24.99999999999997
  endloop
endfacet
facet normal 9.422057822933101e-18 6.591780938883983e-17 -1.0
  outer loop
    vertex 3110.4974569530395 -179.88919316103838 24.99999999999997
    vertex 3091.7474569530164 -178.18823126671464 24.99999999999997
    vertex 3092.0581171247973 -177.94985333281787 24.99999999999997
  endloop
endfacet
facet normal 9.422057822933101e-18 6.591780938883983e-17 -1.0
  outer loop
    vertex 3110.4974569530395 -179.88919316103838 24.99999999999997
    vertex 3092.0581171247973 -177.94985333281787 24.99999999999997
    vertex 3092.296495058693 -177.63919316103807 24.99999999999997
  endloop
endfacet
facet normal 9.422057822933101e-18 6.591780938883983e-17 -1.0
  outer loop
    vertex 3110.4974569530395 -179.88919316103838 24.99999999999997
    vertex 3092.296495058693 -177.63919316103807 24.99999999999997
    vertex 3092.4463456924495 -177.27742172869196 24.99999999999997
  endloop
endfacet
facet normal 9.422057822933101e-18 6.591780938883983e-17 -1.0
  outer loop
    vertex 3110.4974569530395 -179.88919316103838 24.99999999999997
    vertex 3092.4463456924495 -177.27742172869196 24.99999999999997
    vertex 3092.4974569530164 -176.88919316103824 24.99999999999997
  endloop
endfacet
facet normal 9.422057822933101e-18 6.591780938883983e-17 -1.0
  outer loop
    vertex 3110.4974569530395 -179.88919316103838 24.99999999999997
    vertex 3092.4974569530164 -176.88919316103824 24.99999999999997
    vertex 3095.497456953041 -165.88919316103875 24.99999999999997
  endloop
endfacet
facet normal 9.422057822933101e-18 6.591780938883983e-17 -1.0
  outer loop
    vertex 3095.497456953041 -165.88919316103875 24.99999999999997
    vertex 3092.4974569530164 -176.88919316103824 24.99999999999997
    vertex 3092.497456953041 -147.88919316103878 24.99999999999997
  endloop
endfacet
facet normal 9.422057822933101e-18 6.591780938883983e-17 -1.0
  outer loop
    vertex 3095.497456953041 -165.88919316103875 24.99999999999997
    vertex 3092.497456953041 -147.88919316103878 24.99999999999997
    vertex 3095.497456953041 -41.88919316103898 24.99999999999998
  endloop
endfacet
facet normal 9.422057822933101e-18 6.591780938883983e-17 -1.0
  outer loop
    vertex 3095.497456953041 -165.88919316103875 24.99999999999997
    vertex 3095.497456953041 -41.88919316103898 24.99999999999998
    vertex 3095.497456953041 -91.88919316103897 24.99999999999998
  endloop
endfacet
facet normal 9.422057822933101e-18 6.591780938883983e-17 -1.0
  outer loop
    vertex 3095.497456953041 -165.88919316103875 24.99999999999997
    vertex 3095.497456953041 -91.88919316103897 24.99999999999998
    vertex 3095.497456953041 -115.88919316103876 24.99999999999997
  endloop
endfacet
facet normal 9.422057822933101e-18 6.591780938883983e-17 -1.0
  outer loop
    vertex 3110.4974569530395 -179.88919316103838 24.99999999999997
    vertex 3095.497456953041 -165.88919316103875 24.99999999999997
    vertex 3100.4974569530405 -165.88919316103875 24.99999999999997
  endloop
endfacet
facet normal 9.422057822933101e-18 6.591780938883983e-17 -1.0
  outer loop
    vertex 3110.4974569530395 -179.88919316103838 24.99999999999997
    vertex 3100.4974569530405 -165.88919316103875 24.99999999999997
    vertex 3104.4974569530405 -165.88919316103875 24.999999999999975
  endloop
endfacet
facet normal 9.422057822933101e-18 6.591780938883983e-17 -1.0
  outer loop
    vertex 3104.4974569530405 -165.88919316103875 24.999999999999975
    vertex 3100.4974569530405 -165.88919316103875 24.99999999999997
    vertex 3104.4974569530405 -41.88919316103898 24.99999999999998
  endloop
endfacet
facet normal 9.422057822933101e-18 6.591780938883983e-17 -1.0
  outer loop
    vertex 3104.4974569530405 -165.88919316103875 24.999999999999975
    vertex 3104.4974569530405 -41.88919316103898 24.99999999999998
    vertex 3104.4974569530405 -91.88919316103897 24.999999999999975
  endloop
endfacet
facet normal 9.422057822933101e-18 6.591780938883983e-17 -1.0
  outer loop
    vertex 3104.4974569530405 -165.88919316103875 24.999999999999975
    vertex 3104.4974569530405 -91.88919316103897 24.999999999999975
    vertex 3104.4974569530405 -115.88919316103876 24.999999999999975
  endloop
endfacet
facet normal 9.422057822933101e-18 6.591780938883983e-17 -1.0
  outer loop
    vertex 3110.4974569530395 -179.88919316103838 24.99999999999997
    vertex 3104.4974569530405 -165.88919316103875 24.999999999999975
    vertex 3109.4974569530405 -165.88919316103875 24.99999999999997
  endloop
endfacet
facet normal 9.422057822933101e-18 6.591780938883983e-17 -1.0
  outer loop
    vertex 3110.4974569530395 -179.88919316103838 24.99999999999997
    vertex 3109.4974569530405 -165.88919316103875 24.99999999999997
    vertex 3110.4974569530395 -27.889193161039188 24.99999999999998
  endloop
endfacet
facet normal 9.422057822933101e-18 6.591780938883983e-17 -1.0
  outer loop
    vertex 3110.4974569530395 -179.88919316103838 24.99999999999997
    vertex 3110.4974569530395 -27.889193161039188 24.99999999999998
    vertex 3115.49745695304 -32.88919316103913 24.99999999999998
  endloop
endfacet
facet normal 9.422057822933101e-18 6.591780938883983e-17 -1.0
  outer loop
    vertex 3110.4974569530395 -179.88919316103838 24.99999999999997
    vertex 3115.49745695304 -32.88919316103913 24.99999999999998
    vertex 3115.49745695304 -174.88919316103878 24.99999999999997
  endloop
endfacet
facet normal 9.422057822933101e-18 6.591780938883983e-17 -1.0
  outer loop
    vertex 3109.4974569530405 -91.88919316103897 24.99999999999998
    vertex 3104.4974569530405 -115.88919316103876 24.999999999999975
    vertex 3104.4974569530405 -91.88919316103897 24.999999999999975
  endloop
endfacet
facet normal 9.422057822933101e-18 6.591780938883983e-17 -1.0
  outer loop
    vertex 3104.4974569530405 -115.88919316103876 24.999999999999975
    vertex 3109.4974569530405 -91.88919316103897 24.99999999999998
    vertex 3109.4974569530405 -115.88919316103876 24.99999999999997
  endloop
endfacet
facet normal 9.422057822933101e-18 6.591780938883983e-17 -1.0
  outer loop
    vertex 3100.4974569530405 -91.88919316103897 24.999999999999975
    vertex 3095.497456953041 -115.88919316103876 24.99999999999997
    vertex 3095.497456953041 -91.88919316103897 24.99999999999998
  endloop
endfacet
facet normal 9.422057822933101e-18 6.591780938883983e-17 -1.0
  outer loop
    vertex 3095.497456953041 -115.88919316103876 24.99999999999997
    vertex 3100.4974569530405 -91.88919316103897 24.999999999999975
    vertex 3100.4974569530405 -115.88919316103876 24.99999999999997
  endloop
endfacet
facet normal 9.422057822933101e-18 6.591780938883983e-17 -1.0
  outer loop
    vertex 3092.497456953041 -69.88919316103924 24.99999999999998
    vertex 3089.4974569530414 -137.88919316103875 24.99999999999997
    vertex 3089.4974569530414 -69.88919316103926 24.999999999999975
  endloop
endfacet
facet normal 9.422057822933101e-18 6.591780938883983e-17 -1.0
  outer loop
    vertex 3089.4974569530414 -137.88919316103875 24.99999999999997
    vertex 3092.497456953041 -69.88919316103924 24.99999999999998
    vertex 3092.497456953041 -137.88919316103875 24.99999999999997
  endloop
endfacet
facet normal 9.422057822933101e-18 6.591780938883983e-17 -1.0
  outer loop
    vertex 3089.4974569530186 -30.889193161039408 24.99999999999998
    vertex 3089.4974569530414 -59.88919316103896 24.99999999999998
    vertex 3089.4974569529954 -33.889193161038904 24.99999999999998
  endloop
endfacet
facet normal 9.422057822933101e-18 6.591780938883983e-17 -1.0
  outer loop
    vertex 3089.4974569530414 -59.88919316103896 24.99999999999998
    vertex 3089.4974569530186 -30.889193161039408 24.99999999999998
    vertex 3089.548568213585 -31.277421728693117 24.99999999999998
  endloop
endfacet
facet normal 9.422057822933101e-18 6.591780938883983e-17 -1.0
  outer loop
    vertex 3089.4974569530414 -59.88919316103896 24.99999999999998
    vertex 3089.548568213585 -31.277421728693117 24.99999999999998
    vertex 3092.497456953041 -59.889193161038946 24.99999999999998
  endloop
endfacet
facet normal 9.422057822933101e-18 6.591780938883983e-17 -1.0
  outer loop
    vertex 3092.497456953041 -59.889193161038946 24.99999999999998
    vertex 3089.548568213585 -31.277421728693117 24.99999999999998
    vertex 3089.6984188473416 -31.63919316103942 24.99999999999998
  endloop
endfacet
facet normal 9.422057822933101e-18 6.591780938883983e-17 -1.0
  outer loop
    vertex 3092.497456953041 -59.889193161038946 24.99999999999998
    vertex 3089.6984188473416 -31.63919316103942 24.99999999999998
    vertex 3089.936796781239 -31.94985333281903 24.99999999999998
  endloop
endfacet
facet normal 9.422057822933101e-18 6.591780938883983e-17 -1.0
  outer loop
    vertex 3092.497456953041 -59.889193161038946 24.99999999999998
    vertex 3089.936796781239 -31.94985333281903 24.99999999999998
    vertex 3090.247456953018 -32.18823126671581 24.99999999999998
  endloop
endfacet
facet normal 9.422057822933101e-18 6.591780938883983e-17 -1.0
  outer loop
    vertex 3092.497456953041 -59.889193161038946 24.99999999999998
    vertex 3090.247456953018 -32.18823126671581 24.99999999999998
    vertex 3090.6092283853627 -32.33808190047256 24.99999999999998
  endloop
endfacet
facet normal 9.422057822933101e-18 6.591780938883983e-17 -1.0
  outer loop
    vertex 3092.497456953041 -59.889193161038946 24.99999999999998
    vertex 3090.6092283853627 -32.33808190047256 24.99999999999998
    vertex 3090.997456953017 -32.38919316103916 24.99999999999998
  endloop
endfacet
facet normal 9.422057822933101e-18 6.591780938883983e-17 -1.0
  outer loop
    vertex 3092.497456953041 -59.889193161038946 24.99999999999998
    vertex 3090.997456953017 -32.38919316103916 24.99999999999998
    vertex 3091.3856855206704 -32.33808190047256 24.99999999999998
  endloop
endfacet
facet normal 9.422057822933101e-18 6.591780938883983e-17 -1.0
  outer loop
    vertex 3092.497456953041 -59.889193161038946 24.99999999999998
    vertex 3091.3856855206704 -32.33808190047256 24.99999999999998
    vertex 3091.7474569530164 -32.18823126671581 24.99999999999998
  endloop
endfacet
facet normal 9.422057822933101e-18 6.591780938883983e-17 -1.0
  outer loop
    vertex 3092.497456953041 -59.889193161038946 24.99999999999998
    vertex 3091.7474569530164 -32.18823126671581 24.99999999999998
    vertex 3092.0581171247973 -31.94985333281903 24.99999999999998
  endloop
endfacet
facet normal 9.422057822933101e-18 6.591780938883983e-17 -1.0
  outer loop
    vertex 3092.497456953041 -59.889193161038946 24.99999999999998
    vertex 3092.0581171247973 -31.94985333281903 24.99999999999998
    vertex 3092.296495058693 -31.63919316103942 24.99999999999998
  endloop
endfacet
facet normal 9.422057822933101e-18 6.591780938883983e-17 -1.0
  outer loop
    vertex 3092.497456953041 -59.889193161038946 24.99999999999998
    vertex 3092.296495058693 -31.63919316103942 24.99999999999998
    vertex 3092.4463456924495 -31.277421728693117 24.99999999999998
  endloop
endfacet
facet normal 9.422057822933101e-18 6.591780938883983e-17 -1.0
  outer loop
    vertex 3092.497456953041 -59.889193161038946 24.99999999999998
    vertex 3092.4463456924495 -31.277421728693117 24.99999999999998
    vertex 3092.4974569530164 -30.889193161039408 24.99999999999998
  endloop
endfacet
endsolid ISOBOT JUNIOR
