solid [V2] MAKEROBOT 2026 JUNIOR
facet normal -1.6562218586193426e-08 1.0 2.1227197813952055e-10
  outer loop
    vertex 436.4968618848624 -2189.16934858416 95.00000119937641
    vertex 469.7468617648196 -2189.169348050146 100.50000173411419
    vertex 469.7468618005144 -2189.1693480417207 95.00000109463629
  endloop
endfacet
facet normal -1.6562218586193426e-08 1.0 2.1227197813952055e-10
  outer loop
    vertex 469.7468617648196 -2189.169348050146 100.50000173411419
    vertex 436.4968618848624 -2189.16934858416 95.00000119937641
    vertex 436.4968618862484 -2189.169348590038 100.50000180834147
  endloop
endfacet
facet normal 6.458576583525699e-09 -7.698818294942962e-09 -1.0
  outer loop
    vertex 469.7468618526476 -2147.169348805162 100.50000124932176
    vertex 436.4968618663783 -2149.169348935733 100.50000153555311
    vertex 436.4968618558929 -2147.1693489535237 100.50000152818953
  endloop
endfacet
facet normal 6.458576583525699e-09 -7.698818294942962e-09 -1.0
  outer loop
    vertex 436.4968618663783 -2149.169348935733 100.50000153555311
    vertex 469.7468618526476 -2147.169348805162 100.50000124932176
    vertex 436.4968618862484 -2189.169348590038 100.50000180834147
  endloop
endfacet
facet normal 6.458576583525699e-09 -7.698818294942962e-09 -1.0
  outer loop
    vertex 436.4968618862484 -2189.169348590038 100.50000180834147
    vertex 469.7468618526476 -2147.169348805162 100.50000124932176
    vertex 469.7468617648196 -2189.169348050146 100.50000173411419
  endloop
endfacet
facet normal 6.458576583525699e-09 -7.698818294942962e-09 -1.0
  outer loop
    vertex 426.49686186637825 -2149.1693489949057 100.50000157973449
    vertex 426.49686185726483 -2187.169348768103 100.50000181394228
    vertex 426.49686185319473 -2147.1693489949057 100.50000157237093
  endloop
endfacet
facet normal 6.458576583525699e-09 -7.698818294942962e-09 -1.0
  outer loop
    vertex 426.49686185726483 -2187.169348768103 100.50000181394228
    vertex 426.49686186637825 -2149.1693489949057 100.50000157973449
    vertex 431.4968618531239 -2187.16934868919 100.50000180876602
  endloop
endfacet
facet normal 6.458576583525699e-09 -7.698818294942962e-09 -1.0
  outer loop
    vertex 431.4968618531239 -2187.16934868919 100.50000180876602
    vertex 426.49686186637825 -2149.1693489949057 100.50000157973449
    vertex 436.4968618663783 -2149.169348935733 100.50000153555311
  endloop
endfacet
facet normal 6.458576583525699e-09 -7.698818294942962e-09 -1.0
  outer loop
    vertex 431.4968618531239 -2187.16934868919 100.50000180876602
    vertex 436.4968618663783 -2149.169348935733 100.50000153555311
    vertex 436.49686185312396 -2187.16934868919 100.50000180876602
  endloop
endfacet
facet normal 6.458576583525699e-09 -7.698818294942962e-09 -1.0
  outer loop
    vertex 436.49686185312396 -2187.16934868919 100.50000180876602
    vertex 436.4968618663783 -2149.169348935733 100.50000153555311
    vertex 436.4968618862484 -2189.169348590038 100.50000180834147
  endloop
endfacet
facet normal 6.458576583525699e-09 -7.698818294942962e-09 -1.0
  outer loop
    vertex 386.49686323365677 -2165.1693489273134 100.50000041060983
    vertex 390.6218624092201 -2171.169349225914 100.50000127588893
    vertex 386.4968631065149 -2171.1693489273134 100.50000049656921
  endloop
endfacet
facet normal 6.458576583525699e-09 -7.698818294942962e-09 -1.0
  outer loop
    vertex 390.6218624092201 -2171.169349225914 100.50000127588893
    vertex 386.49686323365677 -2165.1693489273134 100.50000041060983
    vertex 390.62186237739695 -2165.1693491933197 100.50000126304171
  endloop
endfacet
facet normal 6.458576583525699e-09 -7.698818294942962e-09 -1.0
  outer loop
    vertex 390.6218624092201 -2171.169349225914 100.50000127588893
    vertex 390.62186237739695 -2165.1693491933197 100.50000126304171
    vertex 393.74686145099315 -2165.1693489273134 100.50000077629115
  endloop
endfacet
facet normal 6.458576583525699e-09 -7.698818294942962e-09 -1.0
  outer loop
    vertex 390.6218624092201 -2171.169349225914 100.50000127588893
    vertex 393.74686145099315 -2165.1693489273134 100.50000077629115
    vertex 393.7468619139818 -2171.1693492328773 100.5000018707877
  endloop
endfacet
facet normal 6.458576583525699e-09 -7.698818294942962e-09 -1.0
  outer loop
    vertex 393.7468619139818 -2171.1693492328773 100.5000018707877
    vertex 393.74686145099315 -2165.1693489273134 100.50000077629115
    vertex 393.74686188720756 -2147.1693492328764 100.50000191698577
  endloop
endfacet
facet normal 6.458576583525699e-09 -7.698818294942962e-09 -1.0
  outer loop
    vertex 393.7468619139818 -2171.1693492328773 100.5000018707877
    vertex 393.74686188720756 -2147.1693492328764 100.50000191698577
    vertex 426.49686185319473 -2147.1693489949057 100.50000157237093
  endloop
endfacet
facet normal 6.458576583525699e-09 -7.698818294942962e-09 -1.0
  outer loop
    vertex 393.7468619139818 -2171.1693492328773 100.5000018707877
    vertex 426.49686185319473 -2147.1693489949057 100.50000157237093
    vertex 393.7468619289849 -2189.169349215086 100.50000192319904
  endloop
endfacet
facet normal 6.458576583525699e-09 -7.698818294942962e-09 -1.0
  outer loop
    vertex 393.7468619289849 -2189.169349215086 100.50000192319904
    vertex 426.49686185319473 -2147.1693489949057 100.50000157237093
    vertex 426.49686185726483 -2187.169348768103 100.50000181394228
  endloop
endfacet
facet normal 6.458576583525699e-09 -7.698818294942962e-09 -1.0
  outer loop
    vertex 393.7468619289849 -2189.169349215086 100.50000192319904
    vertex 426.49686185726483 -2187.169348768103 100.50000181394228
    vertex 426.49686188585866 -2189.1693487503126 100.50000181279198
  endloop
endfacet
facet normal 2.9047824639956006e-09 -1.0 -6.258765426815291e-09
  outer loop
    vertex 483.4968603523255 -2203.1693488816213 104.0000005997067
    vertex 478.24686200457995 -2203.1693488764668 101.00000061630989
    vertex 486.49686109021786 -2203.1693488468036 101.00000061322956
  endloop
endfacet
facet normal 2.9047824639956006e-09 -1.0 -6.258765426815291e-09
  outer loop
    vertex 478.24686200457995 -2203.1693488764668 101.00000061630989
    vertex 483.4968603523255 -2203.1693488816213 104.0000005997067
    vertex 478.24686200457995 -2203.169348887916 104.0000006018942
  endloop
endfacet
facet normal 0.9999999999999987 5.053630286665768e-08 -8.124074893096458e-09
  outer loop
    vertex 490.4968617418016 -2195.1693482113137 95.00000073961527
    vertex 490.49686201073126 -2200.1693486765716 97.00000104566068
    vertex 490.496862001484 -2200.1693487266393 95.00000074281527
  endloop
endfacet
facet normal 0.9999999999999987 5.053630286665768e-08 -8.124074893096458e-09
  outer loop
    vertex 490.49686201073126 -2200.1693486765716 97.00000104566068
    vertex 490.4968617418016 -2195.1693482113137 95.00000073961527
    vertex 490.49686176505054 -2195.169348222278 97.00000073961526
  endloop
endfacet
facet normal 0.608761429008759 3.209114496596061e-09 -0.7933533402912059
  outer loop
    vertex 481.6218613928807 -2136.169348837376 99.29903928820988
    vertex 481.3112012724563 -2141.1693489202357 99.06066137349451
    vertex 481.31120122110093 -2136.1693488414817 99.06066135431303
  endloop
endfacet
facet normal 0.608761429008759 3.209114496596061e-09 -0.7933533402912059
  outer loop
    vertex 481.3112012724563 -2141.1693489202357 99.06066137349451
    vertex 481.6218613928807 -2136.169348837376 99.29903928820988
    vertex 481.62186144423606 -2141.1693489161303 99.29903930739134
  endloop
endfacet
facet normal -0.7933533402911961 -1.0484000454750562e-08 -0.6087614290087716
  outer loop
    vertex 483.43252156466053 -2136.1693488196934 99.06066135431303
    vertex 483.6708995499128 -2141.1693488971905 98.75000120171467
    vertex 483.4325216160159 -2141.1693488984474 99.06066137349451
  endloop
endfacet
facet normal -0.7933533402911961 -1.0484000454750562e-08 -0.6087614290087716
  outer loop
    vertex 483.6708995499128 -2141.1693488971905 98.75000120171467
    vertex 483.43252156466053 -2136.1693488196934 99.06066135431303
    vertex 483.6708994985575 -2136.1693488184364 98.75000118253321
  endloop
endfacet
facet normal 0.13052619222005218 5.144121193370351e-09 0.9914448613738104
  outer loop
    vertex 481.98363287658236 -2141.169348922956 96.55111246228105
    vertex 482.3718613928807 -2136.1693488404107 96.50000118253318
    vertex 481.983632825227 -2136.169348844202 96.55111244309958
  endloop
endfacet
facet normal 0.13052619222005218 5.144121193370351e-09 0.9914448613738104
  outer loop
    vertex 482.3718613928807 -2136.1693488404107 96.50000118253318
    vertex 481.98363287658236 -2141.169348922956 96.55111246228105
    vertex 482.37186144423606 -2141.169348919165 96.50000120171464
  endloop
endfacet
facet normal -0.9238795325113027 -1.0957346751703639e-08 -0.38268343236505115
  outer loop
    vertex 483.6708994985575 -2136.1693488184364 98.75000118253321
    vertex 483.82075018366976 -2141.169348897039 98.38822976936845
    vertex 483.6708995499128 -2141.1693488971905 98.75000120171467
  endloop
endfacet
facet normal -0.9238795325113027 -1.0957346751703639e-08 -0.38268343236505115
  outer loop
    vertex 483.82075018366976 -2141.169348897039 98.38822976936845
    vertex 483.6708994985575 -2136.1693488184364 98.75000118253321
    vertex 483.8207501323144 -2136.169348818285 98.38822975018698
  endloop
endfacet
facet normal -0.9914448613738039 -9.682494437663633e-09 0.13052619222010034
  outer loop
    vertex 483.87186144423606 -2141.1693488980036 98.00000120171467
    vertex 483.8207501323144 -2136.169348821264 97.61177261487941
    vertex 483.82075018366976 -2141.169348900018 97.61177263406088
  endloop
endfacet
facet normal -0.9914448613738039 -9.682494437663633e-09 0.13052619222010034
  outer loop
    vertex 483.8207501323144 -2136.169348821264 97.61177261487941
    vertex 483.87186144423606 -2141.1693488980036 98.00000120171467
    vertex 483.87186139288076 -2136.1693488192495 98.00000118253321
  endloop
endfacet
facet normal 0.7933533402911961 5.813225558332679e-09 -0.6087614290087717
  outer loop
    vertex 481.07282328720413 -2136.1693488451215 98.75000118253321
    vertex 481.3112012724563 -2141.1693489202357 99.06066137349451
    vertex 481.0728233385595 -2141.1693489238755 98.75000120171467
  endloop
endfacet
facet normal 0.7933533402911961 5.813225558332679e-09 -0.6087614290087717
  outer loop
    vertex 481.3112012724563 -2141.1693489202357 99.06066137349451
    vertex 481.07282328720413 -2136.1693488451215 98.75000118253321
    vertex 481.31120122110093 -2136.1693488414817 99.06066135431303
  endloop
endfacet
facet normal 0.7933533402911961 1.0484000454750562e-08 0.6087614290087716
  outer loop
    vertex 481.3112012724563 -2141.1693489283734 96.93934102993484
    vertex 481.07282328720413 -2136.1693488508763 97.2500011825332
    vertex 481.0728233385595 -2141.1693489296304 97.25000120171465
  endloop
endfacet
facet normal 0.7933533402911961 1.0484000454750562e-08 0.6087614290087716
  outer loop
    vertex 481.07282328720413 -2136.1693488508763 97.2500011825332
    vertex 481.3112012724563 -2141.1693489283734 96.93934102993484
    vertex 481.31120122110093 -2136.1693488496194 96.93934101075335
  endloop
endfacet
facet normal 0.9914448613738043 1.0683967975399665e-08 0.1305261922200984
  outer loop
    vertex 480.92297265344723 -2136.1693488510273 97.6117726148794
    vertex 480.87186144423606 -2141.169348928817 98.00000120171467
    vertex 480.92297270480253 -2141.1693489297813 97.61177263406088
  endloop
endfacet
facet normal 0.9914448613738043 1.0683967975399665e-08 0.1305261922200984
  outer loop
    vertex 480.87186144423606 -2141.169348928817 98.00000120171467
    vertex 480.92297265344723 -2136.1693488510273 97.6117726148794
    vertex 480.8718613928807 -2136.169348850063 98.00000118253321
  endloop
endfacet
facet normal -0.9914448613738039 -1.0683967975399668e-08 -0.13052619222010026
  outer loop
    vertex 483.82075018366976 -2141.169348897039 98.38822976936845
    vertex 483.87186139288076 -2136.1693488192495 98.00000118253321
    vertex 483.87186144423606 -2141.1693488980036 98.00000120171467
  endloop
endfacet
facet normal -0.9914448613738039 -1.0683967975399668e-08 -0.13052619222010026
  outer loop
    vertex 483.87186139288076 -2136.1693488192495 98.00000118253321
    vertex 483.82075018366976 -2141.169348897039 98.38822976936845
    vertex 483.8207501323144 -2136.169348818285 98.38822975018698
  endloop
endfacet
facet normal 0.9238795325113007 1.0957346751703637e-08 0.38268343236505625
  outer loop
    vertex 481.0728233385595 -2141.1693489296304 97.25000120171465
    vertex 480.92297265344723 -2136.1693488510273 97.6117726148794
    vertex 480.92297270480253 -2141.1693489297813 97.61177263406088
  endloop
endfacet
facet normal 0.9238795325113007 1.0957346751703637e-08 0.38268343236505625
  outer loop
    vertex 480.92297265344723 -2136.1693488510273 97.6117726148794
    vertex 481.0728233385595 -2141.1693489296304 97.25000120171465
    vertex 481.07282328720413 -2136.1693488508763 97.2500011825332
  endloop
endfacet
facet normal 5.242724661228154e-09 -1.0 3.6817783294560294e-09
  outer loop
    vertex 469.7468618526476 -2147.169348805162 100.50000124932176
    vertex 436.49686184125255 -2147.169348991827 95.0000011978716
    vertex 469.7468618163882 -2147.169348799284 95.00000090795847
  endloop
endfacet
facet normal 5.242724661228154e-09 -1.0 3.6817783294560294e-09
  outer loop
    vertex 436.49686184125255 -2147.169348991827 95.0000011978716
    vertex 469.7468618526476 -2147.169348805162 100.50000124932176
    vertex 436.4968618558929 -2147.1693489535237 100.50000152818953
  endloop
endfacet
facet normal -0.7933533402911961 -5.813225558332679e-09 0.6087614290087717
  outer loop
    vertex 483.6708995499128 -2141.1693489029453 97.25000120171465
    vertex 483.43252156466053 -2136.169348827831 96.93934101075335
    vertex 483.4325216160159 -2141.169348906585 96.93934102993484
  endloop
endfacet
facet normal -0.7933533402911961 -5.813225558332679e-09 0.6087614290087717
  outer loop
    vertex 483.43252156466053 -2136.169348827831 96.93934101075335
    vertex 483.6708995499128 -2141.1693489029453 97.25000120171465
    vertex 483.6708994985575 -2136.1693488241913 97.2500011825332
  endloop
endfacet
facet normal 0.3826834323651034 3.86307585227461e-10 -0.9238795325112813
  outer loop
    vertex 481.983632825227 -2136.169348833085 99.44888992196682
    vertex 481.62186144423606 -2141.1693489161303 99.29903930739134
    vertex 481.6218613928807 -2136.169348837376 99.29903928820988
  endloop
endfacet
facet normal 0.3826834323651034 3.86307585227461e-10 -0.9238795325112813
  outer loop
    vertex 481.62186144423606 -2141.1693489161303 99.29903930739134
    vertex 481.983632825227 -2136.169348833085 99.44888992196682
    vertex 481.98363287658236 -2141.1693489118393 99.4488899411483
  endloop
endfacet
facet normal -0.3826834323651034 -3.86307585227461e-10 0.9238795325112813
  outer loop
    vertex 482.76009001188993 -2141.169348914981 96.55111246228105
    vertex 483.12186139288076 -2136.1693488319365 96.70096307685654
    vertex 482.76008996053463 -2136.169348836227 96.55111244309958
  endloop
endfacet
facet normal -0.3826834323651034 -3.86307585227461e-10 0.9238795325112813
  outer loop
    vertex 483.12186139288076 -2136.1693488319365 96.70096307685654
    vertex 482.76009001188993 -2141.169348914981 96.55111246228105
    vertex 483.12186144423606 -2141.1693489106906 96.700963096038
  endloop
endfacet
facet normal 4.8584246537635426e-11 -7.212546703963811e-09 1.0
  outer loop
    vertex 389.49686282535936 -2200.1693491988444 104.00000063408227
    vertex 426.49686185794934 -2192.1693486936647 104.00000141204248
    vertex 426.4968618569141 -2187.1693487656757 104.00000141996661
  endloop
endfacet
facet normal 4.8584246537635426e-11 -7.212546703963811e-09 1.0
  outer loop
    vertex 426.49686185794934 -2192.1693486936647 104.00000141204248
    vertex 389.49686282535936 -2200.1693491988444 104.00000063408227
    vertex 478.2468619925789 -2200.1693488864976 104.00000060381038
  endloop
endfacet
facet normal 4.8584246537635426e-11 -7.212546703963811e-09 1.0
  outer loop
    vertex 426.49686185794934 -2192.1693486936647 104.00000141204248
    vertex 478.2468619925789 -2200.1693488864976 104.00000060381038
    vertex 436.4968618527732 -2192.1693486833124 104.00000141549333
  endloop
endfacet
facet normal 4.8584246537635426e-11 -7.212546703963811e-09 1.0
  outer loop
    vertex 436.4968618527732 -2192.1693486833124 104.00000141549333
    vertex 478.2468619925789 -2200.1693488864976 104.00000060381038
    vertex 472.24686182432526 -2195.1693488941073 104.00000106139709
  endloop
endfacet
facet normal 4.8584246537635426e-11 -7.212546703963811e-09 1.0
  outer loop
    vertex 436.4968618527732 -2192.1693486833124 104.00000141549333
    vertex 472.24686182432526 -2195.1693488941073 104.00000106139709
    vertex 436.4968618716196 -2149.1693489077643 104.00000114330288
  endloop
endfacet
facet normal 4.8584246537635426e-11 -7.212546703963811e-09 1.0
  outer loop
    vertex 436.4968618716196 -2149.1693489077643 104.00000114330288
    vertex 472.24686182432526 -2195.1693488941073 104.00000106139709
    vertex 436.4968618716196 -2144.1693489077643 104.00000112857575
  endloop
endfacet
facet normal 4.8584246537635426e-11 -7.212546703963811e-09 1.0
  outer loop
    vertex 472.24686182432526 -2195.1693488941073 104.00000106139709
    vertex 478.2468619925789 -2200.1693488864976 104.00000060381038
    vertex 483.4968603259261 -2195.169348619942 104.00000068761393
  endloop
endfacet
facet normal 4.8584246537635426e-11 -7.212546703963811e-09 1.0
  outer loop
    vertex 483.4968603259261 -2195.169348619942 104.00000068761393
    vertex 478.2468619925789 -2200.1693488864976 104.00000060381038
    vertex 478.24686200457995 -2203.169348887916 104.0000006018942
  endloop
endfacet
facet normal 4.8584246537635426e-11 -7.212546703963811e-09 1.0
  outer loop
    vertex 483.4968603259261 -2195.169348619942 104.00000068761393
    vertex 478.24686200457995 -2203.169348887916 104.0000006018942
    vertex 483.4968603523255 -2203.1693488816213 104.0000005997067
  endloop
endfacet
facet normal 4.8584246537635426e-11 -7.212546703963811e-09 1.0
  outer loop
    vertex 389.49686263365385 -2136.169349372276 104.00000118048105
    vertex 426.4968618716195 -2144.1693489077643 104.00000112857575
    vertex 478.24686177747026 -2136.1693487703837 104.00000129038973
  endloop
endfacet
facet normal 4.8584246537635426e-11 -7.212546703963811e-09 1.0
  outer loop
    vertex 426.4968618716195 -2144.1693489077643 104.00000112857575
    vertex 389.49686263365385 -2136.169349372276 104.00000118048105
    vertex 389.49686282535936 -2200.1693491988444 104.00000063408227
  endloop
endfacet
facet normal 4.8584246537635426e-11 -7.212546703963811e-09 1.0
  outer loop
    vertex 426.4968618716195 -2144.1693489077643 104.00000112857575
    vertex 389.49686282535936 -2200.1693491988444 104.00000063408227
    vertex 426.4968618569141 -2187.1693487656757 104.00000141996661
  endloop
endfacet
facet normal 4.8584246537635426e-11 -7.212546703963811e-09 1.0
  outer loop
    vertex 426.4968618716195 -2144.1693489077643 104.00000112857575
    vertex 426.4968618569141 -2187.1693487656757 104.00000141996661
    vertex 426.4968618716195 -2149.169348966937 104.00000118748427
  endloop
endfacet
facet normal 4.8584246537635426e-11 -7.212546703963811e-09 1.0
  outer loop
    vertex 478.24686177747026 -2136.1693487703837 104.00000129038973
    vertex 426.4968618716195 -2144.1693489077643 104.00000112857575
    vertex 436.4968618716196 -2144.1693489077643 104.00000112857575
  endloop
endfacet
facet normal 4.8584246537635426e-11 -7.212546703963811e-09 1.0
  outer loop
    vertex 478.24686177747026 -2136.1693487703837 104.00000129038973
    vertex 436.4968618716196 -2144.1693489077643 104.00000112857575
    vertex 472.24686182432526 -2141.1693489736485 104.00000106139709
  endloop
endfacet
facet normal 4.8584246537635426e-11 -7.212546703963811e-09 1.0
  outer loop
    vertex 472.24686182432526 -2141.1693489736485 104.00000106139709
    vertex 436.4968618716196 -2144.1693489077643 104.00000112857575
    vertex 472.24686182432526 -2195.1693488941073 104.00000106139709
  endloop
endfacet
facet normal 4.8584246537635426e-11 -7.212546703963811e-09 1.0
  outer loop
    vertex 478.24686177747026 -2136.1693487703837 104.00000129038973
    vertex 472.24686182432526 -2141.1693489736485 104.00000106139709
    vertex 483.49686015199757 -2141.1693490145885 104.00000104612054
  endloop
endfacet
facet normal 4.8584246537635426e-11 -7.212546703963811e-09 1.0
  outer loop
    vertex 478.24686177747026 -2136.1693487703837 104.00000129038973
    vertex 483.49686015199757 -2141.1693490145885 104.00000104612054
    vertex 483.4968601064924 -2133.169348967492 104.00000116933916
  endloop
endfacet
facet normal 4.8584246537635426e-11 -7.212546703963811e-09 1.0
  outer loop
    vertex 483.4968601064924 -2133.169348967492 104.00000116933916
    vertex 478.24686174603676 -2133.169348798923 104.00000108314396
    vertex 478.24686177747026 -2136.1693487703837 104.00000129038973
  endloop
endfacet
facet normal 4.8584246537635426e-11 -7.212546703963811e-09 1.0
  outer loop
    vertex 431.49686185173795 -2187.169348683312 104.00000141651579
    vertex 426.4968618716195 -2149.169348966937 104.00000118748427
    vertex 426.4968618569141 -2187.1693487656757 104.00000141996661
  endloop
endfacet
facet normal 4.8584246537635426e-11 -7.212546703963811e-09 1.0
  outer loop
    vertex 426.4968618716195 -2149.169348966937 104.00000118748427
    vertex 431.49686185173795 -2187.169348683312 104.00000141651579
    vertex 436.4968618716196 -2149.1693489077643 104.00000114330288
  endloop
endfacet
facet normal 4.8584246537635426e-11 -7.212546703963811e-09 1.0
  outer loop
    vertex 436.4968618716196 -2149.1693489077643 104.00000114330288
    vertex 431.49686185173795 -2187.169348683312 104.00000141651579
    vertex 436.49686185173795 -2187.169348683312 104.00000141651579
  endloop
endfacet
facet normal 4.8584246537635426e-11 -7.212546703963811e-09 1.0
  outer loop
    vertex 436.4968618716196 -2149.1693489077643 104.00000114330288
    vertex 436.49686185173795 -2187.169348683312 104.00000141651579
    vertex 436.4968618527732 -2192.1693486833124 104.00000141549333
  endloop
endfacet
facet normal -0.9914448613738038 5.421336932743501e-09 -0.1305261922201019
  outer loop
    vertex 483.8207502095205 -2195.169348327784 98.38822935361185
    vertex 483.87186147905874 -2200.1693488177098 98.00000051013863
    vertex 483.8207502184922 -2200.1693488392175 98.38822907779242
  endloop
endfacet
facet normal -0.9914448613738038 5.421336932743501e-09 -0.1305261922201019
  outer loop
    vertex 483.87186147905874 -2200.1693488177098 98.00000051013863
    vertex 483.8207502095205 -2195.169348327784 98.38822935361185
    vertex 483.871861470087 -2195.169348306276 98.00000078595806
  endloop
endfacet
facet normal -0.38268343236510327 -7.474853478804113e-09 -0.9238795325112813
  outer loop
    vertex 483.12186139288076 -2136.1693488219694 99.29903928820988
    vertex 482.76009001188993 -2141.1693489038644 99.4488899411483
    vertex 482.76008996053463 -2136.1693488251103 99.44888992196682
  endloop
endfacet
facet normal -0.38268343236510327 -7.474853478804113e-09 -0.9238795325112813
  outer loop
    vertex 482.76009001188993 -2141.1693489038644 99.4488899411483
    vertex 483.12186139288076 -2136.1693488219694 99.29903928820988
    vertex 483.12186144423606 -2141.1693489007234 99.29903930739134
  endloop
endfacet
facet normal -0.9238795325113008 -2.276806271650808e-08 0.382683432365055
  outer loop
    vertex 483.8207502095205 -2195.169348284952 97.6117722183043
    vertex 483.6708995847353 -2200.1693487766975 97.25000051013863
    vertex 483.8207502184922 -2200.1693487963853 97.61177194248486
  endloop
endfacet
facet normal -0.9238795325113008 -2.276806271650808e-08 0.382683432365055
  outer loop
    vertex 483.6708995847353 -2200.1693487766975 97.25000051013863
    vertex 483.8207502095205 -2195.169348284952 97.6117722183043
    vertex 483.6708995757636 -2195.1693482652636 97.25000078595806
  endloop
endfacet
facet normal -0.9238795325112987 1.9452544718717265e-08 -0.38268343236506036
  outer loop
    vertex 483.6708995757636 -2195.16934834801 98.75000078595806
    vertex 483.8207502184922 -2200.1693488392175 98.38822907779242
    vertex 483.6708995847353 -2200.1693488594433 98.75000051013862
  endloop
endfacet
facet normal -0.9238795325112987 1.9452544718717265e-08 -0.38268343236506036
  outer loop
    vertex 483.8207502184922 -2200.1693488392175 98.38822907779242
    vertex 483.6708995757636 -2195.16934834801 98.75000078595806
    vertex 483.8207502095205 -2195.169348327784 98.38822935361185
  endloop
endfacet
facet normal 0.9914448613738039 9.682494437663633e-09 -0.13052619222010034
  outer loop
    vertex 480.8718613928807 -2136.169348850063 98.00000118253321
    vertex 480.92297270480253 -2141.1693489268023 98.38822976936845
    vertex 480.87186144423606 -2141.169348928817 98.00000120171467
  endloop
endfacet
facet normal 0.9914448613738039 9.682494437663633e-09 -0.13052619222010034
  outer loop
    vertex 480.92297270480253 -2141.1693489268023 98.38822976936845
    vertex 480.8718613928807 -2136.169348850063 98.00000118253321
    vertex 480.92297265344723 -2136.1693488480487 98.38822975018698
  endloop
endfacet
facet normal -0.9914448613738038 -8.97932600602362e-09 0.1305261922201017
  outer loop
    vertex 483.871861470087 -2195.169348306276 98.00000078595806
    vertex 483.8207502184922 -2200.1693487963853 97.61177194248486
    vertex 483.87186147905874 -2200.1693488177098 98.00000051013863
  endloop
endfacet
facet normal -0.9914448613738038 -8.97932600602362e-09 0.1305261922201017
  outer loop
    vertex 483.8207502184922 -2200.1693487963853 97.61177194248486
    vertex 483.871861470087 -2195.169348306276 98.00000078595806
    vertex 483.8207502095205 -2195.169348284952 97.6117722183043
  endloop
endfacet
facet normal 0.608761429008768 9.29618685243693e-09 0.7933533402911987
  outer loop
    vertex 481.3112012724563 -2141.1693489283734 96.93934102993484
    vertex 481.6218613928807 -2136.1693488473434 96.70096307685652
    vertex 481.31120122110093 -2136.1693488496194 96.93934101075335
  endloop
endfacet
facet normal 0.608761429008768 9.29618685243693e-09 0.7933533402911987
  outer loop
    vertex 481.6218613928807 -2136.1693488473434 96.70096307685652
    vertex 481.3112012724563 -2141.1693489283734 96.93934102993484
    vertex 481.62186144423606 -2141.169348926097 96.700963096038
  endloop
endfacet
facet normal 0.38268343236509095 7.474853478804005e-09 0.9238795325112864
  outer loop
    vertex 481.62186144423606 -2141.169348926097 96.700963096038
    vertex 481.983632825227 -2136.169348844202 96.55111244309958
    vertex 481.6218613928807 -2136.1693488473434 96.70096307685652
  endloop
endfacet
facet normal 0.38268343236509095 7.474853478804005e-09 0.9238795325112864
  outer loop
    vertex 481.983632825227 -2136.169348844202 96.55111244309958
    vertex 481.62186144423606 -2141.169348926097 96.700963096038
    vertex 481.98363287658236 -2141.169348922956 96.55111246228105
  endloop
endfacet
facet normal -0.13052619222005224 2.462825549670716e-09 0.9914448613738104
  outer loop
    vertex 482.37186144423606 -2141.169348919165 96.50000120171464
    vertex 482.76008996053463 -2136.169348836227 96.55111244309958
    vertex 482.3718613928807 -2136.1693488404107 96.50000118253318
  endloop
endfacet
facet normal -0.13052619222005224 2.462825549670716e-09 0.9914448613738104
  outer loop
    vertex 482.76008996053463 -2136.169348836227 96.55111244309958
    vertex 482.37186144423606 -2141.169348919165 96.50000120171464
    vertex 482.76009001188993 -2141.169348914981 96.55111246228105
  endloop
endfacet
facet normal -0.13052619222005218 -5.144121193370351e-09 -0.9914448613738104
  outer loop
    vertex 482.76008996053463 -2136.1693488251103 99.44888992196682
    vertex 482.37186144423606 -2141.169348907656 99.50000120171468
    vertex 482.3718613928807 -2136.169348828902 99.50000118253323
  endloop
endfacet
facet normal -0.13052619222005218 -5.144121193370351e-09 -0.9914448613738104
  outer loop
    vertex 482.37186144423606 -2141.169348907656 99.50000120171468
    vertex 482.76008996053463 -2136.1693488251103 99.44888992196682
    vertex 482.76009001188993 -2141.1693489038644 99.4488899411483
  endloop
endfacet
facet normal -0.7071069270418723 4.459731989755499e-09 0.7071066353311928
  outer loop
    vertex 389.49686282535936 -2200.1693491988444 104.00000063408227
    vertex 386.49686310512885 -2171.1693489214354 101.00000010431899
    vertex 386.4968628392996 -2200.1693492063555 101.00000065449603
  endloop
endfacet
facet normal -0.7071069270418723 4.459731989755499e-09 0.7071066353311928
  outer loop
    vertex 386.49686310512885 -2171.1693489214354 101.00000010431899
    vertex 389.49686282535936 -2200.1693491988444 104.00000063408227
    vertex 389.49686263365385 -2136.169349372276 104.00000118048105
  endloop
endfacet
facet normal -0.7071069270418723 4.459731989755499e-09 0.7071066353311928
  outer loop
    vertex 386.49686310512885 -2171.1693489214354 101.00000010431899
    vertex 389.49686263365385 -2136.169349372276 104.00000118048105
    vertex 386.49686323227075 -2165.169348921435 101.00000001835959
  endloop
endfacet
facet normal -0.7071069270418723 4.459731989755499e-09 0.7071066353311928
  outer loop
    vertex 386.49686323227075 -2165.169348921435 101.00000001835959
    vertex 389.49686263365385 -2136.169349372276 104.00000118048105
    vertex 386.4968643712624 -2136.169349374874 101.00000065372679
  endloop
endfacet
facet normal -0.9238795325113027 -8.021174905080357e-09 0.3826834323650512
  outer loop
    vertex 483.82075018366976 -2141.169348900018 97.61177263406088
    vertex 483.6708994985575 -2136.1693488241913 97.2500011825332
    vertex 483.6708995499128 -2141.1693489029453 97.25000120171465
  endloop
endfacet
facet normal -0.9238795325113027 -8.021174905080357e-09 0.3826834323650512
  outer loop
    vertex 483.6708994985575 -2136.1693488241913 97.2500011825332
    vertex 483.82075018366976 -2141.169348900018 97.61177263406088
    vertex 483.8207501323144 -2136.169348821264 97.61177261487941
  endloop
endfacet
facet normal -0.9999999999999999 2.1190310942068406e-08 -5.22974176111147e-09
  outer loop
    vertex 386.49686310512885 -2171.1693489214354 101.00000010431899
    vertex 386.49686323365677 -2165.1693489273134 100.50000041060983
    vertex 386.4968631065149 -2171.1693489273134 100.50000049656921
  endloop
endfacet
facet normal -0.9999999999999999 2.1190310942068406e-08 -5.22974176111147e-09
  outer loop
    vertex 386.49686323365677 -2165.1693489273134 100.50000041060983
    vertex 386.49686310512885 -2171.1693489214354 101.00000010431899
    vertex 386.49686323227075 -2165.169348921435 101.00000001835959
  endloop
endfacet
facet normal 0.9238795325113027 8.021174905080357e-09 -0.3826834323650512
  outer loop
    vertex 480.92297265344723 -2136.1693488480487 98.38822975018698
    vertex 481.0728233385595 -2141.1693489238755 98.75000120171467
    vertex 480.92297270480253 -2141.1693489268023 98.38822976936845
  endloop
endfacet
facet normal 0.9238795325113027 8.021174905080357e-09 -0.3826834323650512
  outer loop
    vertex 481.0728233385595 -2141.1693489238755 98.75000120171467
    vertex 480.92297265344723 -2136.1693488480487 98.38822975018698
    vertex 481.07282328720413 -2136.1693488451215 98.75000118253321
  endloop
endfacet
facet normal -0.38268343236510366 -5.165144780136815e-08 0.9238795325112795
  outer loop
    vertex 482.76009004671243 -2200.1693487397783 96.55111177070503
    vertex 483.121861470087 -2195.169348235962 96.70096268028142
    vertex 482.7600900377407 -2195.1693482283445 96.55111204652447
  endloop
endfacet
facet normal -0.38268343236510366 -5.165144780136815e-08 0.9238795325112795
  outer loop
    vertex 483.121861470087 -2195.169348235962 96.70096268028142
    vertex 482.76009004671243 -2200.1693487397783 96.55111177070503
    vertex 483.12186147905874 -2200.1693487473954 96.70096240446199
  endloop
endfacet
facet normal 0.13052619222005224 -2.462825549670716e-09 -0.9914448613738104
  outer loop
    vertex 482.3718613928807 -2136.169348828902 99.50000118253323
    vertex 481.98363287658236 -2141.1693489118393 99.4488899411483
    vertex 481.983632825227 -2136.169348833085 99.44888992196682
  endloop
endfacet
facet normal 0.13052619222005224 -2.462825549670716e-09 -0.9914448613738104
  outer loop
    vertex 481.98363287658236 -2141.1693489118393 99.4488899411483
    vertex 482.3718613928807 -2136.169348828902 99.50000118253323
    vertex 482.37186144423606 -2141.169348907656 99.50000120171468
  endloop
endfacet
facet normal -0.6087614290087588 -9.296186852436864e-09 -0.7933533402912057
  outer loop
    vertex 483.43252156466053 -2136.1693488196934 99.06066135431303
    vertex 483.12186144423606 -2141.1693489007234 99.29903930739134
    vertex 483.12186139288076 -2136.1693488219694 99.29903928820988
  endloop
endfacet
facet normal -0.6087614290087588 -9.296186852436864e-09 -0.7933533402912057
  outer loop
    vertex 483.12186144423606 -2141.1693489007234 99.29903930739134
    vertex 483.43252156466053 -2136.1693488196934 99.06066135431303
    vertex 483.4325216160159 -2141.1693488984474 99.06066137349451
  endloop
endfacet
facet normal -0.608761429008759 -3.209114496596061e-09 0.7933533402912059
  outer loop
    vertex 483.12186144423606 -2141.1693489106906 96.700963096038
    vertex 483.43252156466053 -2136.169348827831 96.93934101075335
    vertex 483.12186139288076 -2136.1693488319365 96.70096307685654
  endloop
endfacet
facet normal -0.608761429008759 -3.209114496596061e-09 0.7933533402912059
  outer loop
    vertex 483.43252156466053 -2136.169348827831 96.93934101075335
    vertex 483.12186144423606 -2141.1693489106906 96.700963096038
    vertex 483.4325216160159 -2141.169348906585 96.93934102993484
  endloop
endfacet
facet normal -0.6087614290087596 -4.4856778347649014e-08 0.7933533402912041
  outer loop
    vertex 483.12186147905874 -2200.1693487473954 96.70096240446199
    vertex 483.4325216418668 -2195.1693482485543 96.93934061417825
    vertex 483.121861470087 -2195.169348235962 96.70096268028142
  endloop
endfacet
facet normal -0.6087614290087596 -4.4856778347649014e-08 0.7933533402912041
  outer loop
    vertex 483.4325216418668 -2195.1693482485543 96.93934061417825
    vertex 483.12186147905874 -2200.1693487473954 96.70096240446199
    vertex 483.4325216508385 -2200.169348759988 96.93934033835882
  endloop
endfacet
facet normal -0.793353340291186 -3.500519357887498e-08 0.608761429008784
  outer loop
    vertex 483.6708995757636 -2195.1693482652636 97.25000078595806
    vertex 483.4325216508385 -2200.169348759988 96.93934033835882
    vertex 483.6708995847353 -2200.1693487766975 97.25000051013863
  endloop
endfacet
facet normal -0.793353340291186 -3.500519357887498e-08 0.608761429008784
  outer loop
    vertex 483.4325216508385 -2200.169348759988 96.93934033835882
    vertex 483.6708995757636 -2195.1693482652636 97.25000078595806
    vertex 483.4325216418668 -2195.1693482485543 96.93934061417825
  endloop
endfacet
facet normal 6.6480985208613314e-09 1.0 -1.2461442155799573e-08
  outer loop
    vertex 478.2468617468 -2133.1693489456707 101.00000100682843
    vertex 483.4968601064924 -2133.169348967492 104.00000116933916
    vertex 486.4968610424494 -2133.169348915457 101.00000071471263
  endloop
endfacet
facet normal 6.6480985208613314e-09 1.0 -1.2461442155799573e-08
  outer loop
    vertex 483.4968601064924 -2133.169348967492 104.00000116933916
    vertex 478.2468617468 -2133.1693489456707 101.00000100682843
    vertex 478.24686174603676 -2133.169348798923 104.00000108314396
  endloop
endfacet
facet normal -5.086903342640865e-08 -2.0922993586871386e-08 -0.9999999999999987
  outer loop
    vertex 486.4968610424494 -2133.169348915457 101.00000071471263
    vertex 478.24686177823327 -2136.1693489171316 101.0000012140742
    vertex 478.2468617468 -2133.1693489456707 101.00000100682843
  endloop
endfacet
facet normal -5.086903342640865e-08 -2.0922993586871386e-08 -0.9999999999999987
  outer loop
    vertex 478.24686177823327 -2136.1693489171316 101.0000012140742
    vertex 486.4968610424494 -2133.169348915457 101.00000071471263
    vertex 486.4968610725408 -2136.1693489154572 101.00000066685101
  endloop
endfacet
facet normal -4.97902636415534e-09 2.0488216038881754e-08 -0.9999999999999998
  outer loop
    vertex 478.2468620103895 -2200.1693488375913 101.00000074423008
    vertex 486.49686109021786 -2203.1693488468036 101.00000061322956
    vertex 478.24686200457995 -2203.1693488764668 101.00000061630989
  endloop
endfacet
facet normal -4.97902636415534e-09 2.0488216038881754e-08 -0.9999999999999998
  outer loop
    vertex 486.49686109021786 -2203.1693488468036 101.00000061322956
    vertex 478.2468620103895 -2200.1693488375913 101.00000074423008
    vertex 486.49686110663237 -2200.1693488531337 101.00000066515649
  endloop
endfacet
facet normal -5.303813039136203e-09 1.0 -2.1413373664572545e-09
  outer loop
    vertex 390.6218622300443 -2136.16934920744 96.50000120094748
    vertex 481.983632825227 -2136.169348844202 96.55111244309958
    vertex 482.3718613928807 -2136.1693488404107 96.50000118253318
  endloop
endfacet
facet normal -5.303813039136203e-09 1.0 -2.1413373664572545e-09
  outer loop
    vertex 481.983632825227 -2136.169348844202 96.55111244309958
    vertex 390.6218622300443 -2136.16934920744 96.50000120094748
    vertex 391.01009079769807 -2136.1693492052714 96.55111246151387
  endloop
endfacet
facet normal -5.303813039136203e-09 1.0 -2.1413373664572545e-09
  outer loop
    vertex 481.983632825227 -2136.169348844202 96.55111244309958
    vertex 391.01009079769807 -2136.1693492052714 96.55111246151387
    vertex 481.6218613928807 -2136.1693488473434 96.70096307685652
  endloop
endfacet
facet normal -5.303813039136203e-09 1.0 -2.1413373664572545e-09
  outer loop
    vertex 481.6218613928807 -2136.1693488473434 96.70096307685652
    vertex 391.01009079769807 -2136.1693492052714 96.55111246151387
    vertex 391.3718622300443 -2136.169349203032 96.70096309527081
  endloop
endfacet
facet normal -5.303813039136203e-09 1.0 -2.1413373664572545e-09
  outer loop
    vertex 481.6218613928807 -2136.1693488473434 96.70096307685652
    vertex 391.3718622300443 -2136.169349203032 96.70096309527081
    vertex 481.31120122110093 -2136.1693488496194 96.93934101075335
  endloop
endfacet
facet normal -5.303813039136203e-09 1.0 -2.1413373664572545e-09
  outer loop
    vertex 481.31120122110093 -2136.1693488496194 96.93934101075335
    vertex 391.3718622300443 -2136.169349203032 96.70096309527081
    vertex 391.6825224018241 -2136.169349200874 96.93934102916765
  endloop
endfacet
facet normal -5.303813039136203e-09 1.0 -2.1413373664572545e-09
  outer loop
    vertex 481.31120122110093 -2136.1693488496194 96.93934101075335
    vertex 391.6825224018241 -2136.169349200874 96.93934102916765
    vertex 481.07282328720413 -2136.1693488508763 97.2500011825332
  endloop
endfacet
facet normal -5.303813039136203e-09 1.0 -2.1413373664572545e-09
  outer loop
    vertex 481.07282328720413 -2136.1693488508763 97.2500011825332
    vertex 391.6825224018241 -2136.169349200874 96.93934102916765
    vertex 391.92090033572094 -2136.1693491989445 97.25000120094747
  endloop
endfacet
facet normal -5.303813039136203e-09 1.0 -2.1413373664572545e-09
  outer loop
    vertex 481.07282328720413 -2136.1693488508763 97.2500011825332
    vertex 391.92090033572094 -2136.1693491989445 97.25000120094747
    vertex 480.92297265344723 -2136.1693488510273 97.6117726148794
  endloop
endfacet
facet normal -5.303813039136203e-09 1.0 -2.1413373664572545e-09
  outer loop
    vertex 480.92297265344723 -2136.1693488510273 97.6117726148794
    vertex 391.92090033572094 -2136.1693491989445 97.25000120094747
    vertex 392.0707509694779 -2136.169349197375 97.6117726332937
  endloop
endfacet
facet normal -5.303813039136203e-09 1.0 -2.1413373664572545e-09
  outer loop
    vertex 480.92297265344723 -2136.1693488510273 97.6117726148794
    vertex 392.0707509694779 -2136.169349197375 97.6117726332937
    vertex 480.8718613928807 -2136.169348850063 98.00000118253321
  endloop
endfacet
facet normal -5.303813039136203e-09 1.0 -2.1413373664572545e-09
  outer loop
    vertex 480.8718613928807 -2136.169348850063 98.00000118253321
    vertex 392.0707509694779 -2136.169349197375 97.6117726332937
    vertex 392.1218622300443 -2136.1693491962724 98.00000120094748
  endloop
endfacet
facet normal -5.303813039136203e-09 1.0 -2.1413373664572545e-09
  outer loop
    vertex 480.8718613928807 -2136.169348850063 98.00000118253321
    vertex 392.1218622300443 -2136.1693491962724 98.00000120094748
    vertex 480.92297265344723 -2136.1693488480487 98.38822975018698
  endloop
endfacet
facet normal -5.303813039136203e-09 1.0 -2.1413373664572545e-09
  outer loop
    vertex 480.92297265344723 -2136.1693488480487 98.38822975018698
    vertex 392.1218622300443 -2136.1693491962724 98.00000120094748
    vertex 392.0707509694779 -2136.1693491957126 98.38822976860125
  endloop
endfacet
facet normal -5.303813039136203e-09 1.0 -2.1413373664572545e-09
  outer loop
    vertex 480.92297265344723 -2136.1693488480487 98.38822975018698
    vertex 392.0707509694779 -2136.1693491957126 98.38822976860125
    vertex 481.07282328720413 -2136.1693488451215 98.75000118253321
  endloop
endfacet
facet normal -5.303813039136203e-09 1.0 -2.1413373664572545e-09
  outer loop
    vertex 481.07282328720413 -2136.1693488451215 98.75000118253321
    vertex 392.0707509694779 -2136.1693491957126 98.38822976860125
    vertex 391.92090033572094 -2136.1693491957326 98.75000120094747
  endloop
endfacet
facet normal -5.303813039136203e-09 1.0 -2.1413373664572545e-09
  outer loop
    vertex 481.07282328720413 -2136.1693488451215 98.75000118253321
    vertex 391.92090033572094 -2136.1693491957326 98.75000120094747
    vertex 481.31120122110093 -2136.1693488414817 99.06066135431303
  endloop
endfacet
facet normal -5.303813039136203e-09 1.0 -2.1413373664572545e-09
  outer loop
    vertex 481.31120122110093 -2136.1693488414817 99.06066135431303
    vertex 391.92090033572094 -2136.1693491957326 98.75000120094747
    vertex 391.6825224018241 -2136.169349196332 99.06066137272728
  endloop
endfacet
facet normal -5.303813039136203e-09 1.0 -2.1413373664572545e-09
  outer loop
    vertex 481.31120122110093 -2136.1693488414817 99.06066135431303
    vertex 391.6825224018241 -2136.169349196332 99.06066137272728
    vertex 481.6218613928807 -2136.169348837376 99.29903928820988
  endloop
endfacet
facet normal -5.303813039136203e-09 1.0 -2.1413373664572545e-09
  outer loop
    vertex 481.6218613928807 -2136.169348837376 99.29903928820988
    vertex 391.6825224018241 -2136.169349196332 99.06066137272728
    vertex 391.3718622300443 -2136.1693491974693 99.29903930662412
  endloop
endfacet
facet normal -5.303813039136203e-09 1.0 -2.1413373664572545e-09
  outer loop
    vertex 481.6218613928807 -2136.169348837376 99.29903928820988
    vertex 391.3718622300443 -2136.1693491974693 99.29903930662412
    vertex 481.983632825227 -2136.169348833085 99.44888992196682
  endloop
endfacet
facet normal -5.303813039136203e-09 1.0 -2.1413373664572545e-09
  outer loop
    vertex 481.983632825227 -2136.169348833085 99.44888992196682
    vertex 391.3718622300443 -2136.1693491974693 99.29903930662412
    vertex 391.01009079769807 -2136.1693491990673 99.44888994038106
  endloop
endfacet
facet normal -5.303813039136203e-09 1.0 -2.1413373664572545e-09
  outer loop
    vertex 481.983632825227 -2136.169348833085 99.44888992196682
    vertex 391.01009079769807 -2136.1693491990673 99.44888994038106
    vertex 482.3718613928807 -2136.169348828902 99.50000118253323
  endloop
endfacet
facet normal -5.303813039136203e-09 1.0 -2.1413373664572545e-09
  outer loop
    vertex 482.3718613928807 -2136.169348828902 99.50000118253323
    vertex 391.01009079769807 -2136.1693491990673 99.44888994038106
    vertex 390.6218622300443 -2136.1693492010168 99.50000120094747
  endloop
endfacet
facet normal -5.303813039136203e-09 1.0 -2.1413373664572545e-09
  outer loop
    vertex 386.4968643712624 -2136.1693493493876 95.00000073381378
    vertex 390.6218622300443 -2136.16934920744 96.50000120094748
    vertex 490.49685867755005 -2136.1693488418673 95.00000088903408
  endloop
endfacet
facet normal -5.303813039136203e-09 1.0 -2.1413373664572545e-09
  outer loop
    vertex 390.6218622300443 -2136.16934920744 96.50000120094748
    vertex 386.4968643712624 -2136.1693493493876 95.00000073381378
    vertex 390.2336336623905 -2136.1693492093896 96.55111246151387
  endloop
endfacet
facet normal -5.303813039136203e-09 1.0 -2.1413373664572545e-09
  outer loop
    vertex 390.2336336623905 -2136.1693492093896 96.55111246151387
    vertex 386.4968643712624 -2136.1693493493876 95.00000073381378
    vertex 389.87186223004426 -2136.1693492109875 96.70096309527081
  endloop
endfacet
facet normal -5.303813039136203e-09 1.0 -2.1413373664572545e-09
  outer loop
    vertex 389.87186223004426 -2136.1693492109875 96.70096309527081
    vertex 386.4968643712624 -2136.1693493493876 95.00000073381378
    vertex 389.5612020582645 -2136.169349212125 96.93934102916765
  endloop
endfacet
facet normal -5.303813039136203e-09 1.0 -2.1413373664572545e-09
  outer loop
    vertex 389.5612020582645 -2136.169349212125 96.93934102916765
    vertex 386.4968643712624 -2136.1693493493876 95.00000073381378
    vertex 389.3228241243676 -2136.1693492127242 97.25000120094747
  endloop
endfacet
facet normal -5.303813039136203e-09 1.0 -2.1413373664572545e-09
  outer loop
    vertex 389.3228241243676 -2136.1693492127242 97.25000120094747
    vertex 386.4968643712624 -2136.1693493493876 95.00000073381378
    vertex 386.4968643712624 -2136.169349374874 101.00000065372679
  endloop
endfacet
facet normal -5.303813039136203e-09 1.0 -2.1413373664572545e-09
  outer loop
    vertex 490.49685867755005 -2136.1693488418673 95.00000088903408
    vertex 390.6218622300443 -2136.16934920744 96.50000120094748
    vertex 482.3718613928807 -2136.1693488404107 96.50000118253318
  endloop
endfacet
facet normal -5.303813039136203e-09 1.0 -2.1413373664572545e-09
  outer loop
    vertex 389.3228241243676 -2136.1693492127242 97.25000120094747
    vertex 386.4968643712624 -2136.169349374874 101.00000065372679
    vertex 389.1729734906107 -2136.1693492127442 97.6117726332937
  endloop
endfacet
facet normal -5.303813039136203e-09 1.0 -2.1413373664572545e-09
  outer loop
    vertex 389.1729734906107 -2136.1693492127442 97.6117726332937
    vertex 386.4968643712624 -2136.169349374874 101.00000065372679
    vertex 389.12186223004426 -2136.1693492121844 98.00000120094748
  endloop
endfacet
facet normal -5.303813039136203e-09 1.0 -2.1413373664572545e-09
  outer loop
    vertex 389.12186223004426 -2136.1693492121844 98.00000120094748
    vertex 386.4968643712624 -2136.169349374874 101.00000065372679
    vertex 389.1729734906107 -2136.1693492110817 98.38822976860125
  endloop
endfacet
facet normal -5.303813039136203e-09 1.0 -2.1413373664572545e-09
  outer loop
    vertex 389.1729734906107 -2136.1693492110817 98.38822976860125
    vertex 386.4968643712624 -2136.169349374874 101.00000065372679
    vertex 389.3228241243676 -2136.1693492095123 98.75000120094747
  endloop
endfacet
facet normal -5.303813039136203e-09 1.0 -2.1413373664572545e-09
  outer loop
    vertex 389.3228241243676 -2136.1693492095123 98.75000120094747
    vertex 386.4968643712624 -2136.169349374874 101.00000065372679
    vertex 389.5612020582645 -2136.169349207583 99.06066137272728
  endloop
endfacet
facet normal -5.303813039136203e-09 1.0 -2.1413373664572545e-09
  outer loop
    vertex 389.5612020582645 -2136.169349207583 99.06066137272728
    vertex 386.4968643712624 -2136.169349374874 101.00000065372679
    vertex 389.87186223004426 -2136.1693492054246 99.29903930662412
  endloop
endfacet
facet normal -5.303813039136203e-09 1.0 -2.1413373664572545e-09
  outer loop
    vertex 389.87186223004426 -2136.1693492054246 99.29903930662412
    vertex 386.4968643712624 -2136.169349374874 101.00000065372679
    vertex 390.2336336623905 -2136.1693492031854 99.44888994038108
  endloop
endfacet
facet normal -5.303813039136203e-09 1.0 -2.1413373664572545e-09
  outer loop
    vertex 390.2336336623905 -2136.1693492031854 99.44888994038108
    vertex 386.4968643712624 -2136.169349374874 101.00000065372679
    vertex 390.6218622300443 -2136.1693492010168 99.50000120094747
  endloop
endfacet
facet normal -5.303813039136203e-09 1.0 -2.1413373664572545e-09
  outer loop
    vertex 482.3718613928807 -2136.1693488404107 96.50000118253318
    vertex 490.49685868679734 -2136.169348791799 97.00000119187948
    vertex 490.49685867755005 -2136.1693488418673 95.00000088903408
  endloop
endfacet
facet normal -5.303813039136203e-09 1.0 -2.1413373664572545e-09
  outer loop
    vertex 490.49685868679734 -2136.169348791799 97.00000119187948
    vertex 482.3718613928807 -2136.1693488404107 96.50000118253318
    vertex 482.76008996053463 -2136.169348836227 96.55111244309958
  endloop
endfacet
facet normal -5.303813039136203e-09 1.0 -2.1413373664572545e-09
  outer loop
    vertex 490.49685868679734 -2136.169348791799 97.00000119187948
    vertex 482.76008996053463 -2136.169348836227 96.55111244309958
    vertex 483.12186139288076 -2136.1693488319365 96.70096307685654
  endloop
endfacet
facet normal -5.303813039136203e-09 1.0 -2.1413373664572545e-09
  outer loop
    vertex 490.49685868679734 -2136.169348791799 97.00000119187948
    vertex 483.12186139288076 -2136.1693488319365 96.70096307685654
    vertex 483.43252156466053 -2136.169348827831 96.93934101075335
  endloop
endfacet
facet normal -5.303813039136203e-09 1.0 -2.1413373664572545e-09
  outer loop
    vertex 490.49685868679734 -2136.169348791799 97.00000119187948
    vertex 483.43252156466053 -2136.169348827831 96.93934101075335
    vertex 483.6708994985575 -2136.1693488241913 97.2500011825332
  endloop
endfacet
facet normal -5.303813039136203e-09 1.0 -2.1413373664572545e-09
  outer loop
    vertex 490.49685868679734 -2136.169348791799 97.00000119187948
    vertex 483.6708994985575 -2136.1693488241913 97.2500011825332
    vertex 486.4968610725408 -2136.1693489154572 101.00000066685101
  endloop
endfacet
facet normal -5.303813039136203e-09 1.0 -2.1413373664572545e-09
  outer loop
    vertex 486.4968610725408 -2136.1693489154572 101.00000066685101
    vertex 483.6708994985575 -2136.1693488241913 97.2500011825332
    vertex 483.8207501323144 -2136.169348821264 97.61177261487941
  endloop
endfacet
facet normal -5.303813039136203e-09 1.0 -2.1413373664572545e-09
  outer loop
    vertex 486.4968610725408 -2136.1693489154572 101.00000066685101
    vertex 483.8207501323144 -2136.169348821264 97.61177261487941
    vertex 483.87186139288076 -2136.1693488192495 98.00000118253321
  endloop
endfacet
facet normal -5.303813039136203e-09 1.0 -2.1413373664572545e-09
  outer loop
    vertex 486.4968610725408 -2136.1693489154572 101.00000066685101
    vertex 483.87186139288076 -2136.1693488192495 98.00000118253321
    vertex 483.8207501323144 -2136.169348818285 98.38822975018698
  endloop
endfacet
facet normal -5.303813039136203e-09 1.0 -2.1413373664572545e-09
  outer loop
    vertex 486.4968610725408 -2136.1693489154572 101.00000066685101
    vertex 483.8207501323144 -2136.169348818285 98.38822975018698
    vertex 483.6708994985575 -2136.1693488184364 98.75000118253321
  endloop
endfacet
facet normal -5.303813039136203e-09 1.0 -2.1413373664572545e-09
  outer loop
    vertex 486.4968610725408 -2136.1693489154572 101.00000066685101
    vertex 483.6708994985575 -2136.1693488184364 98.75000118253321
    vertex 483.43252156466053 -2136.1693488196934 99.06066135431303
  endloop
endfacet
facet normal -5.303813039136203e-09 1.0 -2.1413373664572545e-09
  outer loop
    vertex 486.4968610725408 -2136.1693489154572 101.00000066685101
    vertex 483.43252156466053 -2136.1693488196934 99.06066135431303
    vertex 483.12186139288076 -2136.1693488219694 99.29903928820988
  endloop
endfacet
facet normal -5.303813039136203e-09 1.0 -2.1413373664572545e-09
  outer loop
    vertex 486.4968610725408 -2136.1693489154572 101.00000066685101
    vertex 483.12186139288076 -2136.1693488219694 99.29903928820988
    vertex 482.76008996053463 -2136.1693488251103 99.44888992196682
  endloop
endfacet
facet normal -5.303813039136203e-09 1.0 -2.1413373664572545e-09
  outer loop
    vertex 486.4968610725408 -2136.1693489154572 101.00000066685101
    vertex 482.76008996053463 -2136.1693488251103 99.44888992196682
    vertex 482.3718613928807 -2136.169348828902 99.50000118253323
  endloop
endfacet
facet normal -5.303813039136203e-09 1.0 -2.1413373664572545e-09
  outer loop
    vertex 486.4968610725408 -2136.1693489154572 101.00000066685101
    vertex 482.3718613928807 -2136.169348828902 99.50000118253323
    vertex 390.6218622300443 -2136.1693492010168 99.50000120094747
  endloop
endfacet
facet normal -5.303813039136203e-09 1.0 -2.1413373664572545e-09
  outer loop
    vertex 486.4968610725408 -2136.1693489154572 101.00000066685101
    vertex 390.6218622300443 -2136.1693492010168 99.50000120094747
    vertex 386.4968643712624 -2136.169349374874 101.00000065372679
  endloop
endfacet
facet normal -5.303813039136203e-09 1.0 -2.1413373664572545e-09
  outer loop
    vertex 486.4968610725408 -2136.1693489154572 101.00000066685101
    vertex 386.4968643712624 -2136.169349374874 101.00000065372679
    vertex 478.24686177823327 -2136.1693489171316 101.0000012140742
  endloop
endfacet
facet normal -5.303813039136203e-09 1.0 -2.1413373664572545e-09
  outer loop
    vertex 478.24686177823327 -2136.1693489171316 101.0000012140742
    vertex 386.4968643712624 -2136.169349374874 101.00000065372679
    vertex 389.49686263365385 -2136.169349372276 104.00000118048105
  endloop
endfacet
facet normal -5.303813039136203e-09 1.0 -2.1413373664572545e-09
  outer loop
    vertex 478.24686177823327 -2136.1693489171316 101.0000012140742
    vertex 389.49686263365385 -2136.169349372276 104.00000118048105
    vertex 478.24686177747026 -2136.1693487703837 104.00000129038973
  endloop
endfacet
facet normal -1.0 2.4933980923151326e-09 1.0500712395380957e-09
  outer loop
    vertex 469.7468618526476 -2147.169348805162 100.50000124932176
    vertex 469.7468618005144 -2189.1693480417207 95.00000109463629
    vertex 469.7468617648196 -2189.169348050146 100.50000173411419
  endloop
endfacet
facet normal -1.0 2.4933980923151326e-09 1.0500712395380957e-09
  outer loop
    vertex 469.7468618005144 -2189.1693480417207 95.00000109463629
    vertex 469.7468618526476 -2147.169348805162 100.50000124932176
    vertex 469.7468618163882 -2147.169348799284 95.00000090795847
  endloop
endfacet
facet normal 1.0 4.0319911898778397e-10 -5.159107562716735e-09
  outer loop
    vertex 472.2468618274257 -2195.1693474224176 95.00000103159498
    vertex 472.24686182432526 -2141.1693489736485 104.00000106139709
    vertex 472.24686182432526 -2195.1693488941073 104.00000106139709
  endloop
endfacet
facet normal 1.0 4.0319911898778397e-10 -5.159107562716735e-09
  outer loop
    vertex 472.24686182432526 -2141.1693489736485 104.00000106139709
    vertex 472.2468618274257 -2195.1693474224176 95.00000103159498
    vertex 472.2468617268391 -2141.1693494014335 95.00000095103513
  endloop
endfacet
facet normal 0.38268343236510394 -5.027811528039096e-08 0.9238795325112797
  outer loop
    vertex 481.62186147905874 -2200.169348750087 96.70096240446199
    vertex 481.9836329024331 -2195.169348229738 96.55111204652447
    vertex 481.62186147008697 -2195.1693482386536 96.70096268028142
  endloop
endfacet
facet normal 0.38268343236510394 -5.027811528039096e-08 0.9238795325112797
  outer loop
    vertex 481.9836329024331 -2195.169348229738 96.55111204652447
    vertex 481.62186147905874 -2200.169348750087 96.70096240446199
    vertex 481.9836329114048 -2200.1693487411717 96.55111177070503
  endloop
endfacet
facet normal 0.9914448613738038 -5.421336932743501e-09 0.1305261922201019
  outer loop
    vertex 480.92297273962504 -2200.169348801585 97.61177194248486
    vertex 480.87186147008697 -2195.169348311659 98.00000078595806
    vertex 480.8718614790587 -2200.169348823093 98.00000051013863
  endloop
endfacet
facet normal 0.9914448613738038 -5.421336932743501e-09 0.1305261922201019
  outer loop
    vertex 480.87186147008697 -2195.169348311659 98.00000078595806
    vertex 480.92297273962504 -2200.169348801585 97.61177194248486
    vertex 480.92297273065327 -2195.1693482901514 97.6117722183043
  endloop
endfacet
facet normal 0.9914448613738038 8.97932600602362e-09 -0.1305261922201017
  outer loop
    vertex 480.8718614790587 -2200.169348823093 98.00000051013863
    vertex 480.92297273065327 -2195.169348332983 98.38822935361185
    vertex 480.92297273962504 -2200.169348844417 98.38822907779242
  endloop
endfacet
facet normal 0.9914448613738038 8.97932600602362e-09 -0.1305261922201017
  outer loop
    vertex 480.92297273065327 -2195.169348332983 98.38822935361185
    vertex 480.8718614790587 -2200.169348823093 98.00000051013863
    vertex 480.87186147008697 -2195.169348311659 98.00000078595806
  endloop
endfacet
facet normal 0.6087614290087596 -4.267212179534586e-08 0.7933533402912041
  outer loop
    vertex 481.3112013072789 -2200.1693487637945 96.93934033835882
    vertex 481.62186147008697 -2195.1693482386536 96.70096268028142
    vertex 481.3112012983072 -2195.1693482523606 96.93934061417825
  endloop
endfacet
facet normal 0.6087614290087596 -4.267212179534586e-08 0.7933533402912041
  outer loop
    vertex 481.62186147008697 -2195.1693482386536 96.70096268028142
    vertex 481.3112013072789 -2200.1693487637945 96.93934033835882
    vertex 481.62186147905874 -2200.169348750087 96.70096240446199
  endloop
endfacet
facet normal 0.9238795325112987 -1.9452544718717265e-08 0.38268343236506036
  outer loop
    vertex 481.07282337338194 -2200.169348781359 97.25000051013863
    vertex 480.92297273065327 -2195.1693482901514 97.6117722183043
    vertex 480.92297273962504 -2200.169348801585 97.61177194248486
  endloop
endfacet
facet normal 0.9238795325112987 -1.9452544718717265e-08 0.38268343236506036
  outer loop
    vertex 480.92297273065327 -2195.1693482901514 97.6117722183043
    vertex 481.07282337338194 -2200.169348781359 97.25000051013863
    vertex 481.0728233644102 -2195.1693482699256 97.25000078595806
  endloop
endfacet
facet normal -0.13052619222003822 -5.4926156445476486e-08 0.9914448613738108
  outer loop
    vertex 482.37186147905874 -2200.1693487376556 96.50000051013863
    vertex 482.7600900377407 -2195.1693482283445 96.55111204652447
    vertex 482.37186147008697 -2195.1693482262217 96.50000078595808
  endloop
endfacet
facet normal -0.13052619222003822 -5.4926156445476486e-08 0.9914448613738108
  outer loop
    vertex 482.7600900377407 -2195.1693482283445 96.55111204652447
    vertex 482.37186147905874 -2200.1693487376556 96.50000051013863
    vertex 482.76009004671243 -2200.1693487397783 96.55111177070503
  endloop
endfacet
facet normal 4.2697232298784046e-09 -1.0 -1.2059352849664856e-08
  outer loop
    vertex 490.49686201073126 -2200.1693486765716 97.00000104566068
    vertex 482.37186147905874 -2200.1693487376556 96.50000051013863
    vertex 490.496862001484 -2200.1693487266393 95.00000074281527
  endloop
endfacet
facet normal 4.2697232298784046e-09 -1.0 -1.2059352849664856e-08
  outer loop
    vertex 482.37186147905874 -2200.1693487376556 96.50000051013863
    vertex 490.49686201073126 -2200.1693486765716 97.00000104566068
    vertex 482.76009004671243 -2200.1693487397783 96.55111177070503
  endloop
endfacet
facet normal 4.2697232298784046e-09 -1.0 -1.2059352849664856e-08
  outer loop
    vertex 482.76009004671243 -2200.1693487397783 96.55111177070503
    vertex 490.49686201073126 -2200.1693486765716 97.00000104566068
    vertex 483.12186147905874 -2200.1693487473954 96.70096240446199
  endloop
endfacet
facet normal 4.2697232298784046e-09 -1.0 -1.2059352849664856e-08
  outer loop
    vertex 483.12186147905874 -2200.1693487473954 96.70096240446199
    vertex 490.49686201073126 -2200.1693486765716 97.00000104566068
    vertex 483.4325216508385 -2200.169348759988 96.93934033835882
  endloop
endfacet
facet normal 4.2697232298784046e-09 -1.0 -1.2059352849664856e-08
  outer loop
    vertex 483.4325216508385 -2200.169348759988 96.93934033835882
    vertex 490.49686201073126 -2200.1693486765716 97.00000104566068
    vertex 483.6708995847353 -2200.1693487766975 97.25000051013863
  endloop
endfacet
facet normal 4.2697232298784046e-09 -1.0 -1.2059352849664856e-08
  outer loop
    vertex 483.6708995847353 -2200.1693487766975 97.25000051013863
    vertex 490.49686201073126 -2200.1693486765716 97.00000104566068
    vertex 486.49686110663237 -2200.1693488531337 101.00000066515649
  endloop
endfacet
facet normal 4.2697232298784046e-09 -1.0 -1.2059352849664856e-08
  outer loop
    vertex 483.6708995847353 -2200.1693487766975 97.25000051013863
    vertex 486.49686110663237 -2200.1693488531337 101.00000066515649
    vertex 483.8207502184922 -2200.1693487963853 97.61177194248486
  endloop
endfacet
facet normal 4.2697232298784046e-09 -1.0 -1.2059352849664856e-08
  outer loop
    vertex 483.8207502184922 -2200.1693487963853 97.61177194248486
    vertex 486.49686110663237 -2200.1693488531337 101.00000066515649
    vertex 483.87186147905874 -2200.1693488177098 98.00000051013863
  endloop
endfacet
facet normal 4.2697232298784046e-09 -1.0 -1.2059352849664856e-08
  outer loop
    vertex 483.87186147905874 -2200.1693488177098 98.00000051013863
    vertex 486.49686110663237 -2200.1693488531337 101.00000066515649
    vertex 483.8207502184922 -2200.1693488392175 98.38822907779242
  endloop
endfacet
facet normal 4.2697232298784046e-09 -1.0 -1.2059352849664856e-08
  outer loop
    vertex 483.8207502184922 -2200.1693488392175 98.38822907779242
    vertex 486.49686110663237 -2200.1693488531337 101.00000066515649
    vertex 483.6708995847353 -2200.1693488594433 98.75000051013862
  endloop
endfacet
facet normal 4.2697232298784046e-09 -1.0 -1.2059352849664856e-08
  outer loop
    vertex 483.6708995847353 -2200.1693488594433 98.75000051013862
    vertex 486.49686110663237 -2200.1693488531337 101.00000066515649
    vertex 483.4325216508385 -2200.1693488770084 99.06066068191843
  endloop
endfacet
facet normal 4.2697232298784046e-09 -1.0 -1.2059352849664856e-08
  outer loop
    vertex 483.4325216508385 -2200.1693488770084 99.06066068191843
    vertex 486.49686110663237 -2200.1693488531337 101.00000066515649
    vertex 483.12186147905874 -2200.1693488907154 99.29903861581529
  endloop
endfacet
facet normal 4.2697232298784046e-09 -1.0 -1.2059352849664856e-08
  outer loop
    vertex 483.12186147905874 -2200.1693488907154 99.29903861581529
    vertex 486.49686110663237 -2200.1693488531337 101.00000066515649
    vertex 482.76009004671243 -2200.169348899631 99.44888924957223
  endloop
endfacet
facet normal 4.2697232298784046e-09 -1.0 -1.2059352849664856e-08
  outer loop
    vertex 482.76009004671243 -2200.169348899631 99.44888924957223
    vertex 486.49686110663237 -2200.1693488531337 101.00000066515649
    vertex 482.37186147905874 -2200.1693489031472 99.50000051013862
  endloop
endfacet
facet normal 4.2697232298784046e-09 -1.0 -1.2059352849664856e-08
  outer loop
    vertex 482.37186147905874 -2200.1693489031472 99.50000051013862
    vertex 486.49686110663237 -2200.1693488531337 101.00000066515649
    vertex 390.6218625694899 -2200.169349223073 99.50000133798315
  endloop
endfacet
facet normal 4.2697232298784046e-09 -1.0 -1.2059352849664856e-08
  outer loop
    vertex 390.6218625694899 -2200.169349223073 99.50000133798315
    vertex 486.49686110663237 -2200.1693488531337 101.00000066515649
    vertex 386.4968628392996 -2200.1693492063555 101.00000065449603
  endloop
endfacet
facet normal 4.2697232298784046e-09 -1.0 -1.2059352849664856e-08
  outer loop
    vertex 386.4968628392996 -2200.1693492063555 101.00000065449603
    vertex 486.49686110663237 -2200.1693488531337 101.00000066515649
    vertex 478.2468620103895 -2200.1693488375913 101.00000074423008
  endloop
endfacet
facet normal 4.2697232298784046e-09 -1.0 -1.2059352849664856e-08
  outer loop
    vertex 386.4968628392996 -2200.1693492063555 101.00000065449603
    vertex 478.2468620103895 -2200.1693488375913 101.00000074423008
    vertex 389.49686282535936 -2200.1693491988444 104.00000063408227
  endloop
endfacet
facet normal 4.2697232298784046e-09 -1.0 -1.2059352849664856e-08
  outer loop
    vertex 389.49686282535936 -2200.1693491988444 104.00000063408227
    vertex 478.2468620103895 -2200.1693488375913 101.00000074423008
    vertex 478.2468619925789 -2200.1693488864976 104.00000060381038
  endloop
endfacet
facet normal 4.2697232298784046e-09 -1.0 -1.2059352849664856e-08
  outer loop
    vertex 386.4968628392996 -2200.169349180869 95.00000073458303
    vertex 389.3228244638133 -2200.169349234781 97.25000133798315
    vertex 386.4968628392996 -2200.1693492063555 101.00000065449603
  endloop
endfacet
facet normal 4.2697232298784046e-09 -1.0 -1.2059352849664856e-08
  outer loop
    vertex 389.3228244638133 -2200.169349234781 97.25000133798315
    vertex 386.4968628392996 -2200.169349180869 95.00000073458303
    vertex 389.56120239771013 -2200.1693492341815 96.93934116620333
  endloop
endfacet
facet normal 4.2697232298784046e-09 -1.0 -1.2059352849664856e-08
  outer loop
    vertex 389.56120239771013 -2200.1693492341815 96.93934116620333
    vertex 386.4968628392996 -2200.169349180869 95.00000073458303
    vertex 389.8718625694899 -2200.169349233044 96.70096323230649
  endloop
endfacet
facet normal 4.2697232298784046e-09 -1.0 -1.2059352849664856e-08
  outer loop
    vertex 389.8718625694899 -2200.169349233044 96.70096323230649
    vertex 386.4968628392996 -2200.169349180869 95.00000073458303
    vertex 390.23363400183615 -2200.169349231446 96.55111259854955
  endloop
endfacet
facet normal 4.2697232298784046e-09 -1.0 -1.2059352849664856e-08
  outer loop
    vertex 390.23363400183615 -2200.169349231446 96.55111259854955
    vertex 386.4968628392996 -2200.169349180869 95.00000073458303
    vertex 390.6218625694899 -2200.1693492294967 96.50000133798316
  endloop
endfacet
facet normal 4.2697232298784046e-09 -1.0 -1.2059352849664856e-08
  outer loop
    vertex 390.6218625694899 -2200.1693492294967 96.50000133798316
    vertex 386.4968628392996 -2200.169349180869 95.00000073458303
    vertex 490.496862001484 -2200.1693487266393 95.00000074281527
  endloop
endfacet
facet normal 4.2697232298784046e-09 -1.0 -1.2059352849664856e-08
  outer loop
    vertex 390.6218625694899 -2200.1693492294967 96.50000133798316
    vertex 490.496862001484 -2200.1693487266393 95.00000074281527
    vertex 482.37186147905874 -2200.1693487376556 96.50000051013863
  endloop
endfacet
facet normal 4.2697232298784046e-09 -1.0 -1.2059352849664856e-08
  outer loop
    vertex 386.4968628392996 -2200.1693492063555 101.00000065449603
    vertex 389.3228244638133 -2200.169349234781 97.25000133798315
    vertex 389.1729738300563 -2200.169349234801 97.61177277032938
  endloop
endfacet
facet normal 4.2697232298784046e-09 -1.0 -1.2059352849664856e-08
  outer loop
    vertex 386.4968628392996 -2200.1693492063555 101.00000065449603
    vertex 389.1729738300563 -2200.169349234801 97.61177277032938
    vertex 389.1218625694899 -2200.1693492342406 98.00000133798316
  endloop
endfacet
facet normal 4.2697232298784046e-09 -1.0 -1.2059352849664856e-08
  outer loop
    vertex 386.4968628392996 -2200.1693492063555 101.00000065449603
    vertex 389.1218625694899 -2200.1693492342406 98.00000133798316
    vertex 389.1729738300563 -2200.1693492331383 98.38822990563693
  endloop
endfacet
facet normal 4.2697232298784046e-09 -1.0 -1.2059352849664856e-08
  outer loop
    vertex 386.4968628392996 -2200.1693492063555 101.00000065449603
    vertex 389.1729738300563 -2200.1693492331383 98.38822990563693
    vertex 389.3228244638133 -2200.169349231569 98.75000133798315
  endloop
endfacet
facet normal 4.2697232298784046e-09 -1.0 -1.2059352849664856e-08
  outer loop
    vertex 386.4968628392996 -2200.1693492063555 101.00000065449603
    vertex 389.3228244638133 -2200.169349231569 98.75000133798315
    vertex 389.56120239771013 -2200.169349229639 99.06066150976297
  endloop
endfacet
facet normal 4.2697232298784046e-09 -1.0 -1.2059352849664856e-08
  outer loop
    vertex 386.4968628392996 -2200.1693492063555 101.00000065449603
    vertex 389.56120239771013 -2200.169349229639 99.06066150976297
    vertex 389.8718625694899 -2200.1693492274812 99.29903944365981
  endloop
endfacet
facet normal 4.2697232298784046e-09 -1.0 -1.2059352849664856e-08
  outer loop
    vertex 386.4968628392996 -2200.1693492063555 101.00000065449603
    vertex 389.8718625694899 -2200.1693492274812 99.29903944365981
    vertex 390.23363400183615 -2200.1693492252416 99.44889007741676
  endloop
endfacet
facet normal 4.2697232298784046e-09 -1.0 -1.2059352849664856e-08
  outer loop
    vertex 386.4968628392996 -2200.1693492063555 101.00000065449603
    vertex 390.23363400183615 -2200.1693492252416 99.44889007741676
    vertex 390.6218625694899 -2200.169349223073 99.50000133798315
  endloop
endfacet
facet normal 4.2697232298784046e-09 -1.0 -1.2059352849664856e-08
  outer loop
    vertex 481.9836329114048 -2200.1693487411717 96.55111177070503
    vertex 390.6218625694899 -2200.1693492294967 96.50000133798316
    vertex 482.37186147905874 -2200.1693487376556 96.50000051013863
  endloop
endfacet
facet normal 4.2697232298784046e-09 -1.0 -1.2059352849664856e-08
  outer loop
    vertex 390.6218625694899 -2200.1693492294967 96.50000133798316
    vertex 481.9836329114048 -2200.1693487411717 96.55111177070503
    vertex 391.0100911371437 -2200.169349227328 96.55111259854955
  endloop
endfacet
facet normal 4.2697232298784046e-09 -1.0 -1.2059352849664856e-08
  outer loop
    vertex 391.0100911371437 -2200.169349227328 96.55111259854955
    vertex 481.9836329114048 -2200.1693487411717 96.55111177070503
    vertex 481.62186147905874 -2200.169348750087 96.70096240446199
  endloop
endfacet
facet normal 4.2697232298784046e-09 -1.0 -1.2059352849664856e-08
  outer loop
    vertex 391.0100911371437 -2200.169349227328 96.55111259854955
    vertex 481.62186147905874 -2200.169348750087 96.70096240446199
    vertex 391.37186256948996 -2200.169349225089 96.70096323230649
  endloop
endfacet
facet normal 4.2697232298784046e-09 -1.0 -1.2059352849664856e-08
  outer loop
    vertex 391.37186256948996 -2200.169349225089 96.70096323230649
    vertex 481.62186147905874 -2200.169348750087 96.70096240446199
    vertex 481.3112013072789 -2200.1693487637945 96.93934033835882
  endloop
endfacet
facet normal 4.2697232298784046e-09 -1.0 -1.2059352849664856e-08
  outer loop
    vertex 391.37186256948996 -2200.169349225089 96.70096323230649
    vertex 481.3112013072789 -2200.1693487637945 96.93934033835882
    vertex 391.68252274126974 -2200.1693492229306 96.93934116620333
  endloop
endfacet
facet normal 4.2697232298784046e-09 -1.0 -1.2059352849664856e-08
  outer loop
    vertex 391.68252274126974 -2200.1693492229306 96.93934116620333
    vertex 481.3112013072789 -2200.1693487637945 96.93934033835882
    vertex 481.07282337338194 -2200.169348781359 97.25000051013863
  endloop
endfacet
facet normal 4.2697232298784046e-09 -1.0 -1.2059352849664856e-08
  outer loop
    vertex 391.68252274126974 -2200.1693492229306 96.93934116620333
    vertex 481.07282337338194 -2200.169348781359 97.25000051013863
    vertex 391.9209006751666 -2200.1693492210006 97.25000133798315
  endloop
endfacet
facet normal 4.2697232298784046e-09 -1.0 -1.2059352849664856e-08
  outer loop
    vertex 391.9209006751666 -2200.1693492210006 97.25000133798315
    vertex 481.07282337338194 -2200.169348781359 97.25000051013863
    vertex 480.92297273962504 -2200.169348801585 97.61177194248486
  endloop
endfacet
facet normal 4.2697232298784046e-09 -1.0 -1.2059352849664856e-08
  outer loop
    vertex 391.9209006751666 -2200.1693492210006 97.25000133798315
    vertex 480.92297273962504 -2200.169348801585 97.61177194248486
    vertex 392.07075130892355 -2200.1693492194313 97.61177277032938
  endloop
endfacet
facet normal 4.2697232298784046e-09 -1.0 -1.2059352849664856e-08
  outer loop
    vertex 392.07075130892355 -2200.1693492194313 97.61177277032938
    vertex 480.92297273962504 -2200.169348801585 97.61177194248486
    vertex 480.8718614790587 -2200.169348823093 98.00000051013863
  endloop
endfacet
facet normal 4.2697232298784046e-09 -1.0 -1.2059352849664856e-08
  outer loop
    vertex 392.07075130892355 -2200.1693492194313 97.61177277032938
    vertex 480.8718614790587 -2200.169348823093 98.00000051013863
    vertex 392.12186256948996 -2200.169349218329 98.00000133798316
  endloop
endfacet
facet normal 4.2697232298784046e-09 -1.0 -1.2059352849664856e-08
  outer loop
    vertex 392.12186256948996 -2200.169349218329 98.00000133798316
    vertex 480.8718614790587 -2200.169348823093 98.00000051013863
    vertex 480.92297273962504 -2200.169348844417 98.38822907779242
  endloop
endfacet
facet normal 4.2697232298784046e-09 -1.0 -1.2059352849664856e-08
  outer loop
    vertex 392.12186256948996 -2200.169349218329 98.00000133798316
    vertex 480.92297273962504 -2200.169348844417 98.38822907779242
    vertex 392.07075130892355 -2200.1693492177687 98.38822990563693
  endloop
endfacet
facet normal 4.2697232298784046e-09 -1.0 -1.2059352849664856e-08
  outer loop
    vertex 392.07075130892355 -2200.1693492177687 98.38822990563693
    vertex 480.92297273962504 -2200.169348844417 98.38822907779242
    vertex 481.07282337338194 -2200.1693488641054 98.75000051013862
  endloop
endfacet
facet normal 4.2697232298784046e-09 -1.0 -1.2059352849664856e-08
  outer loop
    vertex 392.07075130892355 -2200.1693492177687 98.38822990563693
    vertex 481.07282337338194 -2200.1693488641054 98.75000051013862
    vertex 391.9209006751666 -2200.169349217789 98.75000133798315
  endloop
endfacet
facet normal 4.2697232298784046e-09 -1.0 -1.2059352849664856e-08
  outer loop
    vertex 391.9209006751666 -2200.169349217789 98.75000133798315
    vertex 481.07282337338194 -2200.1693488641054 98.75000051013862
    vertex 481.3112013072789 -2200.1693488808146 99.06066068191845
  endloop
endfacet
facet normal 4.2697232298784046e-09 -1.0 -1.2059352849664856e-08
  outer loop
    vertex 391.9209006751666 -2200.169349217789 98.75000133798315
    vertex 481.3112013072789 -2200.1693488808146 99.06066068191845
    vertex 391.68252274126974 -2200.169349218388 99.06066150976297
  endloop
endfacet
facet normal 4.2697232298784046e-09 -1.0 -1.2059352849664856e-08
  outer loop
    vertex 391.68252274126974 -2200.169349218388 99.06066150976297
    vertex 481.3112013072789 -2200.1693488808146 99.06066068191845
    vertex 481.62186147905874 -2200.169348893407 99.29903861581529
  endloop
endfacet
facet normal 4.2697232298784046e-09 -1.0 -1.2059352849664856e-08
  outer loop
    vertex 391.68252274126974 -2200.169349218388 99.06066150976297
    vertex 481.62186147905874 -2200.169348893407 99.29903861581529
    vertex 391.37186256948996 -2200.1693492195254 99.29903944365981
  endloop
endfacet
facet normal 4.2697232298784046e-09 -1.0 -1.2059352849664856e-08
  outer loop
    vertex 391.37186256948996 -2200.1693492195254 99.29903944365981
    vertex 481.62186147905874 -2200.169348893407 99.29903861581529
    vertex 481.9836329114048 -2200.1693489010245 99.44888924957223
  endloop
endfacet
facet normal 4.2697232298784046e-09 -1.0 -1.2059352849664856e-08
  outer loop
    vertex 391.37186256948996 -2200.1693492195254 99.29903944365981
    vertex 481.9836329114048 -2200.1693489010245 99.44888924957223
    vertex 391.0100911371437 -2200.1693492211234 99.44889007741675
  endloop
endfacet
facet normal 4.2697232298784046e-09 -1.0 -1.2059352849664856e-08
  outer loop
    vertex 391.0100911371437 -2200.1693492211234 99.44889007741675
    vertex 481.9836329114048 -2200.1693489010245 99.44888924957223
    vertex 482.37186147905874 -2200.1693489031472 99.50000051013862
  endloop
endfacet
facet normal 4.2697232298784046e-09 -1.0 -1.2059352849664856e-08
  outer loop
    vertex 391.0100911371437 -2200.1693492211234 99.44889007741675
    vertex 482.37186147905874 -2200.1693489031472 99.50000051013862
    vertex 390.6218625694899 -2200.169349223073 99.50000133798315
  endloop
endfacet
facet normal -1.0 -1.78106369887839e-09 -2.968439630011785e-09
  outer loop
    vertex 478.2468619925789 -2200.1693488864976 104.00000060381038
    vertex 478.24686200457995 -2203.1693488764668 101.00000061630989
    vertex 478.24686200457995 -2203.169348887916 104.0000006018942
  endloop
endfacet
facet normal -1.0 -1.78106369887839e-09 -2.968439630011785e-09
  outer loop
    vertex 478.24686200457995 -2203.1693488764668 101.00000061630989
    vertex 478.2468619925789 -2200.1693488864976 104.00000060381038
    vertex 478.2468620103895 -2200.1693488375913 101.00000074423008
  endloop
endfacet
facet normal -1.0 -3.62744248559692e-09 -2.543833525465865e-10
  outer loop
    vertex 478.24686177747026 -2136.1693487703837 104.00000129038973
    vertex 478.2468617468 -2133.1693489456707 101.00000100682843
    vertex 478.24686177823327 -2136.1693489171316 101.0000012140742
  endloop
endfacet
facet normal -1.0 -3.62744248559692e-09 -2.543833525465865e-10
  outer loop
    vertex 478.2468617468 -2133.1693489456707 101.00000100682843
    vertex 478.24686177747026 -2136.1693487703837 104.00000129038973
    vertex 478.24686174603676 -2133.169348798923 104.00000108314396
  endloop
endfacet
facet normal 0.707106845766612 -4.190391213580523e-08 0.7071067166064758
  outer loop
    vertex 490.49685868679734 -2136.169348791799 97.00000119187948
    vertex 486.4968610725408 -2136.1693489154572 101.00000066685101
    vertex 490.49685896048135 -2141.169348893605 97.00000093527917
  endloop
endfacet
facet normal 0.707106845766612 -4.190391213580523e-08 0.7071067166064758
  outer loop
    vertex 490.49685896048135 -2141.169348893605 97.00000093527917
    vertex 483.4968601064924 -2133.169348967492 104.00000116933916
    vertex 483.49686015199757 -2141.1693490145885 104.00000104612054
  endloop
endfacet
facet normal 0.707106845766612 -4.190391213580523e-08 0.7071067166064758
  outer loop
    vertex 483.4968601064924 -2133.169348967492 104.00000116933916
    vertex 490.49685896048135 -2141.169348893605 97.00000093527917
    vertex 486.4968610725408 -2136.1693489154572 101.00000066685101
  endloop
endfacet
facet normal 0.707106845766612 -4.190391213580523e-08 0.7071067166064758
  outer loop
    vertex 483.4968601064924 -2133.169348967492 104.00000116933916
    vertex 486.4968610725408 -2136.1693489154572 101.00000066685101
    vertex 486.4968610424494 -2133.169348915457 101.00000071471263
  endloop
endfacet
facet normal -1.7943417798693227e-09 0.9999999999999987 5.516391562023857e-08
  outer loop
    vertex 472.2468618274257 -2195.1693474224176 95.00000103159498
    vertex 481.9836329024331 -2195.169348229738 96.55111204652447
    vertex 482.37186147008697 -2195.1693482262217 96.50000078595808
  endloop
endfacet
facet normal -1.7943417798693227e-09 0.9999999999999987 5.516391562023857e-08
  outer loop
    vertex 481.9836329024331 -2195.169348229738 96.55111204652447
    vertex 472.2468618274257 -2195.1693474224176 95.00000103159498
    vertex 481.62186147008697 -2195.1693482386536 96.70096268028142
  endloop
endfacet
facet normal -1.7943417798693227e-09 0.9999999999999987 5.516391562023857e-08
  outer loop
    vertex 481.62186147008697 -2195.1693482386536 96.70096268028142
    vertex 472.2468618274257 -2195.1693474224176 95.00000103159498
    vertex 481.3112012983072 -2195.1693482523606 96.93934061417825
  endloop
endfacet
facet normal -1.7943417798693227e-09 0.9999999999999987 5.516391562023857e-08
  outer loop
    vertex 481.3112012983072 -2195.1693482523606 96.93934061417825
    vertex 472.2468618274257 -2195.1693474224176 95.00000103159498
    vertex 472.24686182432526 -2195.1693488941073 104.00000106139709
  endloop
endfacet
facet normal -1.7943417798693227e-09 0.9999999999999987 5.516391562023857e-08
  outer loop
    vertex 481.3112012983072 -2195.1693482523606 96.93934061417825
    vertex 472.24686182432526 -2195.1693488941073 104.00000106139709
    vertex 481.0728233644102 -2195.1693482699256 97.25000078595806
  endloop
endfacet
facet normal -1.7943417798693227e-09 0.9999999999999987 5.516391562023857e-08
  outer loop
    vertex 481.0728233644102 -2195.1693482699256 97.25000078595806
    vertex 472.24686182432526 -2195.1693488941073 104.00000106139709
    vertex 480.92297273065327 -2195.1693482901514 97.6117722183043
  endloop
endfacet
facet normal -1.7943417798693227e-09 0.9999999999999987 5.516391562023857e-08
  outer loop
    vertex 480.92297273065327 -2195.1693482901514 97.6117722183043
    vertex 472.24686182432526 -2195.1693488941073 104.00000106139709
    vertex 480.87186147008697 -2195.169348311659 98.00000078595806
  endloop
endfacet
facet normal -1.7943417798693227e-09 0.9999999999999987 5.516391562023857e-08
  outer loop
    vertex 480.87186147008697 -2195.169348311659 98.00000078595806
    vertex 472.24686182432526 -2195.1693488941073 104.00000106139709
    vertex 480.92297273065327 -2195.169348332983 98.38822935361185
  endloop
endfacet
facet normal -1.7943417798693227e-09 0.9999999999999987 5.516391562023857e-08
  outer loop
    vertex 480.92297273065327 -2195.169348332983 98.38822935361185
    vertex 472.24686182432526 -2195.1693488941073 104.00000106139709
    vertex 481.0728233644102 -2195.1693483526715 98.75000078595806
  endloop
endfacet
facet normal -1.7943417798693227e-09 0.9999999999999987 5.516391562023857e-08
  outer loop
    vertex 481.0728233644102 -2195.1693483526715 98.75000078595806
    vertex 472.24686182432526 -2195.1693488941073 104.00000106139709
    vertex 481.3112012983072 -2195.1693483693807 99.06066095773788
  endloop
endfacet
facet normal -1.7943417798693227e-09 0.9999999999999987 5.516391562023857e-08
  outer loop
    vertex 481.3112012983072 -2195.1693483693807 99.06066095773788
    vertex 472.24686182432526 -2195.1693488941073 104.00000106139709
    vertex 481.62186147008697 -2195.1693483819736 99.29903889163472
  endloop
endfacet
facet normal -1.7943417798693227e-09 0.9999999999999987 5.516391562023857e-08
  outer loop
    vertex 481.62186147008697 -2195.1693483819736 99.29903889163472
    vertex 472.24686182432526 -2195.1693488941073 104.00000106139709
    vertex 481.9836329024331 -2195.1693483895906 99.44888952539166
  endloop
endfacet
facet normal -1.7943417798693227e-09 0.9999999999999987 5.516391562023857e-08
  outer loop
    vertex 481.9836329024331 -2195.1693483895906 99.44888952539166
    vertex 472.24686182432526 -2195.1693488941073 104.00000106139709
    vertex 482.37186147008697 -2195.1693483917134 99.50000078595805
  endloop
endfacet
facet normal -1.7943417798693227e-09 0.9999999999999987 5.516391562023857e-08
  outer loop
    vertex 482.37186147008697 -2195.1693483917134 99.50000078595805
    vertex 472.24686182432526 -2195.1693488941073 104.00000106139709
    vertex 483.4968603259261 -2195.169348619942 104.00000068761393
  endloop
endfacet
facet normal -1.7943417798693227e-09 0.9999999999999987 5.516391562023857e-08
  outer loop
    vertex 472.2468618274257 -2195.1693474224176 95.00000103159498
    vertex 490.49686176505054 -2195.169348222278 97.00000073961526
    vertex 490.4968617418016 -2195.1693482113137 95.00000073961527
  endloop
endfacet
facet normal -1.7943417798693227e-09 0.9999999999999987 5.516391562023857e-08
  outer loop
    vertex 490.49686176505054 -2195.169348222278 97.00000073961526
    vertex 472.2468618274257 -2195.1693474224176 95.00000103159498
    vertex 482.37186147008697 -2195.1693482262217 96.50000078595808
  endloop
endfacet
facet normal -1.7943417798693227e-09 0.9999999999999987 5.516391562023857e-08
  outer loop
    vertex 490.49686176505054 -2195.169348222278 97.00000073961526
    vertex 482.37186147008697 -2195.1693482262217 96.50000078595808
    vertex 482.7600900377407 -2195.1693482283445 96.55111204652447
  endloop
endfacet
facet normal -1.7943417798693227e-09 0.9999999999999987 5.516391562023857e-08
  outer loop
    vertex 490.49686176505054 -2195.169348222278 97.00000073961526
    vertex 482.7600900377407 -2195.1693482283445 96.55111204652447
    vertex 483.121861470087 -2195.169348235962 96.70096268028142
  endloop
endfacet
facet normal -1.7943417798693227e-09 0.9999999999999987 5.516391562023857e-08
  outer loop
    vertex 490.49686176505054 -2195.169348222278 97.00000073961526
    vertex 483.121861470087 -2195.169348235962 96.70096268028142
    vertex 483.4325216418668 -2195.1693482485543 96.93934061417825
  endloop
endfacet
facet normal -1.7943417798693227e-09 0.9999999999999987 5.516391562023857e-08
  outer loop
    vertex 490.49686176505054 -2195.169348222278 97.00000073961526
    vertex 483.4325216418668 -2195.1693482485543 96.93934061417825
    vertex 483.6708995757636 -2195.1693482652636 97.25000078595806
  endloop
endfacet
facet normal -1.7943417798693227e-09 0.9999999999999987 5.516391562023857e-08
  outer loop
    vertex 490.49686176505054 -2195.169348222278 97.00000073961526
    vertex 483.6708995757636 -2195.1693482652636 97.25000078595806
    vertex 483.8207502095205 -2195.169348284952 97.6117722183043
  endloop
endfacet
facet normal -1.7943417798693227e-09 0.9999999999999987 5.516391562023857e-08
  outer loop
    vertex 490.49686176505054 -2195.169348222278 97.00000073961526
    vertex 483.8207502095205 -2195.169348284952 97.6117722183043
    vertex 483.871861470087 -2195.169348306276 98.00000078595806
  endloop
endfacet
facet normal -1.7943417798693227e-09 0.9999999999999987 5.516391562023857e-08
  outer loop
    vertex 490.49686176505054 -2195.169348222278 97.00000073961526
    vertex 483.871861470087 -2195.169348306276 98.00000078595806
    vertex 483.4968603259261 -2195.169348619942 104.00000068761393
  endloop
endfacet
facet normal -1.7943417798693227e-09 0.9999999999999987 5.516391562023857e-08
  outer loop
    vertex 483.4968603259261 -2195.169348619942 104.00000068761393
    vertex 483.871861470087 -2195.169348306276 98.00000078595806
    vertex 483.8207502095205 -2195.169348327784 98.38822935361185
  endloop
endfacet
facet normal -1.7943417798693227e-09 0.9999999999999987 5.516391562023857e-08
  outer loop
    vertex 483.4968603259261 -2195.169348619942 104.00000068761393
    vertex 483.8207502095205 -2195.169348327784 98.38822935361185
    vertex 483.6708995757636 -2195.16934834801 98.75000078595806
  endloop
endfacet
facet normal -1.7943417798693227e-09 0.9999999999999987 5.516391562023857e-08
  outer loop
    vertex 483.4968603259261 -2195.169348619942 104.00000068761393
    vertex 483.6708995757636 -2195.16934834801 98.75000078595806
    vertex 483.4325216418668 -2195.1693483655745 99.06066095773787
  endloop
endfacet
facet normal -1.7943417798693227e-09 0.9999999999999987 5.516391562023857e-08
  outer loop
    vertex 483.4968603259261 -2195.169348619942 104.00000068761393
    vertex 483.4325216418668 -2195.1693483655745 99.06066095773787
    vertex 483.121861470087 -2195.169348379282 99.29903889163472
  endloop
endfacet
facet normal -1.7943417798693227e-09 0.9999999999999987 5.516391562023857e-08
  outer loop
    vertex 483.4968603259261 -2195.169348619942 104.00000068761393
    vertex 483.121861470087 -2195.169348379282 99.29903889163472
    vertex 482.7600900377407 -2195.1693483881972 99.44888952539166
  endloop
endfacet
facet normal -1.7943417798693227e-09 0.9999999999999987 5.516391562023857e-08
  outer loop
    vertex 483.4968603259261 -2195.169348619942 104.00000068761393
    vertex 482.7600900377407 -2195.1693483881972 99.44888952539166
    vertex 482.37186147008697 -2195.1693483917134 99.50000078595805
  endloop
endfacet
facet normal -0.6087614290087596 4.267212179534586e-08 -0.7933533402912041
  outer loop
    vertex 483.4325216418668 -2195.1693483655745 99.06066095773787
    vertex 483.12186147905874 -2200.1693488907154 99.29903861581529
    vertex 483.121861470087 -2195.169348379282 99.29903889163472
  endloop
endfacet
facet normal -0.6087614290087596 4.267212179534586e-08 -0.7933533402912041
  outer loop
    vertex 483.12186147905874 -2200.1693488907154 99.29903861581529
    vertex 483.4325216418668 -2195.1693483655745 99.06066095773787
    vertex 483.4325216508385 -2200.1693488770084 99.06066068191843
  endloop
endfacet
facet normal 0.13052619222003822 5.4926156445476486e-08 -0.9914448613738108
  outer loop
    vertex 482.37186147008697 -2195.1693483917134 99.50000078595805
    vertex 481.9836329114048 -2200.1693489010245 99.44888924957223
    vertex 481.9836329024331 -2195.1693483895906 99.44888952539166
  endloop
endfacet
facet normal 0.13052619222003822 5.4926156445476486e-08 -0.9914448613738108
  outer loop
    vertex 481.9836329114048 -2200.1693489010245 99.44888924957223
    vertex 482.37186147008697 -2195.1693483917134 99.50000078595805
    vertex 482.37186147905874 -2200.1693489031472 99.50000051013862
  endloop
endfacet
facet normal 0.6087614290087505 4.485677834764938e-08 -0.7933533402912111
  outer loop
    vertex 481.62186147008697 -2195.1693483819736 99.29903889163472
    vertex 481.3112013072789 -2200.1693488808146 99.06066068191845
    vertex 481.3112012983072 -2195.1693483693807 99.06066095773788
  endloop
endfacet
facet normal 0.6087614290087505 4.485677834764938e-08 -0.7933533402912111
  outer loop
    vertex 481.3112013072789 -2200.1693488808146 99.06066068191845
    vertex 481.62186147008697 -2195.1693483819736 99.29903889163472
    vertex 481.62186147905874 -2200.169348893407 99.29903861581529
  endloop
endfacet
facet normal 0.38268343236510366 5.165144780136815e-08 -0.9238795325112795
  outer loop
    vertex 481.9836329024331 -2195.1693483895906 99.44888952539166
    vertex 481.62186147905874 -2200.169348893407 99.29903861581529
    vertex 481.62186147008697 -2195.1693483819736 99.29903889163472
  endloop
endfacet
facet normal 0.38268343236510366 5.165144780136815e-08 -0.9238795325112795
  outer loop
    vertex 481.62186147905874 -2200.169348893407 99.29903861581529
    vertex 481.9836329024331 -2195.1693483895906 99.44888952539166
    vertex 481.9836329114048 -2200.1693489010245 99.44888924957223
  endloop
endfacet
facet normal 1.4195895353634885e-08 -0.9999999999999998 2.4401769327951813e-08
  outer loop
    vertex 490.49685896048135 -2141.169348893605 97.00000093527917
    vertex 472.2468617268391 -2141.1693494014335 95.00000095103513
    vertex 490.4968589372324 -2141.1693488826404 95.00000093527919
  endloop
endfacet
facet normal 1.4195895353634885e-08 -0.9999999999999998 2.4401769327951813e-08
  outer loop
    vertex 472.2468617268391 -2141.1693494014335 95.00000095103513
    vertex 490.49685896048135 -2141.169348893605 97.00000093527917
    vertex 482.37186144423606 -2141.169348919165 96.50000120171464
  endloop
endfacet
facet normal 1.4195895353634885e-08 -0.9999999999999998 2.4401769327951813e-08
  outer loop
    vertex 482.37186144423606 -2141.169348919165 96.50000120171464
    vertex 490.49685896048135 -2141.169348893605 97.00000093527917
    vertex 482.76009001188993 -2141.169348914981 96.55111246228105
  endloop
endfacet
facet normal 1.4195895353634885e-08 -0.9999999999999998 2.4401769327951813e-08
  outer loop
    vertex 482.76009001188993 -2141.169348914981 96.55111246228105
    vertex 490.49685896048135 -2141.169348893605 97.00000093527917
    vertex 483.12186144423606 -2141.1693489106906 96.700963096038
  endloop
endfacet
facet normal 1.4195895353634885e-08 -0.9999999999999998 2.4401769327951813e-08
  outer loop
    vertex 483.12186144423606 -2141.1693489106906 96.700963096038
    vertex 490.49685896048135 -2141.169348893605 97.00000093527917
    vertex 483.4325216160159 -2141.169348906585 96.93934102993484
  endloop
endfacet
facet normal 1.4195895353634885e-08 -0.9999999999999998 2.4401769327951813e-08
  outer loop
    vertex 483.4325216160159 -2141.169348906585 96.93934102993484
    vertex 490.49685896048135 -2141.169348893605 97.00000093527917
    vertex 483.6708995499128 -2141.1693489029453 97.25000120171465
  endloop
endfacet
facet normal 1.4195895353634885e-08 -0.9999999999999998 2.4401769327951813e-08
  outer loop
    vertex 483.6708995499128 -2141.1693489029453 97.25000120171465
    vertex 490.49685896048135 -2141.169348893605 97.00000093527917
    vertex 483.82075018366976 -2141.169348900018 97.61177263406088
  endloop
endfacet
facet normal 1.4195895353634885e-08 -0.9999999999999998 2.4401769327951813e-08
  outer loop
    vertex 483.82075018366976 -2141.169348900018 97.61177263406088
    vertex 490.49685896048135 -2141.169348893605 97.00000093527917
    vertex 483.87186144423606 -2141.1693488980036 98.00000120171467
  endloop
endfacet
facet normal 1.4195895353634885e-08 -0.9999999999999998 2.4401769327951813e-08
  outer loop
    vertex 483.87186144423606 -2141.1693488980036 98.00000120171467
    vertex 490.49685896048135 -2141.169348893605 97.00000093527917
    vertex 483.49686015199757 -2141.1693490145885 104.00000104612054
  endloop
endfacet
facet normal 1.4195895353634885e-08 -0.9999999999999998 2.4401769327951813e-08
  outer loop
    vertex 483.87186144423606 -2141.1693488980036 98.00000120171467
    vertex 483.49686015199757 -2141.1693490145885 104.00000104612054
    vertex 483.82075018366976 -2141.169348897039 98.38822976936845
  endloop
endfacet
facet normal 1.4195895353634885e-08 -0.9999999999999998 2.4401769327951813e-08
  outer loop
    vertex 483.82075018366976 -2141.169348897039 98.38822976936845
    vertex 483.49686015199757 -2141.1693490145885 104.00000104612054
    vertex 483.6708995499128 -2141.1693488971905 98.75000120171467
  endloop
endfacet
facet normal 1.4195895353634885e-08 -0.9999999999999998 2.4401769327951813e-08
  outer loop
    vertex 483.6708995499128 -2141.1693488971905 98.75000120171467
    vertex 483.49686015199757 -2141.1693490145885 104.00000104612054
    vertex 483.4325216160159 -2141.1693488984474 99.06066137349451
  endloop
endfacet
facet normal 1.4195895353634885e-08 -0.9999999999999998 2.4401769327951813e-08
  outer loop
    vertex 483.4325216160159 -2141.1693488984474 99.06066137349451
    vertex 483.49686015199757 -2141.1693490145885 104.00000104612054
    vertex 483.12186144423606 -2141.1693489007234 99.29903930739134
  endloop
endfacet
facet normal 1.4195895353634885e-08 -0.9999999999999998 2.4401769327951813e-08
  outer loop
    vertex 483.12186144423606 -2141.1693489007234 99.29903930739134
    vertex 483.49686015199757 -2141.1693490145885 104.00000104612054
    vertex 482.76009001188993 -2141.1693489038644 99.4488899411483
  endloop
endfacet
facet normal 1.4195895353634885e-08 -0.9999999999999998 2.4401769327951813e-08
  outer loop
    vertex 482.76009001188993 -2141.1693489038644 99.4488899411483
    vertex 483.49686015199757 -2141.1693490145885 104.00000104612054
    vertex 482.37186144423606 -2141.169348907656 99.50000120171468
  endloop
endfacet
facet normal 1.4195895353634885e-08 -0.9999999999999998 2.4401769327951813e-08
  outer loop
    vertex 472.2468617268391 -2141.1693494014335 95.00000095103513
    vertex 481.3112012724563 -2141.1693489283734 96.93934102993484
    vertex 472.24686182432526 -2141.1693489736485 104.00000106139709
  endloop
endfacet
facet normal 1.4195895353634885e-08 -0.9999999999999998 2.4401769327951813e-08
  outer loop
    vertex 481.3112012724563 -2141.1693489283734 96.93934102993484
    vertex 472.2468617268391 -2141.1693494014335 95.00000095103513
    vertex 481.62186144423606 -2141.169348926097 96.700963096038
  endloop
endfacet
facet normal 1.4195895353634885e-08 -0.9999999999999998 2.4401769327951813e-08
  outer loop
    vertex 481.62186144423606 -2141.169348926097 96.700963096038
    vertex 472.2468617268391 -2141.1693494014335 95.00000095103513
    vertex 481.98363287658236 -2141.169348922956 96.55111246228105
  endloop
endfacet
facet normal 1.4195895353634885e-08 -0.9999999999999998 2.4401769327951813e-08
  outer loop
    vertex 481.98363287658236 -2141.169348922956 96.55111246228105
    vertex 472.2468617268391 -2141.1693494014335 95.00000095103513
    vertex 482.37186144423606 -2141.169348919165 96.50000120171464
  endloop
endfacet
facet normal 1.4195895353634885e-08 -0.9999999999999998 2.4401769327951813e-08
  outer loop
    vertex 472.24686182432526 -2141.1693489736485 104.00000106139709
    vertex 481.3112012724563 -2141.1693489283734 96.93934102993484
    vertex 481.0728233385595 -2141.1693489296304 97.25000120171465
  endloop
endfacet
facet normal 1.4195895353634885e-08 -0.9999999999999998 2.4401769327951813e-08
  outer loop
    vertex 472.24686182432526 -2141.1693489736485 104.00000106139709
    vertex 481.0728233385595 -2141.1693489296304 97.25000120171465
    vertex 480.92297270480253 -2141.1693489297813 97.61177263406088
  endloop
endfacet
facet normal 1.4195895353634885e-08 -0.9999999999999998 2.4401769327951813e-08
  outer loop
    vertex 472.24686182432526 -2141.1693489736485 104.00000106139709
    vertex 480.92297270480253 -2141.1693489297813 97.61177263406088
    vertex 480.87186144423606 -2141.169348928817 98.00000120171467
  endloop
endfacet
facet normal 1.4195895353634885e-08 -0.9999999999999998 2.4401769327951813e-08
  outer loop
    vertex 472.24686182432526 -2141.1693489736485 104.00000106139709
    vertex 480.87186144423606 -2141.169348928817 98.00000120171467
    vertex 480.92297270480253 -2141.1693489268023 98.38822976936845
  endloop
endfacet
facet normal 1.4195895353634885e-08 -0.9999999999999998 2.4401769327951813e-08
  outer loop
    vertex 472.24686182432526 -2141.1693489736485 104.00000106139709
    vertex 480.92297270480253 -2141.1693489268023 98.38822976936845
    vertex 481.0728233385595 -2141.1693489238755 98.75000120171467
  endloop
endfacet
facet normal 1.4195895353634885e-08 -0.9999999999999998 2.4401769327951813e-08
  outer loop
    vertex 472.24686182432526 -2141.1693489736485 104.00000106139709
    vertex 481.0728233385595 -2141.1693489238755 98.75000120171467
    vertex 481.3112012724563 -2141.1693489202357 99.06066137349451
  endloop
endfacet
facet normal 1.4195895353634885e-08 -0.9999999999999998 2.4401769327951813e-08
  outer loop
    vertex 472.24686182432526 -2141.1693489736485 104.00000106139709
    vertex 481.3112012724563 -2141.1693489202357 99.06066137349451
    vertex 481.62186144423606 -2141.1693489161303 99.29903930739134
  endloop
endfacet
facet normal 1.4195895353634885e-08 -0.9999999999999998 2.4401769327951813e-08
  outer loop
    vertex 472.24686182432526 -2141.1693489736485 104.00000106139709
    vertex 481.62186144423606 -2141.1693489161303 99.29903930739134
    vertex 481.98363287658236 -2141.1693489118393 99.4488899411483
  endloop
endfacet
facet normal 1.4195895353634885e-08 -0.9999999999999998 2.4401769327951813e-08
  outer loop
    vertex 472.24686182432526 -2141.1693489736485 104.00000106139709
    vertex 481.98363287658236 -2141.1693489118393 99.4488899411483
    vertex 482.37186144423606 -2141.169348907656 99.50000120171468
  endloop
endfacet
facet normal 1.4195895353634885e-08 -0.9999999999999998 2.4401769327951813e-08
  outer loop
    vertex 472.24686182432526 -2141.1693489736485 104.00000106139709
    vertex 482.37186144423606 -2141.169348907656 99.50000120171468
    vertex 483.49686015199757 -2141.1693490145885 104.00000104612054
  endloop
endfacet
facet normal -0.13052619222003842 5.445773829759054e-08 -0.9914448613738108
  outer loop
    vertex 482.7600900377407 -2195.1693483881972 99.44888952539166
    vertex 482.37186147905874 -2200.1693489031472 99.50000051013862
    vertex 482.37186147008697 -2195.1693483917134 99.50000078595805
  endloop
endfacet
facet normal -0.13052619222003842 5.445773829759054e-08 -0.9914448613738108
  outer loop
    vertex 482.37186147905874 -2200.1693489031472 99.50000051013862
    vertex 482.7600900377407 -2195.1693483881972 99.44888952539166
    vertex 482.76009004671243 -2200.169348899631 99.44888924957223
  endloop
endfacet
facet normal 0.7933533402911911 3.5005193578874605e-08 -0.608761429008777
  outer loop
    vertex 481.07282337338194 -2200.1693488641054 98.75000051013862
    vertex 481.3112012983072 -2195.1693483693807 99.06066095773788
    vertex 481.3112013072789 -2200.1693488808146 99.06066068191845
  endloop
endfacet
facet normal 0.7933533402911911 3.5005193578874605e-08 -0.608761429008777
  outer loop
    vertex 481.3112012983072 -2195.1693483693807 99.06066095773788
    vertex 481.07282337338194 -2200.1693488641054 98.75000051013862
    vertex 481.0728233644102 -2195.1693483526715 98.75000078595806
  endloop
endfacet
facet normal -0.7933533402911913 3.2158093728969706e-08 -0.6087614290087773
  outer loop
    vertex 483.4325216418668 -2195.1693483655745 99.06066095773787
    vertex 483.6708995847353 -2200.1693488594433 98.75000051013862
    vertex 483.4325216508385 -2200.1693488770084 99.06066068191843
  endloop
endfacet
facet normal -0.7933533402911913 3.2158093728969706e-08 -0.6087614290087773
  outer loop
    vertex 483.6708995847353 -2200.1693488594433 98.75000051013862
    vertex 483.4325216418668 -2195.1693483655745 99.06066095773787
    vertex 483.6708995757636 -2195.16934834801 98.75000078595806
  endloop
endfacet
facet normal 0.7071066889350136 5.9243105940525445e-09 0.7071068734380695
  outer loop
    vertex 483.4968603523255 -2203.1693488816213 104.0000005997067
    vertex 490.49686176505054 -2195.169348222278 97.00000073961526
    vertex 483.4968603259261 -2195.169348619942 104.00000068761393
  endloop
endfacet
facet normal 0.7071066889350136 5.9243105940525445e-09 0.7071068734380695
  outer loop
    vertex 490.49686176505054 -2195.169348222278 97.00000073961526
    vertex 483.4968603523255 -2203.1693488816213 104.0000005997067
    vertex 486.49686110663237 -2200.1693488531337 101.00000066515649
  endloop
endfacet
facet normal 0.7071066889350136 5.9243105940525445e-09 0.7071068734380695
  outer loop
    vertex 486.49686110663237 -2200.1693488531337 101.00000066515649
    vertex 483.4968603523255 -2203.1693488816213 104.0000005997067
    vertex 486.49686109021786 -2203.1693488468036 101.00000061322956
  endloop
endfacet
facet normal 0.7071066889350136 5.9243105940525445e-09 0.7071068734380695
  outer loop
    vertex 490.49686176505054 -2195.169348222278 97.00000073961526
    vertex 486.49686110663237 -2200.1693488531337 101.00000066515649
    vertex 490.49686201073126 -2200.1693486765716 97.00000104566068
  endloop
endfacet
facet normal 0.7933533402911913 -3.2158093728969706e-08 0.6087614290087773
  outer loop
    vertex 481.3112013072789 -2200.1693487637945 96.93934033835882
    vertex 481.0728233644102 -2195.1693482699256 97.25000078595806
    vertex 481.07282337338194 -2200.169348781359 97.25000051013863
  endloop
endfacet
facet normal 0.7933533402911913 -3.2158093728969706e-08 0.6087614290087773
  outer loop
    vertex 481.0728233644102 -2195.1693482699256 97.25000078595806
    vertex 481.3112013072789 -2200.1693487637945 96.93934033835882
    vertex 481.3112012983072 -2195.1693482523606 96.93934061417825
  endloop
endfacet
facet normal 0.9999999999999987 5.333663792035378e-08 -8.124074920476945e-09
  outer loop
    vertex 490.4968589372324 -2141.1693488826404 95.00000093527919
    vertex 490.49685868679734 -2136.169348791799 97.00000119187948
    vertex 490.49685896048135 -2141.169348893605 97.00000093527917
  endloop
endfacet
facet normal 0.9999999999999987 5.333663792035378e-08 -8.124074920476945e-09
  outer loop
    vertex 490.49685868679734 -2136.169348791799 97.00000119187948
    vertex 490.4968589372324 -2141.1693488826404 95.00000093527919
    vertex 490.49685867755005 -2136.1693488418673 95.00000088903408
  endloop
endfacet
facet normal 0.9238795325113008 2.276806271650808e-08 -0.382683432365055
  outer loop
    vertex 480.92297273962504 -2200.169348844417 98.38822907779242
    vertex 481.0728233644102 -2195.1693483526715 98.75000078595806
    vertex 481.07282337338194 -2200.1693488641054 98.75000051013862
  endloop
endfacet
facet normal 0.9238795325113008 2.276806271650808e-08 -0.382683432365055
  outer loop
    vertex 481.0728233644102 -2195.1693483526715 98.75000078595806
    vertex 480.92297273962504 -2200.169348844417 98.38822907779242
    vertex 480.92297273065327 -2195.169348332983 98.38822935361185
  endloop
endfacet
facet normal 0.13052619222003842 -5.445773829759054e-08 0.9914448613738108
  outer loop
    vertex 481.9836329114048 -2200.1693487411717 96.55111177070503
    vertex 482.37186147008697 -2195.1693482262217 96.50000078595808
    vertex 481.9836329024331 -2195.169348229738 96.55111204652447
  endloop
endfacet
facet normal 0.13052619222003842 -5.445773829759054e-08 0.9914448613738108
  outer loop
    vertex 482.37186147008697 -2195.1693482262217 96.50000078595808
    vertex 481.9836329114048 -2200.1693487411717 96.55111177070503
    vertex 482.37186147905874 -2200.1693487376556 96.50000051013863
  endloop
endfacet
facet normal -0.38268343236510394 5.027811528039096e-08 -0.9238795325112797
  outer loop
    vertex 483.121861470087 -2195.169348379282 99.29903889163472
    vertex 482.76009004671243 -2200.169348899631 99.44888924957223
    vertex 482.7600900377407 -2195.1693483881972 99.44888952539166
  endloop
endfacet
facet normal -0.38268343236510394 5.027811528039096e-08 -0.9238795325112797
  outer loop
    vertex 482.76009004671243 -2200.169348899631 99.44888924957223
    vertex 483.121861470087 -2195.169348379282 99.29903889163472
    vertex 483.12186147905874 -2200.1693488907154 99.29903861581529
  endloop
endfacet
facet normal -1.0 0.0 0.0
  outer loop
    vertex 436.4968618527732 -2192.1693486833124 104.00000141549333
    vertex 436.4968618862484 -2189.169348590038 100.50000180834147
    vertex 436.4968618527732 -2192.1693486833124 95.00000119877849
  endloop
endfacet
facet normal -1.0 0.0 0.0
  outer loop
    vertex 436.4968618862484 -2189.169348590038 100.50000180834147
    vertex 436.4968618527732 -2192.1693486833124 104.00000141549333
    vertex 436.49686185173795 -2187.169348683312 104.00000141651579
  endloop
endfacet
facet normal -1.0 0.0 0.0
  outer loop
    vertex 436.4968618862484 -2189.169348590038 100.50000180834147
    vertex 436.49686185173795 -2187.169348683312 104.00000141651579
    vertex 436.49686185312396 -2187.16934868919 100.50000180876602
  endloop
endfacet
facet normal -1.0 0.0 0.0
  outer loop
    vertex 436.4968618848624 -2189.16934858416 95.00000119937641
    vertex 436.4968618527732 -2192.1693486833124 95.00000119877849
    vertex 436.4968618862484 -2189.169348590038 100.50000180834147
  endloop
endfacet
facet normal -1.7372391966492866e-09 5.236060875821508e-10 -1.0
  outer loop
    vertex 426.4968618803317 -2189.169348737533 95.00000120555234
    vertex 426.4968618527731 -2192.1693486833124 95.00000119877849
    vertex 393.74686196467974 -2189.169349209208 95.00000130286578
  endloop
endfacet
facet normal -1.7372391966492866e-09 5.236060875821508e-10 -1.0
  outer loop
    vertex 386.4968643712624 -2136.1693493493876 95.00000073381378
    vertex 393.74686189442815 -2165.1693492651284 95.00000109984367
    vertex 386.49686367709177 -2165.1693492651284 95.00000073416236
  endloop
endfacet
facet normal -1.7372391966492866e-09 5.236060875821508e-10 -1.0
  outer loop
    vertex 393.74686189442815 -2165.1693492651284 95.00000109984367
    vertex 386.4968643712624 -2136.1693493493876 95.00000073381378
    vertex 393.74686185094805 -2147.1693492269983 95.00000157562248
  endloop
endfacet
facet normal -1.7372391966492866e-09 5.236060875821508e-10 -1.0
  outer loop
    vertex 490.49685867755005 -2136.1693488418673 95.00000088903408
    vertex 393.74686185094805 -2147.1693492269983 95.00000157562248
    vertex 386.4968643712624 -2136.1693493493876 95.00000073381378
  endloop
endfacet
facet normal -1.7372391966492866e-09 5.236060875821508e-10 -1.0
  outer loop
    vertex 393.74686185094805 -2147.1693492269983 95.00000157562248
    vertex 490.49685867755005 -2136.1693488418673 95.00000088903408
    vertex 426.4968618517379 -2144.1693489740364 95.00000119050803
  endloop
endfacet
facet normal -1.7372391966492866e-09 5.236060875821508e-10 -1.0
  outer loop
    vertex 393.74686185094805 -2147.1693492269983 95.00000157562248
    vertex 426.4968618517379 -2144.1693489740364 95.00000119050803
    vertex 426.49686183855437 -2147.1693490332086 95.00000124205297
  endloop
endfacet
facet normal -1.7372391966492866e-09 5.236060875821508e-10 -1.0
  outer loop
    vertex 426.4968618517379 -2144.1693489740364 95.00000119050803
    vertex 490.49685867755005 -2136.1693488418673 95.00000088903408
    vertex 436.49686185173795 -2144.1693489740364 95.00000119050803
  endloop
endfacet
facet normal -1.7372391966492866e-09 5.236060875821508e-10 -1.0
  outer loop
    vertex 436.49686185173795 -2144.1693489740364 95.00000119050803
    vertex 490.49685867755005 -2136.1693488418673 95.00000088903408
    vertex 472.2468617268391 -2141.1693494014335 95.00000095103513
  endloop
endfacet
facet normal -1.7372391966492866e-09 5.236060875821508e-10 -1.0
  outer loop
    vertex 436.49686185173795 -2144.1693489740364 95.00000119050803
    vertex 472.2468617268391 -2141.1693494014335 95.00000095103513
    vertex 469.7468618163882 -2147.169348799284 95.00000090795847
  endloop
endfacet
facet normal -1.7372391966492866e-09 5.236060875821508e-10 -1.0
  outer loop
    vertex 472.2468617268391 -2141.1693494014335 95.00000095103513
    vertex 490.49685867755005 -2136.1693488418673 95.00000088903408
    vertex 490.4968589372324 -2141.1693488826404 95.00000093527919
  endloop
endfacet
facet normal -1.7372391966492866e-09 5.236060875821508e-10 -1.0
  outer loop
    vertex 386.4968628392996 -2200.169349180869 95.00000073458303
    vertex 393.74686196467974 -2189.169349209208 95.00000130286578
    vertex 490.496862001484 -2200.1693487266393 95.00000074281527
  endloop
endfacet
facet normal -1.7372391966492866e-09 5.236060875821508e-10 -1.0
  outer loop
    vertex 393.74686196467974 -2189.169349209208 95.00000130286578
    vertex 386.4968628392996 -2200.169349180869 95.00000073458303
    vertex 386.4968635499499 -2171.169349265129 95.00000082012174
  endloop
endfacet
facet normal -1.7372391966492866e-09 5.236060875821508e-10 -1.0
  outer loop
    vertex 393.74686196467974 -2189.169349209208 95.00000130286578
    vertex 386.4968635499499 -2171.169349265129 95.00000082012174
    vertex 393.7468618447776 -2171.1693492269987 95.0000015294244
  endloop
endfacet
facet normal -1.7372391966492866e-09 5.236060875821508e-10 -1.0
  outer loop
    vertex 490.496862001484 -2200.1693487266393 95.00000074281527
    vertex 393.74686196467974 -2189.169349209208 95.00000130286578
    vertex 426.4968618527731 -2192.1693486833124 95.00000119877849
  endloop
endfacet
facet normal -1.7372391966492866e-09 5.236060875821508e-10 -1.0
  outer loop
    vertex 490.496862001484 -2200.1693487266393 95.00000074281527
    vertex 426.4968618527731 -2192.1693486833124 95.00000119877849
    vertex 436.4968618527732 -2192.1693486833124 95.00000119877849
  endloop
endfacet
facet normal -1.7372391966492866e-09 5.236060875821508e-10 -1.0
  outer loop
    vertex 490.496862001484 -2200.1693487266393 95.00000074281527
    vertex 436.4968618527732 -2192.1693486833124 95.00000119877849
    vertex 436.4968618848624 -2189.16934858416 95.00000119937641
  endloop
endfacet
facet normal -1.7372391966492866e-09 5.236060875821508e-10 -1.0
  outer loop
    vertex 490.496862001484 -2200.1693487266393 95.00000074281527
    vertex 436.4968618848624 -2189.16934858416 95.00000119937641
    vertex 472.2468618274257 -2195.1693474224176 95.00000103159498
  endloop
endfacet
facet normal -1.7372391966492866e-09 5.236060875821508e-10 -1.0
  outer loop
    vertex 472.2468618274257 -2195.1693474224176 95.00000103159498
    vertex 436.4968618848624 -2189.16934858416 95.00000119937641
    vertex 469.7468618005144 -2189.1693480417207 95.00000109463629
  endloop
endfacet
facet normal -1.7372391966492866e-09 5.236060875821508e-10 -1.0
  outer loop
    vertex 472.2468618274257 -2195.1693474224176 95.00000103159498
    vertex 469.7468618005144 -2189.1693480417207 95.00000109463629
    vertex 469.7468618163882 -2147.169348799284 95.00000090795847
  endloop
endfacet
facet normal -1.7372391966492866e-09 5.236060875821508e-10 -1.0
  outer loop
    vertex 472.2468618274257 -2195.1693474224176 95.00000103159498
    vertex 469.7468618163882 -2147.169348799284 95.00000090795847
    vertex 472.2468617268391 -2141.1693494014335 95.00000095103513
  endloop
endfacet
facet normal -1.7372391966492866e-09 5.236060875821508e-10 -1.0
  outer loop
    vertex 490.496862001484 -2200.1693487266393 95.00000074281527
    vertex 472.2468618274257 -2195.1693474224176 95.00000103159498
    vertex 490.4968617418016 -2195.1693482113137 95.00000073961527
  endloop
endfacet
facet normal -1.7372391966492866e-09 5.236060875821508e-10 -1.0
  outer loop
    vertex 469.7468618163882 -2147.169348799284 95.00000090795847
    vertex 436.49686184125255 -2147.169348991827 95.0000011978716
    vertex 436.49686185173795 -2144.1693489740364 95.00000119050803
  endloop
endfacet
facet normal 1.0 1.5877564619225134e-18 -6.901623321644843e-10
  outer loop
    vertex 426.4968618803317 -2189.169348737533 95.00000120555234
    vertex 426.49686188585866 -2189.1693487503126 100.50000181279198
    vertex 426.4968618527731 -2192.1693486833124 95.00000119877849
  endloop
endfacet
facet normal 1.0 1.5877564619225134e-18 -6.901623321644843e-10
  outer loop
    vertex 426.49686185794934 -2192.1693486936647 104.00000141204248
    vertex 426.49686188585866 -2189.1693487503126 100.50000181279198
    vertex 426.4968618569141 -2187.1693487656757 104.00000141996661
  endloop
endfacet
facet normal 1.0 1.5877564619225134e-18 -6.901623321644843e-10
  outer loop
    vertex 426.49686188585866 -2189.1693487503126 100.50000181279198
    vertex 426.49686185794934 -2192.1693486936647 104.00000141204248
    vertex 426.4968618527731 -2192.1693486833124 95.00000119877849
  endloop
endfacet
facet normal 1.0 1.5877564619225134e-18 -6.901623321644843e-10
  outer loop
    vertex 426.4968618569141 -2187.1693487656757 104.00000141996661
    vertex 426.49686188585866 -2189.1693487503126 100.50000181279198
    vertex 426.49686185726483 -2187.169348768103 100.50000181394228
  endloop
endfacet
facet normal -5.176285356604619e-10 1.0 5.112335914321372e-10
  outer loop
    vertex 426.49686185794934 -2192.1693486936647 104.00000141204248
    vertex 436.4968618527732 -2192.1693486833124 95.00000119877849
    vertex 426.4968618527731 -2192.1693486833124 95.00000119877849
  endloop
endfacet
facet normal -5.176285356604619e-10 1.0 5.112335914321372e-10
  outer loop
    vertex 436.4968618527732 -2192.1693486833124 95.00000119877849
    vertex 426.49686185794934 -2192.1693486936647 104.00000141204248
    vertex 436.4968618527732 -2192.1693486833124 104.00000141549333
  endloop
endfacet
facet normal 1.0 -3.253316860940189e-17 -2.209064006392024e-09
  outer loop
    vertex 426.4968618517379 -2144.1693489740364 95.00000119050803
    vertex 426.49686185319473 -2147.1693489949057 100.50000157237093
    vertex 426.49686183855437 -2147.1693490332086 95.00000124205297
  endloop
endfacet
facet normal 1.0 -3.253316860940189e-17 -2.209064006392024e-09
  outer loop
    vertex 426.49686185319473 -2147.1693489949057 100.50000157237093
    vertex 426.4968618716195 -2149.169348966937 104.00000118748427
    vertex 426.49686186637825 -2149.1693489949057 100.50000157973449
  endloop
endfacet
facet normal 1.0 -3.253316860940189e-17 -2.209064006392024e-09
  outer loop
    vertex 426.4968618716195 -2149.169348966937 104.00000118748427
    vertex 426.49686185319473 -2147.1693489949057 100.50000157237093
    vertex 426.4968618716195 -2144.1693489077643 104.00000112857575
  endloop
endfacet
facet normal 1.0 -3.253316860940189e-17 -2.209064006392024e-09
  outer loop
    vertex 426.4968618716195 -2144.1693489077643 104.00000112857575
    vertex 426.49686185319473 -2147.1693489949057 100.50000157237093
    vertex 426.4968618517379 -2144.1693489740364 95.00000119050803
  endloop
endfacet
facet normal -1.0 7.904057835304574e-26 2.2090640063920244e-09
  outer loop
    vertex 436.4968618716196 -2149.1693489077643 104.00000114330288
    vertex 436.4968618558929 -2147.1693489535237 100.50000152818953
    vertex 436.4968618663783 -2149.169348935733 100.50000153555311
  endloop
endfacet
facet normal -1.0 7.904057835304574e-26 2.2090640063920244e-09
  outer loop
    vertex 436.4968618558929 -2147.1693489535237 100.50000152818953
    vertex 436.4968618716196 -2149.1693489077643 104.00000114330288
    vertex 436.4968618716196 -2144.1693489077643 104.00000112857575
  endloop
endfacet
facet normal -1.0 7.904057835304574e-26 2.2090640063920244e-09
  outer loop
    vertex 436.4968618558929 -2147.1693489535237 100.50000152818953
    vertex 436.4968618716196 -2144.1693489077643 104.00000112857575
    vertex 436.49686185173795 -2144.1693489740364 95.00000119050803
  endloop
endfacet
facet normal -1.0 7.904057835304574e-26 2.2090640063920244e-09
  outer loop
    vertex 436.49686185173795 -2144.1693489740364 95.00000119050803
    vertex 436.49686184125255 -2147.169348991827 95.0000011978716
    vertex 436.4968618558929 -2147.1693489535237 100.50000152818953
  endloop
endfacet
facet normal 0.0 -1.0 0.0
  outer loop
    vertex 436.49686185173795 -2187.169348683312 104.00000141651579
    vertex 431.4968618531239 -2187.16934868919 100.50000180876602
    vertex 436.49686185312396 -2187.16934868919 100.50000180876602
  endloop
endfacet
facet normal 0.0 -1.0 0.0
  outer loop
    vertex 431.4968618531239 -2187.16934868919 100.50000180876602
    vertex 436.49686185173795 -2187.169348683312 104.00000141651579
    vertex 431.49686185173795 -2187.169348683312 104.00000141651579
  endloop
endfacet
facet normal 0.0 -1.0 7.3635641584245515e-09
  outer loop
    vertex 436.4968618716196 -2144.1693489077643 104.00000112857575
    vertex 426.4968618517379 -2144.1693489740364 95.00000119050803
    vertex 436.49686185173795 -2144.1693489740364 95.00000119050803
  endloop
endfacet
facet normal 0.0 -1.0 7.3635641584245515e-09
  outer loop
    vertex 426.4968618517379 -2144.1693489740364 95.00000119050803
    vertex 436.4968618716196 -2144.1693489077643 104.00000112857575
    vertex 426.4968618716195 -2144.1693489077643 104.00000112857575
  endloop
endfacet
facet normal 1.6127717700271055e-08 -1.0 -5.751227670099957e-10
  outer loop
    vertex 431.49686185173795 -2187.169348683312 104.00000141651579
    vertex 426.49686185726483 -2187.169348768103 100.50000181394228
    vertex 431.4968618531239 -2187.16934868919 100.50000180876602
  endloop
endfacet
facet normal 1.6127717700271055e-08 -1.0 -5.751227670099957e-10
  outer loop
    vertex 426.49686185726483 -2187.169348768103 100.50000181394228
    vertex 431.49686185173795 -2187.169348683312 104.00000141651579
    vertex 426.4968618569141 -2187.1693487656757 104.00000141996661
  endloop
endfacet
facet normal -0.13052619222003808 1.4305746511775799e-09 0.9914448613738123
  outer loop
    vertex 390.6218625694899 -2200.1693492294967 96.50000133798316
    vertex 391.0100909833325 -2171.169349237868 96.55111253645534
    vertex 390.62186241567866 -2171.169349240037 96.50000127588895
  endloop
endfacet
facet normal -0.13052619222003808 1.4305746511775799e-09 0.9914448613738123
  outer loop
    vertex 391.0100909833325 -2171.169349237868 96.55111253645534
    vertex 390.6218625694899 -2200.1693492294967 96.50000133798316
    vertex 391.0100911371437 -2200.169349227328 96.55111259854955
  endloop
endfacet
facet normal 0.13052619222003808 2.815154410290981e-09 0.9914448613738123
  outer loop
    vertex 390.23363400183615 -2200.169349231446 96.55111259854955
    vertex 390.62186241567866 -2171.169349240037 96.50000127588895
    vertex 390.23363384802485 -2171.1693492419863 96.55111253645534
  endloop
endfacet
facet normal 0.13052619222003808 2.815154410290981e-09 0.9914448613738123
  outer loop
    vertex 390.62186241567866 -2171.169349240037 96.50000127588895
    vertex 390.23363400183615 -2200.169349231446 96.55111259854955
    vertex 390.6218625694899 -2200.1693492294967 96.50000133798316
  endloop
endfacet
facet normal -5.917255269442318e-09 1.0 -7.363564145352926e-09
  outer loop
    vertex 426.49686186637825 -2149.1693489949057 100.50000157973449
    vertex 436.4968618716196 -2149.1693489077643 104.00000114330288
    vertex 436.4968618663783 -2149.169348935733 100.50000153555311
  endloop
endfacet
facet normal -5.917255269442318e-09 1.0 -7.363564145352926e-09
  outer loop
    vertex 436.4968618716196 -2149.1693489077643 104.00000114330288
    vertex 426.49686186637825 -2149.1693489949057 100.50000157973449
    vertex 426.4968618716195 -2149.169348966937 104.00000118748427
  endloop
endfacet
facet normal 0.608761429008759 4.927486876053234e-09 0.7933533402912057
  outer loop
    vertex 389.56120239771013 -2200.1693492341815 96.93934116620333
    vertex 389.87186241567866 -2171.1693492435843 96.70096317021228
    vertex 389.5612022438989 -2171.1693492447216 96.93934110410912
  endloop
endfacet
facet normal 0.608761429008759 4.927486876053234e-09 0.7933533402912057
  outer loop
    vertex 389.87186241567866 -2171.1693492435843 96.70096317021228
    vertex 389.56120239771013 -2200.1693492341815 96.93934116620333
    vertex 389.8718625694899 -2200.169349233044 96.70096323230649
  endloop
endfacet
facet normal 0.382683432365091 4.007886048605893e-09 0.9238795325112863
  outer loop
    vertex 389.8718625694899 -2200.169349233044 96.70096323230649
    vertex 390.23363384802485 -2171.1693492419863 96.55111253645534
    vertex 389.87186241567866 -2171.1693492435843 96.70096317021228
  endloop
endfacet
facet normal 0.382683432365091 4.007886048605893e-09 0.9238795325112863
  outer loop
    vertex 390.23363384802485 -2171.1693492419863 96.55111253645534
    vertex 389.8718625694899 -2200.169349233044 96.70096323230649
    vertex 390.23363400183615 -2200.169349231446 96.55111259854955
  endloop
endfacet
facet normal -0.7933533402911855 -2.9043488023703053e-09 0.6087614290087856
  outer loop
    vertex 391.9209006751666 -2200.1693492210006 97.25000133798315
    vertex 391.6825225874585 -2171.1693492334707 96.93934110410912
    vertex 391.68252274126974 -2200.1693492229306 96.93934116620333
  endloop
endfacet
facet normal -0.7933533402911855 -2.9043488023703053e-09 0.6087614290087856
  outer loop
    vertex 391.6825225874585 -2171.1693492334707 96.93934110410912
    vertex 391.9209006751666 -2200.1693492210006 97.25000133798315
    vertex 391.92090052135535 -2171.1693492315408 97.25000127588893
  endloop
endfacet
facet normal -0.7933533402911961 -5.511287615954262e-09 -0.6087614290087716
  outer loop
    vertex 391.6825225874585 -2171.1693492289282 99.06066144766875
    vertex 391.9209006751666 -2200.169349217789 98.75000133798315
    vertex 391.68252274126974 -2200.169349218388 99.06066150976297
  endloop
endfacet
facet normal -0.7933533402911961 -5.511287615954262e-09 -0.6087614290087716
  outer loop
    vertex 391.9209006751666 -2200.169349217789 98.75000133798315
    vertex 391.6825225874585 -2171.1693492289282 99.06066144766875
    vertex 391.92090052135535 -2171.169349228329 98.75000127588893
  endloop
endfacet
facet normal -0.608761429008759 -1.5300580687465934e-09 0.7933533402912057
  outer loop
    vertex 391.37186256948996 -2200.169349225089 96.70096323230649
    vertex 391.6825225874585 -2171.1693492334707 96.93934110410912
    vertex 391.37186241567866 -2171.1693492356285 96.70096317021228
  endloop
endfacet
facet normal -0.608761429008759 -1.5300580687465934e-09 0.7933533402912057
  outer loop
    vertex 391.6825225874585 -2171.1693492334707 96.93934110410912
    vertex 391.37186256948996 -2200.169349225089 96.70096323230649
    vertex 391.68252274126974 -2200.1693492229306 96.93934116620333
  endloop
endfacet
facet normal 0.608761429008759 1.5300580687465934e-09 -0.7933533402912057
  outer loop
    vertex 389.87186241567866 -2171.169349238021 99.29903938156559
    vertex 389.56120239771013 -2200.169349229639 99.06066150976297
    vertex 389.5612022438989 -2171.169349240179 99.06066144766875
  endloop
endfacet
facet normal 0.608761429008759 1.5300580687465934e-09 -0.7933533402912057
  outer loop
    vertex 389.56120239771013 -2200.169349229639 99.06066150976297
    vertex 389.87186241567866 -2171.169349238021 99.29903938156559
    vertex 389.8718625694899 -2200.1693492274812 99.29903944365981
  endloop
endfacet
facet normal -0.608761429008759 -4.927486876053234e-09 -0.7933533402912057
  outer loop
    vertex 391.6825225874585 -2171.1693492289282 99.06066144766875
    vertex 391.37186256948996 -2200.1693492195254 99.29903944365981
    vertex 391.37186241567866 -2171.1693492300656 99.29903938156559
  endloop
endfacet
facet normal -0.608761429008759 -4.927486876053234e-09 -0.7933533402912057
  outer loop
    vertex 391.37186256948996 -2200.1693492195254 99.29903944365981
    vertex 391.6825225874585 -2171.1693492289282 99.06066144766875
    vertex 391.68252274126974 -2200.169349218388 99.06066150976297
  endloop
endfacet
facet normal 0.9914448613738039 5.537944117352288e-09 0.13052619222010217
  outer loop
    vertex 389.1729736762451 -2171.169349245341 97.61177270823516
    vertex 389.1218625694899 -2200.1693492342406 98.00000133798316
    vertex 389.1729738300563 -2200.169349234801 97.61177277032938
  endloop
endfacet
facet normal 0.9914448613738039 5.537944117352288e-09 0.13052619222010217
  outer loop
    vertex 389.1218625694899 -2200.1693492342406 98.00000133798316
    vertex 389.1729736762451 -2171.169349245341 97.61177270823516
    vertex 389.12186241567866 -2171.1693492447807 98.00000127588893
  endloop
endfacet
facet normal 0.7933533402911855 5.5112876159542365e-09 0.6087614290087856
  outer loop
    vertex 389.56120239771013 -2200.1693492341815 96.93934116620333
    vertex 389.322824310002 -2171.1693492453205 97.25000127588893
    vertex 389.3228244638133 -2200.169349234781 97.25000133798315
  endloop
endfacet
facet normal 0.7933533402911855 5.5112876159542365e-09 0.6087614290087856
  outer loop
    vertex 389.322824310002 -2171.1693492453205 97.25000127588893
    vertex 389.56120239771013 -2200.1693492341815 96.93934116620333
    vertex 389.5612022438989 -2171.1693492447216 96.93934110410912
  endloop
endfacet
facet normal -0.13052619222006637 -2.815151430856811e-09 -0.9914448613738086
  outer loop
    vertex 391.0100909833325 -2171.1693492316635 99.44889001532253
    vertex 390.6218625694899 -2200.169349223073 99.50000133798315
    vertex 390.62186241567866 -2171.169349233613 99.50000127588893
  endloop
endfacet
facet normal -0.13052619222006637 -2.815151430856811e-09 -0.9914448613738086
  outer loop
    vertex 390.6218625694899 -2200.169349223073 99.50000133798315
    vertex 391.0100909833325 -2171.1693492316635 99.44889001532253
    vertex 391.0100911371437 -2200.1693492211234 99.44889007741675
  endloop
endfacet
facet normal 0.7933533402911961 2.904348802370391e-09 -0.6087614290087716
  outer loop
    vertex 389.322824310002 -2171.169349242109 98.75000127588893
    vertex 389.56120239771013 -2200.169349229639 99.06066150976297
    vertex 389.3228244638133 -2200.169349231569 98.75000133798315
  endloop
endfacet
facet normal 0.7933533402911961 2.904348802370391e-09 -0.6087614290087716
  outer loop
    vertex 389.56120239771013 -2200.169349229639 99.06066150976297
    vertex 389.322824310002 -2171.169349242109 98.75000127588893
    vertex 389.5612022438989 -2171.169349240179 99.06066144766875
  endloop
endfacet
facet normal 0.9238795325113051 5.719503212661759e-09 0.3826834323650461
  outer loop
    vertex 389.3228244638133 -2200.169349234781 97.25000133798315
    vertex 389.1729736762451 -2171.169349245341 97.61177270823516
    vertex 389.1729738300563 -2200.169349234801 97.61177277032938
  endloop
endfacet
facet normal 0.9238795325113051 5.719503212661759e-09 0.3826834323650461
  outer loop
    vertex 389.1729736762451 -2171.169349245341 97.61177270823516
    vertex 389.3228244638133 -2200.169349234781 97.25000133798315
    vertex 389.322824310002 -2171.1693492453205 97.25000127588893
  endloop
endfacet
facet normal 0.9238795325112966 4.0807129647769585e-09 -0.38268343236506647
  outer loop
    vertex 389.1729736762451 -2171.1693492436784 98.38822984354272
    vertex 389.3228244638133 -2200.169349231569 98.75000133798315
    vertex 389.1729738300563 -2200.1693492331383 98.38822990563693
  endloop
endfacet
facet normal 0.9238795325112966 4.0807129647769585e-09 -0.38268343236506647
  outer loop
    vertex 389.3228244638133 -2200.169349231569 98.75000133798315
    vertex 389.1729736762451 -2171.1693492436784 98.38822984354272
    vertex 389.322824310002 -2171.169349242109 98.75000127588893
  endloop
endfacet
facet normal 0.9914448613738037 4.978983282330346e-09 -0.13052619222010217
  outer loop
    vertex 389.12186241567866 -2171.1693492447807 98.00000127588893
    vertex 389.1729738300563 -2200.1693492331383 98.38822990563693
    vertex 389.1218625694899 -2200.1693492342406 98.00000133798316
  endloop
endfacet
facet normal 0.9914448613738037 4.978983282330346e-09 -0.13052619222010217
  outer loop
    vertex 389.1729738300563 -2200.1693492331383 98.38822990563693
    vertex 389.12186241567866 -2171.1693492447807 98.00000127588893
    vertex 389.1729736762451 -2171.1693492436784 98.38822984354272
  endloop
endfacet
facet normal -0.9238795325112966 -5.719503212661759e-09 -0.38268343236506647
  outer loop
    vertex 391.92090052135535 -2171.169349228329 98.75000127588893
    vertex 392.07075130892355 -2200.1693492177687 98.38822990563693
    vertex 391.9209006751666 -2200.169349217789 98.75000133798315
  endloop
endfacet
facet normal -0.9238795325112966 -5.719503212661759e-09 -0.38268343236506647
  outer loop
    vertex 392.07075130892355 -2200.1693492177687 98.38822990563693
    vertex 391.92090052135535 -2171.169349228329 98.75000127588893
    vertex 392.07075115511225 -2171.169349228309 98.38822984354272
  endloop
endfacet
facet normal -0.382683432365091 -5.149640627740339e-11 0.9238795325112863
  outer loop
    vertex 391.0100911371437 -2200.169349227328 96.55111259854955
    vertex 391.37186241567866 -2171.1693492356285 96.70096317021228
    vertex 391.0100909833325 -2171.169349237868 96.55111253645534
  endloop
endfacet
facet normal -0.382683432365091 -5.149640627740339e-11 0.9238795325112863
  outer loop
    vertex 391.37186241567866 -2171.1693492356285 96.70096317021228
    vertex 391.0100911371437 -2200.169349227328 96.55111259854955
    vertex 391.37186256948996 -2200.169349225089 96.70096323230649
  endloop
endfacet
facet normal -0.9914448613738037 -4.978983282330346e-09 0.13052619222010217
  outer loop
    vertex 392.12186256948996 -2200.169349218329 98.00000133798316
    vertex 392.07075115511225 -2171.1693492299714 97.61177270823516
    vertex 392.07075130892355 -2200.1693492194313 97.61177277032938
  endloop
endfacet
facet normal -0.9914448613738037 -4.978983282330346e-09 0.13052619222010217
  outer loop
    vertex 392.07075115511225 -2171.1693492299714 97.61177270823516
    vertex 392.12186256948996 -2200.169349218329 98.00000133798316
    vertex 392.12186241567866 -2171.169349228869 98.00000127588893
  endloop
endfacet
facet normal 0.13052619222003808 -1.4305722589246378e-09 -0.9914448613738123
  outer loop
    vertex 390.62186241567866 -2171.169349233613 99.50000127588893
    vertex 390.23363400183615 -2200.1693492252416 99.44889007741676
    vertex 390.23363384802485 -2171.1693492357817 99.44889001532255
  endloop
endfacet
facet normal 0.13052619222003808 -1.4305722589246378e-09 -0.9914448613738123
  outer loop
    vertex 390.23363400183615 -2200.1693492252416 99.44889007741676
    vertex 390.62186241567866 -2171.169349233613 99.50000127588893
    vertex 390.6218625694899 -2200.169349223073 99.50000133798315
  endloop
endfacet
facet normal -0.9914448613738039 -5.537944117352288e-09 -0.13052619222010217
  outer loop
    vertex 392.07075130892355 -2200.1693492177687 98.38822990563693
    vertex 392.12186241567866 -2171.169349228869 98.00000127588893
    vertex 392.12186256948996 -2200.169349218329 98.00000133798316
  endloop
endfacet
facet normal -0.9914448613738039 -5.537944117352288e-09 -0.13052619222010217
  outer loop
    vertex 392.12186241567866 -2171.169349228869 98.00000127588893
    vertex 392.07075130892355 -2200.1693492177687 98.38822990563693
    vertex 392.07075115511225 -2171.169349228309 98.38822984354272
  endloop
endfacet
facet normal -0.9238795325113051 -4.080712964777047e-09 0.3826834323650461
  outer loop
    vertex 392.07075130892355 -2200.1693492194313 97.61177277032938
    vertex 391.92090052135535 -2171.1693492315408 97.25000127588893
    vertex 391.9209006751666 -2200.1693492210006 97.25000133798315
  endloop
endfacet
facet normal -0.9238795325113051 -4.080712964777047e-09 0.3826834323650461
  outer loop
    vertex 391.92090052135535 -2171.1693492315408 97.25000127588893
    vertex 392.07075130892355 -2200.1693492194313 97.61177277032938
    vertex 392.07075115511225 -2171.1693492299714 97.61177270823516
  endloop
endfacet
facet normal -0.382683432365091 -4.007886048605893e-09 -0.9238795325112863
  outer loop
    vertex 391.37186241567866 -2171.1693492300656 99.29903938156559
    vertex 391.0100911371437 -2200.1693492211234 99.44889007741675
    vertex 391.0100909833325 -2171.1693492316635 99.44889001532253
  endloop
endfacet
facet normal -0.382683432365091 -4.007886048605893e-09 -0.9238795325112863
  outer loop
    vertex 391.0100911371437 -2200.1693492211234 99.44889007741675
    vertex 391.37186241567866 -2171.1693492300656 99.29903938156559
    vertex 391.37186256948996 -2200.1693492195254 99.29903944365981
  endloop
endfacet
facet normal 0.3826834323651156 5.149640627755583e-11 -0.9238795325112762
  outer loop
    vertex 390.23363384802485 -2171.1693492357817 99.44889001532255
    vertex 389.8718625694899 -2200.1693492274812 99.29903944365981
    vertex 389.87186241567866 -2171.169349238021 99.29903938156559
  endloop
endfacet
facet normal 0.3826834323651156 5.149640627755583e-11 -0.9238795325112762
  outer loop
    vertex 389.8718625694899 -2200.1693492274812 99.29903944365981
    vertex 390.23363384802485 -2171.1693492357817 99.44889001532255
    vertex 390.23363400183615 -2200.1693492252416 99.44889007741676
  endloop
endfacet
facet normal 0.608761429008759 4.927486876053234e-09 0.7933533402912057
  outer loop
    vertex 389.5612022120757 -2165.1693492121267 96.9393410912619
    vertex 389.87186223004426 -2136.1693492109875 96.70096309527081
    vertex 389.5612020582645 -2136.169349212125 96.93934102916765
  endloop
endfacet
facet normal 0.608761429008759 4.927486876053234e-09 0.7933533402912057
  outer loop
    vertex 389.87186223004426 -2136.1693492109875 96.70096309527081
    vertex 389.5612022120757 -2165.1693492121267 96.9393410912619
    vertex 389.87186238385556 -2165.1693492109894 96.70096315736505
  endloop
endfacet
facet normal 0.9238795325113051 5.71950321266176e-09 0.3826834323650461
  outer loop
    vertex 389.32282427817887 -2165.169349212726 97.25000126304171
    vertex 389.1729734906107 -2136.1693492127442 97.6117726332937
    vertex 389.172973644422 -2165.169349212746 97.61177269538794
  endloop
endfacet
facet normal 0.9238795325113051 5.71950321266176e-09 0.3826834323650461
  outer loop
    vertex 389.1729734906107 -2136.1693492127442 97.6117726332937
    vertex 389.32282427817887 -2165.169349212726 97.25000126304171
    vertex 389.3228241243676 -2136.1693492127242 97.25000120094747
  endloop
endfacet
facet normal 0.13052619222003808 2.815154410290981e-09 0.9914448613738123
  outer loop
    vertex 390.23363381620175 -2165.1693492093914 96.55111252360811
    vertex 390.6218622300443 -2136.16934920744 96.50000120094748
    vertex 390.2336336623905 -2136.1693492093896 96.55111246151387
  endloop
endfacet
facet normal 0.13052619222003808 2.815154410290981e-09 0.9914448613738123
  outer loop
    vertex 390.6218622300443 -2136.16934920744 96.50000120094748
    vertex 390.23363381620175 -2165.1693492093914 96.55111252360811
    vertex 390.62186238385556 -2165.169349207442 96.50000126304171
  endloop
endfacet
facet normal 0.382683432365091 4.007886048605894e-09 0.9238795325112863
  outer loop
    vertex 389.87186238385556 -2165.1693492109894 96.70096315736505
    vertex 390.2336336623905 -2136.1693492093896 96.55111246151387
    vertex 389.87186223004426 -2136.1693492109875 96.70096309527081
  endloop
endfacet
facet normal 0.382683432365091 4.007886048605894e-09 0.9238795325112863
  outer loop
    vertex 390.2336336623905 -2136.1693492093896 96.55111246151387
    vertex 389.87186238385556 -2165.1693492109894 96.70096315736505
    vertex 390.23363381620175 -2165.1693492093914 96.55111252360811
  endloop
endfacet
facet normal 0.9914448613738037 4.978983282330347e-09 -0.13052619222010217
  outer loop
    vertex 389.12186223004426 -2136.1693492121844 98.00000120094748
    vertex 389.172973644422 -2165.1693492110835 98.3882298306955
    vertex 389.12186238385556 -2165.169349212186 98.00000126304171
  endloop
endfacet
facet normal 0.9914448613738037 4.978983282330347e-09 -0.13052619222010217
  outer loop
    vertex 389.172973644422 -2165.1693492110835 98.3882298306955
    vertex 389.12186223004426 -2136.1693492121844 98.00000120094748
    vertex 389.1729734906107 -2136.1693492110817 98.38822976860125
  endloop
endfacet
facet normal 0.9914448613738039 5.537944117352289e-09 0.13052619222010217
  outer loop
    vertex 389.1729734906107 -2136.1693492127442 97.6117726332937
    vertex 389.12186238385556 -2165.169349212186 98.00000126304171
    vertex 389.172973644422 -2165.169349212746 97.61177269538794
  endloop
endfacet
facet normal 0.9914448613738039 5.537944117352289e-09 0.13052619222010217
  outer loop
    vertex 389.12186238385556 -2165.169349212186 98.00000126304171
    vertex 389.1729734906107 -2136.1693492127442 97.6117726332937
    vertex 389.12186223004426 -2136.1693492121844 98.00000120094748
  endloop
endfacet
facet normal -0.13052619222003808 1.4305746511775799e-09 0.9914448613738123
  outer loop
    vertex 390.62186238385556 -2165.169349207442 96.50000126304171
    vertex 391.01009079769807 -2136.1693492052714 96.55111246151387
    vertex 390.6218622300443 -2136.16934920744 96.50000120094748
  endloop
endfacet
facet normal -0.13052619222003808 1.4305746511775799e-09 0.9914448613738123
  outer loop
    vertex 391.01009079769807 -2136.1693492052714 96.55111246151387
    vertex 390.62186238385556 -2165.169349207442 96.50000126304171
    vertex 391.01009095150937 -2165.169349205273 96.55111252360811
  endloop
endfacet
facet normal -0.382683432365091 -5.149640627740381e-11 0.9238795325112863
  outer loop
    vertex 391.01009095150937 -2165.169349205273 96.55111252360811
    vertex 391.3718622300443 -2136.169349203032 96.70096309527081
    vertex 391.01009079769807 -2136.1693492052714 96.55111246151387
  endloop
endfacet
facet normal -0.382683432365091 -5.149640627740381e-11 0.9238795325112863
  outer loop
    vertex 391.3718622300443 -2136.169349203032 96.70096309527081
    vertex 391.01009095150937 -2165.169349205273 96.55111252360811
    vertex 391.37186238385556 -2165.169349203034 96.70096315736505
  endloop
endfacet
facet normal 0.7933533402911855 5.511287615954237e-09 0.6087614290087856
  outer loop
    vertex 389.5612022120757 -2165.1693492121267 96.9393410912619
    vertex 389.3228241243676 -2136.1693492127242 97.25000120094747
    vertex 389.32282427817887 -2165.169349212726 97.25000126304171
  endloop
endfacet
facet normal 0.7933533402911855 5.511287615954237e-09 0.6087614290087856
  outer loop
    vertex 389.3228241243676 -2136.1693492127242 97.25000120094747
    vertex 389.5612022120757 -2165.1693492121267 96.9393410912619
    vertex 389.5612020582645 -2136.169349212125 96.93934102916765
  endloop
endfacet
facet normal 0.7933533402911961 2.9043488023703918e-09 -0.6087614290087716
  outer loop
    vertex 389.3228241243676 -2136.1693492095123 98.75000120094747
    vertex 389.5612022120757 -2165.1693492075847 99.06066143482153
    vertex 389.32282427817887 -2165.169349209514 98.7500012630417
  endloop
endfacet
facet normal 0.7933533402911961 2.9043488023703918e-09 -0.6087614290087716
  outer loop
    vertex 389.5612022120757 -2165.1693492075847 99.06066143482153
    vertex 389.3228241243676 -2136.1693492095123 98.75000120094747
    vertex 389.5612020582645 -2136.169349207583 99.06066137272728
  endloop
endfacet
facet normal -0.9238795325113051 -4.080712964777048e-09 0.3826834323650461
  outer loop
    vertex 392.07075112328914 -2165.1693491973765 97.61177269538794
    vertex 391.92090033572094 -2136.1693491989445 97.25000120094747
    vertex 391.92090048953224 -2165.1693491989463 97.25000126304171
  endloop
endfacet
facet normal -0.9238795325113051 -4.080712964777048e-09 0.3826834323650461
  outer loop
    vertex 391.92090033572094 -2136.1693491989445 97.25000120094747
    vertex 392.07075112328914 -2165.1693491973765 97.61177269538794
    vertex 392.0707509694779 -2136.169349197375 97.6117726332937
  endloop
endfacet
facet normal -0.382683432365091 -4.007886048605894e-09 -0.9238795325112863
  outer loop
    vertex 391.3718622300443 -2136.1693491974693 99.29903930662412
    vertex 391.01009095150937 -2165.1693491990686 99.44889000247531
    vertex 391.01009079769807 -2136.1693491990673 99.44888994038106
  endloop
endfacet
facet normal -0.382683432365091 -4.007886048605894e-09 -0.9238795325112863
  outer loop
    vertex 391.01009095150937 -2165.1693491990686 99.44889000247531
    vertex 391.3718622300443 -2136.1693491974693 99.29903930662412
    vertex 391.37186238385556 -2165.1693491974706 99.29903936871837
  endloop
endfacet
facet normal -0.608761429008759 -4.927486876053234e-09 -0.7933533402912057
  outer loop
    vertex 391.6825224018241 -2136.169349196332 99.06066137272728
    vertex 391.37186238385556 -2165.1693491974706 99.29903936871837
    vertex 391.3718622300443 -2136.1693491974693 99.29903930662412
  endloop
endfacet
facet normal -0.608761429008759 -4.927486876053234e-09 -0.7933533402912057
  outer loop
    vertex 391.37186238385556 -2165.1693491974706 99.29903936871837
    vertex 391.6825224018241 -2136.169349196332 99.06066137272728
    vertex 391.68252255563533 -2165.1693491963333 99.06066143482153
  endloop
endfacet
facet normal -0.9238795325112966 -5.71950321266176e-09 -0.38268343236506647
  outer loop
    vertex 391.92090033572094 -2136.1693491957326 98.75000120094747
    vertex 392.07075112328914 -2165.169349195714 98.3882298306955
    vertex 391.92090048953224 -2165.1693491957344 98.7500012630417
  endloop
endfacet
facet normal -0.9238795325112966 -5.71950321266176e-09 -0.38268343236506647
  outer loop
    vertex 392.07075112328914 -2165.169349195714 98.3882298306955
    vertex 391.92090033572094 -2136.1693491957326 98.75000120094747
    vertex 392.0707509694779 -2136.1693491957126 98.38822976860125
  endloop
endfacet
facet normal -0.9914448613738037 -4.978983282330347e-09 0.13052619222010217
  outer loop
    vertex 392.12186238385556 -2165.169349196274 98.00000126304171
    vertex 392.0707509694779 -2136.169349197375 97.6117726332937
    vertex 392.07075112328914 -2165.1693491973765 97.61177269538794
  endloop
endfacet
facet normal -0.9914448613738037 -4.978983282330347e-09 0.13052619222010217
  outer loop
    vertex 392.0707509694779 -2136.169349197375 97.6117726332937
    vertex 392.12186238385556 -2165.169349196274 98.00000126304171
    vertex 392.1218622300443 -2136.1693491962724 98.00000120094748
  endloop
endfacet
facet normal -0.13052619222006637 -2.815152200986723e-09 -0.9914448613738086
  outer loop
    vertex 391.01009079769807 -2136.1693491990673 99.44888994038106
    vertex 390.62186238385556 -2165.169349201018 99.50000126304171
    vertex 390.6218622300443 -2136.1693492010168 99.50000120094747
  endloop
endfacet
facet normal -0.13052619222006637 -2.815152200986723e-09 -0.9914448613738086
  outer loop
    vertex 390.62186238385556 -2165.169349201018 99.50000126304171
    vertex 391.01009079769807 -2136.1693491990673 99.44888994038106
    vertex 391.01009095150937 -2165.1693491990686 99.44889000247531
  endloop
endfacet
facet normal 0.13052619222003808 -1.430573029713759e-09 -0.9914448613738123
  outer loop
    vertex 390.6218622300443 -2136.1693492010168 99.50000120094747
    vertex 390.23363381620175 -2165.169349203187 99.44889000247532
    vertex 390.2336336623905 -2136.1693492031854 99.44888994038108
  endloop
endfacet
facet normal 0.13052619222003808 -1.430573029713759e-09 -0.9914448613738123
  outer loop
    vertex 390.23363381620175 -2165.169349203187 99.44889000247532
    vertex 390.6218622300443 -2136.1693492010168 99.50000120094747
    vertex 390.62186238385556 -2165.169349201018 99.50000126304171
  endloop
endfacet
facet normal -0.7933533402911855 -2.904348802370306e-09 0.6087614290087856
  outer loop
    vertex 391.92090048953224 -2165.1693491989463 97.25000126304171
    vertex 391.6825224018241 -2136.169349200874 96.93934102916765
    vertex 391.68252255563533 -2165.169349200876 96.9393410912619
  endloop
endfacet
facet normal -0.7933533402911855 -2.904348802370306e-09 0.6087614290087856
  outer loop
    vertex 391.6825224018241 -2136.169349200874 96.93934102916765
    vertex 391.92090048953224 -2165.1693491989463 97.25000126304171
    vertex 391.92090033572094 -2136.1693491989445 97.25000120094747
  endloop
endfacet
facet normal -0.608761429008759 -1.5300580687465938e-09 0.7933533402912057
  outer loop
    vertex 391.37186238385556 -2165.169349203034 96.70096315736505
    vertex 391.6825224018241 -2136.169349200874 96.93934102916765
    vertex 391.3718622300443 -2136.169349203032 96.70096309527081
  endloop
endfacet
facet normal -0.608761429008759 -1.5300580687465938e-09 0.7933533402912057
  outer loop
    vertex 391.6825224018241 -2136.169349200874 96.93934102916765
    vertex 391.37186238385556 -2165.169349203034 96.70096315736505
    vertex 391.68252255563533 -2165.169349200876 96.9393410912619
  endloop
endfacet
facet normal 0.9238795325112966 4.080712964776959e-09 -0.38268343236506647
  outer loop
    vertex 389.1729734906107 -2136.1693492110817 98.38822976860125
    vertex 389.32282427817887 -2165.169349209514 98.7500012630417
    vertex 389.172973644422 -2165.1693492110835 98.3882298306955
  endloop
endfacet
facet normal 0.9238795325112966 4.080712964776959e-09 -0.38268343236506647
  outer loop
    vertex 389.32282427817887 -2165.169349209514 98.7500012630417
    vertex 389.1729734906107 -2136.1693492110817 98.38822976860125
    vertex 389.3228241243676 -2136.1693492095123 98.75000120094747
  endloop
endfacet
facet normal -0.7933533402911961 -5.511287615954263e-09 -0.6087614290087716
  outer loop
    vertex 391.6825224018241 -2136.169349196332 99.06066137272728
    vertex 391.92090048953224 -2165.1693491957344 98.7500012630417
    vertex 391.68252255563533 -2165.1693491963333 99.06066143482153
  endloop
endfacet
facet normal -0.7933533402911961 -5.511287615954263e-09 -0.6087614290087716
  outer loop
    vertex 391.92090048953224 -2165.1693491957344 98.7500012630417
    vertex 391.6825224018241 -2136.169349196332 99.06066137272728
    vertex 391.92090033572094 -2136.1693491957326 98.75000120094747
  endloop
endfacet
facet normal 0.3826834323651156 5.149640627755625e-11 -0.9238795325112762
  outer loop
    vertex 390.2336336623905 -2136.1693492031854 99.44888994038108
    vertex 389.87186238385556 -2165.1693492054264 99.29903936871837
    vertex 389.87186223004426 -2136.1693492054246 99.29903930662412
  endloop
endfacet
facet normal 0.3826834323651156 5.149640627755625e-11 -0.9238795325112762
  outer loop
    vertex 389.87186238385556 -2165.1693492054264 99.29903936871837
    vertex 390.2336336623905 -2136.1693492031854 99.44888994038108
    vertex 390.23363381620175 -2165.169349203187 99.44889000247532
  endloop
endfacet
facet normal -0.9914448613738039 -5.537944117352289e-09 -0.13052619222010217
  outer loop
    vertex 392.07075112328914 -2165.169349195714 98.3882298306955
    vertex 392.1218622300443 -2136.1693491962724 98.00000120094748
    vertex 392.12186238385556 -2165.169349196274 98.00000126304171
  endloop
endfacet
facet normal -0.9914448613738039 -5.537944117352289e-09 -0.13052619222010217
  outer loop
    vertex 392.1218622300443 -2136.1693491962724 98.00000120094748
    vertex 392.07075112328914 -2165.169349195714 98.3882298306955
    vertex 392.0707509694779 -2136.1693491957126 98.38822976860125
  endloop
endfacet
facet normal 0.608761429008759 1.5300580687465938e-09 -0.7933533402912057
  outer loop
    vertex 389.87186223004426 -2136.1693492054246 99.29903930662412
    vertex 389.5612022120757 -2165.1693492075847 99.06066143482153
    vertex 389.5612020582645 -2136.169349207583 99.06066137272728
  endloop
endfacet
facet normal 0.608761429008759 1.5300580687465938e-09 -0.7933533402912057
  outer loop
    vertex 389.5612022120757 -2165.1693492075847 99.06066143482153
    vertex 389.87186223004426 -2136.1693492054246 99.29903930662412
    vertex 389.87186238385556 -2165.1693492054264 99.29903936871837
  endloop
endfacet
facet normal -1.4296926655447689e-08 1.0 5.75152782761172e-10
  outer loop
    vertex 393.74686196467974 -2189.169349209208 95.00000130286578
    vertex 426.49686188585866 -2189.1693487503126 100.50000181279198
    vertex 426.4968618803317 -2189.169348737533 95.00000120555234
  endloop
endfacet
facet normal -1.4296926655447689e-08 1.0 5.75152782761172e-10
  outer loop
    vertex 426.49686188585866 -2189.1693487503126 100.50000181279198
    vertex 393.74686196467974 -2189.169349209208 95.00000130286578
    vertex 393.7468619289849 -2189.169349215086 100.50000192319904
  endloop
endfacet
facet normal -1.6815924760781122e-09 -0.9999999999999987 5.371730104999059e-08
  outer loop
    vertex 393.74686189442815 -2165.1693492651284 95.00000109984367
    vertex 391.01009095150937 -2165.169349205273 96.55111252360811
    vertex 390.62186238385556 -2165.169349207442 96.50000126304171
  endloop
endfacet
facet normal -1.6815924760781122e-09 -0.9999999999999987 5.371730104999059e-08
  outer loop
    vertex 391.01009095150937 -2165.169349205273 96.55111252360811
    vertex 393.74686189442815 -2165.1693492651284 95.00000109984367
    vertex 391.37186238385556 -2165.169349203034 96.70096315736505
  endloop
endfacet
facet normal -1.6815924760781122e-09 -0.9999999999999987 5.371730104999059e-08
  outer loop
    vertex 391.37186238385556 -2165.169349203034 96.70096315736505
    vertex 393.74686189442815 -2165.1693492651284 95.00000109984367
    vertex 391.68252255563533 -2165.169349200876 96.9393410912619
  endloop
endfacet
facet normal -1.6815924760781122e-09 -0.9999999999999987 5.371730104999059e-08
  outer loop
    vertex 391.68252255563533 -2165.169349200876 96.9393410912619
    vertex 393.74686189442815 -2165.1693492651284 95.00000109984367
    vertex 391.92090048953224 -2165.1693491989463 97.25000126304171
  endloop
endfacet
facet normal -1.6815924760781122e-09 -0.9999999999999987 5.371730104999059e-08
  outer loop
    vertex 391.92090048953224 -2165.1693491989463 97.25000126304171
    vertex 393.74686189442815 -2165.1693492651284 95.00000109984367
    vertex 393.74686145099315 -2165.1693489273134 100.50000077629115
  endloop
endfacet
facet normal -1.6815924760781122e-09 -0.9999999999999987 5.371730104999059e-08
  outer loop
    vertex 391.92090048953224 -2165.1693491989463 97.25000126304171
    vertex 393.74686145099315 -2165.1693489273134 100.50000077629115
    vertex 392.07075112328914 -2165.1693491973765 97.61177269538794
  endloop
endfacet
facet normal -1.6815924760781122e-09 -0.9999999999999987 5.371730104999059e-08
  outer loop
    vertex 392.07075112328914 -2165.1693491973765 97.61177269538794
    vertex 393.74686145099315 -2165.1693489273134 100.50000077629115
    vertex 392.12186238385556 -2165.169349196274 98.00000126304171
  endloop
endfacet
facet normal -1.6815924760781122e-09 -0.9999999999999987 5.371730104999059e-08
  outer loop
    vertex 392.12186238385556 -2165.169349196274 98.00000126304171
    vertex 393.74686145099315 -2165.1693489273134 100.50000077629115
    vertex 392.07075112328914 -2165.169349195714 98.3882298306955
  endloop
endfacet
facet normal -1.6815924760781122e-09 -0.9999999999999987 5.371730104999059e-08
  outer loop
    vertex 392.07075112328914 -2165.169349195714 98.3882298306955
    vertex 393.74686145099315 -2165.1693489273134 100.50000077629115
    vertex 391.92090048953224 -2165.1693491957344 98.7500012630417
  endloop
endfacet
facet normal -1.6815924760781122e-09 -0.9999999999999987 5.371730104999059e-08
  outer loop
    vertex 391.92090048953224 -2165.1693491957344 98.7500012630417
    vertex 393.74686145099315 -2165.1693489273134 100.50000077629115
    vertex 391.68252255563533 -2165.1693491963333 99.06066143482153
  endloop
endfacet
facet normal -1.6815924760781122e-09 -0.9999999999999987 5.371730104999059e-08
  outer loop
    vertex 391.68252255563533 -2165.1693491963333 99.06066143482153
    vertex 393.74686145099315 -2165.1693489273134 100.50000077629115
    vertex 391.37186238385556 -2165.1693491974706 99.29903936871837
  endloop
endfacet
facet normal -1.6815924760781122e-09 -0.9999999999999987 5.371730104999059e-08
  outer loop
    vertex 391.37186238385556 -2165.1693491974706 99.29903936871837
    vertex 393.74686145099315 -2165.1693489273134 100.50000077629115
    vertex 391.01009095150937 -2165.1693491990686 99.44889000247531
  endloop
endfacet
facet normal -1.6815924760781122e-09 -0.9999999999999987 5.371730104999059e-08
  outer loop
    vertex 391.01009095150937 -2165.1693491990686 99.44889000247531
    vertex 393.74686145099315 -2165.1693489273134 100.50000077629115
    vertex 390.62186238385556 -2165.169349201018 99.50000126304171
  endloop
endfacet
facet normal -1.6815924760781122e-09 -0.9999999999999987 5.371730104999059e-08
  outer loop
    vertex 390.62186238385556 -2165.169349201018 99.50000126304171
    vertex 393.74686145099315 -2165.1693489273134 100.50000077629115
    vertex 390.62186237739695 -2165.1693491933197 100.50000126304171
  endloop
endfacet
facet normal -1.6815924760781122e-09 -0.9999999999999987 5.371730104999059e-08
  outer loop
    vertex 386.49686367709177 -2165.1693492651284 95.00000073416236
    vertex 389.5612022120757 -2165.1693492121267 96.9393410912619
    vertex 386.49686323365677 -2165.1693489273134 100.50000041060983
  endloop
endfacet
facet normal -1.6815924760781122e-09 -0.9999999999999987 5.371730104999059e-08
  outer loop
    vertex 389.5612022120757 -2165.1693492121267 96.9393410912619
    vertex 386.49686367709177 -2165.1693492651284 95.00000073416236
    vertex 389.87186238385556 -2165.1693492109894 96.70096315736505
  endloop
endfacet
facet normal -1.6815924760781122e-09 -0.9999999999999987 5.371730104999059e-08
  outer loop
    vertex 389.87186238385556 -2165.1693492109894 96.70096315736505
    vertex 386.49686367709177 -2165.1693492651284 95.00000073416236
    vertex 393.74686189442815 -2165.1693492651284 95.00000109984367
  endloop
endfacet
facet normal -1.6815924760781122e-09 -0.9999999999999987 5.371730104999059e-08
  outer loop
    vertex 389.87186238385556 -2165.1693492109894 96.70096315736505
    vertex 393.74686189442815 -2165.1693492651284 95.00000109984367
    vertex 390.23363381620175 -2165.1693492093914 96.55111252360811
  endloop
endfacet
facet normal -1.6815924760781122e-09 -0.9999999999999987 5.371730104999059e-08
  outer loop
    vertex 390.23363381620175 -2165.1693492093914 96.55111252360811
    vertex 393.74686189442815 -2165.1693492651284 95.00000109984367
    vertex 390.62186238385556 -2165.169349207442 96.50000126304171
  endloop
endfacet
facet normal -1.6815924760781122e-09 -0.9999999999999987 5.371730104999059e-08
  outer loop
    vertex 386.49686323365677 -2165.1693489273134 100.50000041060983
    vertex 389.5612022120757 -2165.1693492121267 96.9393410912619
    vertex 389.32282427817887 -2165.169349212726 97.25000126304171
  endloop
endfacet
facet normal -1.6815924760781122e-09 -0.9999999999999987 5.371730104999059e-08
  outer loop
    vertex 386.49686323365677 -2165.1693489273134 100.50000041060983
    vertex 389.32282427817887 -2165.169349212726 97.25000126304171
    vertex 389.172973644422 -2165.169349212746 97.61177269538794
  endloop
endfacet
facet normal -1.6815924760781122e-09 -0.9999999999999987 5.371730104999059e-08
  outer loop
    vertex 386.49686323365677 -2165.1693489273134 100.50000041060983
    vertex 389.172973644422 -2165.169349212746 97.61177269538794
    vertex 389.12186238385556 -2165.169349212186 98.00000126304171
  endloop
endfacet
facet normal -1.6815924760781122e-09 -0.9999999999999987 5.371730104999059e-08
  outer loop
    vertex 386.49686323365677 -2165.1693489273134 100.50000041060983
    vertex 389.12186238385556 -2165.169349212186 98.00000126304171
    vertex 389.172973644422 -2165.1693492110835 98.3882298306955
  endloop
endfacet
facet normal -1.6815924760781122e-09 -0.9999999999999987 5.371730104999059e-08
  outer loop
    vertex 386.49686323365677 -2165.1693489273134 100.50000041060983
    vertex 389.172973644422 -2165.1693492110835 98.3882298306955
    vertex 389.32282427817887 -2165.169349209514 98.7500012630417
  endloop
endfacet
facet normal -1.6815924760781122e-09 -0.9999999999999987 5.371730104999059e-08
  outer loop
    vertex 386.49686323365677 -2165.1693489273134 100.50000041060983
    vertex 389.32282427817887 -2165.169349209514 98.7500012630417
    vertex 389.5612022120757 -2165.1693492075847 99.06066143482153
  endloop
endfacet
facet normal -1.6815924760781122e-09 -0.9999999999999987 5.371730104999059e-08
  outer loop
    vertex 386.49686323365677 -2165.1693489273134 100.50000041060983
    vertex 389.5612022120757 -2165.1693492075847 99.06066143482153
    vertex 389.87186238385556 -2165.1693492054264 99.29903936871837
  endloop
endfacet
facet normal -1.6815924760781122e-09 -0.9999999999999987 5.371730104999059e-08
  outer loop
    vertex 386.49686323365677 -2165.1693489273134 100.50000041060983
    vertex 389.87186238385556 -2165.1693492054264 99.29903936871837
    vertex 390.23363381620175 -2165.169349203187 99.44889000247532
  endloop
endfacet
facet normal -1.6815924760781122e-09 -0.9999999999999987 5.371730104999059e-08
  outer loop
    vertex 386.49686323365677 -2165.1693489273134 100.50000041060983
    vertex 390.23363381620175 -2165.169349203187 99.44889000247532
    vertex 390.62186238385556 -2165.169349201018 99.50000126304171
  endloop
endfacet
facet normal -1.6815924760781122e-09 -0.9999999999999987 5.371730104999059e-08
  outer loop
    vertex 386.49686323365677 -2165.1693489273134 100.50000041060983
    vertex 390.62186238385556 -2165.169349201018 99.50000126304171
    vertex 390.62186237739695 -2165.1693491933197 100.50000126304171
  endloop
endfacet
facet normal 1.930721342650428e-08 0.9999999999999996 -2.5084722412536498e-08
  outer loop
    vertex 386.4968635499499 -2171.169349265129 95.00000082012174
    vertex 389.87186241567866 -2171.1693492435843 96.70096317021228
    vertex 393.7468618447776 -2171.1693492269987 95.0000015294244
  endloop
endfacet
facet normal 1.930721342650428e-08 0.9999999999999996 -2.5084722412536498e-08
  outer loop
    vertex 389.87186241567866 -2171.1693492435843 96.70096317021228
    vertex 386.4968635499499 -2171.169349265129 95.00000082012174
    vertex 389.5612022438989 -2171.1693492447216 96.93934110410912
  endloop
endfacet
facet normal 1.930721342650428e-08 0.9999999999999996 -2.5084722412536498e-08
  outer loop
    vertex 389.5612022438989 -2171.1693492447216 96.93934110410912
    vertex 386.4968635499499 -2171.169349265129 95.00000082012174
    vertex 386.4968631065149 -2171.1693489273134 100.50000049656921
  endloop
endfacet
facet normal 1.930721342650428e-08 0.9999999999999996 -2.5084722412536498e-08
  outer loop
    vertex 393.7468618447776 -2171.1693492269987 95.0000015294244
    vertex 389.87186241567866 -2171.1693492435843 96.70096317021228
    vertex 390.23363384802485 -2171.1693492419863 96.55111253645534
  endloop
endfacet
facet normal 1.930721342650428e-08 0.9999999999999996 -2.5084722412536498e-08
  outer loop
    vertex 393.7468618447776 -2171.1693492269987 95.0000015294244
    vertex 390.23363384802485 -2171.1693492419863 96.55111253645534
    vertex 390.62186241567866 -2171.169349240037 96.50000127588895
  endloop
endfacet
facet normal 1.930721342650428e-08 0.9999999999999996 -2.5084722412536498e-08
  outer loop
    vertex 389.5612022438989 -2171.1693492447216 96.93934110410912
    vertex 386.4968631065149 -2171.1693489273134 100.50000049656921
    vertex 389.322824310002 -2171.1693492453205 97.25000127588893
  endloop
endfacet
facet normal 1.930721342650428e-08 0.9999999999999996 -2.5084722412536498e-08
  outer loop
    vertex 389.322824310002 -2171.1693492453205 97.25000127588893
    vertex 386.4968631065149 -2171.1693489273134 100.50000049656921
    vertex 389.1729736762451 -2171.169349245341 97.61177270823516
  endloop
endfacet
facet normal 1.930721342650428e-08 0.9999999999999996 -2.5084722412536498e-08
  outer loop
    vertex 389.1729736762451 -2171.169349245341 97.61177270823516
    vertex 386.4968631065149 -2171.1693489273134 100.50000049656921
    vertex 389.12186241567866 -2171.1693492447807 98.00000127588893
  endloop
endfacet
facet normal 1.930721342650428e-08 0.9999999999999996 -2.5084722412536498e-08
  outer loop
    vertex 389.12186241567866 -2171.1693492447807 98.00000127588893
    vertex 386.4968631065149 -2171.1693489273134 100.50000049656921
    vertex 389.1729736762451 -2171.1693492436784 98.38822984354272
  endloop
endfacet
facet normal 1.930721342650428e-08 0.9999999999999996 -2.5084722412536498e-08
  outer loop
    vertex 389.1729736762451 -2171.1693492436784 98.38822984354272
    vertex 386.4968631065149 -2171.1693489273134 100.50000049656921
    vertex 389.322824310002 -2171.169349242109 98.75000127588893
  endloop
endfacet
facet normal 1.930721342650428e-08 0.9999999999999996 -2.5084722412536498e-08
  outer loop
    vertex 389.322824310002 -2171.169349242109 98.75000127588893
    vertex 386.4968631065149 -2171.1693489273134 100.50000049656921
    vertex 389.5612022438989 -2171.169349240179 99.06066144766875
  endloop
endfacet
facet normal 1.930721342650428e-08 0.9999999999999996 -2.5084722412536498e-08
  outer loop
    vertex 389.5612022438989 -2171.169349240179 99.06066144766875
    vertex 386.4968631065149 -2171.1693489273134 100.50000049656921
    vertex 389.87186241567866 -2171.169349238021 99.29903938156559
  endloop
endfacet
facet normal 1.930721342650428e-08 0.9999999999999996 -2.5084722412536498e-08
  outer loop
    vertex 389.87186241567866 -2171.169349238021 99.29903938156559
    vertex 386.4968631065149 -2171.1693489273134 100.50000049656921
    vertex 390.23363384802485 -2171.1693492357817 99.44889001532255
  endloop
endfacet
facet normal 1.930721342650428e-08 0.9999999999999996 -2.5084722412536498e-08
  outer loop
    vertex 390.23363384802485 -2171.1693492357817 99.44889001532255
    vertex 386.4968631065149 -2171.1693489273134 100.50000049656921
    vertex 390.62186241567866 -2171.169349233613 99.50000127588893
  endloop
endfacet
facet normal 1.930721342650428e-08 0.9999999999999996 -2.5084722412536498e-08
  outer loop
    vertex 390.62186241567866 -2171.169349233613 99.50000127588893
    vertex 386.4968631065149 -2171.1693489273134 100.50000049656921
    vertex 390.6218624092201 -2171.169349225914 100.50000127588893
  endloop
endfacet
facet normal 1.930721342650428e-08 0.9999999999999996 -2.5084722412536498e-08
  outer loop
    vertex 393.7468618447776 -2171.1693492269987 95.0000015294244
    vertex 391.92090052135535 -2171.1693492315408 97.25000127588893
    vertex 393.7468619139818 -2171.1693492328773 100.5000018707877
  endloop
endfacet
facet normal 1.930721342650428e-08 0.9999999999999996 -2.5084722412536498e-08
  outer loop
    vertex 391.92090052135535 -2171.1693492315408 97.25000127588893
    vertex 393.7468618447776 -2171.1693492269987 95.0000015294244
    vertex 391.6825225874585 -2171.1693492334707 96.93934110410912
  endloop
endfacet
facet normal 1.930721342650428e-08 0.9999999999999996 -2.5084722412536498e-08
  outer loop
    vertex 391.6825225874585 -2171.1693492334707 96.93934110410912
    vertex 393.7468618447776 -2171.1693492269987 95.0000015294244
    vertex 391.37186241567866 -2171.1693492356285 96.70096317021228
  endloop
endfacet
facet normal 1.930721342650428e-08 0.9999999999999996 -2.5084722412536498e-08
  outer loop
    vertex 391.37186241567866 -2171.1693492356285 96.70096317021228
    vertex 393.7468618447776 -2171.1693492269987 95.0000015294244
    vertex 391.0100909833325 -2171.169349237868 96.55111253645534
  endloop
endfacet
facet normal 1.930721342650428e-08 0.9999999999999996 -2.5084722412536498e-08
  outer loop
    vertex 391.0100909833325 -2171.169349237868 96.55111253645534
    vertex 393.7468618447776 -2171.1693492269987 95.0000015294244
    vertex 390.62186241567866 -2171.169349240037 96.50000127588895
  endloop
endfacet
facet normal 1.930721342650428e-08 0.9999999999999996 -2.5084722412536498e-08
  outer loop
    vertex 393.7468619139818 -2171.1693492328773 100.5000018707877
    vertex 391.92090052135535 -2171.1693492315408 97.25000127588893
    vertex 392.07075115511225 -2171.1693492299714 97.61177270823516
  endloop
endfacet
facet normal 1.930721342650428e-08 0.9999999999999996 -2.5084722412536498e-08
  outer loop
    vertex 393.7468619139818 -2171.1693492328773 100.5000018707877
    vertex 392.07075115511225 -2171.1693492299714 97.61177270823516
    vertex 392.12186241567866 -2171.169349228869 98.00000127588893
  endloop
endfacet
facet normal 1.930721342650428e-08 0.9999999999999996 -2.5084722412536498e-08
  outer loop
    vertex 393.7468619139818 -2171.1693492328773 100.5000018707877
    vertex 392.12186241567866 -2171.169349228869 98.00000127588893
    vertex 392.07075115511225 -2171.169349228309 98.38822984354272
  endloop
endfacet
facet normal 1.930721342650428e-08 0.9999999999999996 -2.5084722412536498e-08
  outer loop
    vertex 393.7468619139818 -2171.1693492328773 100.5000018707877
    vertex 392.07075115511225 -2171.169349228309 98.38822984354272
    vertex 391.92090052135535 -2171.169349228329 98.75000127588893
  endloop
endfacet
facet normal 1.930721342650428e-08 0.9999999999999996 -2.5084722412536498e-08
  outer loop
    vertex 393.7468619139818 -2171.1693492328773 100.5000018707877
    vertex 391.92090052135535 -2171.169349228329 98.75000127588893
    vertex 391.6825225874585 -2171.1693492289282 99.06066144766875
  endloop
endfacet
facet normal 1.930721342650428e-08 0.9999999999999996 -2.5084722412536498e-08
  outer loop
    vertex 393.7468619139818 -2171.1693492328773 100.5000018707877
    vertex 391.6825225874585 -2171.1693492289282 99.06066144766875
    vertex 391.37186241567866 -2171.1693492300656 99.29903938156559
  endloop
endfacet
facet normal 1.930721342650428e-08 0.9999999999999996 -2.5084722412536498e-08
  outer loop
    vertex 393.7468619139818 -2171.1693492328773 100.5000018707877
    vertex 391.37186241567866 -2171.1693492300656 99.29903938156559
    vertex 391.0100909833325 -2171.1693492316635 99.44889001532253
  endloop
endfacet
facet normal 1.930721342650428e-08 0.9999999999999996 -2.5084722412536498e-08
  outer loop
    vertex 393.7468619139818 -2171.1693492328773 100.5000018707877
    vertex 391.0100909833325 -2171.1693492316635 99.44889001532253
    vertex 390.62186241567866 -2171.169349233613 99.50000127588893
  endloop
endfacet
facet normal 1.930721342650428e-08 0.9999999999999996 -2.5084722412536498e-08
  outer loop
    vertex 393.7468619139818 -2171.1693492328773 100.5000018707877
    vertex 390.62186241567866 -2171.169349233613 99.50000127588893
    vertex 390.6218624092201 -2171.169349225914 100.50000127588893
  endloop
endfacet
facet normal -0.9999999999999991 1.6986591454401962e-08 -3.706841899880471e-08
  outer loop
    vertex 386.49686310512885 -2171.1693489214354 101.00000010431899
    vertex 386.4968628392996 -2200.169349180869 95.00000073458303
    vertex 386.4968628392996 -2200.1693492063555 101.00000065449603
  endloop
endfacet
facet normal -0.9999999999999991 1.6986591454401962e-08 -3.706841899880471e-08
  outer loop
    vertex 386.4968628392996 -2200.169349180869 95.00000073458303
    vertex 386.49686310512885 -2171.1693489214354 101.00000010431899
    vertex 386.4968635499499 -2171.169349265129 95.00000082012174
  endloop
endfacet
facet normal -0.9999999999999991 1.6986591454401962e-08 -3.706841899880471e-08
  outer loop
    vertex 386.4968635499499 -2171.169349265129 95.00000082012174
    vertex 386.49686310512885 -2171.1693489214354 101.00000010431899
    vertex 386.4968631065149 -2171.1693489273134 100.50000049656921
  endloop
endfacet
facet normal 0.9999999999999993 -1.3096920073012325e-08 3.416229629785233e-08
  outer loop
    vertex 393.74686185094805 -2147.1693492269983 95.00000157562248
    vertex 393.74686145099315 -2165.1693489273134 100.50000077629115
    vertex 393.74686189442815 -2165.1693492651284 95.00000109984367
  endloop
endfacet
facet normal 0.9999999999999993 -1.3096920073012325e-08 3.416229629785233e-08
  outer loop
    vertex 393.74686145099315 -2165.1693489273134 100.50000077629115
    vertex 393.74686185094805 -2147.1693492269983 95.00000157562248
    vertex 393.74686188720756 -2147.1693492328764 100.50000191698577
  endloop
endfacet
facet normal -0.9999999999999989 3.160624799810306e-08 -3.706841938647821e-08
  outer loop
    vertex 386.49686323365677 -2165.1693489273134 100.50000041060983
    vertex 386.4968643712624 -2136.1693493493876 95.00000073381378
    vertex 386.49686367709177 -2165.1693492651284 95.00000073416236
  endloop
endfacet
facet normal -0.9999999999999989 3.160624799810306e-08 -3.706841938647821e-08
  outer loop
    vertex 386.4968643712624 -2136.1693493493876 95.00000073381378
    vertex 386.49686323365677 -2165.1693489273134 100.50000041060983
    vertex 386.49686323227075 -2165.169348921435 101.00000001835959
  endloop
endfacet
facet normal -0.9999999999999989 3.160624799810306e-08 -3.706841938647821e-08
  outer loop
    vertex 386.4968643712624 -2136.1693493493876 95.00000073381378
    vertex 386.49686323227075 -2165.169348921435 101.00000001835959
    vertex 386.4968643712624 -2136.169349374874 101.00000065372679
  endloop
endfacet
facet normal 1.0 -8.669645586229829e-10 -2.561442994250759e-09
  outer loop
    vertex 393.74686196467974 -2189.169349209208 95.00000130286578
    vertex 393.7468619139818 -2171.1693492328773 100.5000018707877
    vertex 393.7468619289849 -2189.169349215086 100.50000192319904
  endloop
endfacet
facet normal 1.0 -8.669645586229829e-10 -2.561442994250759e-09
  outer loop
    vertex 393.7468619139818 -2171.1693492328773 100.5000018707877
    vertex 393.74686196467974 -2189.169349209208 95.00000130286578
    vertex 393.7468618447776 -2171.1693492269987 95.0000015294244
  endloop
endfacet
facet normal 6.591762192769275e-09 -1.0 3.6817783240454666e-09
  outer loop
    vertex 426.49686185319473 -2147.1693489949057 100.50000157237093
    vertex 393.74686185094805 -2147.1693492269983 95.00000157562248
    vertex 426.49686183855437 -2147.1693490332086 95.00000124205297
  endloop
endfacet
facet normal 6.591762192769275e-09 -1.0 3.6817783240454666e-09
  outer loop
    vertex 393.74686185094805 -2147.1693492269983 95.00000157562248
    vertex 426.49686185319473 -2147.1693489949057 100.50000157237093
    vertex 393.74686188720756 -2147.1693492328764 100.50000191698577
  endloop
endfacet
endsolid [V2] MAKEROBOT 2026 JUNIOR
