solid GAMEFIELD V2
facet normal 0.13052619221983836 0.9914448613738385 -4.0897720794936546e-17
  outer loop
    vertex 9218.839382725604 -4944.707413551391 -49.9999999999972
    vertex 9219.615839860913 -4944.809636072524 -59.999999999997094
    vertex 9218.839382725604 -4944.707413551391 -59.999999999997094
  endloop
endfacet
facet normal 0.13052619221983836 0.9914448613738385 -4.0897720794936546e-17
  outer loop
    vertex 9219.615839860913 -4944.809636072524 -59.999999999997094
    vertex 9218.839382725604 -4944.707413551391 -49.9999999999972
    vertex 9219.615839860913 -4944.809636072524 -49.9999999999972
  endloop
endfacet
facet normal -0.3826834323653109 0.9238795325111953 1.1990605029962077e-16
  outer loop
    vertex 9220.39229699622 -4944.707413551391 -49.9999999999972
    vertex 9221.115839860911 -4944.407712283877 -59.999999999997094
    vertex 9220.39229699622 -4944.707413551391 -59.999999999997094
  endloop
endfacet
facet normal -0.3826834323653109 0.9238795325111953 1.1990605029962077e-16
  outer loop
    vertex 9221.115839860911 -4944.407712283877 -59.999999999997094
    vertex 9220.39229699622 -4944.707413551391 -49.9999999999972
    vertex 9221.115839860911 -4944.407712283877 -49.9999999999972
  endloop
endfacet
facet normal -0.13052619221983836 0.9914448613738385 4.0897720794958135e-17
  outer loop
    vertex 9219.615839860913 -4944.809636072524 -49.9999999999972
    vertex 9220.39229699622 -4944.707413551391 -59.999999999997094
    vertex 9219.615839860913 -4944.809636072524 -59.999999999997094
  endloop
endfacet
facet normal -0.13052619221983836 0.9914448613738385 4.0897720794958135e-17
  outer loop
    vertex 9220.39229699622 -4944.707413551391 -59.999999999997094
    vertex 9219.615839860913 -4944.809636072524 -49.9999999999972
    vertex 9220.39229699622 -4944.707413551391 -49.9999999999972
  endloop
endfacet
facet normal -1.0 -1.1286777634138586e-14 -2.7755575615628914e-16
  outer loop
    vertex 9138.107590643685 -4966.809636072524 2.7861268847573225e-12
    vertex 9138.107590643685 -4976.809636072523 -59.999999999997215
    vertex 9138.107590643685 -4976.809636072523 2.7861268847573225e-12
  endloop
endfacet
facet normal -1.0 -1.1286777634138586e-14 -2.7755575615628914e-16
  outer loop
    vertex 9138.107590643685 -4976.809636072523 -59.999999999997215
    vertex 9138.107590643685 -4966.809636072524 2.7861268847573225e-12
    vertex 9138.107590643685 -4966.809636072524 -49.999999999997215
  endloop
endfacet
facet normal -1.0 -1.1286777634138586e-14 -2.7755575615628914e-16
  outer loop
    vertex 9138.107590643685 -4976.809636072523 -59.999999999997215
    vertex 9138.107590643685 -4966.809636072524 -49.999999999997215
    vertex 9138.107590643685 -4916.809636072523 -59.999999999997215
  endloop
endfacet
facet normal -1.0 -1.1286777634138586e-14 -2.7755575615628914e-16
  outer loop
    vertex 9138.107590643685 -4916.809636072523 -59.999999999997215
    vertex 9138.107590643685 -4966.809636072524 -49.999999999997215
    vertex 9138.107590643685 -4916.809636072523 -49.999999999997215
  endloop
endfacet
facet normal 1.0 1.1286777634138586e-14 2.7755575615628914e-16
  outer loop
    vertex 9254.615839860911 -4866.809636072522 -59.999999999997186
    vertex 9254.615839860913 -4976.809636072522 2.8199664825478976e-12
    vertex 9254.615839860913 -4976.809636072522 -59.999999999997186
  endloop
endfacet
facet normal 1.0 1.1286777634138586e-14 2.7755575615628914e-16
  outer loop
    vertex 9254.615839860913 -4976.809636072522 2.8199664825478976e-12
    vertex 9254.615839860911 -4866.809636072522 -59.999999999997186
    vertex 9254.615839860911 -4893.930956416081 -32.12132034355685
  endloop
endfacet
facet normal 1.0 1.1286777634138586e-14 2.7755575615628914e-16
  outer loop
    vertex 9254.615839860913 -4976.809636072522 2.8199664825478976e-12
    vertex 9254.615839860911 -4893.930956416081 -32.12132034355685
    vertex 9254.615839860911 -4894.407712283875 -31.4999999999972
  endloop
endfacet
facet normal 1.0 1.1286777634138586e-14 2.7755575615628914e-16
  outer loop
    vertex 9254.615839860913 -4976.809636072522 2.8199664825478976e-12
    vertex 9254.615839860911 -4894.407712283875 -31.4999999999972
    vertex 9254.615839860911 -4894.707413551389 -30.776457135304756
  endloop
endfacet
facet normal 1.0 1.1286777634138586e-14 2.7755575615628914e-16
  outer loop
    vertex 9254.615839860913 -4976.809636072522 2.8199664825478976e-12
    vertex 9254.615839860911 -4894.707413551389 -30.776457135304756
    vertex 9254.615839860911 -4894.809636072522 -29.999999999997183
  endloop
endfacet
facet normal 1.0 1.1286777634138586e-14 2.7755575615628914e-16
  outer loop
    vertex 9254.615839860911 -4893.930956416081 -32.12132034355685
    vertex 9254.615839860911 -4866.809636072522 -59.999999999997186
    vertex 9254.615839860911 -4893.309636072522 -32.59807621135053
  endloop
endfacet
facet normal 1.0 1.1286777634138586e-14 2.7755575615628914e-16
  outer loop
    vertex 9254.615839860911 -4893.309636072522 -32.59807621135053
    vertex 9254.615839860911 -4866.809636072522 -59.999999999997186
    vertex 9254.615839860911 -4892.586093207829 -32.89777747886443
  endloop
endfacet
facet normal 1.0 1.1286777634138586e-14 2.7755575615628914e-16
  outer loop
    vertex 9254.615839860911 -4892.586093207829 -32.89777747886443
    vertex 9254.615839860911 -4866.809636072522 -59.999999999997186
    vertex 9254.615839860911 -4891.809636072522 -32.99999999999722
  endloop
endfacet
facet normal 1.0 1.1286777634138586e-14 2.7755575615628914e-16
  outer loop
    vertex 9254.615839860911 -4891.809636072522 -32.99999999999722
    vertex 9254.615839860911 -4866.809636072522 -59.999999999997186
    vertex 9254.615839860911 -4891.033178937215 -32.89777747886443
  endloop
endfacet
facet normal 1.0 1.1286777634138586e-14 2.7755575615628914e-16
  outer loop
    vertex 9254.615839860911 -4891.033178937215 -32.89777747886443
    vertex 9254.615839860911 -4866.809636072522 -59.999999999997186
    vertex 9254.615839860911 -4890.309636072522 -32.59807621135053
  endloop
endfacet
facet normal 1.0 1.1286777634138586e-14 2.7755575615628914e-16
  outer loop
    vertex 9254.615839860911 -4890.309636072522 -32.59807621135053
    vertex 9254.615839860911 -4866.809636072522 -59.999999999997186
    vertex 9254.615839860911 -4889.688315728962 -32.12132034355685
  endloop
endfacet
facet normal 1.0 1.1286777634138586e-14 2.7755575615628914e-16
  outer loop
    vertex 9254.615839860911 -4889.688315728962 -32.12132034355685
    vertex 9254.615839860911 -4866.809636072522 -59.999999999997186
    vertex 9254.615839860911 -4889.211559861168 -31.4999999999972
  endloop
endfacet
facet normal 1.0 1.1286777634138586e-14 2.7755575615628914e-16
  outer loop
    vertex 9254.615839860911 -4889.211559861168 -31.4999999999972
    vertex 9254.615839860911 -4866.809636072522 -59.999999999997186
    vertex 9254.615839860911 -4888.911858593655 -30.776457135304756
  endloop
endfacet
facet normal 1.0 1.1286777634138586e-14 2.7755575615628914e-16
  outer loop
    vertex 9254.615839860911 -4888.911858593655 -30.776457135304756
    vertex 9254.615839860911 -4866.809636072522 -59.999999999997186
    vertex 9254.615839860911 -4888.809636072522 -29.999999999997183
  endloop
endfacet
facet normal 1.0 1.1286777634138586e-14 2.7755575615628914e-16
  outer loop
    vertex 9254.615839860913 -4976.809636072522 2.8199664825478976e-12
    vertex 9254.615839860911 -4893.930956416081 -27.878679656437512
    vertex 9254.615839860911 -4866.809636072522 2.8199664825478976e-12
  endloop
endfacet
facet normal 1.0 1.1286777634138586e-14 2.7755575615628914e-16
  outer loop
    vertex 9254.615839860911 -4893.930956416081 -27.878679656437512
    vertex 9254.615839860913 -4976.809636072522 2.8199664825478976e-12
    vertex 9254.615839860911 -4894.407712283875 -28.49999999999716
  endloop
endfacet
facet normal 1.0 1.1286777634138586e-14 2.7755575615628914e-16
  outer loop
    vertex 9254.615839860911 -4894.407712283875 -28.49999999999716
    vertex 9254.615839860913 -4976.809636072522 2.8199664825478976e-12
    vertex 9254.615839860911 -4894.707413551389 -29.22354286468961
  endloop
endfacet
facet normal 1.0 1.1286777634138586e-14 2.7755575615628914e-16
  outer loop
    vertex 9254.615839860911 -4894.707413551389 -29.22354286468961
    vertex 9254.615839860913 -4976.809636072522 2.8199664825478976e-12
    vertex 9254.615839860911 -4894.809636072522 -29.999999999997183
  endloop
endfacet
facet normal 1.0 1.1286777634138586e-14 2.7755575615628914e-16
  outer loop
    vertex 9254.615839860911 -4866.809636072522 2.8199664825478976e-12
    vertex 9254.615839860911 -4893.930956416081 -27.878679656437512
    vertex 9254.615839860911 -4893.309636072522 -27.40192378864383
  endloop
endfacet
facet normal 1.0 1.1286777634138586e-14 2.7755575615628914e-16
  outer loop
    vertex 9254.615839860911 -4866.809636072522 2.8199664825478976e-12
    vertex 9254.615839860911 -4893.309636072522 -27.40192378864383
    vertex 9254.615839860911 -4892.586093207829 -27.10222252112994
  endloop
endfacet
facet normal 1.0 1.1286777634138586e-14 2.7755575615628914e-16
  outer loop
    vertex 9254.615839860911 -4866.809636072522 2.8199664825478976e-12
    vertex 9254.615839860911 -4892.586093207829 -27.10222252112994
    vertex 9254.615839860911 -4891.809636072522 -26.99999999999714
  endloop
endfacet
facet normal 1.0 1.1286777634138586e-14 2.7755575615628914e-16
  outer loop
    vertex 9254.615839860911 -4866.809636072522 2.8199664825478976e-12
    vertex 9254.615839860911 -4891.809636072522 -26.99999999999714
    vertex 9254.615839860911 -4891.033178937215 -27.10222252112994
  endloop
endfacet
facet normal 1.0 1.1286777634138586e-14 2.7755575615628914e-16
  outer loop
    vertex 9254.615839860911 -4866.809636072522 2.8199664825478976e-12
    vertex 9254.615839860911 -4891.033178937215 -27.10222252112994
    vertex 9254.615839860911 -4890.309636072522 -27.40192378864383
  endloop
endfacet
facet normal 1.0 1.1286777634138586e-14 2.7755575615628914e-16
  outer loop
    vertex 9254.615839860911 -4866.809636072522 2.8199664825478976e-12
    vertex 9254.615839860911 -4890.309636072522 -27.40192378864383
    vertex 9254.615839860911 -4889.688315728962 -27.878679656437512
  endloop
endfacet
facet normal 1.0 1.1286777634138586e-14 2.7755575615628914e-16
  outer loop
    vertex 9254.615839860911 -4866.809636072522 2.8199664825478976e-12
    vertex 9254.615839860911 -4889.688315728962 -27.878679656437512
    vertex 9254.615839860911 -4889.211559861168 -28.49999999999716
  endloop
endfacet
facet normal 1.0 1.1286777634138586e-14 2.7755575615628914e-16
  outer loop
    vertex 9254.615839860911 -4866.809636072522 2.8199664825478976e-12
    vertex 9254.615839860911 -4889.211559861168 -28.49999999999716
    vertex 9254.615839860911 -4888.911858593655 -29.22354286468961
  endloop
endfacet
facet normal 1.0 1.1286777634138586e-14 2.7755575615628914e-16
  outer loop
    vertex 9254.615839860911 -4866.809636072522 2.8199664825478976e-12
    vertex 9254.615839860911 -4888.911858593655 -29.22354286468961
    vertex 9254.615839860911 -4888.809636072522 -29.999999999997183
  endloop
endfacet
facet normal 1.0 1.1286777634138586e-14 2.7755575615628914e-16
  outer loop
    vertex 9254.615839860911 -4866.809636072522 2.8199664825478976e-12
    vertex 9254.615839860911 -4888.809636072522 -29.999999999997183
    vertex 9254.615839860911 -4866.809636072522 -59.999999999997186
  endloop
endfacet
facet normal -2.681776136921657e-16 1.9371907494033465e-17 1.0
  outer loop
    vertex 9138.107590643685 -4966.809636072524 -49.999999999997215
    vertex 9160.986270300125 -4943.930956416083 -49.999999999997215
    vertex 9138.107590643685 -4916.809636072523 -49.999999999997215
  endloop
endfacet
facet normal -2.681776136921657e-16 1.9371907494033465e-17 1.0
  outer loop
    vertex 9160.986270300125 -4943.930956416083 -49.999999999997215
    vertex 9138.107590643685 -4966.809636072524 -49.999999999997215
    vertex 9161.607590643685 -4944.407712283877 -49.999999999997215
  endloop
endfacet
facet normal -2.681776136921657e-16 1.9371907494033465e-17 1.0
  outer loop
    vertex 9161.607590643685 -4944.407712283877 -49.999999999997215
    vertex 9138.107590643685 -4966.809636072524 -49.999999999997215
    vertex 9162.331133508376 -4944.707413551391 -49.999999999997215
  endloop
endfacet
facet normal -2.681776136921657e-16 1.9371907494033465e-17 1.0
  outer loop
    vertex 9162.331133508376 -4944.707413551391 -49.999999999997215
    vertex 9138.107590643685 -4966.809636072524 -49.999999999997215
    vertex 9244.615839860913 -4966.809636072522 -49.999999999997186
  endloop
endfacet
facet normal -2.681776136921657e-16 1.9371907494033465e-17 1.0
  outer loop
    vertex 9138.107590643685 -4916.809636072523 -49.999999999997215
    vertex 9160.986270300125 -4943.930956416083 -49.999999999997215
    vertex 9160.509514432331 -4943.309636072524 -49.999999999997215
  endloop
endfacet
facet normal -2.681776136921657e-16 1.9371907494033465e-17 1.0
  outer loop
    vertex 9138.107590643685 -4916.809636072523 -49.999999999997215
    vertex 9160.509514432331 -4943.309636072524 -49.999999999997215
    vertex 9160.209813164818 -4942.586093207831 -49.999999999997215
  endloop
endfacet
facet normal -2.681776136921657e-16 1.9371907494033465e-17 1.0
  outer loop
    vertex 9138.107590643685 -4916.809636072523 -49.999999999997215
    vertex 9160.209813164818 -4942.586093207831 -49.999999999997215
    vertex 9160.107590643685 -4941.809636072523 -49.999999999997215
  endloop
endfacet
facet normal -2.681776136921657e-16 1.9371907494033465e-17 1.0
  outer loop
    vertex 9162.331133508376 -4944.707413551391 -49.999999999997215
    vertex 9244.615839860913 -4966.809636072522 -49.999999999997186
    vertex 9163.107590643685 -4944.809636072524 -49.999999999997215
  endloop
endfacet
facet normal -2.681776136921657e-16 1.9371907494033465e-17 1.0
  outer loop
    vertex 9163.107590643685 -4944.809636072524 -49.999999999997215
    vertex 9244.615839860913 -4966.809636072522 -49.999999999997186
    vertex 9163.884047778993 -4944.707413551391 -49.999999999997215
  endloop
endfacet
facet normal -2.681776136921657e-16 1.9371907494033465e-17 1.0
  outer loop
    vertex 9163.884047778993 -4944.707413551391 -49.999999999997215
    vertex 9244.615839860913 -4966.809636072522 -49.999999999997186
    vertex 9164.607590643684 -4944.407712283877 -49.999999999997215
  endloop
endfacet
facet normal -2.681776136921657e-16 1.9371907494033465e-17 1.0
  outer loop
    vertex 9164.607590643684 -4944.407712283877 -49.999999999997215
    vertex 9244.615839860913 -4966.809636072522 -49.999999999997186
    vertex 9165.228910987244 -4943.930956416083 -49.999999999997215
  endloop
endfacet
facet normal -2.681776136921657e-16 1.9371907494033465e-17 1.0
  outer loop
    vertex 9165.228910987244 -4943.930956416083 -49.999999999997215
    vertex 9244.615839860913 -4966.809636072522 -49.999999999997186
    vertex 9165.705666855038 -4943.309636072523 -49.999999999997215
  endloop
endfacet
facet normal -2.681776136921657e-16 1.9371907494033465e-17 1.0
  outer loop
    vertex 9165.705666855038 -4943.309636072523 -49.999999999997215
    vertex 9244.615839860913 -4966.809636072522 -49.999999999997186
    vertex 9166.005368122553 -4942.586093207831 -49.999999999997215
  endloop
endfacet
facet normal -2.681776136921657e-16 1.9371907494033465e-17 1.0
  outer loop
    vertex 9166.005368122553 -4942.586093207831 -49.999999999997215
    vertex 9244.615839860913 -4966.809636072522 -49.999999999997186
    vertex 9166.107590643684 -4941.809636072523 -49.999999999997215
  endloop
endfacet
facet normal -2.681776136921657e-16 1.9371907494033465e-17 1.0
  outer loop
    vertex 9166.107590643684 -4941.809636072523 -49.999999999997215
    vertex 9244.615839860913 -4966.809636072522 -49.999999999997186
    vertex 9217.494519517353 -4943.930956416083 -49.9999999999972
  endloop
endfacet
facet normal -2.681776136921657e-16 1.9371907494033465e-17 1.0
  outer loop
    vertex 9166.107590643684 -4941.809636072523 -49.999999999997215
    vertex 9217.494519517353 -4943.930956416083 -49.9999999999972
    vertex 9194.615839860913 -4916.809636072523 -49.9999999999972
  endloop
endfacet
facet normal -2.681776136921657e-16 1.9371907494033465e-17 1.0
  outer loop
    vertex 9194.615839860913 -4916.809636072523 -49.9999999999972
    vertex 9217.494519517353 -4943.930956416083 -49.9999999999972
    vertex 9217.01776364956 -4943.309636072524 -49.9999999999972
  endloop
endfacet
facet normal -2.681776136921657e-16 1.9371907494033465e-17 1.0
  outer loop
    vertex 9194.615839860913 -4916.809636072523 -49.9999999999972
    vertex 9217.01776364956 -4943.309636072524 -49.9999999999972
    vertex 9216.718062382046 -4942.586093207831 -49.9999999999972
  endloop
endfacet
facet normal -2.681776136921657e-16 1.9371907494033465e-17 1.0
  outer loop
    vertex 9194.615839860913 -4916.809636072523 -49.9999999999972
    vertex 9216.718062382046 -4942.586093207831 -49.9999999999972
    vertex 9194.615839860913 -4866.809636072522 -49.9999999999972
  endloop
endfacet
facet normal -2.681776136921657e-16 1.9371907494033465e-17 1.0
  outer loop
    vertex 9194.615839860913 -4866.809636072522 -49.9999999999972
    vertex 9216.718062382046 -4942.586093207831 -49.9999999999972
    vertex 9216.615839860913 -4941.809636072523 -49.9999999999972
  endloop
endfacet
facet normal -2.681776136921657e-16 1.9371907494033465e-17 1.0
  outer loop
    vertex 9217.494519517353 -4943.930956416083 -49.9999999999972
    vertex 9244.615839860913 -4966.809636072522 -49.999999999997186
    vertex 9218.115839860913 -4944.407712283877 -49.9999999999972
  endloop
endfacet
facet normal -2.681776136921657e-16 1.9371907494033465e-17 1.0
  outer loop
    vertex 9218.115839860913 -4944.407712283877 -49.9999999999972
    vertex 9244.615839860913 -4966.809636072522 -49.999999999997186
    vertex 9218.839382725604 -4944.707413551391 -49.9999999999972
  endloop
endfacet
facet normal -2.681776136921657e-16 1.9371907494033465e-17 1.0
  outer loop
    vertex 9218.839382725604 -4944.707413551391 -49.9999999999972
    vertex 9244.615839860913 -4966.809636072522 -49.999999999997186
    vertex 9219.615839860913 -4944.809636072524 -49.9999999999972
  endloop
endfacet
facet normal -2.681776136921657e-16 1.9371907494033465e-17 1.0
  outer loop
    vertex 9219.615839860913 -4944.809636072524 -49.9999999999972
    vertex 9244.615839860913 -4966.809636072522 -49.999999999997186
    vertex 9220.39229699622 -4944.707413551391 -49.9999999999972
  endloop
endfacet
facet normal -2.681776136921657e-16 1.9371907494033465e-17 1.0
  outer loop
    vertex 9220.39229699622 -4944.707413551391 -49.9999999999972
    vertex 9244.615839860913 -4966.809636072522 -49.999999999997186
    vertex 9221.115839860911 -4944.407712283877 -49.9999999999972
  endloop
endfacet
facet normal -2.681776136921657e-16 1.9371907494033465e-17 1.0
  outer loop
    vertex 9221.115839860911 -4944.407712283877 -49.9999999999972
    vertex 9244.615839860913 -4966.809636072522 -49.999999999997186
    vertex 9221.737160204471 -4943.930956416083 -49.9999999999972
  endloop
endfacet
facet normal -2.681776136921657e-16 1.9371907494033465e-17 1.0
  outer loop
    vertex 9221.737160204471 -4943.930956416083 -49.9999999999972
    vertex 9244.615839860913 -4966.809636072522 -49.999999999997186
    vertex 9222.213916072265 -4943.309636072523 -49.9999999999972
  endloop
endfacet
facet normal -2.681776136921657e-16 1.9371907494033465e-17 1.0
  outer loop
    vertex 9222.213916072265 -4943.309636072523 -49.9999999999972
    vertex 9244.615839860913 -4966.809636072522 -49.999999999997186
    vertex 9222.51361733978 -4942.586093207831 -49.9999999999972
  endloop
endfacet
facet normal -2.681776136921657e-16 1.9371907494033465e-17 1.0
  outer loop
    vertex 9222.51361733978 -4942.586093207831 -49.9999999999972
    vertex 9244.615839860913 -4966.809636072522 -49.999999999997186
    vertex 9222.615839860911 -4941.809636072523 -49.999999999997215
  endloop
endfacet
facet normal -2.681776136921657e-16 1.9371907494033465e-17 1.0
  outer loop
    vertex 9222.615839860911 -4941.809636072523 -49.999999999997215
    vertex 9244.615839860913 -4966.809636072522 -49.999999999997186
    vertex 9222.615839860911 -4891.809636072522 -49.99999999999719
  endloop
endfacet
facet normal -2.681776136921657e-16 1.9371907494033465e-17 1.0
  outer loop
    vertex 9194.615839860913 -4866.809636072522 -49.9999999999972
    vertex 9217.494519517353 -4889.688315728963 -49.99999999999719
    vertex 9244.615839860913 -4866.809636072522 -49.999999999997186
  endloop
endfacet
facet normal -2.681776136921657e-16 1.9371907494033465e-17 1.0
  outer loop
    vertex 9217.494519517353 -4889.688315728963 -49.99999999999719
    vertex 9194.615839860913 -4866.809636072522 -49.9999999999972
    vertex 9217.01776364956 -4890.309636072523 -49.99999999999719
  endloop
endfacet
facet normal -2.681776136921657e-16 1.9371907494033465e-17 1.0
  outer loop
    vertex 9217.01776364956 -4890.309636072523 -49.99999999999719
    vertex 9194.615839860913 -4866.809636072522 -49.9999999999972
    vertex 9216.718062382046 -4891.033178937215 -49.99999999999719
  endloop
endfacet
facet normal -2.681776136921657e-16 1.9371907494033465e-17 1.0
  outer loop
    vertex 9216.718062382046 -4891.033178937215 -49.99999999999719
    vertex 9194.615839860913 -4866.809636072522 -49.9999999999972
    vertex 9216.615839860913 -4891.809636072522 -49.99999999999719
  endloop
endfacet
facet normal -2.681776136921657e-16 1.9371907494033465e-17 1.0
  outer loop
    vertex 9216.615839860913 -4891.809636072522 -49.99999999999719
    vertex 9194.615839860913 -4866.809636072522 -49.9999999999972
    vertex 9216.615839860913 -4941.809636072523 -49.9999999999972
  endloop
endfacet
facet normal -2.681776136921657e-16 1.9371907494033465e-17 1.0
  outer loop
    vertex 9244.615839860913 -4866.809636072522 -49.999999999997186
    vertex 9217.494519517353 -4889.688315728963 -49.99999999999719
    vertex 9218.115839860913 -4889.211559861169 -49.99999999999719
  endloop
endfacet
facet normal -2.681776136921657e-16 1.9371907494033465e-17 1.0
  outer loop
    vertex 9244.615839860913 -4866.809636072522 -49.999999999997186
    vertex 9218.115839860913 -4889.211559861169 -49.99999999999719
    vertex 9218.839382725604 -4888.911858593655 -49.99999999999719
  endloop
endfacet
facet normal -2.681776136921657e-16 1.9371907494033465e-17 1.0
  outer loop
    vertex 9244.615839860913 -4866.809636072522 -49.999999999997186
    vertex 9218.839382725604 -4888.911858593655 -49.99999999999719
    vertex 9219.615839860913 -4888.809636072522 -49.99999999999719
  endloop
endfacet
facet normal -2.681776136921657e-16 1.9371907494033465e-17 1.0
  outer loop
    vertex 9244.615839860913 -4866.809636072522 -49.999999999997186
    vertex 9219.615839860913 -4888.809636072522 -49.99999999999719
    vertex 9220.39229699622 -4888.911858593655 -49.99999999999719
  endloop
endfacet
facet normal -2.681776136921657e-16 1.9371907494033465e-17 1.0
  outer loop
    vertex 9244.615839860913 -4866.809636072522 -49.999999999997186
    vertex 9220.39229699622 -4888.911858593655 -49.99999999999719
    vertex 9221.115839860911 -4889.211559861169 -49.99999999999719
  endloop
endfacet
facet normal -2.681776136921657e-16 1.9371907494033465e-17 1.0
  outer loop
    vertex 9244.615839860913 -4866.809636072522 -49.999999999997186
    vertex 9221.115839860911 -4889.211559861169 -49.99999999999719
    vertex 9221.737160204471 -4889.688315728963 -49.99999999999719
  endloop
endfacet
facet normal -2.681776136921657e-16 1.9371907494033465e-17 1.0
  outer loop
    vertex 9244.615839860913 -4866.809636072522 -49.999999999997186
    vertex 9221.737160204471 -4889.688315728963 -49.99999999999719
    vertex 9222.213916072265 -4890.309636072522 -49.99999999999719
  endloop
endfacet
facet normal -2.681776136921657e-16 1.9371907494033465e-17 1.0
  outer loop
    vertex 9244.615839860913 -4866.809636072522 -49.999999999997186
    vertex 9222.213916072265 -4890.309636072522 -49.99999999999719
    vertex 9222.51361733978 -4891.033178937215 -49.99999999999719
  endloop
endfacet
facet normal -2.681776136921657e-16 1.9371907494033465e-17 1.0
  outer loop
    vertex 9244.615839860913 -4866.809636072522 -49.999999999997186
    vertex 9222.51361733978 -4891.033178937215 -49.99999999999719
    vertex 9222.615839860911 -4891.809636072522 -49.99999999999719
  endloop
endfacet
facet normal -2.681776136921657e-16 1.9371907494033465e-17 1.0
  outer loop
    vertex 9244.615839860913 -4866.809636072522 -49.999999999997186
    vertex 9222.615839860911 -4891.809636072522 -49.99999999999719
    vertex 9244.615839860913 -4966.809636072522 -49.999999999997186
  endloop
endfacet
facet normal -2.681776136921657e-16 1.9371907494033465e-17 1.0
  outer loop
    vertex 9216.718062382046 -4941.033178937216 -49.9999999999972
    vertex 9216.615839860913 -4891.809636072522 -49.99999999999719
    vertex 9216.615839860913 -4941.809636072523 -49.9999999999972
  endloop
endfacet
facet normal -2.681776136921657e-16 1.9371907494033465e-17 1.0
  outer loop
    vertex 9216.615839860913 -4891.809636072522 -49.99999999999719
    vertex 9216.718062382046 -4941.033178937216 -49.9999999999972
    vertex 9216.718062382046 -4892.58609320783 -49.99999999999719
  endloop
endfacet
facet normal -2.681776136921657e-16 1.9371907494033465e-17 1.0
  outer loop
    vertex 9216.718062382046 -4892.58609320783 -49.99999999999719
    vertex 9216.718062382046 -4941.033178937216 -49.9999999999972
    vertex 9217.01776364956 -4940.309636072524 -49.9999999999972
  endloop
endfacet
facet normal -2.681776136921657e-16 1.9371907494033465e-17 1.0
  outer loop
    vertex 9216.718062382046 -4892.58609320783 -49.99999999999719
    vertex 9217.01776364956 -4940.309636072524 -49.9999999999972
    vertex 9217.01776364956 -4893.309636072523 -49.99999999999719
  endloop
endfacet
facet normal -2.681776136921657e-16 1.9371907494033465e-17 1.0
  outer loop
    vertex 9217.01776364956 -4893.309636072523 -49.99999999999719
    vertex 9217.01776364956 -4940.309636072524 -49.9999999999972
    vertex 9217.494519517353 -4939.688315728964 -49.9999999999972
  endloop
endfacet
facet normal -2.681776136921657e-16 1.9371907494033465e-17 1.0
  outer loop
    vertex 9217.01776364956 -4893.309636072523 -49.99999999999719
    vertex 9217.494519517353 -4939.688315728964 -49.9999999999972
    vertex 9217.494519517353 -4893.930956416082 -49.99999999999719
  endloop
endfacet
facet normal -2.681776136921657e-16 1.9371907494033465e-17 1.0
  outer loop
    vertex 9217.494519517353 -4893.930956416082 -49.99999999999719
    vertex 9217.494519517353 -4939.688315728964 -49.9999999999972
    vertex 9218.115839860913 -4939.21155986117 -49.9999999999972
  endloop
endfacet
facet normal -2.681776136921657e-16 1.9371907494033465e-17 1.0
  outer loop
    vertex 9217.494519517353 -4893.930956416082 -49.99999999999719
    vertex 9218.115839860913 -4939.21155986117 -49.9999999999972
    vertex 9218.115839860913 -4894.407712283876 -49.99999999999719
  endloop
endfacet
facet normal -2.681776136921657e-16 1.9371907494033465e-17 1.0
  outer loop
    vertex 9218.115839860913 -4894.407712283876 -49.99999999999719
    vertex 9218.115839860913 -4939.21155986117 -49.9999999999972
    vertex 9218.839382725604 -4938.911858593656 -49.9999999999972
  endloop
endfacet
facet normal -2.681776136921657e-16 1.9371907494033465e-17 1.0
  outer loop
    vertex 9218.115839860913 -4894.407712283876 -49.99999999999719
    vertex 9218.839382725604 -4938.911858593656 -49.9999999999972
    vertex 9218.839382725604 -4894.70741355139 -49.99999999999719
  endloop
endfacet
facet normal -2.681776136921657e-16 1.9371907494033465e-17 1.0
  outer loop
    vertex 9218.839382725604 -4894.70741355139 -49.99999999999719
    vertex 9218.839382725604 -4938.911858593656 -49.9999999999972
    vertex 9219.615839860913 -4938.809636072523 -49.9999999999972
  endloop
endfacet
facet normal -2.681776136921657e-16 1.9371907494033465e-17 1.0
  outer loop
    vertex 9218.839382725604 -4894.70741355139 -49.99999999999719
    vertex 9219.615839860913 -4938.809636072523 -49.9999999999972
    vertex 9219.615839860913 -4894.809636072523 -49.99999999999719
  endloop
endfacet
facet normal -2.681776136921657e-16 1.9371907494033465e-17 1.0
  outer loop
    vertex 9219.615839860913 -4894.809636072523 -49.99999999999719
    vertex 9219.615839860913 -4938.809636072523 -49.9999999999972
    vertex 9220.39229699622 -4938.911858593656 -49.9999999999972
  endloop
endfacet
facet normal -2.681776136921657e-16 1.9371907494033465e-17 1.0
  outer loop
    vertex 9219.615839860913 -4894.809636072523 -49.99999999999719
    vertex 9220.39229699622 -4938.911858593656 -49.9999999999972
    vertex 9220.39229699622 -4894.70741355139 -49.99999999999719
  endloop
endfacet
facet normal -2.681776136921657e-16 1.9371907494033465e-17 1.0
  outer loop
    vertex 9220.39229699622 -4894.70741355139 -49.99999999999719
    vertex 9220.39229699622 -4938.911858593656 -49.9999999999972
    vertex 9221.115839860911 -4939.21155986117 -49.9999999999972
  endloop
endfacet
facet normal -2.681776136921657e-16 1.9371907494033465e-17 1.0
  outer loop
    vertex 9220.39229699622 -4894.70741355139 -49.99999999999719
    vertex 9221.115839860911 -4939.21155986117 -49.9999999999972
    vertex 9221.115839860911 -4894.407712283876 -49.99999999999719
  endloop
endfacet
facet normal -2.681776136921657e-16 1.9371907494033465e-17 1.0
  outer loop
    vertex 9221.115839860911 -4894.407712283876 -49.99999999999719
    vertex 9221.115839860911 -4939.21155986117 -49.9999999999972
    vertex 9221.737160204471 -4939.688315728964 -49.9999999999972
  endloop
endfacet
facet normal -2.681776136921657e-16 1.9371907494033465e-17 1.0
  outer loop
    vertex 9221.115839860911 -4894.407712283876 -49.99999999999719
    vertex 9221.737160204471 -4939.688315728964 -49.9999999999972
    vertex 9221.737160204471 -4893.930956416082 -49.99999999999719
  endloop
endfacet
facet normal -2.681776136921657e-16 1.9371907494033465e-17 1.0
  outer loop
    vertex 9221.737160204471 -4893.930956416082 -49.99999999999719
    vertex 9221.737160204471 -4939.688315728964 -49.9999999999972
    vertex 9222.213916072265 -4940.309636072523 -49.9999999999972
  endloop
endfacet
facet normal -2.681776136921657e-16 1.9371907494033465e-17 1.0
  outer loop
    vertex 9221.737160204471 -4893.930956416082 -49.99999999999719
    vertex 9222.213916072265 -4940.309636072523 -49.9999999999972
    vertex 9222.213916072265 -4893.309636072522 -49.99999999999719
  endloop
endfacet
facet normal -2.681776136921657e-16 1.9371907494033465e-17 1.0
  outer loop
    vertex 9222.213916072265 -4893.309636072522 -49.99999999999719
    vertex 9222.213916072265 -4940.309636072523 -49.9999999999972
    vertex 9222.51361733978 -4941.033178937216 -49.9999999999972
  endloop
endfacet
facet normal -2.681776136921657e-16 1.9371907494033465e-17 1.0
  outer loop
    vertex 9222.213916072265 -4893.309636072522 -49.99999999999719
    vertex 9222.51361733978 -4941.033178937216 -49.9999999999972
    vertex 9222.51361733978 -4892.58609320783 -49.99999999999719
  endloop
endfacet
facet normal -2.681776136921657e-16 1.9371907494033465e-17 1.0
  outer loop
    vertex 9222.51361733978 -4892.58609320783 -49.99999999999719
    vertex 9222.51361733978 -4941.033178937216 -49.9999999999972
    vertex 9222.615839860911 -4941.809636072523 -49.999999999997215
  endloop
endfacet
facet normal -2.681776136921657e-16 1.9371907494033465e-17 1.0
  outer loop
    vertex 9222.51361733978 -4892.58609320783 -49.99999999999719
    vertex 9222.615839860911 -4941.809636072523 -49.999999999997215
    vertex 9222.615839860911 -4891.809636072522 -49.99999999999719
  endloop
endfacet
facet normal -2.681776136921657e-16 1.9371907494033465e-17 1.0
  outer loop
    vertex 9138.107590643685 -4916.809636072523 -49.999999999997215
    vertex 9161.607590643685 -4939.21155986117 -49.999999999997215
    vertex 9194.615839860913 -4916.809636072523 -49.9999999999972
  endloop
endfacet
facet normal -2.681776136921657e-16 1.9371907494033465e-17 1.0
  outer loop
    vertex 9161.607590643685 -4939.21155986117 -49.999999999997215
    vertex 9138.107590643685 -4916.809636072523 -49.999999999997215
    vertex 9160.986270300125 -4939.688315728964 -49.999999999997215
  endloop
endfacet
facet normal -2.681776136921657e-16 1.9371907494033465e-17 1.0
  outer loop
    vertex 9160.986270300125 -4939.688315728964 -49.999999999997215
    vertex 9138.107590643685 -4916.809636072523 -49.999999999997215
    vertex 9160.509514432331 -4940.309636072524 -49.999999999997215
  endloop
endfacet
facet normal -2.681776136921657e-16 1.9371907494033465e-17 1.0
  outer loop
    vertex 9160.509514432331 -4940.309636072524 -49.999999999997215
    vertex 9138.107590643685 -4916.809636072523 -49.999999999997215
    vertex 9160.209813164818 -4941.033178937216 -49.999999999997215
  endloop
endfacet
facet normal -2.681776136921657e-16 1.9371907494033465e-17 1.0
  outer loop
    vertex 9160.209813164818 -4941.033178937216 -49.999999999997215
    vertex 9138.107590643685 -4916.809636072523 -49.999999999997215
    vertex 9160.107590643685 -4941.809636072523 -49.999999999997215
  endloop
endfacet
facet normal -2.681776136921657e-16 1.9371907494033465e-17 1.0
  outer loop
    vertex 9194.615839860913 -4916.809636072523 -49.9999999999972
    vertex 9161.607590643685 -4939.21155986117 -49.999999999997215
    vertex 9162.331133508376 -4938.911858593656 -49.999999999997215
  endloop
endfacet
facet normal -2.681776136921657e-16 1.9371907494033465e-17 1.0
  outer loop
    vertex 9194.615839860913 -4916.809636072523 -49.9999999999972
    vertex 9162.331133508376 -4938.911858593656 -49.999999999997215
    vertex 9163.107590643685 -4938.809636072523 -49.999999999997215
  endloop
endfacet
facet normal -2.681776136921657e-16 1.9371907494033465e-17 1.0
  outer loop
    vertex 9194.615839860913 -4916.809636072523 -49.9999999999972
    vertex 9163.107590643685 -4938.809636072523 -49.999999999997215
    vertex 9163.884047778993 -4938.911858593656 -49.999999999997215
  endloop
endfacet
facet normal -2.681776136921657e-16 1.9371907494033465e-17 1.0
  outer loop
    vertex 9194.615839860913 -4916.809636072523 -49.9999999999972
    vertex 9163.884047778993 -4938.911858593656 -49.999999999997215
    vertex 9164.607590643684 -4939.21155986117 -49.999999999997215
  endloop
endfacet
facet normal -2.681776136921657e-16 1.9371907494033465e-17 1.0
  outer loop
    vertex 9194.615839860913 -4916.809636072523 -49.9999999999972
    vertex 9164.607590643684 -4939.21155986117 -49.999999999997215
    vertex 9165.228910987244 -4939.688315728964 -49.999999999997215
  endloop
endfacet
facet normal -2.681776136921657e-16 1.9371907494033465e-17 1.0
  outer loop
    vertex 9194.615839860913 -4916.809636072523 -49.9999999999972
    vertex 9165.228910987244 -4939.688315728964 -49.999999999997215
    vertex 9165.705666855038 -4940.309636072523 -49.999999999997215
  endloop
endfacet
facet normal -2.681776136921657e-16 1.9371907494033465e-17 1.0
  outer loop
    vertex 9194.615839860913 -4916.809636072523 -49.9999999999972
    vertex 9165.705666855038 -4940.309636072523 -49.999999999997215
    vertex 9166.005368122553 -4941.033178937216 -49.999999999997215
  endloop
endfacet
facet normal -2.681776136921657e-16 1.9371907494033465e-17 1.0
  outer loop
    vertex 9194.615839860913 -4916.809636072523 -49.9999999999972
    vertex 9166.005368122553 -4941.033178937216 -49.999999999997215
    vertex 9166.107590643684 -4941.809636072523 -49.999999999997215
  endloop
endfacet
facet normal 2.7755575615628914e-16 -7.573064690121713e-29 -1.0
  outer loop
    vertex 9194.615839860913 -4866.809636072522 -59.99999999999719
    vertex 9138.107590643685 -4976.809636072523 -59.999999999997215
    vertex 9138.107590643685 -4916.809636072523 -59.999999999997215
  endloop
endfacet
facet normal 2.7755575615628914e-16 -7.573064690121713e-29 -1.0
  outer loop
    vertex 9138.107590643685 -4976.809636072523 -59.999999999997215
    vertex 9194.615839860913 -4866.809636072522 -59.99999999999719
    vertex 9160.509514432331 -4940.309636072524 -59.99999999999723
  endloop
endfacet
facet normal 2.7755575615628914e-16 -7.573064690121713e-29 -1.0
  outer loop
    vertex 9138.107590643685 -4976.809636072523 -59.999999999997215
    vertex 9160.509514432331 -4940.309636072524 -59.99999999999723
    vertex 9160.209813164818 -4941.033178937216 -59.99999999999723
  endloop
endfacet
facet normal 2.7755575615628914e-16 -7.573064690121713e-29 -1.0
  outer loop
    vertex 9138.107590643685 -4976.809636072523 -59.999999999997215
    vertex 9160.209813164818 -4941.033178937216 -59.99999999999723
    vertex 9160.107590643685 -4941.809636072523 -59.99999999999723
  endloop
endfacet
facet normal 2.7755575615628914e-16 -7.573064690121713e-29 -1.0
  outer loop
    vertex 9160.509514432331 -4940.309636072524 -59.99999999999723
    vertex 9194.615839860913 -4866.809636072522 -59.99999999999719
    vertex 9160.986270300125 -4939.688315728964 -59.99999999999723
  endloop
endfacet
facet normal 2.7755575615628914e-16 -7.573064690121713e-29 -1.0
  outer loop
    vertex 9160.986270300125 -4939.688315728964 -59.99999999999723
    vertex 9194.615839860913 -4866.809636072522 -59.99999999999719
    vertex 9161.607590643685 -4939.21155986117 -59.99999999999723
  endloop
endfacet
facet normal 2.7755575615628914e-16 -7.573064690121713e-29 -1.0
  outer loop
    vertex 9161.607590643685 -4939.21155986117 -59.99999999999723
    vertex 9194.615839860913 -4866.809636072522 -59.99999999999719
    vertex 9162.331133508376 -4938.911858593656 -59.99999999999723
  endloop
endfacet
facet normal 2.7755575615628914e-16 -7.573064690121713e-29 -1.0
  outer loop
    vertex 9162.331133508376 -4938.911858593656 -59.99999999999723
    vertex 9194.615839860913 -4866.809636072522 -59.99999999999719
    vertex 9163.107590643685 -4938.809636072523 -59.99999999999723
  endloop
endfacet
facet normal 2.7755575615628914e-16 -7.573064690121713e-29 -1.0
  outer loop
    vertex 9163.107590643685 -4938.809636072523 -59.99999999999723
    vertex 9194.615839860913 -4866.809636072522 -59.99999999999719
    vertex 9163.884047778993 -4938.911858593656 -59.99999999999723
  endloop
endfacet
facet normal 2.7755575615628914e-16 -7.573064690121713e-29 -1.0
  outer loop
    vertex 9163.884047778993 -4938.911858593656 -59.99999999999723
    vertex 9194.615839860913 -4866.809636072522 -59.99999999999719
    vertex 9164.607590643684 -4939.21155986117 -59.99999999999723
  endloop
endfacet
facet normal 2.7755575615628914e-16 -7.573064690121713e-29 -1.0
  outer loop
    vertex 9164.607590643684 -4939.21155986117 -59.99999999999723
    vertex 9194.615839860913 -4866.809636072522 -59.99999999999719
    vertex 9165.228910987244 -4939.688315728964 -59.99999999999723
  endloop
endfacet
facet normal 2.7755575615628914e-16 -7.573064690121713e-29 -1.0
  outer loop
    vertex 9165.228910987244 -4939.688315728964 -59.99999999999723
    vertex 9194.615839860913 -4866.809636072522 -59.99999999999719
    vertex 9165.705666855038 -4940.309636072523 -59.99999999999723
  endloop
endfacet
facet normal 2.7755575615628914e-16 -7.573064690121713e-29 -1.0
  outer loop
    vertex 9165.705666855038 -4940.309636072523 -59.99999999999723
    vertex 9194.615839860913 -4866.809636072522 -59.99999999999719
    vertex 9166.005368122553 -4941.033178937216 -59.99999999999723
  endloop
endfacet
facet normal 2.7755575615628914e-16 -7.573064690121713e-29 -1.0
  outer loop
    vertex 9166.005368122553 -4941.033178937216 -59.99999999999723
    vertex 9194.615839860913 -4866.809636072522 -59.99999999999719
    vertex 9166.107590643684 -4941.809636072523 -59.99999999999723
  endloop
endfacet
facet normal 2.7755575615628914e-16 -7.573064690121713e-29 -1.0
  outer loop
    vertex 9194.615839860913 -4866.809636072522 -59.99999999999719
    vertex 9216.718062382046 -4891.033178937215 -59.999999999997215
    vertex 9216.615839860913 -4891.809636072522 -59.999999999997215
  endloop
endfacet
facet normal 2.7755575615628914e-16 -7.573064690121713e-29 -1.0
  outer loop
    vertex 9216.718062382046 -4891.033178937215 -59.999999999997215
    vertex 9194.615839860913 -4866.809636072522 -59.99999999999719
    vertex 9217.01776364956 -4890.309636072523 -59.999999999997215
  endloop
endfacet
facet normal 2.7755575615628914e-16 -7.573064690121713e-29 -1.0
  outer loop
    vertex 9217.01776364956 -4890.309636072523 -59.999999999997215
    vertex 9194.615839860913 -4866.809636072522 -59.99999999999719
    vertex 9217.494519517353 -4889.688315728963 -59.999999999997215
  endloop
endfacet
facet normal 2.7755575615628914e-16 -7.573064690121713e-29 -1.0
  outer loop
    vertex 9217.494519517353 -4889.688315728963 -59.999999999997215
    vertex 9194.615839860913 -4866.809636072522 -59.99999999999719
    vertex 9218.115839860913 -4889.211559861169 -59.999999999997215
  endloop
endfacet
facet normal 2.7755575615628914e-16 -7.573064690121713e-29 -1.0
  outer loop
    vertex 9218.115839860913 -4889.211559861169 -59.999999999997215
    vertex 9194.615839860913 -4866.809636072522 -59.99999999999719
    vertex 9254.615839860911 -4866.809636072522 -59.999999999997186
  endloop
endfacet
facet normal 2.7755575615628914e-16 -7.573064690121713e-29 -1.0
  outer loop
    vertex 9218.115839860913 -4889.211559861169 -59.999999999997215
    vertex 9254.615839860911 -4866.809636072522 -59.999999999997186
    vertex 9218.839382725604 -4888.911858593655 -59.999999999997215
  endloop
endfacet
facet normal 2.7755575615628914e-16 -7.573064690121713e-29 -1.0
  outer loop
    vertex 9218.839382725604 -4888.911858593655 -59.999999999997215
    vertex 9254.615839860911 -4866.809636072522 -59.999999999997186
    vertex 9219.615839860913 -4888.809636072522 -59.999999999997215
  endloop
endfacet
facet normal 2.7755575615628914e-16 -7.573064690121713e-29 -1.0
  outer loop
    vertex 9219.615839860913 -4888.809636072522 -59.999999999997215
    vertex 9254.615839860911 -4866.809636072522 -59.999999999997186
    vertex 9220.39229699622 -4888.911858593655 -59.999999999997215
  endloop
endfacet
facet normal 2.7755575615628914e-16 -7.573064690121713e-29 -1.0
  outer loop
    vertex 9220.39229699622 -4888.911858593655 -59.999999999997215
    vertex 9254.615839860911 -4866.809636072522 -59.999999999997186
    vertex 9221.115839860911 -4889.211559861169 -59.999999999997215
  endloop
endfacet
facet normal 2.7755575615628914e-16 -7.573064690121713e-29 -1.0
  outer loop
    vertex 9221.115839860911 -4889.211559861169 -59.999999999997215
    vertex 9254.615839860911 -4866.809636072522 -59.999999999997186
    vertex 9221.737160204471 -4889.688315728963 -59.999999999997215
  endloop
endfacet
facet normal 2.7755575615628914e-16 -7.573064690121713e-29 -1.0
  outer loop
    vertex 9221.737160204471 -4889.688315728963 -59.999999999997215
    vertex 9254.615839860911 -4866.809636072522 -59.999999999997186
    vertex 9222.213916072265 -4890.309636072522 -59.999999999997215
  endloop
endfacet
facet normal 2.7755575615628914e-16 -7.573064690121713e-29 -1.0
  outer loop
    vertex 9222.213916072265 -4890.309636072522 -59.999999999997215
    vertex 9254.615839860911 -4866.809636072522 -59.999999999997186
    vertex 9222.51361733978 -4891.033178937215 -59.999999999997215
  endloop
endfacet
facet normal 2.7755575615628914e-16 -7.573064690121713e-29 -1.0
  outer loop
    vertex 9222.51361733978 -4891.033178937215 -59.999999999997215
    vertex 9254.615839860911 -4866.809636072522 -59.999999999997186
    vertex 9222.615839860911 -4891.809636072522 -59.999999999997215
  endloop
endfacet
facet normal 2.7755575615628914e-16 -7.573064690121713e-29 -1.0
  outer loop
    vertex 9222.615839860911 -4891.809636072522 -59.999999999997215
    vertex 9254.615839860911 -4866.809636072522 -59.999999999997186
    vertex 9222.615839860911 -4941.809636072523 -59.999999999997094
  endloop
endfacet
facet normal 2.7755575615628914e-16 -7.573064690121713e-29 -1.0
  outer loop
    vertex 9138.107590643685 -4976.809636072523 -59.999999999997215
    vertex 9162.331133508376 -4944.707413551391 -59.99999999999723
    vertex 9254.615839860913 -4976.809636072522 -59.999999999997186
  endloop
endfacet
facet normal 2.7755575615628914e-16 -7.573064690121713e-29 -1.0
  outer loop
    vertex 9162.331133508376 -4944.707413551391 -59.99999999999723
    vertex 9138.107590643685 -4976.809636072523 -59.999999999997215
    vertex 9161.607590643685 -4944.407712283877 -59.99999999999723
  endloop
endfacet
facet normal 2.7755575615628914e-16 -7.573064690121713e-29 -1.0
  outer loop
    vertex 9161.607590643685 -4944.407712283877 -59.99999999999723
    vertex 9138.107590643685 -4976.809636072523 -59.999999999997215
    vertex 9160.986270300125 -4943.930956416083 -59.99999999999723
  endloop
endfacet
facet normal 2.7755575615628914e-16 -7.573064690121713e-29 -1.0
  outer loop
    vertex 9160.986270300125 -4943.930956416083 -59.99999999999723
    vertex 9138.107590643685 -4976.809636072523 -59.999999999997215
    vertex 9160.509514432331 -4943.309636072524 -59.99999999999723
  endloop
endfacet
facet normal 2.7755575615628914e-16 -7.573064690121713e-29 -1.0
  outer loop
    vertex 9160.509514432331 -4943.309636072524 -59.99999999999723
    vertex 9138.107590643685 -4976.809636072523 -59.999999999997215
    vertex 9160.209813164818 -4942.586093207831 -59.99999999999723
  endloop
endfacet
facet normal 2.7755575615628914e-16 -7.573064690121713e-29 -1.0
  outer loop
    vertex 9160.209813164818 -4942.586093207831 -59.99999999999723
    vertex 9138.107590643685 -4976.809636072523 -59.999999999997215
    vertex 9160.107590643685 -4941.809636072523 -59.99999999999723
  endloop
endfacet
facet normal 2.7755575615628914e-16 -7.573064690121713e-29 -1.0
  outer loop
    vertex 9254.615839860913 -4976.809636072522 -59.999999999997186
    vertex 9162.331133508376 -4944.707413551391 -59.99999999999723
    vertex 9163.107590643685 -4944.809636072524 -59.99999999999723
  endloop
endfacet
facet normal 2.7755575615628914e-16 -7.573064690121713e-29 -1.0
  outer loop
    vertex 9254.615839860913 -4976.809636072522 -59.999999999997186
    vertex 9163.107590643685 -4944.809636072524 -59.99999999999723
    vertex 9163.884047778993 -4944.707413551391 -59.99999999999723
  endloop
endfacet
facet normal 2.7755575615628914e-16 -7.573064690121713e-29 -1.0
  outer loop
    vertex 9254.615839860913 -4976.809636072522 -59.999999999997186
    vertex 9163.884047778993 -4944.707413551391 -59.99999999999723
    vertex 9164.607590643684 -4944.407712283877 -59.99999999999723
  endloop
endfacet
facet normal 2.7755575615628914e-16 -7.573064690121713e-29 -1.0
  outer loop
    vertex 9254.615839860913 -4976.809636072522 -59.999999999997186
    vertex 9164.607590643684 -4944.407712283877 -59.99999999999723
    vertex 9165.228910987244 -4943.930956416083 -59.99999999999723
  endloop
endfacet
facet normal 2.7755575615628914e-16 -7.573064690121713e-29 -1.0
  outer loop
    vertex 9254.615839860913 -4976.809636072522 -59.999999999997186
    vertex 9165.228910987244 -4943.930956416083 -59.99999999999723
    vertex 9165.705666855038 -4943.309636072523 -59.99999999999723
  endloop
endfacet
facet normal 2.7755575615628914e-16 -7.573064690121713e-29 -1.0
  outer loop
    vertex 9254.615839860913 -4976.809636072522 -59.999999999997186
    vertex 9165.705666855038 -4943.309636072523 -59.99999999999723
    vertex 9166.005368122553 -4942.586093207831 -59.99999999999723
  endloop
endfacet
facet normal 2.7755575615628914e-16 -7.573064690121713e-29 -1.0
  outer loop
    vertex 9254.615839860913 -4976.809636072522 -59.999999999997186
    vertex 9166.005368122553 -4942.586093207831 -59.99999999999723
    vertex 9166.107590643684 -4941.809636072523 -59.99999999999723
  endloop
endfacet
facet normal 2.7755575615628914e-16 -7.573064690121713e-29 -1.0
  outer loop
    vertex 9254.615839860913 -4976.809636072522 -59.999999999997186
    vertex 9166.107590643684 -4941.809636072523 -59.99999999999723
    vertex 9217.494519517353 -4943.930956416083 -59.999999999997094
  endloop
endfacet
facet normal 2.7755575615628914e-16 -7.573064690121713e-29 -1.0
  outer loop
    vertex 9217.494519517353 -4943.930956416083 -59.999999999997094
    vertex 9166.107590643684 -4941.809636072523 -59.99999999999723
    vertex 9217.01776364956 -4943.309636072524 -59.999999999997094
  endloop
endfacet
facet normal 2.7755575615628914e-16 -7.573064690121713e-29 -1.0
  outer loop
    vertex 9217.01776364956 -4943.309636072524 -59.999999999997094
    vertex 9166.107590643684 -4941.809636072523 -59.99999999999723
    vertex 9216.718062382046 -4942.586093207831 -59.999999999997094
  endloop
endfacet
facet normal 2.7755575615628914e-16 -7.573064690121713e-29 -1.0
  outer loop
    vertex 9216.718062382046 -4942.586093207831 -59.999999999997094
    vertex 9166.107590643684 -4941.809636072523 -59.99999999999723
    vertex 9194.615839860913 -4866.809636072522 -59.99999999999719
  endloop
endfacet
facet normal 2.7755575615628914e-16 -7.573064690121713e-29 -1.0
  outer loop
    vertex 9216.718062382046 -4942.586093207831 -59.999999999997094
    vertex 9194.615839860913 -4866.809636072522 -59.99999999999719
    vertex 9216.615839860913 -4941.809636072523 -59.999999999997094
  endloop
endfacet
facet normal 2.7755575615628914e-16 -7.573064690121713e-29 -1.0
  outer loop
    vertex 9216.615839860913 -4941.809636072523 -59.999999999997094
    vertex 9194.615839860913 -4866.809636072522 -59.99999999999719
    vertex 9216.615839860913 -4891.809636072522 -59.999999999997215
  endloop
endfacet
facet normal 2.7755575615628914e-16 -7.573064690121713e-29 -1.0
  outer loop
    vertex 9254.615839860913 -4976.809636072522 -59.999999999997186
    vertex 9217.494519517353 -4943.930956416083 -59.999999999997094
    vertex 9218.115839860913 -4944.407712283877 -59.999999999997094
  endloop
endfacet
facet normal 2.7755575615628914e-16 -7.573064690121713e-29 -1.0
  outer loop
    vertex 9254.615839860913 -4976.809636072522 -59.999999999997186
    vertex 9218.115839860913 -4944.407712283877 -59.999999999997094
    vertex 9218.839382725604 -4944.707413551391 -59.999999999997094
  endloop
endfacet
facet normal 2.7755575615628914e-16 -7.573064690121713e-29 -1.0
  outer loop
    vertex 9254.615839860913 -4976.809636072522 -59.999999999997186
    vertex 9218.839382725604 -4944.707413551391 -59.999999999997094
    vertex 9219.615839860913 -4944.809636072524 -59.999999999997094
  endloop
endfacet
facet normal 2.7755575615628914e-16 -7.573064690121713e-29 -1.0
  outer loop
    vertex 9254.615839860913 -4976.809636072522 -59.999999999997186
    vertex 9219.615839860913 -4944.809636072524 -59.999999999997094
    vertex 9220.39229699622 -4944.707413551391 -59.999999999997094
  endloop
endfacet
facet normal 2.7755575615628914e-16 -7.573064690121713e-29 -1.0
  outer loop
    vertex 9254.615839860913 -4976.809636072522 -59.999999999997186
    vertex 9220.39229699622 -4944.707413551391 -59.999999999997094
    vertex 9221.115839860911 -4944.407712283877 -59.999999999997094
  endloop
endfacet
facet normal 2.7755575615628914e-16 -7.573064690121713e-29 -1.0
  outer loop
    vertex 9254.615839860913 -4976.809636072522 -59.999999999997186
    vertex 9221.115839860911 -4944.407712283877 -59.999999999997094
    vertex 9221.737160204471 -4943.930956416083 -59.999999999997094
  endloop
endfacet
facet normal 2.7755575615628914e-16 -7.573064690121713e-29 -1.0
  outer loop
    vertex 9254.615839860913 -4976.809636072522 -59.999999999997186
    vertex 9221.737160204471 -4943.930956416083 -59.999999999997094
    vertex 9222.213916072265 -4943.309636072523 -59.999999999997094
  endloop
endfacet
facet normal 2.7755575615628914e-16 -7.573064690121713e-29 -1.0
  outer loop
    vertex 9254.615839860913 -4976.809636072522 -59.999999999997186
    vertex 9222.213916072265 -4943.309636072523 -59.999999999997094
    vertex 9222.51361733978 -4942.586093207831 -59.999999999997094
  endloop
endfacet
facet normal 2.7755575615628914e-16 -7.573064690121713e-29 -1.0
  outer loop
    vertex 9254.615839860913 -4976.809636072522 -59.999999999997186
    vertex 9222.51361733978 -4942.586093207831 -59.999999999997094
    vertex 9222.615839860911 -4941.809636072523 -59.999999999997094
  endloop
endfacet
facet normal 2.7755575615628914e-16 -7.573064690121713e-29 -1.0
  outer loop
    vertex 9254.615839860913 -4976.809636072522 -59.999999999997186
    vertex 9222.615839860911 -4941.809636072523 -59.999999999997094
    vertex 9254.615839860911 -4866.809636072522 -59.999999999997186
  endloop
endfacet
facet normal 2.7755575615628914e-16 -7.573064690121713e-29 -1.0
  outer loop
    vertex 9216.718062382046 -4892.58609320783 -59.999999999997215
    vertex 9216.615839860913 -4941.809636072523 -59.999999999997094
    vertex 9216.615839860913 -4891.809636072522 -59.999999999997215
  endloop
endfacet
facet normal 2.7755575615628914e-16 -7.573064690121713e-29 -1.0
  outer loop
    vertex 9216.615839860913 -4941.809636072523 -59.999999999997094
    vertex 9216.718062382046 -4892.58609320783 -59.999999999997215
    vertex 9216.718062382046 -4941.033178937216 -59.999999999997094
  endloop
endfacet
facet normal 2.7755575615628914e-16 -7.573064690121713e-29 -1.0
  outer loop
    vertex 9216.718062382046 -4941.033178937216 -59.999999999997094
    vertex 9216.718062382046 -4892.58609320783 -59.999999999997215
    vertex 9217.01776364956 -4893.309636072523 -59.999999999997215
  endloop
endfacet
facet normal 2.7755575615628914e-16 -7.573064690121713e-29 -1.0
  outer loop
    vertex 9216.718062382046 -4941.033178937216 -59.999999999997094
    vertex 9217.01776364956 -4893.309636072523 -59.999999999997215
    vertex 9217.01776364956 -4940.309636072524 -59.999999999997094
  endloop
endfacet
facet normal 2.7755575615628914e-16 -7.573064690121713e-29 -1.0
  outer loop
    vertex 9217.01776364956 -4940.309636072524 -59.999999999997094
    vertex 9217.01776364956 -4893.309636072523 -59.999999999997215
    vertex 9217.494519517353 -4893.930956416082 -59.999999999997215
  endloop
endfacet
facet normal 2.7755575615628914e-16 -7.573064690121713e-29 -1.0
  outer loop
    vertex 9217.01776364956 -4940.309636072524 -59.999999999997094
    vertex 9217.494519517353 -4893.930956416082 -59.999999999997215
    vertex 9217.494519517353 -4939.688315728964 -59.999999999997094
  endloop
endfacet
facet normal 2.7755575615628914e-16 -7.573064690121713e-29 -1.0
  outer loop
    vertex 9217.494519517353 -4939.688315728964 -59.999999999997094
    vertex 9217.494519517353 -4893.930956416082 -59.999999999997215
    vertex 9218.115839860913 -4894.407712283876 -59.999999999997215
  endloop
endfacet
facet normal 2.7755575615628914e-16 -7.573064690121713e-29 -1.0
  outer loop
    vertex 9217.494519517353 -4939.688315728964 -59.999999999997094
    vertex 9218.115839860913 -4894.407712283876 -59.999999999997215
    vertex 9218.115839860913 -4939.21155986117 -59.999999999997094
  endloop
endfacet
facet normal 2.7755575615628914e-16 -7.573064690121713e-29 -1.0
  outer loop
    vertex 9218.115839860913 -4939.21155986117 -59.999999999997094
    vertex 9218.115839860913 -4894.407712283876 -59.999999999997215
    vertex 9218.839382725604 -4894.70741355139 -59.999999999997215
  endloop
endfacet
facet normal 2.7755575615628914e-16 -7.573064690121713e-29 -1.0
  outer loop
    vertex 9218.115839860913 -4939.21155986117 -59.999999999997094
    vertex 9218.839382725604 -4894.70741355139 -59.999999999997215
    vertex 9218.839382725604 -4938.911858593656 -59.999999999997094
  endloop
endfacet
facet normal 2.7755575615628914e-16 -7.573064690121713e-29 -1.0
  outer loop
    vertex 9218.839382725604 -4938.911858593656 -59.999999999997094
    vertex 9218.839382725604 -4894.70741355139 -59.999999999997215
    vertex 9219.615839860913 -4894.809636072523 -59.999999999997215
  endloop
endfacet
facet normal 2.7755575615628914e-16 -7.573064690121713e-29 -1.0
  outer loop
    vertex 9218.839382725604 -4938.911858593656 -59.999999999997094
    vertex 9219.615839860913 -4894.809636072523 -59.999999999997215
    vertex 9219.615839860913 -4938.809636072523 -59.999999999997094
  endloop
endfacet
facet normal 2.7755575615628914e-16 -7.573064690121713e-29 -1.0
  outer loop
    vertex 9219.615839860913 -4938.809636072523 -59.999999999997094
    vertex 9219.615839860913 -4894.809636072523 -59.999999999997215
    vertex 9220.39229699622 -4894.70741355139 -59.999999999997215
  endloop
endfacet
facet normal 2.7755575615628914e-16 -7.573064690121713e-29 -1.0
  outer loop
    vertex 9219.615839860913 -4938.809636072523 -59.999999999997094
    vertex 9220.39229699622 -4894.70741355139 -59.999999999997215
    vertex 9220.39229699622 -4938.911858593656 -59.999999999997094
  endloop
endfacet
facet normal 2.7755575615628914e-16 -7.573064690121713e-29 -1.0
  outer loop
    vertex 9220.39229699622 -4938.911858593656 -59.999999999997094
    vertex 9220.39229699622 -4894.70741355139 -59.999999999997215
    vertex 9221.115839860911 -4894.407712283876 -59.999999999997215
  endloop
endfacet
facet normal 2.7755575615628914e-16 -7.573064690121713e-29 -1.0
  outer loop
    vertex 9220.39229699622 -4938.911858593656 -59.999999999997094
    vertex 9221.115839860911 -4894.407712283876 -59.999999999997215
    vertex 9221.115839860911 -4939.21155986117 -59.999999999997094
  endloop
endfacet
facet normal 2.7755575615628914e-16 -7.573064690121713e-29 -1.0
  outer loop
    vertex 9221.115839860911 -4939.21155986117 -59.999999999997094
    vertex 9221.115839860911 -4894.407712283876 -59.999999999997215
    vertex 9221.737160204471 -4893.930956416082 -59.999999999997215
  endloop
endfacet
facet normal 2.7755575615628914e-16 -7.573064690121713e-29 -1.0
  outer loop
    vertex 9221.115839860911 -4939.21155986117 -59.999999999997094
    vertex 9221.737160204471 -4893.930956416082 -59.999999999997215
    vertex 9221.737160204471 -4939.688315728964 -59.999999999997094
  endloop
endfacet
facet normal 2.7755575615628914e-16 -7.573064690121713e-29 -1.0
  outer loop
    vertex 9221.737160204471 -4939.688315728964 -59.999999999997094
    vertex 9221.737160204471 -4893.930956416082 -59.999999999997215
    vertex 9222.213916072265 -4893.309636072522 -59.999999999997215
  endloop
endfacet
facet normal 2.7755575615628914e-16 -7.573064690121713e-29 -1.0
  outer loop
    vertex 9221.737160204471 -4939.688315728964 -59.999999999997094
    vertex 9222.213916072265 -4893.309636072522 -59.999999999997215
    vertex 9222.213916072265 -4940.309636072523 -59.999999999997094
  endloop
endfacet
facet normal 2.7755575615628914e-16 -7.573064690121713e-29 -1.0
  outer loop
    vertex 9222.213916072265 -4940.309636072523 -59.999999999997094
    vertex 9222.213916072265 -4893.309636072522 -59.999999999997215
    vertex 9222.51361733978 -4892.58609320783 -59.999999999997215
  endloop
endfacet
facet normal 2.7755575615628914e-16 -7.573064690121713e-29 -1.0
  outer loop
    vertex 9222.213916072265 -4940.309636072523 -59.999999999997094
    vertex 9222.51361733978 -4892.58609320783 -59.999999999997215
    vertex 9222.51361733978 -4941.033178937216 -59.999999999997094
  endloop
endfacet
facet normal 2.7755575615628914e-16 -7.573064690121713e-29 -1.0
  outer loop
    vertex 9222.51361733978 -4941.033178937216 -59.999999999997094
    vertex 9222.51361733978 -4892.58609320783 -59.999999999997215
    vertex 9222.615839860911 -4891.809636072522 -59.999999999997215
  endloop
endfacet
facet normal 2.7755575615628914e-16 -7.573064690121713e-29 -1.0
  outer loop
    vertex 9222.51361733978 -4941.033178937216 -59.999999999997094
    vertex 9222.615839860911 -4891.809636072522 -59.999999999997215
    vertex 9222.615839860911 -4941.809636072523 -59.999999999997094
  endloop
endfacet
facet normal 1.1286777634138586e-14 -1.0 7.886335700202836e-29
  outer loop
    vertex 9254.615839860913 -4976.809636072522 -59.999999999997186
    vertex 9163.884047778993 -4976.809636072523 -32.89777747886445
    vertex 9163.107590643685 -4976.809636072523 -32.99999999999725
  endloop
endfacet
facet normal 1.1286777634138586e-14 -1.0 7.886335700202836e-29
  outer loop
    vertex 9163.884047778993 -4976.809636072523 -32.89777747886445
    vertex 9254.615839860913 -4976.809636072522 -59.999999999997186
    vertex 9254.615839860913 -4976.809636072522 2.8199664825478976e-12
  endloop
endfacet
facet normal 1.1286777634138586e-14 -1.0 7.886335700202836e-29
  outer loop
    vertex 9163.884047778993 -4976.809636072523 -32.89777747886445
    vertex 9254.615839860913 -4976.809636072522 2.8199664825478976e-12
    vertex 9164.607590643684 -4976.809636072523 -32.59807621135055
  endloop
endfacet
facet normal 1.1286777634138586e-14 -1.0 7.886335700202836e-29
  outer loop
    vertex 9164.607590643684 -4976.809636072523 -32.59807621135055
    vertex 9254.615839860913 -4976.809636072522 2.8199664825478976e-12
    vertex 9165.228910987244 -4976.809636072523 -32.121320343556874
  endloop
endfacet
facet normal 1.1286777634138586e-14 -1.0 7.886335700202836e-29
  outer loop
    vertex 9165.228910987244 -4976.809636072523 -32.121320343556874
    vertex 9254.615839860913 -4976.809636072522 2.8199664825478976e-12
    vertex 9165.705666855038 -4976.809636072523 -31.499999999997225
  endloop
endfacet
facet normal 1.1286777634138586e-14 -1.0 7.886335700202836e-29
  outer loop
    vertex 9165.705666855038 -4976.809636072523 -31.499999999997225
    vertex 9254.615839860913 -4976.809636072522 2.8199664825478976e-12
    vertex 9166.005368122553 -4976.809636072523 -30.776457135304778
  endloop
endfacet
facet normal 1.1286777634138586e-14 -1.0 7.886335700202836e-29
  outer loop
    vertex 9166.005368122553 -4976.809636072523 -30.776457135304778
    vertex 9254.615839860913 -4976.809636072522 2.8199664825478976e-12
    vertex 9166.107590643684 -4976.809636072523 -29.999999999997204
  endloop
endfacet
facet normal 1.1286777634138586e-14 -1.0 7.886335700202836e-29
  outer loop
    vertex 9166.107590643684 -4976.809636072523 -29.999999999997204
    vertex 9254.615839860913 -4976.809636072522 2.8199664825478976e-12
    vertex 9166.005368122553 -4976.809636072523 -29.22354286468963
  endloop
endfacet
facet normal 1.1286777634138586e-14 -1.0 7.886335700202836e-29
  outer loop
    vertex 9166.005368122553 -4976.809636072523 -29.22354286468963
    vertex 9254.615839860913 -4976.809636072522 2.8199664825478976e-12
    vertex 9165.705666855038 -4976.809636072523 -28.499999999997183
  endloop
endfacet
facet normal 1.1286777634138586e-14 -1.0 7.886335700202836e-29
  outer loop
    vertex 9165.705666855038 -4976.809636072523 -28.499999999997183
    vertex 9254.615839860913 -4976.809636072522 2.8199664825478976e-12
    vertex 9165.228910987244 -4976.809636072523 -27.878679656437534
  endloop
endfacet
facet normal 1.1286777634138586e-14 -1.0 7.886335700202836e-29
  outer loop
    vertex 9165.228910987244 -4976.809636072523 -27.878679656437534
    vertex 9254.615839860913 -4976.809636072522 2.8199664825478976e-12
    vertex 9164.607590643684 -4976.809636072523 -27.401923788643852
  endloop
endfacet
facet normal 1.1286777634138586e-14 -1.0 7.886335700202836e-29
  outer loop
    vertex 9164.607590643684 -4976.809636072523 -27.401923788643852
    vertex 9254.615839860913 -4976.809636072522 2.8199664825478976e-12
    vertex 9163.884047778993 -4976.809636072523 -27.10222252112996
  endloop
endfacet
facet normal 1.1286777634138586e-14 -1.0 7.886335700202836e-29
  outer loop
    vertex 9163.884047778993 -4976.809636072523 -27.10222252112996
    vertex 9254.615839860913 -4976.809636072522 2.8199664825478976e-12
    vertex 9163.107590643685 -4976.809636072523 -26.99999999999717
  endloop
endfacet
facet normal 1.1286777634138586e-14 -1.0 7.886335700202836e-29
  outer loop
    vertex 9163.107590643685 -4976.809636072523 -26.99999999999717
    vertex 9254.615839860913 -4976.809636072522 2.8199664825478976e-12
    vertex 9138.107590643685 -4976.809636072523 2.7861268847573225e-12
  endloop
endfacet
facet normal 1.1286777634138586e-14 -1.0 7.886335700202836e-29
  outer loop
    vertex 9138.107590643685 -4976.809636072523 -59.999999999997215
    vertex 9160.509514432331 -4976.809636072523 -31.49999999999723
    vertex 9138.107590643685 -4976.809636072523 2.7861268847573225e-12
  endloop
endfacet
facet normal 1.1286777634138586e-14 -1.0 7.886335700202836e-29
  outer loop
    vertex 9160.509514432331 -4976.809636072523 -31.49999999999723
    vertex 9138.107590643685 -4976.809636072523 -59.999999999997215
    vertex 9160.986270300125 -4976.809636072523 -32.12132034355688
  endloop
endfacet
facet normal 1.1286777634138586e-14 -1.0 7.886335700202836e-29
  outer loop
    vertex 9160.986270300125 -4976.809636072523 -32.12132034355688
    vertex 9138.107590643685 -4976.809636072523 -59.999999999997215
    vertex 9161.607590643685 -4976.809636072523 -32.59807621135056
  endloop
endfacet
facet normal 1.1286777634138586e-14 -1.0 7.886335700202836e-29
  outer loop
    vertex 9161.607590643685 -4976.809636072523 -32.59807621135056
    vertex 9138.107590643685 -4976.809636072523 -59.999999999997215
    vertex 9162.331133508376 -4976.809636072523 -32.897777478864455
  endloop
endfacet
facet normal 1.1286777634138586e-14 -1.0 7.886335700202836e-29
  outer loop
    vertex 9162.331133508376 -4976.809636072523 -32.897777478864455
    vertex 9138.107590643685 -4976.809636072523 -59.999999999997215
    vertex 9254.615839860913 -4976.809636072522 -59.999999999997186
  endloop
endfacet
facet normal 1.1286777634138586e-14 -1.0 7.886335700202836e-29
  outer loop
    vertex 9162.331133508376 -4976.809636072523 -32.897777478864455
    vertex 9254.615839860913 -4976.809636072522 -59.999999999997186
    vertex 9163.107590643685 -4976.809636072523 -32.99999999999725
  endloop
endfacet
facet normal 1.1286777634138586e-14 -1.0 7.886335700202836e-29
  outer loop
    vertex 9138.107590643685 -4976.809636072523 2.7861268847573225e-12
    vertex 9160.509514432331 -4976.809636072523 -31.49999999999723
    vertex 9160.209813164818 -4976.809636072523 -30.776457135304785
  endloop
endfacet
facet normal 1.1286777634138586e-14 -1.0 7.886335700202836e-29
  outer loop
    vertex 9138.107590643685 -4976.809636072523 2.7861268847573225e-12
    vertex 9160.209813164818 -4976.809636072523 -30.776457135304785
    vertex 9160.107590643684 -4976.809636072523 -29.99999999999721
  endloop
endfacet
facet normal 1.1286777634138586e-14 -1.0 7.886335700202836e-29
  outer loop
    vertex 9138.107590643685 -4976.809636072523 2.7861268847573225e-12
    vertex 9160.107590643684 -4976.809636072523 -29.99999999999721
    vertex 9160.209813164818 -4976.809636072523 -29.223542864689637
  endloop
endfacet
facet normal 1.1286777634138586e-14 -1.0 7.886335700202836e-29
  outer loop
    vertex 9138.107590643685 -4976.809636072523 2.7861268847573225e-12
    vertex 9160.209813164818 -4976.809636072523 -29.223542864689637
    vertex 9160.509514432331 -4976.809636072523 -28.49999999999719
  endloop
endfacet
facet normal 1.1286777634138586e-14 -1.0 7.886335700202836e-29
  outer loop
    vertex 9138.107590643685 -4976.809636072523 2.7861268847573225e-12
    vertex 9160.509514432331 -4976.809636072523 -28.49999999999719
    vertex 9160.986270300125 -4976.809636072523 -27.87867965643754
  endloop
endfacet
facet normal 1.1286777634138586e-14 -1.0 7.886335700202836e-29
  outer loop
    vertex 9138.107590643685 -4976.809636072523 2.7861268847573225e-12
    vertex 9160.986270300125 -4976.809636072523 -27.87867965643754
    vertex 9161.607590643685 -4976.809636072523 -27.40192378864386
  endloop
endfacet
facet normal 1.1286777634138586e-14 -1.0 7.886335700202836e-29
  outer loop
    vertex 9138.107590643685 -4976.809636072523 2.7861268847573225e-12
    vertex 9161.607590643685 -4976.809636072523 -27.40192378864386
    vertex 9162.331133508376 -4976.809636072523 -27.102222521129967
  endloop
endfacet
facet normal 1.1286777634138586e-14 -1.0 7.886335700202836e-29
  outer loop
    vertex 9138.107590643685 -4976.809636072523 2.7861268847573225e-12
    vertex 9162.331133508376 -4976.809636072523 -27.102222521129967
    vertex 9163.107590643685 -4976.809636072523 -26.99999999999717
  endloop
endfacet
facet normal -1.1286777634138586e-14 1.0 -7.886335700202836e-29
  outer loop
    vertex 9138.107590643685 -4966.809636072524 -49.999999999997215
    vertex 9162.331133508376 -4966.809636072523 -32.897777478864455
    vertex 9244.615839860913 -4966.809636072522 -49.999999999997186
  endloop
endfacet
facet normal -1.1286777634138586e-14 1.0 -7.886335700202836e-29
  outer loop
    vertex 9162.331133508376 -4966.809636072523 -32.897777478864455
    vertex 9138.107590643685 -4966.809636072524 -49.999999999997215
    vertex 9161.607590643685 -4966.809636072523 -32.59807621135056
  endloop
endfacet
facet normal -1.1286777634138586e-14 1.0 -7.886335700202836e-29
  outer loop
    vertex 9161.607590643685 -4966.809636072523 -32.59807621135056
    vertex 9138.107590643685 -4966.809636072524 -49.999999999997215
    vertex 9160.986270300125 -4966.809636072523 -32.12132034355688
  endloop
endfacet
facet normal -1.1286777634138586e-14 1.0 -7.886335700202836e-29
  outer loop
    vertex 9160.986270300125 -4966.809636072523 -32.12132034355688
    vertex 9138.107590643685 -4966.809636072524 -49.999999999997215
    vertex 9160.509514432331 -4966.809636072523 -31.49999999999723
  endloop
endfacet
facet normal -1.1286777634138586e-14 1.0 -7.886335700202836e-29
  outer loop
    vertex 9160.509514432331 -4966.809636072523 -31.49999999999723
    vertex 9138.107590643685 -4966.809636072524 -49.999999999997215
    vertex 9138.107590643685 -4966.809636072524 2.7861268847573225e-12
  endloop
endfacet
facet normal -1.1286777634138586e-14 1.0 -7.886335700202836e-29
  outer loop
    vertex 9244.615839860913 -4966.809636072522 -49.999999999997186
    vertex 9162.331133508376 -4966.809636072523 -32.897777478864455
    vertex 9163.107590643685 -4966.809636072523 -32.99999999999725
  endloop
endfacet
facet normal -1.1286777634138586e-14 1.0 -7.886335700202836e-29
  outer loop
    vertex 9160.509514432331 -4966.809636072523 -31.49999999999723
    vertex 9138.107590643685 -4966.809636072524 2.7861268847573225e-12
    vertex 9160.209813164818 -4966.809636072523 -30.776457135304785
  endloop
endfacet
facet normal -1.1286777634138586e-14 1.0 -7.886335700202836e-29
  outer loop
    vertex 9160.209813164818 -4966.809636072523 -30.776457135304785
    vertex 9138.107590643685 -4966.809636072524 2.7861268847573225e-12
    vertex 9160.107590643684 -4966.809636072523 -29.99999999999721
  endloop
endfacet
facet normal -1.1286777634138586e-14 1.0 -7.886335700202836e-29
  outer loop
    vertex 9160.107590643684 -4966.809636072523 -29.99999999999721
    vertex 9138.107590643685 -4966.809636072524 2.7861268847573225e-12
    vertex 9160.209813164818 -4966.809636072523 -29.223542864689637
  endloop
endfacet
facet normal -1.1286777634138586e-14 1.0 -7.886335700202836e-29
  outer loop
    vertex 9160.209813164818 -4966.809636072523 -29.223542864689637
    vertex 9138.107590643685 -4966.809636072524 2.7861268847573225e-12
    vertex 9160.509514432331 -4966.809636072523 -28.49999999999719
  endloop
endfacet
facet normal -1.1286777634138586e-14 1.0 -7.886335700202836e-29
  outer loop
    vertex 9160.509514432331 -4966.809636072523 -28.49999999999719
    vertex 9138.107590643685 -4966.809636072524 2.7861268847573225e-12
    vertex 9160.986270300125 -4966.809636072523 -27.87867965643754
  endloop
endfacet
facet normal -1.1286777634138586e-14 1.0 -7.886335700202836e-29
  outer loop
    vertex 9160.986270300125 -4966.809636072523 -27.87867965643754
    vertex 9138.107590643685 -4966.809636072524 2.7861268847573225e-12
    vertex 9161.607590643685 -4966.809636072523 -27.40192378864386
  endloop
endfacet
facet normal -1.1286777634138586e-14 1.0 -7.886335700202836e-29
  outer loop
    vertex 9161.607590643685 -4966.809636072523 -27.40192378864386
    vertex 9138.107590643685 -4966.809636072524 2.7861268847573225e-12
    vertex 9162.331133508376 -4966.809636072523 -27.102222521129967
  endloop
endfacet
facet normal -1.1286777634138586e-14 1.0 -7.886335700202836e-29
  outer loop
    vertex 9162.331133508376 -4966.809636072523 -27.102222521129967
    vertex 9138.107590643685 -4966.809636072524 2.7861268847573225e-12
    vertex 9163.107590643685 -4966.809636072523 -26.99999999999717
  endloop
endfacet
facet normal -1.1286777634138586e-14 1.0 -7.886335700202836e-29
  outer loop
    vertex 9244.615839860913 -4966.809636072522 -49.999999999997186
    vertex 9163.884047778993 -4966.809636072523 -32.89777747886445
    vertex 9244.615839860913 -4966.809636072522 2.8199664825478976e-12
  endloop
endfacet
facet normal -1.1286777634138586e-14 1.0 -7.886335700202836e-29
  outer loop
    vertex 9163.884047778993 -4966.809636072523 -32.89777747886445
    vertex 9244.615839860913 -4966.809636072522 -49.999999999997186
    vertex 9163.107590643685 -4966.809636072523 -32.99999999999725
  endloop
endfacet
facet normal -1.1286777634138586e-14 1.0 -7.886335700202836e-29
  outer loop
    vertex 9244.615839860913 -4966.809636072522 2.8199664825478976e-12
    vertex 9163.884047778993 -4966.809636072523 -32.89777747886445
    vertex 9164.607590643684 -4966.809636072523 -32.59807621135055
  endloop
endfacet
facet normal -1.1286777634138586e-14 1.0 -7.886335700202836e-29
  outer loop
    vertex 9244.615839860913 -4966.809636072522 2.8199664825478976e-12
    vertex 9164.607590643684 -4966.809636072523 -32.59807621135055
    vertex 9165.228910987244 -4966.809636072523 -32.121320343556874
  endloop
endfacet
facet normal -1.1286777634138586e-14 1.0 -7.886335700202836e-29
  outer loop
    vertex 9244.615839860913 -4966.809636072522 2.8199664825478976e-12
    vertex 9165.228910987244 -4966.809636072523 -32.121320343556874
    vertex 9165.705666855038 -4966.809636072523 -31.499999999997225
  endloop
endfacet
facet normal -1.1286777634138586e-14 1.0 -7.886335700202836e-29
  outer loop
    vertex 9244.615839860913 -4966.809636072522 2.8199664825478976e-12
    vertex 9165.705666855038 -4966.809636072523 -31.499999999997225
    vertex 9166.005368122553 -4966.809636072523 -30.776457135304778
  endloop
endfacet
facet normal -1.1286777634138586e-14 1.0 -7.886335700202836e-29
  outer loop
    vertex 9244.615839860913 -4966.809636072522 2.8199664825478976e-12
    vertex 9166.005368122553 -4966.809636072523 -30.776457135304778
    vertex 9166.107590643684 -4966.809636072523 -29.999999999997204
  endloop
endfacet
facet normal -1.1286777634138586e-14 1.0 -7.886335700202836e-29
  outer loop
    vertex 9244.615839860913 -4966.809636072522 2.8199664825478976e-12
    vertex 9166.107590643684 -4966.809636072523 -29.999999999997204
    vertex 9166.005368122553 -4966.809636072523 -29.22354286468963
  endloop
endfacet
facet normal -1.1286777634138586e-14 1.0 -7.886335700202836e-29
  outer loop
    vertex 9244.615839860913 -4966.809636072522 2.8199664825478976e-12
    vertex 9166.005368122553 -4966.809636072523 -29.22354286468963
    vertex 9165.705666855038 -4966.809636072523 -28.499999999997183
  endloop
endfacet
facet normal -1.1286777634138586e-14 1.0 -7.886335700202836e-29
  outer loop
    vertex 9244.615839860913 -4966.809636072522 2.8199664825478976e-12
    vertex 9165.705666855038 -4966.809636072523 -28.499999999997183
    vertex 9165.228910987244 -4966.809636072523 -27.878679656437534
  endloop
endfacet
facet normal -1.1286777634138586e-14 1.0 -7.886335700202836e-29
  outer loop
    vertex 9244.615839860913 -4966.809636072522 2.8199664825478976e-12
    vertex 9165.228910987244 -4966.809636072523 -27.878679656437534
    vertex 9164.607590643684 -4966.809636072523 -27.401923788643852
  endloop
endfacet
facet normal -1.1286777634138586e-14 1.0 -7.886335700202836e-29
  outer loop
    vertex 9244.615839860913 -4966.809636072522 2.8199664825478976e-12
    vertex 9164.607590643684 -4966.809636072523 -27.401923788643852
    vertex 9163.884047778993 -4966.809636072523 -27.10222252112996
  endloop
endfacet
facet normal -1.1286777634138586e-14 1.0 -7.886335700202836e-29
  outer loop
    vertex 9244.615839860913 -4966.809636072522 2.8199664825478976e-12
    vertex 9163.884047778993 -4966.809636072523 -27.10222252112996
    vertex 9163.107590643685 -4966.809636072523 -26.99999999999717
  endloop
endfacet
facet normal -1.1286777634138586e-14 1.0 -7.886335700202836e-29
  outer loop
    vertex 9244.615839860913 -4966.809636072522 2.8199664825478976e-12
    vertex 9163.107590643685 -4966.809636072523 -26.99999999999717
    vertex 9138.107590643685 -4966.809636072524 2.7861268847573225e-12
  endloop
endfacet
facet normal -0.6626626025015687 0.7489180697819008 -1.8392581971387409e-16
  outer loop
    vertex 9138.107590643685 -4916.809636072523 -49.999999999997215
    vertex 9194.615839860913 -4866.809636072522 -59.99999999999719
    vertex 9138.107590643685 -4916.809636072523 -59.999999999997215
  endloop
endfacet
facet normal -0.6626626025015687 0.7489180697819008 -1.8392581971387409e-16
  outer loop
    vertex 9194.615839860913 -4866.809636072522 -59.99999999999719
    vertex 9138.107590643685 -4916.809636072523 -49.999999999997215
    vertex 9194.615839860913 -4866.809636072522 -49.9999999999972
  endloop
endfacet
facet normal -0.6626626025015687 0.7489180697819008 -1.8392581971387409e-16
  outer loop
    vertex 9194.615839860913 -4866.809636072522 -49.9999999999972
    vertex 9138.107590643685 -4916.809636072523 -49.999999999997215
    vertex 9138.107590643685 -4916.809636072523 2.7861268847573225e-12
  endloop
endfacet
facet normal -0.6626626025015687 0.7489180697819008 -1.8392581971387409e-16
  outer loop
    vertex 9194.615839860913 -4866.809636072522 -49.9999999999972
    vertex 9138.107590643685 -4916.809636072523 2.7861268847573225e-12
    vertex 9194.615839860913 -4866.809636072522 2.8086866166177058e-12
  endloop
endfacet
facet normal 1.1286777634138586e-14 -1.0 7.886335700202836e-29
  outer loop
    vertex 9194.615839860913 -4916.809636072523 -49.9999999999972
    vertex 9138.107590643685 -4916.809636072523 2.7861268847573225e-12
    vertex 9138.107590643685 -4916.809636072523 -49.999999999997215
  endloop
endfacet
facet normal 1.1286777634138586e-14 -1.0 7.886335700202836e-29
  outer loop
    vertex 9138.107590643685 -4916.809636072523 2.7861268847573225e-12
    vertex 9194.615839860913 -4916.809636072523 -49.9999999999972
    vertex 9194.615839860913 -4916.809636072523 2.8086866166177058e-12
  endloop
endfacet
facet normal 1.0 1.1286777634138586e-14 2.7755575615628914e-16
  outer loop
    vertex 9194.615839860913 -4866.809636072522 -49.9999999999972
    vertex 9194.615839860913 -4916.809636072523 2.8086866166177058e-12
    vertex 9194.615839860913 -4916.809636072523 -49.9999999999972
  endloop
endfacet
facet normal 1.0 1.1286777634138586e-14 2.7755575615628914e-16
  outer loop
    vertex 9194.615839860913 -4916.809636072523 2.8086866166177058e-12
    vertex 9194.615839860913 -4866.809636072522 -49.9999999999972
    vertex 9194.615839860913 -4866.809636072522 2.8086866166177058e-12
  endloop
endfacet
facet normal -2.7755575615628914e-16 7.573064690121713e-29 1.0
  outer loop
    vertex 9194.615839860913 -4866.809636072522 2.8086866166177058e-12
    vertex 9138.107590643685 -4916.809636072523 2.7861268847573225e-12
    vertex 9194.615839860913 -4916.809636072523 2.8086866166177058e-12
  endloop
endfacet
facet normal 0.38268343236510305 4.3192628053739045e-15 0.9238795325112813
  outer loop
    vertex 9162.331133508376 -4976.809636072523 -32.897777478864455
    vertex 9161.607590643685 -4966.809636072523 -32.59807621135056
    vertex 9161.607590643685 -4976.809636072523 -32.59807621135056
  endloop
endfacet
facet normal 0.38268343236510305 4.3192628053739045e-15 0.9238795325112813
  outer loop
    vertex 9161.607590643685 -4966.809636072523 -32.59807621135056
    vertex 9162.331133508376 -4976.809636072523 -32.897777478864455
    vertex 9162.331133508376 -4966.809636072523 -32.897777478864455
  endloop
endfacet
facet normal -1.1286777634138586e-14 1.0 -7.886335700202836e-29
  outer loop
    vertex 9194.615839860913 -4866.809636072522 -49.9999999999972
    vertex 9254.615839860911 -4866.809636072522 -59.999999999997186
    vertex 9194.615839860913 -4866.809636072522 -59.99999999999719
  endloop
endfacet
facet normal -1.1286777634138586e-14 1.0 -7.886335700202836e-29
  outer loop
    vertex 9254.615839860911 -4866.809636072522 -59.999999999997186
    vertex 9194.615839860913 -4866.809636072522 -49.9999999999972
    vertex 9244.615839860913 -4866.809636072522 -49.999999999997186
  endloop
endfacet
facet normal -1.1286777634138586e-14 1.0 -7.886335700202836e-29
  outer loop
    vertex 9254.615839860911 -4866.809636072522 -59.999999999997186
    vertex 9244.615839860913 -4866.809636072522 -49.999999999997186
    vertex 9254.615839860911 -4866.809636072522 2.8199664825478976e-12
  endloop
endfacet
facet normal -1.1286777634138586e-14 1.0 -7.886335700202836e-29
  outer loop
    vertex 9254.615839860911 -4866.809636072522 2.8199664825478976e-12
    vertex 9244.615839860913 -4866.809636072522 -49.999999999997186
    vertex 9244.615839860913 -4866.809636072522 2.8199664825478976e-12
  endloop
endfacet
facet normal -0.7933533402912515 -8.954402737168485e-15 -0.6087614290086993
  outer loop
    vertex 9165.228910987244 -4966.809636072523 -27.878679656437534
    vertex 9165.705666855038 -4976.809636072523 -28.499999999997183
    vertex 9165.228910987244 -4976.809636072523 -27.878679656437534
  endloop
endfacet
facet normal -0.7933533402912515 -8.954402737168485e-15 -0.6087614290086993
  outer loop
    vertex 9165.705666855038 -4976.809636072523 -28.499999999997183
    vertex 9165.228910987244 -4966.809636072523 -27.878679656437534
    vertex 9165.705666855038 -4966.809636072523 -28.499999999997183
  endloop
endfacet
facet normal -2.7755575615628914e-16 7.573064690121713e-29 1.0
  outer loop
    vertex 9254.615839860913 -4976.809636072522 2.8199664825478976e-12
    vertex 9138.107590643685 -4966.809636072524 2.7861268847573225e-12
    vertex 9138.107590643685 -4976.809636072523 2.7861268847573225e-12
  endloop
endfacet
facet normal -2.7755575615628914e-16 7.573064690121713e-29 1.0
  outer loop
    vertex 9138.107590643685 -4966.809636072524 2.7861268847573225e-12
    vertex 9254.615839860913 -4976.809636072522 2.8199664825478976e-12
    vertex 9244.615839860913 -4966.809636072522 2.8199664825478976e-12
  endloop
endfacet
facet normal -2.7755575615628914e-16 7.573064690121713e-29 1.0
  outer loop
    vertex 9244.615839860913 -4966.809636072522 2.8199664825478976e-12
    vertex 9254.615839860913 -4976.809636072522 2.8199664825478976e-12
    vertex 9244.615839860913 -4866.809636072522 2.8199664825478976e-12
  endloop
endfacet
facet normal -2.7755575615628914e-16 7.573064690121713e-29 1.0
  outer loop
    vertex 9244.615839860913 -4866.809636072522 2.8199664825478976e-12
    vertex 9254.615839860913 -4976.809636072522 2.8199664825478976e-12
    vertex 9254.615839860911 -4866.809636072522 2.8199664825478976e-12
  endloop
endfacet
facet normal 0.6087614290087077 6.870954881461789e-15 0.7933533402912453
  outer loop
    vertex 9161.607590643685 -4976.809636072523 -32.59807621135056
    vertex 9160.986270300125 -4966.809636072523 -32.12132034355688
    vertex 9160.986270300125 -4976.809636072523 -32.12132034355688
  endloop
endfacet
facet normal 0.6087614290087077 6.870954881461789e-15 0.7933533402912453
  outer loop
    vertex 9160.986270300125 -4966.809636072523 -32.12132034355688
    vertex 9161.607590643685 -4976.809636072523 -32.59807621135056
    vertex 9161.607590643685 -4966.809636072523 -32.59807621135056
  endloop
endfacet
facet normal 0.7933533402912515 8.954402737168485e-15 0.6087614290086993
  outer loop
    vertex 9160.986270300125 -4966.809636072523 -32.12132034355688
    vertex 9160.509514432331 -4976.809636072523 -31.49999999999723
    vertex 9160.986270300125 -4976.809636072523 -32.12132034355688
  endloop
endfacet
facet normal 0.7933533402912515 8.954402737168485e-15 0.6087614290086993
  outer loop
    vertex 9160.509514432331 -4976.809636072523 -31.49999999999723
    vertex 9160.986270300125 -4966.809636072523 -32.12132034355688
    vertex 9160.509514432331 -4966.809636072523 -31.49999999999723
  endloop
endfacet
facet normal 0.9238795325113017 1.0427622844187002e-14 0.382683432365054
  outer loop
    vertex 9160.509514432331 -4966.809636072523 -31.49999999999723
    vertex 9160.209813164818 -4976.809636072523 -30.776457135304785
    vertex 9160.509514432331 -4976.809636072523 -31.49999999999723
  endloop
endfacet
facet normal 0.9238795325113017 1.0427622844187002e-14 0.382683432365054
  outer loop
    vertex 9160.209813164818 -4976.809636072523 -30.776457135304785
    vertex 9160.509514432331 -4966.809636072523 -31.49999999999723
    vertex 9160.209813164818 -4966.809636072523 -30.776457135304785
  endloop
endfacet
facet normal 0.13052619222004488 1.473220107018555e-15 0.9914448613738114
  outer loop
    vertex 9163.107590643685 -4976.809636072523 -32.99999999999725
    vertex 9162.331133508376 -4966.809636072523 -32.897777478864455
    vertex 9162.331133508376 -4976.809636072523 -32.897777478864455
  endloop
endfacet
facet normal 0.13052619222004488 1.473220107018555e-15 0.9914448613738114
  outer loop
    vertex 9162.331133508376 -4966.809636072523 -32.897777478864455
    vertex 9163.107590643685 -4976.809636072523 -32.99999999999725
    vertex 9163.107590643685 -4966.809636072523 -32.99999999999725
  endloop
endfacet
facet normal -0.991444861373804 -1.1190217686835492e-14 -0.13052619222009962
  outer loop
    vertex 9166.005368122553 -4966.809636072523 -29.22354286468963
    vertex 9166.107590643684 -4976.809636072523 -29.999999999997204
    vertex 9166.005368122553 -4976.809636072523 -29.22354286468963
  endloop
endfacet
facet normal -0.991444861373804 -1.1190217686835492e-14 -0.13052619222009962
  outer loop
    vertex 9166.107590643684 -4976.809636072523 -29.999999999997204
    vertex 9166.005368122553 -4966.809636072523 -29.22354286468963
    vertex 9166.107590643684 -4966.809636072523 -29.999999999997204
  endloop
endfacet
facet normal 0.9914448613738043 1.1190217686835476e-14 -0.1305261922200991
  outer loop
    vertex 9160.107590643684 -4966.809636072523 -29.99999999999721
    vertex 9160.209813164818 -4976.809636072523 -29.223542864689637
    vertex 9160.107590643684 -4976.809636072523 -29.99999999999721
  endloop
endfacet
facet normal 0.9914448613738043 1.1190217686835476e-14 -0.1305261922200991
  outer loop
    vertex 9160.209813164818 -4976.809636072523 -29.223542864689637
    vertex 9160.107590643684 -4966.809636072523 -29.99999999999721
    vertex 9160.209813164818 -4966.809636072523 -29.223542864689637
  endloop
endfacet
facet normal -0.38268343236510305 -4.3192628053739045e-15 -0.9238795325112813
  outer loop
    vertex 9164.607590643684 -4966.809636072523 -27.401923788643852
    vertex 9163.884047778993 -4976.809636072523 -27.10222252112996
    vertex 9163.884047778993 -4966.809636072523 -27.10222252112996
  endloop
endfacet
facet normal -0.38268343236510305 -4.3192628053739045e-15 -0.9238795325112813
  outer loop
    vertex 9163.884047778993 -4976.809636072523 -27.10222252112996
    vertex 9164.607590643684 -4966.809636072523 -27.401923788643852
    vertex 9164.607590643684 -4976.809636072523 -27.401923788643852
  endloop
endfacet
facet normal -1.0 -1.1286777634138586e-14 -2.7755575615628914e-16
  outer loop
    vertex 9244.615839860913 -4866.809636072522 2.8199664825478976e-12
    vertex 9244.615839860913 -4966.809636072522 -49.999999999997186
    vertex 9244.615839860913 -4966.809636072522 2.8199664825478976e-12
  endloop
endfacet
facet normal -1.0 -1.1286777634138586e-14 -2.7755575615628914e-16
  outer loop
    vertex 9244.615839860913 -4966.809636072522 -49.999999999997186
    vertex 9244.615839860913 -4866.809636072522 2.8199664825478976e-12
    vertex 9244.615839860913 -4893.930956416081 -27.878679656437512
  endloop
endfacet
facet normal -1.0 -1.1286777634138586e-14 -2.7755575615628914e-16
  outer loop
    vertex 9244.615839860913 -4966.809636072522 -49.999999999997186
    vertex 9244.615839860913 -4893.930956416081 -27.878679656437512
    vertex 9244.615839860913 -4894.407712283875 -28.49999999999716
  endloop
endfacet
facet normal -1.0 -1.1286777634138586e-14 -2.7755575615628914e-16
  outer loop
    vertex 9244.615839860913 -4966.809636072522 -49.999999999997186
    vertex 9244.615839860913 -4894.407712283875 -28.49999999999716
    vertex 9244.615839860913 -4894.707413551389 -29.22354286468961
  endloop
endfacet
facet normal -1.0 -1.1286777634138586e-14 -2.7755575615628914e-16
  outer loop
    vertex 9244.615839860913 -4966.809636072522 -49.999999999997186
    vertex 9244.615839860913 -4894.707413551389 -29.22354286468961
    vertex 9244.615839860913 -4894.809636072522 -29.999999999997183
  endloop
endfacet
facet normal -1.0 -1.1286777634138586e-14 -2.7755575615628914e-16
  outer loop
    vertex 9244.615839860913 -4893.930956416081 -27.878679656437512
    vertex 9244.615839860913 -4866.809636072522 2.8199664825478976e-12
    vertex 9244.615839860913 -4893.309636072522 -27.40192378864383
  endloop
endfacet
facet normal -1.0 -1.1286777634138586e-14 -2.7755575615628914e-16
  outer loop
    vertex 9244.615839860913 -4893.309636072522 -27.40192378864383
    vertex 9244.615839860913 -4866.809636072522 2.8199664825478976e-12
    vertex 9244.615839860913 -4892.586093207829 -27.10222252112994
  endloop
endfacet
facet normal -1.0 -1.1286777634138586e-14 -2.7755575615628914e-16
  outer loop
    vertex 9244.615839860913 -4892.586093207829 -27.10222252112994
    vertex 9244.615839860913 -4866.809636072522 2.8199664825478976e-12
    vertex 9244.615839860913 -4891.809636072522 -26.99999999999714
  endloop
endfacet
facet normal -1.0 -1.1286777634138586e-14 -2.7755575615628914e-16
  outer loop
    vertex 9244.615839860913 -4891.809636072522 -26.99999999999714
    vertex 9244.615839860913 -4866.809636072522 2.8199664825478976e-12
    vertex 9244.615839860913 -4891.033178937215 -27.10222252112994
  endloop
endfacet
facet normal -1.0 -1.1286777634138586e-14 -2.7755575615628914e-16
  outer loop
    vertex 9244.615839860913 -4891.033178937215 -27.10222252112994
    vertex 9244.615839860913 -4866.809636072522 2.8199664825478976e-12
    vertex 9244.615839860913 -4890.309636072522 -27.40192378864383
  endloop
endfacet
facet normal -1.0 -1.1286777634138586e-14 -2.7755575615628914e-16
  outer loop
    vertex 9244.615839860913 -4890.309636072522 -27.40192378864383
    vertex 9244.615839860913 -4866.809636072522 2.8199664825478976e-12
    vertex 9244.615839860913 -4889.688315728962 -27.878679656437512
  endloop
endfacet
facet normal -1.0 -1.1286777634138586e-14 -2.7755575615628914e-16
  outer loop
    vertex 9244.615839860913 -4889.688315728962 -27.878679656437512
    vertex 9244.615839860913 -4866.809636072522 2.8199664825478976e-12
    vertex 9244.615839860913 -4889.211559861169 -28.49999999999716
  endloop
endfacet
facet normal -1.0 -1.1286777634138586e-14 -2.7755575615628914e-16
  outer loop
    vertex 9244.615839860913 -4889.211559861169 -28.49999999999716
    vertex 9244.615839860913 -4866.809636072522 2.8199664825478976e-12
    vertex 9244.615839860913 -4888.911858593655 -29.22354286468961
  endloop
endfacet
facet normal -1.0 -1.1286777634138586e-14 -2.7755575615628914e-16
  outer loop
    vertex 9244.615839860913 -4888.911858593655 -29.22354286468961
    vertex 9244.615839860913 -4866.809636072522 2.8199664825478976e-12
    vertex 9244.615839860913 -4888.809636072522 -29.999999999997183
  endloop
endfacet
facet normal -1.0 -1.1286777634138586e-14 -2.7755575615628914e-16
  outer loop
    vertex 9244.615839860913 -4966.809636072522 -49.999999999997186
    vertex 9244.615839860913 -4893.309636072522 -32.59807621135053
    vertex 9244.615839860913 -4866.809636072522 -49.999999999997186
  endloop
endfacet
facet normal -1.0 -1.1286777634138586e-14 -2.7755575615628914e-16
  outer loop
    vertex 9244.615839860913 -4893.309636072522 -32.59807621135053
    vertex 9244.615839860913 -4966.809636072522 -49.999999999997186
    vertex 9244.615839860913 -4893.930956416081 -32.12132034355685
  endloop
endfacet
facet normal -1.0 -1.1286777634138586e-14 -2.7755575615628914e-16
  outer loop
    vertex 9244.615839860913 -4893.930956416081 -32.12132034355685
    vertex 9244.615839860913 -4966.809636072522 -49.999999999997186
    vertex 9244.615839860913 -4894.407712283875 -31.4999999999972
  endloop
endfacet
facet normal -1.0 -1.1286777634138586e-14 -2.7755575615628914e-16
  outer loop
    vertex 9244.615839860913 -4894.407712283875 -31.4999999999972
    vertex 9244.615839860913 -4966.809636072522 -49.999999999997186
    vertex 9244.615839860913 -4894.707413551389 -30.776457135304756
  endloop
endfacet
facet normal -1.0 -1.1286777634138586e-14 -2.7755575615628914e-16
  outer loop
    vertex 9244.615839860913 -4894.707413551389 -30.776457135304756
    vertex 9244.615839860913 -4966.809636072522 -49.999999999997186
    vertex 9244.615839860913 -4894.809636072522 -29.999999999997183
  endloop
endfacet
facet normal -1.0 -1.1286777634138586e-14 -2.7755575615628914e-16
  outer loop
    vertex 9244.615839860913 -4866.809636072522 -49.999999999997186
    vertex 9244.615839860913 -4893.309636072522 -32.59807621135053
    vertex 9244.615839860913 -4892.586093207829 -32.89777747886443
  endloop
endfacet
facet normal -1.0 -1.1286777634138586e-14 -2.7755575615628914e-16
  outer loop
    vertex 9244.615839860913 -4866.809636072522 -49.999999999997186
    vertex 9244.615839860913 -4892.586093207829 -32.89777747886443
    vertex 9244.615839860913 -4891.809636072522 -32.99999999999722
  endloop
endfacet
facet normal -1.0 -1.1286777634138586e-14 -2.7755575615628914e-16
  outer loop
    vertex 9244.615839860913 -4866.809636072522 -49.999999999997186
    vertex 9244.615839860913 -4891.809636072522 -32.99999999999722
    vertex 9244.615839860913 -4891.033178937215 -32.89777747886443
  endloop
endfacet
facet normal -1.0 -1.1286777634138586e-14 -2.7755575615628914e-16
  outer loop
    vertex 9244.615839860913 -4866.809636072522 -49.999999999997186
    vertex 9244.615839860913 -4891.033178937215 -32.89777747886443
    vertex 9244.615839860913 -4890.309636072522 -32.59807621135053
  endloop
endfacet
facet normal -1.0 -1.1286777634138586e-14 -2.7755575615628914e-16
  outer loop
    vertex 9244.615839860913 -4866.809636072522 -49.999999999997186
    vertex 9244.615839860913 -4890.309636072522 -32.59807621135053
    vertex 9244.615839860913 -4889.688315728962 -32.12132034355685
  endloop
endfacet
facet normal -1.0 -1.1286777634138586e-14 -2.7755575615628914e-16
  outer loop
    vertex 9244.615839860913 -4866.809636072522 -49.999999999997186
    vertex 9244.615839860913 -4889.688315728962 -32.12132034355685
    vertex 9244.615839860913 -4889.211559861169 -31.4999999999972
  endloop
endfacet
facet normal -1.0 -1.1286777634138586e-14 -2.7755575615628914e-16
  outer loop
    vertex 9244.615839860913 -4866.809636072522 -49.999999999997186
    vertex 9244.615839860913 -4889.211559861169 -31.4999999999972
    vertex 9244.615839860913 -4888.911858593655 -30.776457135304756
  endloop
endfacet
facet normal -1.0 -1.1286777634138586e-14 -2.7755575615628914e-16
  outer loop
    vertex 9244.615839860913 -4866.809636072522 -49.999999999997186
    vertex 9244.615839860913 -4888.911858593655 -30.776457135304756
    vertex 9244.615839860913 -4888.809636072522 -29.999999999997183
  endloop
endfacet
facet normal -1.0 -1.1286777634138586e-14 -2.7755575615628914e-16
  outer loop
    vertex 9244.615839860913 -4866.809636072522 -49.999999999997186
    vertex 9244.615839860913 -4888.809636072522 -29.999999999997183
    vertex 9244.615839860913 -4866.809636072522 2.8199664825478976e-12
  endloop
endfacet
facet normal 0.923879532511302 1.0427622844186945e-14 -0.3826834323650534
  outer loop
    vertex 9160.209813164818 -4966.809636072523 -29.223542864689637
    vertex 9160.509514432331 -4976.809636072523 -28.49999999999719
    vertex 9160.209813164818 -4976.809636072523 -29.223542864689637
  endloop
endfacet
facet normal 0.923879532511302 1.0427622844186945e-14 -0.3826834323650534
  outer loop
    vertex 9160.509514432331 -4976.809636072523 -28.49999999999719
    vertex 9160.209813164818 -4966.809636072523 -29.223542864689637
    vertex 9160.509514432331 -4966.809636072523 -28.49999999999719
  endloop
endfacet
facet normal 4.0628347231303465e-15 -0.3826834323651033 0.9238795325112812
  outer loop
    vertex 9254.615839860911 -4891.033178937215 -32.89777747886443
    vertex 9244.615839860913 -4890.309636072522 -32.59807621135053
    vertex 9244.615839860913 -4891.033178937215 -32.89777747886443
  endloop
endfacet
facet normal 4.0628347231303465e-15 -0.3826834323651033 0.9238795325112812
  outer loop
    vertex 9244.615839860913 -4890.309636072522 -32.59807621135053
    vertex 9254.615839860911 -4891.033178937215 -32.89777747886443
    vertex 9254.615839860911 -4890.309636072522 -32.59807621135053
  endloop
endfacet
facet normal 7.091154667725999e-15 -0.6087614290087635 -0.7933533402912023
  outer loop
    vertex 9254.615839860911 -4889.688315728962 -27.878679656437512
    vertex 9244.615839860913 -4890.309636072522 -27.40192378864383
    vertex 9244.615839860913 -4889.688315728962 -27.878679656437512
  endloop
endfacet
facet normal 7.091154667725999e-15 -0.6087614290087635 -0.7933533402912023
  outer loop
    vertex 9244.615839860913 -4890.309636072522 -27.40192378864383
    vertex 9254.615839860911 -4889.688315728962 -27.878679656437512
    vertex 9254.615839860911 -4890.309636072522 -27.40192378864383
  endloop
endfacet
facet normal 0.3826834323651036 4.319262805373764e-15 -0.9238795325112811
  outer loop
    vertex 9162.331133508376 -4966.809636072523 -27.102222521129967
    vertex 9161.607590643685 -4976.809636072523 -27.40192378864386
    vertex 9161.607590643685 -4966.809636072523 -27.40192378864386
  endloop
endfacet
facet normal 0.3826834323651036 4.319262805373764e-15 -0.9238795325112811
  outer loop
    vertex 9161.607590643685 -4976.809636072523 -27.40192378864386
    vertex 9162.331133508376 -4966.809636072523 -27.102222521129967
    vertex 9162.331133508376 -4976.809636072523 -27.102222521129967
  endloop
endfacet
facet normal 0.6087614290087081 6.870954881461669e-15 -0.7933533402912448
  outer loop
    vertex 9161.607590643685 -4966.809636072523 -27.40192378864386
    vertex 9160.986270300125 -4976.809636072523 -27.87867965643754
    vertex 9160.986270300125 -4966.809636072523 -27.87867965643754
  endloop
endfacet
facet normal 0.6087614290087081 6.870954881461669e-15 -0.7933533402912448
  outer loop
    vertex 9160.986270300125 -4976.809636072523 -27.87867965643754
    vertex 9161.607590643685 -4966.809636072523 -27.40192378864386
    vertex 9161.607590643685 -4976.809636072523 -27.40192378864386
  endloop
endfacet
facet normal -1.1226445982815336e-14 0.9914448613738043 0.13052619222009937
  outer loop
    vertex 9244.615839860913 -4894.809636072522 -29.999999999997183
    vertex 9254.615839860911 -4894.707413551389 -30.776457135304756
    vertex 9244.615839860913 -4894.707413551389 -30.776457135304756
  endloop
endfacet
facet normal -1.1226445982815336e-14 0.9914448613738043 0.13052619222009937
  outer loop
    vertex 9254.615839860911 -4894.707413551389 -30.776457135304756
    vertex 9244.615839860913 -4894.809636072522 -29.999999999997183
    vertex 9254.615839860911 -4894.809636072522 -29.999999999997183
  endloop
endfacet
facet normal 8.785437498420498e-15 -0.7933533402911961 0.6087614290087716
  outer loop
    vertex 9254.615839860911 -4889.211559861168 -31.4999999999972
    vertex 9244.615839860913 -4889.688315728962 -32.12132034355685
    vertex 9254.615839860911 -4889.688315728962 -32.12132034355685
  endloop
endfacet
facet normal 8.785437498420498e-15 -0.7933533402911961 0.6087614290087716
  outer loop
    vertex 9244.615839860913 -4889.688315728962 -32.12132034355685
    vertex 9254.615839860911 -4889.211559861168 -31.4999999999972
    vertex 9244.615839860913 -4889.211559861169 -31.4999999999972
  endloop
endfacet
facet normal -1.7484013352043551e-15 0.13052619222004516 0.9914448613738114
  outer loop
    vertex 9254.615839860911 -4892.586093207829 -32.89777747886443
    vertex 9244.615839860913 -4891.809636072522 -32.99999999999722
    vertex 9244.615839860913 -4892.586093207829 -32.89777747886443
  endloop
endfacet
facet normal -1.7484013352043551e-15 0.13052619222004516 0.9914448613738114
  outer loop
    vertex 9244.615839860913 -4891.809636072522 -32.99999999999722
    vertex 9254.615839860911 -4892.586093207829 -32.89777747886443
    vertex 9254.615839860911 -4891.809636072522 -32.99999999999722
  endloop
endfacet
facet normal 0.1305261922200454 1.4732201070184042e-15 -0.9914448613738112
  outer loop
    vertex 9163.107590643685 -4966.809636072523 -26.99999999999717
    vertex 9162.331133508376 -4976.809636072523 -27.102222521129967
    vertex 9162.331133508376 -4966.809636072523 -27.102222521129967
  endloop
endfacet
facet normal 0.1305261922200454 1.4732201070184042e-15 -0.9914448613738112
  outer loop
    vertex 9162.331133508376 -4976.809636072523 -27.102222521129967
    vertex 9163.107590643685 -4966.809636072523 -26.99999999999717
    vertex 9163.107590643685 -4976.809636072523 -26.99999999999717
  endloop
endfacet
facet normal 1.1153989390855635e-14 -0.9914448613738043 0.13052619222009937
  outer loop
    vertex 9254.615839860911 -4888.809636072522 -29.999999999997183
    vertex 9244.615839860913 -4888.911858593655 -30.776457135304756
    vertex 9254.615839860911 -4888.911858593655 -30.776457135304756
  endloop
endfacet
facet normal 1.1153989390855635e-14 -0.9914448613738043 0.13052619222009937
  outer loop
    vertex 9244.615839860913 -4888.911858593655 -30.776457135304756
    vertex 9254.615839860911 -4888.809636072522 -29.999999999997183
    vertex 9244.615839860913 -4888.809636072522 -29.999999999997183
  endloop
endfacet
facet normal -0.3826834323651036 -4.319262805373764e-15 0.9238795325112811
  outer loop
    vertex 9164.607590643684 -4976.809636072523 -32.59807621135055
    vertex 9163.884047778993 -4966.809636072523 -32.89777747886445
    vertex 9163.884047778993 -4976.809636072523 -32.89777747886445
  endloop
endfacet
facet normal -0.3826834323651036 -4.319262805373764e-15 0.9238795325112811
  outer loop
    vertex 9163.884047778993 -4966.809636072523 -32.89777747886445
    vertex 9164.607590643684 -4976.809636072523 -32.59807621135055
    vertex 9164.607590643684 -4966.809636072523 -32.59807621135055
  endloop
endfacet
facet normal -6.650755095198714e-15 0.6087614290087635 -0.7933533402912023
  outer loop
    vertex 9254.615839860911 -4893.309636072522 -27.40192378864383
    vertex 9244.615839860913 -4893.930956416081 -27.878679656437512
    vertex 9244.615839860913 -4893.309636072522 -27.40192378864383
  endloop
endfacet
facet normal -6.650755095198714e-15 0.6087614290087635 -0.7933533402912023
  outer loop
    vertex 9244.615839860913 -4893.930956416081 -27.878679656437512
    vertex 9254.615839860911 -4893.309636072522 -27.40192378864383
    vertex 9254.615839860911 -4893.930956416081 -27.878679656437512
  endloop
endfacet
facet normal -0.923879532511302 -1.0427622844186945e-14 0.3826834323650534
  outer loop
    vertex 9166.005368122553 -4966.809636072523 -30.776457135304778
    vertex 9165.705666855038 -4976.809636072523 -31.499999999997225
    vertex 9166.005368122553 -4976.809636072523 -30.776457135304778
  endloop
endfacet
facet normal -0.923879532511302 -1.0427622844186945e-14 0.3826834323650534
  outer loop
    vertex 9165.705666855038 -4976.809636072523 -31.499999999997225
    vertex 9166.005368122553 -4966.809636072523 -30.776457135304778
    vertex 9165.705666855038 -4966.809636072523 -31.499999999997225
  endloop
endfacet
facet normal 9.123367975915125e-15 -0.7933533402911961 -0.6087614290087716
  outer loop
    vertex 9254.615839860911 -4889.688315728962 -27.878679656437512
    vertex 9244.615839860913 -4889.211559861169 -28.49999999999716
    vertex 9254.615839860911 -4889.211559861168 -28.49999999999716
  endloop
endfacet
facet normal 9.123367975915125e-15 -0.7933533402911961 -0.6087614290087716
  outer loop
    vertex 9244.615839860913 -4889.211559861169 -28.49999999999716
    vertex 9254.615839860911 -4889.688315728962 -27.878679656437512
    vertex 9244.615839860913 -4889.688315728962 -27.878679656437512
  endloop
endfacet
facet normal 0.991444861373804 1.1190217686835492e-14 0.13052619222009962
  outer loop
    vertex 9160.209813164818 -4966.809636072523 -30.776457135304785
    vertex 9160.107590643684 -4976.809636072523 -29.99999999999721
    vertex 9160.209813164818 -4976.809636072523 -30.776457135304785
  endloop
endfacet
facet normal 0.991444861373804 1.1190217686835492e-14 0.13052619222009962
  outer loop
    vertex 9160.107590643684 -4976.809636072523 -29.99999999999721
    vertex 9160.209813164818 -4966.809636072523 -30.776457135304785
    vertex 9160.107590643684 -4966.809636072523 -29.99999999999721
  endloop
endfacet
facet normal 6.650755095198714e-15 -0.6087614290087635 0.7933533402912023
  outer loop
    vertex 9254.615839860911 -4890.309636072522 -32.59807621135053
    vertex 9244.615839860913 -4889.688315728962 -32.12132034355685
    vertex 9244.615839860913 -4890.309636072522 -32.59807621135053
  endloop
endfacet
facet normal 6.650755095198714e-15 -0.6087614290087635 0.7933533402912023
  outer loop
    vertex 9244.615839860913 -4889.688315728962 -32.12132034355685
    vertex 9254.615839860911 -4890.309636072522 -32.59807621135053
    vertex 9254.615839860911 -4889.688315728962 -32.12132034355685
  endloop
endfacet
facet normal -0.9238795325113017 -1.0427622844187002e-14 -0.382683432365054
  outer loop
    vertex 9165.705666855038 -4966.809636072523 -28.499999999997183
    vertex 9166.005368122553 -4976.809636072523 -29.22354286468963
    vertex 9165.705666855038 -4976.809636072523 -28.499999999997183
  endloop
endfacet
facet normal -0.9238795325113017 -1.0427622844187002e-14 -0.382683432365054
  outer loop
    vertex 9166.005368122553 -4976.809636072523 -29.22354286468963
    vertex 9165.705666855038 -4966.809636072523 -28.499999999997183
    vertex 9166.005368122553 -4966.809636072523 -29.22354286468963
  endloop
endfacet
facet normal -0.6087614290087081 -6.870954881461669e-15 0.7933533402912448
  outer loop
    vertex 9165.228910987244 -4976.809636072523 -32.121320343556874
    vertex 9164.607590643684 -4966.809636072523 -32.59807621135055
    vertex 9164.607590643684 -4976.809636072523 -32.59807621135055
  endloop
endfacet
facet normal -0.6087614290087081 -6.870954881461669e-15 0.7933533402912448
  outer loop
    vertex 9164.607590643684 -4966.809636072523 -32.59807621135055
    vertex 9165.228910987244 -4976.809636072523 -32.121320343556874
    vertex 9165.228910987244 -4966.809636072523 -32.121320343556874
  endloop
endfacet
facet normal -0.7933533402912519 -8.954402737168393e-15 0.6087614290086989
  outer loop
    vertex 9165.705666855038 -4966.809636072523 -31.499999999997225
    vertex 9165.228910987244 -4976.809636072523 -32.121320343556874
    vertex 9165.705666855038 -4976.809636072523 -31.499999999997225
  endloop
endfacet
facet normal -0.7933533402912519 -8.954402737168393e-15 0.6087614290086989
  outer loop
    vertex 9165.228910987244 -4976.809636072523 -32.121320343556874
    vertex 9165.705666855038 -4966.809636072523 -31.499999999997225
    vertex 9165.228910987244 -4966.809636072523 -32.121320343556874
  endloop
endfacet
facet normal -0.1305261922200454 -1.4732201070184042e-15 0.9914448613738112
  outer loop
    vertex 9163.884047778993 -4976.809636072523 -32.89777747886445
    vertex 9163.107590643685 -4966.809636072523 -32.99999999999725
    vertex 9163.107590643685 -4976.809636072523 -32.99999999999725
  endloop
endfacet
facet normal -0.1305261922200454 -1.4732201070184042e-15 0.9914448613738112
  outer loop
    vertex 9163.107590643685 -4966.809636072523 -32.99999999999725
    vertex 9163.884047778993 -4976.809636072523 -32.89777747886445
    vertex 9163.884047778993 -4966.809636072523 -32.89777747886445
  endloop
endfacet
facet normal -0.13052619222004488 -1.473220107018555e-15 -0.9914448613738114
  outer loop
    vertex 9163.884047778993 -4966.809636072523 -27.10222252112996
    vertex 9163.107590643685 -4976.809636072523 -26.99999999999717
    vertex 9163.107590643685 -4966.809636072523 -26.99999999999717
  endloop
endfacet
facet normal -0.13052619222004488 -1.473220107018555e-15 -0.9914448613738114
  outer loop
    vertex 9163.107590643685 -4976.809636072523 -26.99999999999717
    vertex 9163.884047778993 -4966.809636072523 -27.10222252112996
    vertex 9163.884047778993 -4976.809636072523 -27.10222252112996
  endloop
endfacet
facet normal -1.0321406854748407e-14 0.9238795325113018 -0.3826834323650537
  outer loop
    vertex 9244.615839860913 -4894.407712283875 -28.49999999999716
    vertex 9254.615839860911 -4894.707413551389 -29.22354286468961
    vertex 9244.615839860913 -4894.707413551389 -29.22354286468961
  endloop
endfacet
facet normal -1.0321406854748407e-14 0.9238795325113018 -0.3826834323650537
  outer loop
    vertex 9254.615839860911 -4894.707413551389 -29.22354286468961
    vertex 9244.615839860913 -4894.407712283875 -28.49999999999716
    vertex 9254.615839860911 -4894.407712283875 -28.49999999999716
  endloop
endfacet
facet normal -0.9914448613738043 -1.1190217686835476e-14 0.1305261922200991
  outer loop
    vertex 9166.107590643684 -4966.809636072523 -29.999999999997204
    vertex 9166.005368122553 -4976.809636072523 -30.776457135304778
    vertex 9166.107590643684 -4976.809636072523 -29.999999999997204
  endloop
endfacet
facet normal -0.9914448613738043 -1.1190217686835476e-14 0.1305261922200991
  outer loop
    vertex 9166.005368122553 -4976.809636072523 -30.776457135304778
    vertex 9166.107590643684 -4966.809636072523 -29.999999999997204
    vertex 9166.005368122553 -4966.809636072523 -30.776457135304778
  endloop
endfacet
facet normal 0.3826834323653109 0.9238795325111953 -1.1990605029960068e-16
  outer loop
    vertex 9218.115839860913 -4944.407712283877 -49.9999999999972
    vertex 9218.839382725604 -4944.707413551391 -59.999999999997094
    vertex 9218.115839860913 -4944.407712283877 -59.999999999997094
  endloop
endfacet
facet normal 0.3826834323653109 0.9238795325111953 -1.1990605029960068e-16
  outer loop
    vertex 9218.839382725604 -4944.707413551391 -59.999999999997094
    vertex 9218.115839860913 -4944.407712283877 -49.9999999999972
    vertex 9218.839382725604 -4944.707413551391 -49.9999999999972
  endloop
endfacet
facet normal 0.6087614290087359 0.7933533402912236 -1.9074298063026833e-16
  outer loop
    vertex 9217.494519517353 -4943.930956416083 -49.9999999999972
    vertex 9218.115839860913 -4944.407712283877 -59.999999999997094
    vertex 9217.494519517353 -4943.930956416083 -59.999999999997094
  endloop
endfacet
facet normal 0.6087614290087359 0.7933533402912236 -1.9074298063026833e-16
  outer loop
    vertex 9218.115839860913 -4944.407712283877 -59.999999999997094
    vertex 9217.494519517353 -4943.930956416083 -49.9999999999972
    vertex 9218.115839860913 -4944.407712283877 -49.9999999999972
  endloop
endfacet
facet normal 0.7933533402913271 0.6087614290086009 -2.4858109204875153e-16
  outer loop
    vertex 9217.01776364956 -4943.309636072524 -59.999999999997094
    vertex 9217.494519517353 -4943.930956416083 -49.9999999999972
    vertex 9217.494519517353 -4943.930956416083 -59.999999999997094
  endloop
endfacet
facet normal 0.7933533402913271 0.6087614290086009 -2.4858109204875153e-16
  outer loop
    vertex 9217.494519517353 -4943.930956416083 -49.9999999999972
    vertex 9217.01776364956 -4943.309636072524 -59.999999999997094
    vertex 9217.01776364956 -4943.309636072524 -49.9999999999972
  endloop
endfacet
facet normal 0.9238795325110044 0.3826834323657718 -2.8947881284365087e-16
  outer loop
    vertex 9216.718062382046 -4942.586093207831 -59.999999999997094
    vertex 9217.01776364956 -4943.309636072524 -49.9999999999972
    vertex 9217.01776364956 -4943.309636072524 -59.999999999997094
  endloop
endfacet
facet normal 0.9238795325110044 0.3826834323657718 -2.8947881284365087e-16
  outer loop
    vertex 9217.01776364956 -4943.309636072524 -49.9999999999972
    vertex 9216.718062382046 -4942.586093207831 -59.999999999997094
    vertex 9216.718062382046 -4942.586093207831 -49.9999999999972
  endloop
endfacet
facet normal -1.053383883362554e-14 0.9238795325113018 0.3826834323650537
  outer loop
    vertex 9244.615839860913 -4894.707413551389 -30.776457135304756
    vertex 9254.615839860911 -4894.407712283875 -31.4999999999972
    vertex 9244.615839860913 -4894.407712283875 -31.4999999999972
  endloop
endfacet
facet normal -1.053383883362554e-14 0.9238795325113018 0.3826834323650537
  outer loop
    vertex 9254.615839860911 -4894.407712283875 -31.4999999999972
    vertex 9244.615839860913 -4894.707413551389 -30.776457135304756
    vertex 9254.615839860911 -4894.707413551389 -30.776457135304756
  endloop
endfacet
facet normal -0.13052619221983836 -0.9914448613738385 -0.0
  outer loop
    vertex 9220.39229699622 -4888.911858593655 -49.99999999999719
    vertex 9219.615839860913 -4888.809636072522 -59.999999999997215
    vertex 9220.39229699622 -4888.911858593655 -59.999999999997215
  endloop
endfacet
facet normal -0.13052619221983836 -0.9914448613738385 -0.0
  outer loop
    vertex 9219.615839860913 -4888.809636072522 -59.999999999997215
    vertex 9220.39229699622 -4888.911858593655 -49.99999999999719
    vertex 9219.615839860913 -4888.809636072522 -49.99999999999719
  endloop
endfacet
facet normal 0.6087614290087359 0.7933533402912236 0.0
  outer loop
    vertex 9217.494519517353 -4893.930956416082 -49.99999999999719
    vertex 9218.115839860913 -4894.407712283876 -59.999999999997215
    vertex 9217.494519517353 -4893.930956416082 -59.999999999997215
  endloop
endfacet
facet normal 0.6087614290087359 0.7933533402912236 0.0
  outer loop
    vertex 9218.115839860913 -4894.407712283876 -59.999999999997215
    vertex 9217.494519517353 -4893.930956416082 -49.99999999999719
    vertex 9218.115839860913 -4894.407712283876 -49.99999999999719
  endloop
endfacet
facet normal 1.1980388788326044e-15 -0.13052619222004516 0.9914448613738114
  outer loop
    vertex 9254.615839860911 -4891.809636072522 -32.99999999999722
    vertex 9244.615839860913 -4891.033178937215 -32.89777747886443
    vertex 9244.615839860913 -4891.809636072522 -32.99999999999722
  endloop
endfacet
facet normal 1.1980388788326044e-15 -0.13052619222004516 0.9914448613738114
  outer loop
    vertex 9244.615839860913 -4891.033178937215 -32.89777747886443
    vertex 9254.615839860911 -4891.809636072522 -32.99999999999722
    vertex 9254.615839860911 -4891.033178937215 -32.89777747886443
  endloop
endfacet
facet normal -1.1153989390855635e-14 0.9914448613738043 -0.13052619222009937
  outer loop
    vertex 9244.615839860913 -4894.707413551389 -29.22354286468961
    vertex 9254.615839860911 -4894.809636072522 -29.999999999997183
    vertex 9244.615839860913 -4894.809636072522 -29.999999999997183
  endloop
endfacet
facet normal -1.1153989390855635e-14 0.9914448613738043 -0.13052619222009937
  outer loop
    vertex 9254.615839860911 -4894.809636072522 -29.999999999997183
    vertex 9244.615839860913 -4894.707413551389 -29.22354286468961
    vertex 9254.615839860911 -4894.707413551389 -29.22354286468961
  endloop
endfacet
facet normal -0.13052619221983836 0.9914448613738385 -0.0
  outer loop
    vertex 9219.615839860913 -4894.809636072523 -49.99999999999719
    vertex 9220.39229699622 -4894.70741355139 -59.999999999997215
    vertex 9219.615839860913 -4894.809636072523 -59.999999999997215
  endloop
endfacet
facet normal -0.13052619221983836 0.9914448613738385 -0.0
  outer loop
    vertex 9220.39229699622 -4894.70741355139 -59.999999999997215
    vertex 9219.615839860913 -4894.809636072523 -49.99999999999719
    vertex 9220.39229699622 -4894.70741355139 -49.99999999999719
  endloop
endfacet
facet normal -4.575690887617322e-15 0.3826834323651033 0.9238795325112812
  outer loop
    vertex 9254.615839860911 -4893.309636072522 -32.59807621135053
    vertex 9244.615839860913 -4892.586093207829 -32.89777747886443
    vertex 9244.615839860913 -4893.309636072522 -32.59807621135053
  endloop
endfacet
facet normal -4.575690887617322e-15 0.3826834323651033 0.9238795325112812
  outer loop
    vertex 9244.615839860913 -4892.586093207829 -32.89777747886443
    vertex 9254.615839860911 -4893.309636072522 -32.59807621135053
    vertex 9254.615839860911 -4892.586093207829 -32.89777747886443
  endloop
endfacet
facet normal -1.1980388788326044e-15 0.13052619222004516 -0.9914448613738114
  outer loop
    vertex 9254.615839860911 -4891.809636072522 -26.99999999999714
    vertex 9244.615839860913 -4892.586093207829 -27.10222252112994
    vertex 9244.615839860913 -4891.809636072522 -26.99999999999714
  endloop
endfacet
facet normal -1.1980388788326044e-15 0.13052619222004516 -0.9914448613738114
  outer loop
    vertex 9244.615839860913 -4892.586093207829 -27.10222252112994
    vertex 9254.615839860911 -4891.809636072522 -26.99999999999714
    vertex 9254.615839860911 -4892.586093207829 -27.10222252112994
  endloop
endfacet
facet normal 0.6087614290087359 -0.7933533402912236 -0.0
  outer loop
    vertex 9218.115839860913 -4889.211559861169 -49.99999999999719
    vertex 9217.494519517353 -4889.688315728963 -59.999999999997215
    vertex 9218.115839860913 -4889.211559861169 -59.999999999997215
  endloop
endfacet
facet normal 0.6087614290087359 -0.7933533402912236 -0.0
  outer loop
    vertex 9217.494519517353 -4889.688315728963 -59.999999999997215
    vertex 9218.115839860913 -4889.211559861169 -49.99999999999719
    vertex 9217.494519517353 -4889.688315728963 -49.99999999999719
  endloop
endfacet
facet normal 0.7933533402912519 8.954402737168393e-15 -0.6087614290086989
  outer loop
    vertex 9160.509514432331 -4966.809636072523 -28.49999999999719
    vertex 9160.986270300125 -4976.809636072523 -27.87867965643754
    vertex 9160.509514432331 -4976.809636072523 -28.49999999999719
  endloop
endfacet
facet normal 0.7933533402912519 8.954402737168393e-15 -0.6087614290086989
  outer loop
    vertex 9160.986270300125 -4976.809636072523 -27.87867965643754
    vertex 9160.509514432331 -4966.809636072523 -28.49999999999719
    vertex 9160.986270300125 -4966.809636072523 -27.87867965643754
  endloop
endfacet
facet normal 0.3826834323653109 -0.9238795325111953 -0.0
  outer loop
    vertex 9218.839382725604 -4888.911858593655 -49.99999999999719
    vertex 9218.115839860913 -4889.211559861169 -59.999999999997215
    vertex 9218.839382725604 -4888.911858593655 -59.999999999997215
  endloop
endfacet
facet normal 0.3826834323653109 -0.9238795325111953 -0.0
  outer loop
    vertex 9218.115839860913 -4889.211559861169 -59.999999999997215
    vertex 9218.839382725604 -4888.911858593655 -49.99999999999719
    vertex 9218.115839860913 -4889.211559861169 -49.99999999999719
  endloop
endfacet
facet normal 4.575690887617322e-15 -0.3826834323651033 -0.9238795325112812
  outer loop
    vertex 9254.615839860911 -4890.309636072522 -27.40192378864383
    vertex 9244.615839860913 -4891.033178937215 -27.10222252112994
    vertex 9244.615839860913 -4890.309636072522 -27.40192378864383
  endloop
endfacet
facet normal 4.575690887617322e-15 -0.3826834323651033 -0.9238795325112812
  outer loop
    vertex 9244.615839860913 -4891.033178937215 -27.10222252112994
    vertex 9254.615839860911 -4890.309636072522 -27.40192378864383
    vertex 9254.615839860911 -4891.033178937215 -27.10222252112994
  endloop
endfacet
facet normal 0.13052619221983836 -0.9914448613738385 -0.0
  outer loop
    vertex 9219.615839860913 -4888.809636072522 -49.99999999999719
    vertex 9218.839382725604 -4888.911858593655 -59.999999999997215
    vertex 9219.615839860913 -4888.809636072522 -59.999999999997215
  endloop
endfacet
facet normal 0.13052619221983836 -0.9914448613738385 -0.0
  outer loop
    vertex 9218.839382725604 -4888.911858593655 -59.999999999997215
    vertex 9219.615839860913 -4888.809636072522 -49.99999999999719
    vertex 9218.839382725604 -4888.911858593655 -49.99999999999719
  endloop
endfacet
facet normal -0.3826834323653109 0.9238795325111953 -0.0
  outer loop
    vertex 9220.39229699622 -4894.70741355139 -49.99999999999719
    vertex 9221.115839860911 -4894.407712283876 -59.999999999997215
    vertex 9220.39229699622 -4894.70741355139 -59.999999999997215
  endloop
endfacet
facet normal -0.3826834323653109 0.9238795325111953 -0.0
  outer loop
    vertex 9221.115839860911 -4894.407712283876 -59.999999999997215
    vertex 9220.39229699622 -4894.70741355139 -49.99999999999719
    vertex 9221.115839860911 -4894.407712283876 -49.99999999999719
  endloop
endfacet
facet normal -7.091154667725999e-15 0.6087614290087635 0.7933533402912023
  outer loop
    vertex 9254.615839860911 -4893.930956416081 -32.12132034355685
    vertex 9244.615839860913 -4893.309636072522 -32.59807621135053
    vertex 9244.615839860913 -4893.930956416081 -32.12132034355685
  endloop
endfacet
facet normal -7.091154667725999e-15 0.6087614290087635 0.7933533402912023
  outer loop
    vertex 9244.615839860913 -4893.309636072522 -32.59807621135053
    vertex 9254.615839860911 -4893.930956416081 -32.12132034355685
    vertex 9254.615839860911 -4893.309636072522 -32.59807621135053
  endloop
endfacet
facet normal 1.0321406854748407e-14 -0.9238795325113018 0.3826834323650537
  outer loop
    vertex 9254.615839860911 -4888.911858593655 -30.776457135304756
    vertex 9244.615839860913 -4889.211559861169 -31.4999999999972
    vertex 9254.615839860911 -4889.211559861168 -31.4999999999972
  endloop
endfacet
facet normal 1.0321406854748407e-14 -0.9238795325113018 0.3826834323650537
  outer loop
    vertex 9244.615839860913 -4889.211559861169 -31.4999999999972
    vertex 9254.615839860911 -4888.911858593655 -30.776457135304756
    vertex 9244.615839860913 -4888.911858593655 -30.776457135304756
  endloop
endfacet
facet normal 0.9914448613739579 0.1305261922189323 0.0
  outer loop
    vertex 9216.615839860913 -4891.809636072522 -59.999999999997215
    vertex 9216.718062382046 -4892.58609320783 -49.99999999999719
    vertex 9216.718062382046 -4892.58609320783 -59.999999999997215
  endloop
endfacet
facet normal 0.9914448613739579 0.1305261922189323 0.0
  outer loop
    vertex 9216.718062382046 -4892.58609320783 -49.99999999999719
    vertex 9216.615839860913 -4891.809636072522 -59.999999999997215
    vertex 9216.615839860913 -4891.809636072522 -49.99999999999719
  endloop
endfacet
facet normal -8.785437498420498e-15 0.7933533402911961 -0.6087614290087716
  outer loop
    vertex 9244.615839860913 -4893.930956416081 -27.878679656437512
    vertex 9254.615839860911 -4894.407712283875 -28.49999999999716
    vertex 9244.615839860913 -4894.407712283875 -28.49999999999716
  endloop
endfacet
facet normal -8.785437498420498e-15 0.7933533402911961 -0.6087614290087716
  outer loop
    vertex 9254.615839860911 -4894.407712283875 -28.49999999999716
    vertex 9244.615839860913 -4893.930956416081 -27.878679656437512
    vertex 9254.615839860911 -4893.930956416081 -27.878679656437512
  endloop
endfacet
facet normal 0.7933533402916687 -0.6087614290081557 -0.0
  outer loop
    vertex 9217.494519517353 -4889.688315728963 -59.999999999997215
    vertex 9217.01776364956 -4890.309636072523 -49.99999999999719
    vertex 9217.01776364956 -4890.309636072523 -59.999999999997215
  endloop
endfacet
facet normal 0.7933533402916687 -0.6087614290081557 -0.0
  outer loop
    vertex 9217.01776364956 -4890.309636072523 -49.99999999999719
    vertex 9217.494519517353 -4889.688315728963 -59.999999999997215
    vertex 9217.494519517353 -4889.688315728963 -49.99999999999719
  endloop
endfacet
facet normal 0.9914448613739579 -0.1305261922189323 -0.0
  outer loop
    vertex 9216.718062382046 -4891.033178937215 -59.999999999997215
    vertex 9216.615839860913 -4891.809636072522 -49.99999999999719
    vertex 9216.615839860913 -4891.809636072522 -59.999999999997215
  endloop
endfacet
facet normal 0.9914448613739579 -0.1305261922189323 -0.0
  outer loop
    vertex 9216.615839860913 -4891.809636072522 -49.99999999999719
    vertex 9216.718062382046 -4891.033178937215 -59.999999999997215
    vertex 9216.718062382046 -4891.033178937215 -49.99999999999719
  endloop
endfacet
facet normal 0.3826834323653109 0.9238795325111953 0.0
  outer loop
    vertex 9218.115839860913 -4894.407712283876 -49.99999999999719
    vertex 9218.839382725604 -4894.70741355139 -59.999999999997215
    vertex 9218.115839860913 -4894.407712283876 -59.999999999997215
  endloop
endfacet
facet normal 0.3826834323653109 0.9238795325111953 0.0
  outer loop
    vertex 9218.839382725604 -4894.70741355139 -59.999999999997215
    vertex 9218.115839860913 -4894.407712283876 -49.99999999999719
    vertex 9218.839382725604 -4894.70741355139 -49.99999999999719
  endloop
endfacet
facet normal -0.6087614290087359 0.7933533402912236 -0.0
  outer loop
    vertex 9221.115839860911 -4894.407712283876 -49.99999999999719
    vertex 9221.737160204471 -4893.930956416082 -59.999999999997215
    vertex 9221.115839860911 -4894.407712283876 -59.999999999997215
  endloop
endfacet
facet normal -0.6087614290087359 0.7933533402912236 -0.0
  outer loop
    vertex 9221.737160204471 -4893.930956416082 -59.999999999997215
    vertex 9221.115839860911 -4894.407712283876 -49.99999999999719
    vertex 9221.737160204471 -4893.930956416082 -49.99999999999719
  endloop
endfacet
facet normal -0.7933533402916687 0.6087614290081557 -0.0
  outer loop
    vertex 9222.213916072265 -4893.309636072522 -49.99999999999719
    vertex 9221.737160204471 -4893.930956416082 -59.999999999997215
    vertex 9221.737160204471 -4893.930956416082 -49.99999999999719
  endloop
endfacet
facet normal -0.7933533402916687 0.6087614290081557 -0.0
  outer loop
    vertex 9221.737160204471 -4893.930956416082 -59.999999999997215
    vertex 9222.213916072265 -4893.309636072522 -49.99999999999719
    vertex 9222.213916072265 -4893.309636072522 -59.999999999997215
  endloop
endfacet
facet normal -0.9238795325108694 0.3826834323660977 -0.0
  outer loop
    vertex 9222.51361733978 -4892.58609320783 -49.99999999999719
    vertex 9222.213916072265 -4893.309636072522 -59.999999999997215
    vertex 9222.213916072265 -4893.309636072522 -49.99999999999719
  endloop
endfacet
facet normal -0.9238795325108694 0.3826834323660977 -0.0
  outer loop
    vertex 9222.213916072265 -4893.309636072522 -59.999999999997215
    vertex 9222.51361733978 -4892.58609320783 -49.99999999999719
    vertex 9222.51361733978 -4892.58609320783 -59.999999999997215
  endloop
endfacet
facet normal -0.9914448613739579 -0.1305261922189323 -0.0
  outer loop
    vertex 9222.51361733978 -4891.033178937215 -49.99999999999719
    vertex 9222.615839860911 -4891.809636072522 -59.999999999997215
    vertex 9222.615839860911 -4891.809636072522 -49.99999999999719
  endloop
endfacet
facet normal -0.9914448613739579 -0.1305261922189323 -0.0
  outer loop
    vertex 9222.615839860911 -4891.809636072522 -59.999999999997215
    vertex 9222.51361733978 -4891.033178937215 -49.99999999999719
    vertex 9222.51361733978 -4891.033178937215 -59.999999999997215
  endloop
endfacet
facet normal 0.13052619221983836 0.9914448613738385 -0.0
  outer loop
    vertex 9218.839382725604 -4894.70741355139 -49.99999999999719
    vertex 9219.615839860913 -4894.809636072523 -59.999999999997215
    vertex 9218.839382725604 -4894.70741355139 -59.999999999997215
  endloop
endfacet
facet normal 0.13052619221983836 0.9914448613738385 -0.0
  outer loop
    vertex 9219.615839860913 -4894.809636072523 -59.999999999997215
    vertex 9218.839382725604 -4894.70741355139 -49.99999999999719
    vertex 9219.615839860913 -4894.809636072523 -49.99999999999719
  endloop
endfacet
facet normal -0.9914448613739579 0.1305261922189323 -0.0
  outer loop
    vertex 9222.615839860911 -4891.809636072522 -49.99999999999719
    vertex 9222.51361733978 -4892.58609320783 -59.999999999997215
    vertex 9222.51361733978 -4892.58609320783 -49.99999999999719
  endloop
endfacet
facet normal -0.9914448613739579 0.1305261922189323 -0.0
  outer loop
    vertex 9222.51361733978 -4892.58609320783 -59.999999999997215
    vertex 9222.615839860911 -4891.809636072522 -49.99999999999719
    vertex 9222.615839860911 -4891.809636072522 -59.999999999997215
  endloop
endfacet
facet normal -9.123367975915125e-15 0.7933533402911961 0.6087614290087716
  outer loop
    vertex 9244.615839860913 -4894.407712283875 -31.4999999999972
    vertex 9254.615839860911 -4893.930956416081 -32.12132034355685
    vertex 9244.615839860913 -4893.930956416081 -32.12132034355685
  endloop
endfacet
facet normal -9.123367975915125e-15 0.7933533402911961 0.6087614290087716
  outer loop
    vertex 9254.615839860911 -4893.930956416081 -32.12132034355685
    vertex 9244.615839860913 -4894.407712283875 -31.4999999999972
    vertex 9254.615839860911 -4894.407712283875 -31.4999999999972
  endloop
endfacet
facet normal 1.1226445982815336e-14 -0.9914448613738043 -0.13052619222009937
  outer loop
    vertex 9254.615839860911 -4888.911858593655 -29.22354286468961
    vertex 9244.615839860913 -4888.809636072522 -29.999999999997183
    vertex 9254.615839860911 -4888.809636072522 -29.999999999997183
  endloop
endfacet
facet normal 1.1226445982815336e-14 -0.9914448613738043 -0.13052619222009937
  outer loop
    vertex 9244.615839860913 -4888.809636072522 -29.999999999997183
    vertex 9254.615839860911 -4888.911858593655 -29.22354286468961
    vertex 9244.615839860913 -4888.911858593655 -29.22354286468961
  endloop
endfacet
facet normal 0.9238795325110044 0.3826834323657718 0.0
  outer loop
    vertex 9216.718062382046 -4892.58609320783 -59.999999999997215
    vertex 9217.01776364956 -4893.309636072523 -49.99999999999719
    vertex 9217.01776364956 -4893.309636072523 -59.999999999997215
  endloop
endfacet
facet normal 0.9238795325110044 0.3826834323657718 0.0
  outer loop
    vertex 9217.01776364956 -4893.309636072523 -49.99999999999719
    vertex 9216.718062382046 -4892.58609320783 -59.999999999997215
    vertex 9216.718062382046 -4892.58609320783 -49.99999999999719
  endloop
endfacet
facet normal 0.7933533402913271 0.6087614290086009 0.0
  outer loop
    vertex 9217.01776364956 -4893.309636072523 -59.999999999997215
    vertex 9217.494519517353 -4893.930956416082 -49.99999999999719
    vertex 9217.494519517353 -4893.930956416082 -59.999999999997215
  endloop
endfacet
facet normal 0.7933533402913271 0.6087614290086009 0.0
  outer loop
    vertex 9217.494519517353 -4893.930956416082 -49.99999999999719
    vertex 9217.01776364956 -4893.309636072523 -59.999999999997215
    vertex 9217.01776364956 -4893.309636072523 -49.99999999999719
  endloop
endfacet
facet normal 0.9238795325108694 -0.3826834323660977 -0.0
  outer loop
    vertex 9217.01776364956 -4890.309636072523 -59.999999999997215
    vertex 9216.718062382046 -4891.033178937215 -49.99999999999719
    vertex 9216.718062382046 -4891.033178937215 -59.999999999997215
  endloop
endfacet
facet normal 0.9238795325108694 -0.3826834323660977 -0.0
  outer loop
    vertex 9216.718062382046 -4891.033178937215 -49.99999999999719
    vertex 9217.01776364956 -4890.309636072523 -59.999999999997215
    vertex 9217.01776364956 -4890.309636072523 -49.99999999999719
  endloop
endfacet
facet normal -4.0628347231303465e-15 0.3826834323651033 -0.9238795325112812
  outer loop
    vertex 9254.615839860911 -4892.586093207829 -27.10222252112994
    vertex 9244.615839860913 -4893.309636072522 -27.40192378864383
    vertex 9244.615839860913 -4892.586093207829 -27.10222252112994
  endloop
endfacet
facet normal -4.0628347231303465e-15 0.3826834323651033 -0.9238795325112812
  outer loop
    vertex 9244.615839860913 -4893.309636072522 -27.40192378864383
    vertex 9254.615839860911 -4892.586093207829 -27.10222252112994
    vertex 9254.615839860911 -4893.309636072522 -27.40192378864383
  endloop
endfacet
facet normal -0.6087614290087077 -6.870954881461789e-15 -0.7933533402912453
  outer loop
    vertex 9165.228910987244 -4966.809636072523 -27.878679656437534
    vertex 9164.607590643684 -4976.809636072523 -27.401923788643852
    vertex 9164.607590643684 -4966.809636072523 -27.401923788643852
  endloop
endfacet
facet normal -0.6087614290087077 -6.870954881461789e-15 -0.7933533402912453
  outer loop
    vertex 9164.607590643684 -4976.809636072523 -27.401923788643852
    vertex 9165.228910987244 -4966.809636072523 -27.878679656437534
    vertex 9165.228910987244 -4976.809636072523 -27.878679656437534
  endloop
endfacet
facet normal 1.7484013352043551e-15 -0.13052619222004516 -0.9914448613738114
  outer loop
    vertex 9254.615839860911 -4891.033178937215 -27.10222252112994
    vertex 9244.615839860913 -4891.809636072522 -26.99999999999714
    vertex 9244.615839860913 -4891.033178937215 -27.10222252112994
  endloop
endfacet
facet normal 1.7484013352043551e-15 -0.13052619222004516 -0.9914448613738114
  outer loop
    vertex 9244.615839860913 -4891.809636072522 -26.99999999999714
    vertex 9254.615839860911 -4891.033178937215 -27.10222252112994
    vertex 9254.615839860911 -4891.809636072522 -26.99999999999714
  endloop
endfacet
facet normal 1.053383883362554e-14 -0.9238795325113018 -0.3826834323650537
  outer loop
    vertex 9254.615839860911 -4889.211559861168 -28.49999999999716
    vertex 9244.615839860913 -4888.911858593655 -29.22354286468961
    vertex 9254.615839860911 -4888.911858593655 -29.22354286468961
  endloop
endfacet
facet normal 1.053383883362554e-14 -0.9238795325113018 -0.3826834323650537
  outer loop
    vertex 9244.615839860913 -4888.911858593655 -29.22354286468961
    vertex 9254.615839860911 -4889.211559861168 -28.49999999999716
    vertex 9244.615839860913 -4889.211559861169 -28.49999999999716
  endloop
endfacet
facet normal -0.7933533402916687 0.6087614290081557 -0.0
  outer loop
    vertex 9165.705666855038 -4943.309636072523 -49.999999999997215
    vertex 9165.228910987244 -4943.930956416083 -59.99999999999723
    vertex 9165.228910987244 -4943.930956416083 -49.999999999997215
  endloop
endfacet
facet normal -0.7933533402916687 0.6087614290081557 -0.0
  outer loop
    vertex 9165.228910987244 -4943.930956416083 -59.99999999999723
    vertex 9165.705666855038 -4943.309636072523 -49.999999999997215
    vertex 9165.705666855038 -4943.309636072523 -59.99999999999723
  endloop
endfacet
facet normal 0.3826834323653109 0.9238795325111953 0.0
  outer loop
    vertex 9161.607590643685 -4944.407712283877 -49.999999999997215
    vertex 9162.331133508376 -4944.707413551391 -59.99999999999723
    vertex 9161.607590643685 -4944.407712283877 -59.99999999999723
  endloop
endfacet
facet normal 0.3826834323653109 0.9238795325111953 0.0
  outer loop
    vertex 9162.331133508376 -4944.707413551391 -59.99999999999723
    vertex 9161.607590643685 -4944.407712283877 -49.999999999997215
    vertex 9162.331133508376 -4944.707413551391 -49.999999999997215
  endloop
endfacet
facet normal -0.9914448613739578 0.13052619221893227 -3.4674984588623724e-19
  outer loop
    vertex 9166.107590643684 -4941.809636072523 -49.999999999997215
    vertex 9166.005368122553 -4942.586093207831 -59.99999999999723
    vertex 9166.005368122553 -4942.586093207831 -49.999999999997215
  endloop
endfacet
facet normal -0.9914448613739578 0.13052619221893227 -3.4674984588623724e-19
  outer loop
    vertex 9166.005368122553 -4942.586093207831 -59.99999999999723
    vertex 9166.107590643684 -4941.809636072523 -49.999999999997215
    vertex 9166.107590643684 -4941.809636072523 -59.99999999999723
  endloop
endfacet
facet normal 0.3826834323653109 -0.9238795325111953 -0.0
  outer loop
    vertex 9162.331133508376 -4938.911858593656 -49.999999999997215
    vertex 9161.607590643685 -4939.21155986117 -59.99999999999723
    vertex 9162.331133508376 -4938.911858593656 -59.99999999999723
  endloop
endfacet
facet normal 0.3826834323653109 -0.9238795325111953 -0.0
  outer loop
    vertex 9161.607590643685 -4939.21155986117 -59.99999999999723
    vertex 9162.331133508376 -4938.911858593656 -49.999999999997215
    vertex 9161.607590643685 -4939.21155986117 -49.999999999997215
  endloop
endfacet
facet normal -0.6087614290087359 -0.7933533402912236 -0.0
  outer loop
    vertex 9221.737160204471 -4889.688315728963 -49.99999999999719
    vertex 9221.115839860911 -4889.211559861169 -59.999999999997215
    vertex 9221.737160204471 -4889.688315728963 -59.999999999997215
  endloop
endfacet
facet normal -0.6087614290087359 -0.7933533402912236 -0.0
  outer loop
    vertex 9221.115839860911 -4889.211559861169 -59.999999999997215
    vertex 9221.737160204471 -4889.688315728963 -49.99999999999719
    vertex 9221.115839860911 -4889.211559861169 -49.99999999999719
  endloop
endfacet
facet normal -0.13052619221983836 -0.9914448613738385 -0.0
  outer loop
    vertex 9163.884047778993 -4938.911858593656 -49.999999999997215
    vertex 9163.107590643685 -4938.809636072523 -59.99999999999723
    vertex 9163.884047778993 -4938.911858593656 -59.99999999999723
  endloop
endfacet
facet normal -0.13052619221983836 -0.9914448613738385 -0.0
  outer loop
    vertex 9163.107590643685 -4938.809636072523 -59.99999999999723
    vertex 9163.884047778993 -4938.911858593656 -49.999999999997215
    vertex 9163.107590643685 -4938.809636072523 -49.999999999997215
  endloop
endfacet
facet normal 0.7933533402913271 0.6087614290086009 0.0
  outer loop
    vertex 9160.509514432331 -4943.309636072524 -59.99999999999723
    vertex 9160.986270300125 -4943.930956416083 -49.999999999997215
    vertex 9160.986270300125 -4943.930956416083 -59.99999999999723
  endloop
endfacet
facet normal 0.7933533402913271 0.6087614290086009 0.0
  outer loop
    vertex 9160.986270300125 -4943.930956416083 -49.999999999997215
    vertex 9160.509514432331 -4943.309636072524 -59.99999999999723
    vertex 9160.509514432331 -4943.309636072524 -49.999999999997215
  endloop
endfacet
facet normal -0.9914448613739578 -0.13052619221893227 3.4674984588623724e-19
  outer loop
    vertex 9166.005368122553 -4941.033178937216 -49.999999999997215
    vertex 9166.107590643684 -4941.809636072523 -59.99999999999723
    vertex 9166.107590643684 -4941.809636072523 -49.999999999997215
  endloop
endfacet
facet normal -0.9914448613739578 -0.13052619221893227 3.4674984588623724e-19
  outer loop
    vertex 9166.107590643684 -4941.809636072523 -59.99999999999723
    vertex 9166.005368122553 -4941.033178937216 -49.999999999997215
    vertex 9166.005368122553 -4941.033178937216 -59.99999999999723
  endloop
endfacet
facet normal -0.9238795325110044 -0.3826834323657718 -0.0
  outer loop
    vertex 9165.705666855038 -4940.309636072523 -49.999999999997215
    vertex 9166.005368122553 -4941.033178937216 -59.99999999999723
    vertex 9166.005368122553 -4941.033178937216 -49.999999999997215
  endloop
endfacet
facet normal -0.9238795325110044 -0.3826834323657718 -0.0
  outer loop
    vertex 9166.005368122553 -4941.033178937216 -59.99999999999723
    vertex 9165.705666855038 -4940.309636072523 -49.999999999997215
    vertex 9165.705666855038 -4940.309636072523 -59.99999999999723
  endloop
endfacet
facet normal 0.9238795325108694 -0.3826834323660977 -0.0
  outer loop
    vertex 9160.509514432331 -4940.309636072524 -59.99999999999723
    vertex 9160.209813164818 -4941.033178937216 -49.999999999997215
    vertex 9160.209813164818 -4941.033178937216 -59.99999999999723
  endloop
endfacet
facet normal 0.9238795325108694 -0.3826834323660977 -0.0
  outer loop
    vertex 9160.209813164818 -4941.033178937216 -49.999999999997215
    vertex 9160.509514432331 -4940.309636072524 -59.99999999999723
    vertex 9160.509514432331 -4940.309636072524 -49.999999999997215
  endloop
endfacet
facet normal 0.6087614290087359 -0.7933533402912236 -0.0
  outer loop
    vertex 9161.607590643685 -4939.21155986117 -49.999999999997215
    vertex 9160.986270300125 -4939.688315728964 -59.99999999999723
    vertex 9161.607590643685 -4939.21155986117 -59.99999999999723
  endloop
endfacet
facet normal 0.6087614290087359 -0.7933533402912236 -0.0
  outer loop
    vertex 9160.986270300125 -4939.688315728964 -59.99999999999723
    vertex 9161.607590643685 -4939.21155986117 -49.999999999997215
    vertex 9160.986270300125 -4939.688315728964 -49.999999999997215
  endloop
endfacet
facet normal 0.9914448613739579 -0.1305261922189323 -0.0
  outer loop
    vertex 9160.209813164818 -4941.033178937216 -59.99999999999723
    vertex 9160.107590643685 -4941.809636072523 -49.999999999997215
    vertex 9160.107590643685 -4941.809636072523 -59.99999999999723
  endloop
endfacet
facet normal 0.9914448613739579 -0.1305261922189323 -0.0
  outer loop
    vertex 9160.107590643685 -4941.809636072523 -49.999999999997215
    vertex 9160.209813164818 -4941.033178937216 -59.99999999999723
    vertex 9160.209813164818 -4941.033178937216 -49.999999999997215
  endloop
endfacet
facet normal -0.13052619221983836 0.9914448613738385 -0.0
  outer loop
    vertex 9163.107590643685 -4944.809636072524 -49.999999999997215
    vertex 9163.884047778993 -4944.707413551391 -59.99999999999723
    vertex 9163.107590643685 -4944.809636072524 -59.99999999999723
  endloop
endfacet
facet normal -0.13052619221983836 0.9914448613738385 -0.0
  outer loop
    vertex 9163.884047778993 -4944.707413551391 -59.99999999999723
    vertex 9163.107590643685 -4944.809636072524 -49.999999999997215
    vertex 9163.884047778993 -4944.707413551391 -49.999999999997215
  endloop
endfacet
facet normal -0.3826834323653109 0.9238795325111953 -0.0
  outer loop
    vertex 9163.884047778993 -4944.707413551391 -49.999999999997215
    vertex 9164.607590643684 -4944.407712283877 -59.99999999999723
    vertex 9163.884047778993 -4944.707413551391 -59.99999999999723
  endloop
endfacet
facet normal -0.3826834323653109 0.9238795325111953 -0.0
  outer loop
    vertex 9164.607590643684 -4944.407712283877 -59.99999999999723
    vertex 9163.884047778993 -4944.707413551391 -49.999999999997215
    vertex 9164.607590643684 -4944.407712283877 -49.999999999997215
  endloop
endfacet
facet normal -0.6087614290087359 -0.7933533402912236 -0.0
  outer loop
    vertex 9165.228910987244 -4939.688315728964 -49.999999999997215
    vertex 9164.607590643684 -4939.21155986117 -59.99999999999723
    vertex 9165.228910987244 -4939.688315728964 -59.99999999999723
  endloop
endfacet
facet normal -0.6087614290087359 -0.7933533402912236 -0.0
  outer loop
    vertex 9164.607590643684 -4939.21155986117 -59.99999999999723
    vertex 9165.228910987244 -4939.688315728964 -49.999999999997215
    vertex 9164.607590643684 -4939.21155986117 -49.999999999997215
  endloop
endfacet
facet normal -0.9238795325110044 -0.3826834323657718 -0.0
  outer loop
    vertex 9222.213916072265 -4890.309636072522 -49.99999999999719
    vertex 9222.51361733978 -4891.033178937215 -59.999999999997215
    vertex 9222.51361733978 -4891.033178937215 -49.99999999999719
  endloop
endfacet
facet normal -0.9238795325110044 -0.3826834323657718 -0.0
  outer loop
    vertex 9222.51361733978 -4891.033178937215 -59.999999999997215
    vertex 9222.213916072265 -4890.309636072522 -49.99999999999719
    vertex 9222.213916072265 -4890.309636072522 -59.999999999997215
  endloop
endfacet
facet normal -0.3826834323653109 -0.9238795325111953 -0.0
  outer loop
    vertex 9221.115839860911 -4889.211559861169 -49.99999999999719
    vertex 9220.39229699622 -4888.911858593655 -59.999999999997215
    vertex 9221.115839860911 -4889.211559861169 -59.999999999997215
  endloop
endfacet
facet normal -0.3826834323653109 -0.9238795325111953 -0.0
  outer loop
    vertex 9220.39229699622 -4888.911858593655 -59.999999999997215
    vertex 9221.115839860911 -4889.211559861169 -49.99999999999719
    vertex 9220.39229699622 -4888.911858593655 -49.99999999999719
  endloop
endfacet
facet normal 0.9914448613739579 0.1305261922189323 0.0
  outer loop
    vertex 9160.107590643685 -4941.809636072523 -59.99999999999723
    vertex 9160.209813164818 -4942.586093207831 -49.999999999997215
    vertex 9160.209813164818 -4942.586093207831 -59.99999999999723
  endloop
endfacet
facet normal 0.9914448613739579 0.1305261922189323 0.0
  outer loop
    vertex 9160.209813164818 -4942.586093207831 -49.999999999997215
    vertex 9160.107590643685 -4941.809636072523 -59.99999999999723
    vertex 9160.107590643685 -4941.809636072523 -49.999999999997215
  endloop
endfacet
facet normal -0.7933533402913271 -0.6087614290086009 -0.0
  outer loop
    vertex 9165.228910987244 -4939.688315728964 -49.999999999997215
    vertex 9165.705666855038 -4940.309636072523 -59.99999999999723
    vertex 9165.705666855038 -4940.309636072523 -49.999999999997215
  endloop
endfacet
facet normal -0.7933533402913271 -0.6087614290086009 -0.0
  outer loop
    vertex 9165.705666855038 -4940.309636072523 -59.99999999999723
    vertex 9165.228910987244 -4939.688315728964 -49.999999999997215
    vertex 9165.228910987244 -4939.688315728964 -59.99999999999723
  endloop
endfacet
facet normal -0.3826834323653109 -0.9238795325111953 -0.0
  outer loop
    vertex 9164.607590643684 -4939.21155986117 -49.999999999997215
    vertex 9163.884047778993 -4938.911858593656 -59.99999999999723
    vertex 9164.607590643684 -4939.21155986117 -59.99999999999723
  endloop
endfacet
facet normal -0.3826834323653109 -0.9238795325111953 -0.0
  outer loop
    vertex 9163.884047778993 -4938.911858593656 -59.99999999999723
    vertex 9164.607590643684 -4939.21155986117 -49.999999999997215
    vertex 9163.884047778993 -4938.911858593656 -49.999999999997215
  endloop
endfacet
facet normal 0.7933533402916687 -0.6087614290081557 -0.0
  outer loop
    vertex 9160.986270300125 -4939.688315728964 -59.99999999999723
    vertex 9160.509514432331 -4940.309636072524 -49.999999999997215
    vertex 9160.509514432331 -4940.309636072524 -59.99999999999723
  endloop
endfacet
facet normal 0.7933533402916687 -0.6087614290081557 -0.0
  outer loop
    vertex 9160.509514432331 -4940.309636072524 -49.999999999997215
    vertex 9160.986270300125 -4939.688315728964 -59.99999999999723
    vertex 9160.986270300125 -4939.688315728964 -49.999999999997215
  endloop
endfacet
facet normal 0.13052619221983836 -0.9914448613738385 -0.0
  outer loop
    vertex 9163.107590643685 -4938.809636072523 -49.999999999997215
    vertex 9162.331133508376 -4938.911858593656 -59.99999999999723
    vertex 9163.107590643685 -4938.809636072523 -59.99999999999723
  endloop
endfacet
facet normal 0.13052619221983836 -0.9914448613738385 -0.0
  outer loop
    vertex 9162.331133508376 -4938.911858593656 -59.99999999999723
    vertex 9163.107590643685 -4938.809636072523 -49.999999999997215
    vertex 9162.331133508376 -4938.911858593656 -49.999999999997215
  endloop
endfacet
facet normal 0.6087614290087359 0.7933533402912236 0.0
  outer loop
    vertex 9160.986270300125 -4943.930956416083 -49.999999999997215
    vertex 9161.607590643685 -4944.407712283877 -59.99999999999723
    vertex 9160.986270300125 -4943.930956416083 -59.99999999999723
  endloop
endfacet
facet normal 0.6087614290087359 0.7933533402912236 0.0
  outer loop
    vertex 9161.607590643685 -4944.407712283877 -59.99999999999723
    vertex 9160.986270300125 -4943.930956416083 -49.999999999997215
    vertex 9161.607590643685 -4944.407712283877 -49.999999999997215
  endloop
endfacet
facet normal 0.9238795325110044 0.3826834323657718 0.0
  outer loop
    vertex 9160.209813164818 -4942.586093207831 -59.99999999999723
    vertex 9160.509514432331 -4943.309636072524 -49.999999999997215
    vertex 9160.509514432331 -4943.309636072524 -59.99999999999723
  endloop
endfacet
facet normal 0.9238795325110044 0.3826834323657718 0.0
  outer loop
    vertex 9160.509514432331 -4943.309636072524 -49.999999999997215
    vertex 9160.209813164818 -4942.586093207831 -59.99999999999723
    vertex 9160.209813164818 -4942.586093207831 -49.999999999997215
  endloop
endfacet
facet normal 0.13052619221983836 0.9914448613738385 0.0
  outer loop
    vertex 9162.331133508376 -4944.707413551391 -49.999999999997215
    vertex 9163.107590643685 -4944.809636072524 -59.99999999999723
    vertex 9162.331133508376 -4944.707413551391 -59.99999999999723
  endloop
endfacet
facet normal 0.13052619221983836 0.9914448613738385 0.0
  outer loop
    vertex 9163.107590643685 -4944.809636072524 -59.99999999999723
    vertex 9162.331133508376 -4944.707413551391 -49.999999999997215
    vertex 9163.107590643685 -4944.809636072524 -49.999999999997215
  endloop
endfacet
facet normal -0.7933533402913271 -0.6087614290086009 -0.0
  outer loop
    vertex 9221.737160204471 -4889.688315728963 -49.99999999999719
    vertex 9222.213916072265 -4890.309636072522 -59.999999999997215
    vertex 9222.213916072265 -4890.309636072522 -49.99999999999719
  endloop
endfacet
facet normal -0.7933533402913271 -0.6087614290086009 -0.0
  outer loop
    vertex 9222.213916072265 -4890.309636072522 -59.999999999997215
    vertex 9221.737160204471 -4889.688315728963 -49.99999999999719
    vertex 9221.737160204471 -4889.688315728963 -59.999999999997215
  endloop
endfacet
facet normal -0.9238795325108694 0.3826834323660977 -0.0
  outer loop
    vertex 9166.005368122553 -4942.586093207831 -49.999999999997215
    vertex 9165.705666855038 -4943.309636072523 -59.99999999999723
    vertex 9165.705666855038 -4943.309636072523 -49.999999999997215
  endloop
endfacet
facet normal -0.9238795325108694 0.3826834323660977 -0.0
  outer loop
    vertex 9165.705666855038 -4943.309636072523 -59.99999999999723
    vertex 9166.005368122553 -4942.586093207831 -49.999999999997215
    vertex 9166.005368122553 -4942.586093207831 -59.99999999999723
  endloop
endfacet
facet normal -0.6087614290087359 0.7933533402912236 -0.0
  outer loop
    vertex 9164.607590643684 -4944.407712283877 -49.999999999997215
    vertex 9165.228910987244 -4943.930956416083 -59.99999999999723
    vertex 9164.607590643684 -4944.407712283877 -59.99999999999723
  endloop
endfacet
facet normal -0.6087614290087359 0.7933533402912236 -0.0
  outer loop
    vertex 9165.228910987244 -4943.930956416083 -59.99999999999723
    vertex 9164.607590643684 -4944.407712283877 -49.999999999997215
    vertex 9165.228910987244 -4943.930956416083 -49.999999999997215
  endloop
endfacet
facet normal 0.9914448613739579 -0.1305261922189323 -3.1064903092986127e-16
  outer loop
    vertex 9216.718062382046 -4941.033178937216 -59.999999999997094
    vertex 9216.615839860913 -4941.809636072523 -49.9999999999972
    vertex 9216.615839860913 -4941.809636072523 -59.999999999997094
  endloop
endfacet
facet normal 0.9914448613739579 -0.1305261922189323 -3.1064903092986127e-16
  outer loop
    vertex 9216.615839860913 -4941.809636072523 -49.9999999999972
    vertex 9216.718062382046 -4941.033178937216 -59.999999999997094
    vertex 9216.718062382046 -4941.033178937216 -49.9999999999972
  endloop
endfacet
facet normal 0.7933533402916687 -0.6087614290081557 -2.4858109204887184e-16
  outer loop
    vertex 9217.494519517353 -4939.688315728964 -59.999999999997094
    vertex 9217.01776364956 -4940.309636072524 -49.9999999999972
    vertex 9217.01776364956 -4940.309636072524 -59.999999999997094
  endloop
endfacet
facet normal 0.7933533402916687 -0.6087614290081557 -2.4858109204887184e-16
  outer loop
    vertex 9217.01776364956 -4940.309636072524 -49.9999999999972
    vertex 9217.494519517353 -4939.688315728964 -59.999999999997094
    vertex 9217.494519517353 -4939.688315728964 -49.9999999999972
  endloop
endfacet
facet normal 0.9238795325108694 -0.3826834323660977 -2.8947881284361685e-16
  outer loop
    vertex 9217.01776364956 -4940.309636072524 -59.999999999997094
    vertex 9216.718062382046 -4941.033178937216 -49.9999999999972
    vertex 9216.718062382046 -4941.033178937216 -59.999999999997094
  endloop
endfacet
facet normal 0.9238795325108694 -0.3826834323660977 -2.8947881284361685e-16
  outer loop
    vertex 9216.718062382046 -4941.033178937216 -49.9999999999972
    vertex 9217.01776364956 -4940.309636072524 -59.999999999997094
    vertex 9217.01776364956 -4940.309636072524 -49.9999999999972
  endloop
endfacet
facet normal 0.9914448613739579 0.1305261922189323 -3.1064903092985846e-16
  outer loop
    vertex 9216.615839860913 -4941.809636072523 -59.999999999997094
    vertex 9216.718062382046 -4942.586093207831 -49.9999999999972
    vertex 9216.718062382046 -4942.586093207831 -59.999999999997094
  endloop
endfacet
facet normal 0.9914448613739579 0.1305261922189323 -3.1064903092985846e-16
  outer loop
    vertex 9216.718062382046 -4942.586093207831 -49.9999999999972
    vertex 9216.615839860913 -4941.809636072523 -59.999999999997094
    vertex 9216.615839860913 -4941.809636072523 -49.9999999999972
  endloop
endfacet
facet normal 0.3826834323653109 -0.9238795325111953 -1.1990605029962077e-16
  outer loop
    vertex 9218.839382725604 -4938.911858593656 -49.9999999999972
    vertex 9218.115839860913 -4939.21155986117 -59.999999999997094
    vertex 9218.839382725604 -4938.911858593656 -59.999999999997094
  endloop
endfacet
facet normal 0.3826834323653109 -0.9238795325111953 -1.1990605029962077e-16
  outer loop
    vertex 9218.115839860913 -4939.21155986117 -59.999999999997094
    vertex 9218.839382725604 -4938.911858593656 -49.9999999999972
    vertex 9218.115839860913 -4939.21155986117 -49.9999999999972
  endloop
endfacet
facet normal -0.13052619221983836 -0.9914448613738385 4.0897720794936546e-17
  outer loop
    vertex 9220.39229699622 -4938.911858593656 -49.9999999999972
    vertex 9219.615839860913 -4938.809636072523 -59.999999999997094
    vertex 9220.39229699622 -4938.911858593656 -59.999999999997094
  endloop
endfacet
facet normal -0.13052619221983836 -0.9914448613738385 4.0897720794936546e-17
  outer loop
    vertex 9219.615839860913 -4938.809636072523 -59.999999999997094
    vertex 9220.39229699622 -4938.911858593656 -49.9999999999972
    vertex 9219.615839860913 -4938.809636072523 -49.9999999999972
  endloop
endfacet
facet normal 0.6087614290087359 -0.7933533402912236 -1.9074298063028561e-16
  outer loop
    vertex 9218.115839860913 -4939.21155986117 -49.9999999999972
    vertex 9217.494519517353 -4939.688315728964 -59.999999999997094
    vertex 9218.115839860913 -4939.21155986117 -59.999999999997094
  endloop
endfacet
facet normal 0.6087614290087359 -0.7933533402912236 -1.9074298063028561e-16
  outer loop
    vertex 9217.494519517353 -4939.688315728964 -59.999999999997094
    vertex 9218.115839860913 -4939.21155986117 -49.9999999999972
    vertex 9217.494519517353 -4939.688315728964 -49.9999999999972
  endloop
endfacet
facet normal 0.13052619221983836 -0.9914448613738385 -4.0897720794958135e-17
  outer loop
    vertex 9219.615839860913 -4938.809636072523 -49.9999999999972
    vertex 9218.839382725604 -4938.911858593656 -59.999999999997094
    vertex 9219.615839860913 -4938.809636072523 -59.999999999997094
  endloop
endfacet
facet normal 0.13052619221983836 -0.9914448613738385 -4.0897720794958135e-17
  outer loop
    vertex 9218.839382725604 -4938.911858593656 -59.999999999997094
    vertex 9219.615839860913 -4938.809636072523 -49.9999999999972
    vertex 9218.839382725604 -4938.911858593656 -49.9999999999972
  endloop
endfacet
facet normal -0.6087614290087359 0.7933533402912236 1.9074298063028561e-16
  outer loop
    vertex 9221.115839860911 -4944.407712283877 -49.9999999999972
    vertex 9221.737160204471 -4943.930956416083 -59.999999999997094
    vertex 9221.115839860911 -4944.407712283877 -59.999999999997094
  endloop
endfacet
facet normal -0.6087614290087359 0.7933533402912236 1.9074298063028561e-16
  outer loop
    vertex 9221.737160204471 -4943.930956416083 -59.999999999997094
    vertex 9221.115839860911 -4944.407712283877 -49.9999999999972
    vertex 9221.737160204471 -4943.930956416083 -49.9999999999972
  endloop
endfacet
facet normal -0.7933533402916687 0.6087614290081557 2.4858109204887184e-16
  outer loop
    vertex 9222.213916072265 -4943.309636072523 -49.9999999999972
    vertex 9221.737160204471 -4943.930956416083 -59.999999999997094
    vertex 9221.737160204471 -4943.930956416083 -49.9999999999972
  endloop
endfacet
facet normal -0.7933533402916687 0.6087614290081557 2.4858109204887184e-16
  outer loop
    vertex 9221.737160204471 -4943.930956416083 -59.999999999997094
    vertex 9222.213916072265 -4943.309636072523 -49.9999999999972
    vertex 9222.213916072265 -4943.309636072523 -59.999999999997094
  endloop
endfacet
facet normal -0.9914448613739579 -0.1305261922189323 3.1064903092985846e-16
  outer loop
    vertex 9222.51361733978 -4941.033178937216 -49.9999999999972
    vertex 9222.615839860911 -4941.809636072523 -59.999999999997094
    vertex 9222.615839860911 -4941.809636072523 -49.999999999997215
  endloop
endfacet
facet normal -0.9914448613739579 -0.1305261922189323 3.1064903092985846e-16
  outer loop
    vertex 9222.615839860911 -4941.809636072523 -59.999999999997094
    vertex 9222.51361733978 -4941.033178937216 -49.9999999999972
    vertex 9222.51361733978 -4941.033178937216 -59.999999999997094
  endloop
endfacet
facet normal -0.3826834323653109 -0.9238795325111953 1.1990605029960068e-16
  outer loop
    vertex 9221.115839860911 -4939.21155986117 -49.9999999999972
    vertex 9220.39229699622 -4938.911858593656 -59.999999999997094
    vertex 9221.115839860911 -4939.21155986117 -59.999999999997094
  endloop
endfacet
facet normal -0.3826834323653109 -0.9238795325111953 1.1990605029960068e-16
  outer loop
    vertex 9220.39229699622 -4938.911858593656 -59.999999999997094
    vertex 9221.115839860911 -4939.21155986117 -49.9999999999972
    vertex 9220.39229699622 -4938.911858593656 -49.9999999999972
  endloop
endfacet
facet normal -0.9238795325110044 -0.3826834323657718 2.8947881284365087e-16
  outer loop
    vertex 9222.213916072265 -4940.309636072523 -49.9999999999972
    vertex 9222.51361733978 -4941.033178937216 -59.999999999997094
    vertex 9222.51361733978 -4941.033178937216 -49.9999999999972
  endloop
endfacet
facet normal -0.9238795325110044 -0.3826834323657718 2.8947881284365087e-16
  outer loop
    vertex 9222.51361733978 -4941.033178937216 -59.999999999997094
    vertex 9222.213916072265 -4940.309636072523 -49.9999999999972
    vertex 9222.213916072265 -4940.309636072523 -59.999999999997094
  endloop
endfacet
facet normal -0.9238795325108694 0.3826834323660977 2.8947881284361685e-16
  outer loop
    vertex 9222.51361733978 -4942.586093207831 -49.9999999999972
    vertex 9222.213916072265 -4943.309636072523 -59.999999999997094
    vertex 9222.213916072265 -4943.309636072523 -49.9999999999972
  endloop
endfacet
facet normal -0.9238795325108694 0.3826834323660977 2.8947881284361685e-16
  outer loop
    vertex 9222.213916072265 -4943.309636072523 -59.999999999997094
    vertex 9222.51361733978 -4942.586093207831 -49.9999999999972
    vertex 9222.51361733978 -4942.586093207831 -59.999999999997094
  endloop
endfacet
facet normal -0.6087614290087359 -0.7933533402912236 1.9074298063026833e-16
  outer loop
    vertex 9221.737160204471 -4939.688315728964 -49.9999999999972
    vertex 9221.115839860911 -4939.21155986117 -59.999999999997094
    vertex 9221.737160204471 -4939.688315728964 -59.999999999997094
  endloop
endfacet
facet normal -0.6087614290087359 -0.7933533402912236 1.9074298063026833e-16
  outer loop
    vertex 9221.115839860911 -4939.21155986117 -59.999999999997094
    vertex 9221.737160204471 -4939.688315728964 -49.9999999999972
    vertex 9221.115839860911 -4939.21155986117 -49.9999999999972
  endloop
endfacet
facet normal -0.9914448613739579 0.1305261922189323 3.1064903092986127e-16
  outer loop
    vertex 9222.615839860911 -4941.809636072523 -49.999999999997215
    vertex 9222.51361733978 -4942.586093207831 -59.999999999997094
    vertex 9222.51361733978 -4942.586093207831 -49.9999999999972
  endloop
endfacet
facet normal -0.9914448613739579 0.1305261922189323 3.1064903092986127e-16
  outer loop
    vertex 9222.51361733978 -4942.586093207831 -59.999999999997094
    vertex 9222.615839860911 -4941.809636072523 -49.999999999997215
    vertex 9222.615839860911 -4941.809636072523 -59.999999999997094
  endloop
endfacet
facet normal -0.7933533402913271 -0.6087614290086009 2.4858109204875153e-16
  outer loop
    vertex 9221.737160204471 -4939.688315728964 -49.9999999999972
    vertex 9222.213916072265 -4940.309636072523 -59.999999999997094
    vertex 9222.213916072265 -4940.309636072523 -49.9999999999972
  endloop
endfacet
facet normal -0.7933533402913271 -0.6087614290086009 2.4858109204875153e-16
  outer loop
    vertex 9222.213916072265 -4940.309636072523 -59.999999999997094
    vertex 9221.737160204471 -4939.688315728964 -49.9999999999972
    vertex 9221.737160204471 -4939.688315728964 -59.999999999997094
  endloop
endfacet
endsolid GAMEFIELD V2
