solid GAMEFIELD V2
facet normal 0.6087614290087359 -0.7933533402912236 -0.0
  outer loop
    vertex 9179.997120109145 -4686.49792370571 -49.99999999999575
    vertex 9179.375799765585 -4686.974679573504 -59.99999999999574
    vertex 9179.997120109145 -4686.49792370571 -59.99999999999574
  endloop
endfacet
facet normal 0.6087614290087359 -0.7933533402912236 -0.0
  outer loop
    vertex 9179.375799765585 -4686.974679573504 -59.99999999999574
    vertex 9179.997120109145 -4686.49792370571 -49.99999999999575
    vertex 9179.375799765585 -4686.974679573504 -49.99999999999575
  endloop
endfacet
facet normal 0.7933533402913271 0.6087614290086009 0.0
  outer loop
    vertex 9128.89904389779 -4690.5959999170655 -59.99999999999575
    vertex 9129.375799765585 -4691.217320260625 -49.999999999995765
    vertex 9129.375799765585 -4691.217320260625 -59.99999999999575
  endloop
endfacet
facet normal 0.7933533402913271 0.6087614290086009 0.0
  outer loop
    vertex 9129.375799765585 -4691.217320260625 -49.999999999995765
    vertex 9128.89904389779 -4690.5959999170655 -59.99999999999575
    vertex 9128.89904389779 -4690.5959999170655 -49.999999999995765
  endloop
endfacet
facet normal 0.3826834323653109 0.9238795325111953 0.0
  outer loop
    vertex 9129.997120109145 -4691.694076128419 -49.999999999995765
    vertex 9130.720662973836 -4691.993777395933 -59.99999999999575
    vertex 9129.997120109145 -4691.694076128419 -59.99999999999575
  endloop
endfacet
facet normal 0.3826834323653109 0.9238795325111953 0.0
  outer loop
    vertex 9130.720662973836 -4691.993777395933 -59.99999999999575
    vertex 9129.997120109145 -4691.694076128419 -49.999999999995765
    vertex 9130.720662973836 -4691.993777395933 -49.999999999995765
  endloop
endfacet
facet normal 0.3826834323653109 -0.9238795325111953 -0.0
  outer loop
    vertex 9180.720662973838 -4686.198222438195 -49.99999999999575
    vertex 9179.997120109145 -4686.49792370571 -59.99999999999574
    vertex 9180.720662973838 -4686.198222438195 -59.99999999999574
  endloop
endfacet
facet normal 0.3826834323653109 -0.9238795325111953 -0.0
  outer loop
    vertex 9179.997120109145 -4686.49792370571 -59.99999999999574
    vertex 9180.720662973838 -4686.198222438195 -49.99999999999575
    vertex 9179.997120109145 -4686.49792370571 -49.99999999999575
  endloop
endfacet
facet normal 0.13052619221983836 0.9914448613738385 0.0
  outer loop
    vertex 9130.720662973836 -4691.993777395933 -49.999999999995765
    vertex 9131.497120109145 -4692.0959999170655 -59.99999999999575
    vertex 9130.720662973836 -4691.993777395933 -59.99999999999575
  endloop
endfacet
facet normal 0.13052619221983836 0.9914448613738385 0.0
  outer loop
    vertex 9131.497120109145 -4692.0959999170655 -59.99999999999575
    vertex 9130.720662973836 -4691.993777395933 -49.999999999995765
    vertex 9131.497120109145 -4692.0959999170655 -49.999999999995765
  endloop
endfacet
facet normal 0.9914448613737192 0.13052619222074446 0.0
  outer loop
    vertex 9178.497120109143 -4689.095999917064 -59.99999999999574
    vertex 9178.599342630278 -4689.872457052371 -49.99999999999575
    vertex 9178.599342630278 -4689.872457052371 -59.99999999999574
  endloop
endfacet
facet normal 0.9914448613737192 0.13052619222074446 0.0
  outer loop
    vertex 9178.599342630278 -4689.872457052371 -49.99999999999575
    vertex 9178.497120109143 -4689.095999917064 -59.99999999999574
    vertex 9178.497120109143 -4689.095999917064 -49.99999999999575
  endloop
endfacet
facet normal -0.6087614290087359 -0.7933533402912236 -0.0
  outer loop
    vertex 9133.618440452705 -4686.9746795735055 -49.999999999995765
    vertex 9132.997120109145 -4686.497923705711 -59.99999999999575
    vertex 9133.618440452705 -4686.9746795735055 -59.99999999999575
  endloop
endfacet
facet normal -0.6087614290087359 -0.7933533402912236 -0.0
  outer loop
    vertex 9132.997120109145 -4686.497923705711 -59.99999999999575
    vertex 9133.618440452705 -4686.9746795735055 -49.999999999995765
    vertex 9132.997120109145 -4686.497923705711 -49.999999999995765
  endloop
endfacet
facet normal -0.13052619221983836 -0.9914448613738385 -0.0
  outer loop
    vertex 9132.273577244452 -4686.198222438198 -49.999999999995765
    vertex 9131.497120109145 -4686.0959999170655 -59.99999999999575
    vertex 9132.273577244452 -4686.198222438198 -59.99999999999575
  endloop
endfacet
facet normal -0.13052619221983836 -0.9914448613738385 -0.0
  outer loop
    vertex 9131.497120109145 -4686.0959999170655 -59.99999999999575
    vertex 9132.273577244452 -4686.198222438198 -49.999999999995765
    vertex 9131.497120109145 -4686.0959999170655 -49.999999999995765
  endloop
endfacet
facet normal 0.13052619221983836 -0.9914448613738385 -0.0
  outer loop
    vertex 9131.497120109145 -4686.0959999170655 -49.999999999995765
    vertex 9130.720662973836 -4686.198222438198 -59.99999999999575
    vertex 9131.497120109145 -4686.0959999170655 -59.99999999999575
  endloop
endfacet
facet normal 0.13052619221983836 -0.9914448613738385 -0.0
  outer loop
    vertex 9130.720662973836 -4686.198222438198 -59.99999999999575
    vertex 9131.497120109145 -4686.0959999170655 -49.999999999995765
    vertex 9130.720662973836 -4686.198222438198 -49.999999999995765
  endloop
endfacet
facet normal 0.7933533402913271 0.6087614290086009 0.0
  outer loop
    vertex 9178.899043897793 -4690.595999917064 -59.99999999999574
    vertex 9179.375799765585 -4691.217320260623 -49.99999999999575
    vertex 9179.375799765585 -4691.217320260623 -59.99999999999574
  endloop
endfacet
facet normal 0.7933533402913271 0.6087614290086009 0.0
  outer loop
    vertex 9179.375799765585 -4691.217320260623 -49.99999999999575
    vertex 9178.899043897793 -4690.595999917064 -59.99999999999574
    vertex 9178.899043897793 -4690.595999917064 -49.99999999999575
  endloop
endfacet
facet normal 0.6087614290087359 0.7933533402912236 0.0
  outer loop
    vertex 9179.375799765585 -4691.217320260623 -49.99999999999575
    vertex 9179.997120109145 -4691.694076128417 -59.99999999999574
    vertex 9179.375799765585 -4691.217320260623 -59.99999999999574
  endloop
endfacet
facet normal 0.6087614290087359 0.7933533402912236 0.0
  outer loop
    vertex 9179.997120109145 -4691.694076128417 -59.99999999999574
    vertex 9179.375799765585 -4691.217320260623 -49.99999999999575
    vertex 9179.997120109145 -4691.694076128417 -49.99999999999575
  endloop
endfacet
facet normal 0.3826834323653109 0.9238795325111953 0.0
  outer loop
    vertex 9179.997120109145 -4691.694076128417 -49.99999999999575
    vertex 9180.720662973838 -4691.993777395931 -59.99999999999574
    vertex 9179.997120109145 -4691.694076128417 -59.99999999999574
  endloop
endfacet
facet normal 0.3826834323653109 0.9238795325111953 0.0
  outer loop
    vertex 9180.720662973838 -4691.993777395931 -59.99999999999574
    vertex 9179.997120109145 -4691.694076128417 -49.99999999999575
    vertex 9180.720662973838 -4691.993777395931 -49.99999999999575
  endloop
endfacet
facet normal 0.9238795325110044 0.3826834323657718 0.0
  outer loop
    vertex 9178.599342630278 -4689.872457052371 -59.99999999999574
    vertex 9178.899043897793 -4690.595999917064 -49.99999999999575
    vertex 9178.899043897793 -4690.595999917064 -59.99999999999574
  endloop
endfacet
facet normal 0.9238795325110044 0.3826834323657718 0.0
  outer loop
    vertex 9178.899043897793 -4690.595999917064 -49.99999999999575
    vertex 9178.599342630278 -4689.872457052371 -59.99999999999574
    vertex 9178.599342630278 -4689.872457052371 -49.99999999999575
  endloop
endfacet
facet normal -0.3826834323653109 0.9238795325111953 -0.0
  outer loop
    vertex 9182.273577244452 -4691.993777395931 -49.99999999999575
    vertex 9182.997120109145 -4691.694076128417 -59.99999999999574
    vertex 9182.273577244452 -4691.993777395931 -59.99999999999574
  endloop
endfacet
facet normal -0.3826834323653109 0.9238795325111953 -0.0
  outer loop
    vertex 9182.997120109145 -4691.694076128417 -59.99999999999574
    vertex 9182.273577244452 -4691.993777395931 -49.99999999999575
    vertex 9182.997120109145 -4691.694076128417 -49.99999999999575
  endloop
endfacet
facet normal -0.3826834323653109 -0.9238795325111953 -0.0
  outer loop
    vertex 9132.997120109145 -4686.497923705711 -49.999999999995765
    vertex 9132.273577244452 -4686.198222438198 -59.99999999999575
    vertex 9132.997120109145 -4686.497923705711 -59.99999999999575
  endloop
endfacet
facet normal -0.3826834323653109 -0.9238795325111953 -0.0
  outer loop
    vertex 9132.273577244452 -4686.198222438198 -59.99999999999575
    vertex 9132.997120109145 -4686.497923705711 -49.999999999995765
    vertex 9132.273577244452 -4686.198222438198 -49.999999999995765
  endloop
endfacet
facet normal -0.7933533402913271 -0.6087614290086009 -0.0
  outer loop
    vertex 9133.618440452705 -4686.9746795735055 -49.999999999995765
    vertex 9134.095196320497 -4687.595999917065 -59.99999999999575
    vertex 9134.095196320497 -4687.595999917065 -49.999999999995765
  endloop
endfacet
facet normal -0.7933533402913271 -0.6087614290086009 -0.0
  outer loop
    vertex 9134.095196320497 -4687.595999917065 -59.99999999999575
    vertex 9133.618440452705 -4686.9746795735055 -49.999999999995765
    vertex 9133.618440452705 -4686.9746795735055 -59.99999999999575
  endloop
endfacet
facet normal 0.9238795325108694 -0.3826834323660977 -0.0
  outer loop
    vertex 9128.89904389779 -4687.5959999170655 -59.99999999999575
    vertex 9128.599342630278 -4688.319542781757 -49.999999999995765
    vertex 9128.599342630278 -4688.319542781757 -59.99999999999575
  endloop
endfacet
facet normal 0.9238795325108694 -0.3826834323660977 -0.0
  outer loop
    vertex 9128.599342630278 -4688.319542781757 -49.999999999995765
    vertex 9128.89904389779 -4687.5959999170655 -59.99999999999575
    vertex 9128.89904389779 -4687.5959999170655 -49.999999999995765
  endloop
endfacet
facet normal 0.9914448613737192 -0.13052619222074446 -0.0
  outer loop
    vertex 9178.599342630278 -4688.319542781755 -59.99999999999574
    vertex 9178.497120109143 -4689.095999917064 -49.99999999999575
    vertex 9178.497120109143 -4689.095999917064 -59.99999999999574
  endloop
endfacet
facet normal 0.9914448613737192 -0.13052619222074446 -0.0
  outer loop
    vertex 9178.497120109143 -4689.095999917064 -49.99999999999575
    vertex 9178.599342630278 -4688.319542781755 -59.99999999999574
    vertex 9178.599342630278 -4688.319542781755 -49.99999999999575
  endloop
endfacet
facet normal 0.9914448613737192 0.13052619222074446 0.0
  outer loop
    vertex 9128.497120109143 -4689.0959999170655 -59.99999999999575
    vertex 9128.599342630278 -4689.872457052373 -49.999999999995765
    vertex 9128.599342630278 -4689.872457052373 -59.99999999999575
  endloop
endfacet
facet normal 0.9914448613737192 0.13052619222074446 0.0
  outer loop
    vertex 9128.599342630278 -4689.872457052373 -49.999999999995765
    vertex 9128.497120109143 -4689.0959999170655 -59.99999999999575
    vertex 9128.497120109143 -4689.0959999170655 -49.999999999995765
  endloop
endfacet
facet normal 0.9238795325110044 0.3826834323657718 0.0
  outer loop
    vertex 9128.599342630278 -4689.872457052373 -59.99999999999575
    vertex 9128.89904389779 -4690.5959999170655 -49.999999999995765
    vertex 9128.89904389779 -4690.5959999170655 -59.99999999999575
  endloop
endfacet
facet normal 0.9238795325110044 0.3826834323657718 0.0
  outer loop
    vertex 9128.89904389779 -4690.5959999170655 -49.999999999995765
    vertex 9128.599342630278 -4689.872457052373 -59.99999999999575
    vertex 9128.599342630278 -4689.872457052373 -49.999999999995765
  endloop
endfacet
facet normal 0.13052619221983836 0.9914448613738385 0.0
  outer loop
    vertex 9180.720662973838 -4691.993777395931 -49.99999999999575
    vertex 9181.497120109145 -4692.095999917064 -59.99999999999574
    vertex 9180.720662973838 -4691.993777395931 -59.99999999999574
  endloop
endfacet
facet normal 0.13052619221983836 0.9914448613738385 0.0
  outer loop
    vertex 9181.497120109145 -4692.095999917064 -59.99999999999574
    vertex 9180.720662973838 -4691.993777395931 -49.99999999999575
    vertex 9181.497120109145 -4692.095999917064 -49.99999999999575
  endloop
endfacet
facet normal 0.9914448613737192 -0.13052619222074446 -0.0
  outer loop
    vertex 9128.599342630278 -4688.319542781757 -59.99999999999575
    vertex 9128.497120109143 -4689.0959999170655 -49.999999999995765
    vertex 9128.497120109143 -4689.0959999170655 -59.99999999999575
  endloop
endfacet
facet normal 0.9914448613737192 -0.13052619222074446 -0.0
  outer loop
    vertex 9128.497120109143 -4689.0959999170655 -49.999999999995765
    vertex 9128.599342630278 -4688.319542781757 -59.99999999999575
    vertex 9128.599342630278 -4688.319542781757 -49.999999999995765
  endloop
endfacet
facet normal 0.6087614290087359 0.7933533402912236 0.0
  outer loop
    vertex 9129.375799765585 -4691.217320260625 -49.999999999995765
    vertex 9129.997120109145 -4691.694076128419 -59.99999999999575
    vertex 9129.375799765585 -4691.217320260625 -59.99999999999575
  endloop
endfacet
facet normal 0.6087614290087359 0.7933533402912236 0.0
  outer loop
    vertex 9129.997120109145 -4691.694076128419 -59.99999999999575
    vertex 9129.375799765585 -4691.217320260625 -49.999999999995765
    vertex 9129.997120109145 -4691.694076128419 -49.999999999995765
  endloop
endfacet
facet normal -0.9238795325110044 -0.3826834323657718 -0.0
  outer loop
    vertex 9134.095196320497 -4687.595999917065 -49.999999999995765
    vertex 9134.394897588012 -4688.319542781757 -59.99999999999575
    vertex 9134.394897588012 -4688.319542781757 -49.999999999995765
  endloop
endfacet
facet normal -0.9238795325110044 -0.3826834323657718 -0.0
  outer loop
    vertex 9134.394897588012 -4688.319542781757 -59.99999999999575
    vertex 9134.095196320497 -4687.595999917065 -49.999999999995765
    vertex 9134.095196320497 -4687.595999917065 -59.99999999999575
  endloop
endfacet
facet normal 0.3826834323653109 -0.9238795325111953 -0.0
  outer loop
    vertex 9130.720662973836 -4686.198222438198 -49.999999999995765
    vertex 9129.997120109145 -4686.497923705711 -59.99999999999575
    vertex 9130.720662973836 -4686.198222438198 -59.99999999999575
  endloop
endfacet
facet normal 0.3826834323653109 -0.9238795325111953 -0.0
  outer loop
    vertex 9129.997120109145 -4686.497923705711 -59.99999999999575
    vertex 9130.720662973836 -4686.198222438198 -49.999999999995765
    vertex 9129.997120109145 -4686.497923705711 -49.999999999995765
  endloop
endfacet
facet normal 0.7933533402916687 -0.6087614290081557 -0.0
  outer loop
    vertex 9179.375799765585 -4686.974679573504 -59.99999999999574
    vertex 9178.899043897793 -4687.595999917064 -49.99999999999575
    vertex 9178.899043897793 -4687.595999917064 -59.99999999999574
  endloop
endfacet
facet normal 0.7933533402916687 -0.6087614290081557 -0.0
  outer loop
    vertex 9178.899043897793 -4687.595999917064 -49.99999999999575
    vertex 9179.375799765585 -4686.974679573504 -59.99999999999574
    vertex 9179.375799765585 -4686.974679573504 -49.99999999999575
  endloop
endfacet
facet normal 0.9238795325108694 -0.3826834323660977 -0.0
  outer loop
    vertex 9178.899043897793 -4687.595999917064 -59.99999999999574
    vertex 9178.599342630278 -4688.319542781755 -49.99999999999575
    vertex 9178.599342630278 -4688.319542781755 -59.99999999999574
  endloop
endfacet
facet normal 0.9238795325108694 -0.3826834323660977 -0.0
  outer loop
    vertex 9178.599342630278 -4688.319542781755 -49.99999999999575
    vertex 9178.899043897793 -4687.595999917064 -59.99999999999574
    vertex 9178.899043897793 -4687.595999917064 -49.99999999999575
  endloop
endfacet
facet normal -0.13052619221983836 0.9914448613738385 -0.0
  outer loop
    vertex 9181.497120109145 -4692.095999917064 -49.99999999999575
    vertex 9182.273577244452 -4691.993777395931 -59.99999999999574
    vertex 9181.497120109145 -4692.095999917064 -59.99999999999574
  endloop
endfacet
facet normal -0.13052619221983836 0.9914448613738385 -0.0
  outer loop
    vertex 9182.273577244452 -4691.993777395931 -59.99999999999574
    vertex 9181.497120109145 -4692.095999917064 -49.99999999999575
    vertex 9182.273577244452 -4691.993777395931 -49.99999999999575
  endloop
endfacet
facet normal 0.7933533402916687 -0.6087614290081557 -0.0
  outer loop
    vertex 9129.375799765585 -4686.9746795735055 -59.99999999999575
    vertex 9128.89904389779 -4687.5959999170655 -49.999999999995765
    vertex 9128.89904389779 -4687.5959999170655 -59.99999999999575
  endloop
endfacet
facet normal 0.7933533402916687 -0.6087614290081557 -0.0
  outer loop
    vertex 9128.89904389779 -4687.5959999170655 -49.999999999995765
    vertex 9129.375799765585 -4686.9746795735055 -59.99999999999575
    vertex 9129.375799765585 -4686.9746795735055 -49.999999999995765
  endloop
endfacet
facet normal 0.6087614290087359 -0.7933533402912236 -0.0
  outer loop
    vertex 9129.997120109145 -4686.497923705711 -49.999999999995765
    vertex 9129.375799765585 -4686.9746795735055 -59.99999999999575
    vertex 9129.997120109145 -4686.497923705711 -59.99999999999575
  endloop
endfacet
facet normal 0.6087614290087359 -0.7933533402912236 -0.0
  outer loop
    vertex 9129.375799765585 -4686.9746795735055 -59.99999999999575
    vertex 9129.997120109145 -4686.497923705711 -49.999999999995765
    vertex 9129.375799765585 -4686.9746795735055 -49.999999999995765
  endloop
endfacet
facet normal -0.9914448613737192 0.13052619222074446 -0.0
  outer loop
    vertex 9134.497120109145 -4689.0959999170655 -49.999999999995765
    vertex 9134.394897588012 -4689.872457052373 -59.99999999999575
    vertex 9134.394897588012 -4689.872457052373 -49.999999999995765
  endloop
endfacet
facet normal -0.9914448613737192 0.13052619222074446 -0.0
  outer loop
    vertex 9134.394897588012 -4689.872457052373 -59.99999999999575
    vertex 9134.497120109145 -4689.0959999170655 -49.999999999995765
    vertex 9134.497120109145 -4689.0959999170655 -59.99999999999575
  endloop
endfacet
facet normal -0.9914448613737192 -0.13052619222074446 -0.0
  outer loop
    vertex 9134.394897588012 -4688.319542781757 -49.999999999995765
    vertex 9134.497120109145 -4689.0959999170655 -59.99999999999575
    vertex 9134.497120109145 -4689.0959999170655 -49.999999999995765
  endloop
endfacet
facet normal -0.9914448613737192 -0.13052619222074446 -0.0
  outer loop
    vertex 9134.497120109145 -4689.0959999170655 -59.99999999999575
    vertex 9134.394897588012 -4688.319542781757 -49.999999999995765
    vertex 9134.394897588012 -4688.319542781757 -59.99999999999575
  endloop
endfacet
facet normal -0.7933533402910848 -1.7908805474333003e-14 0.6087614290089164
  outer loop
    vertex 9134.095196320497 -4654.095999917065 -31.499999999995786
    vertex 9133.618440452705 -4664.095999917065 -32.12132034355543
    vertex 9134.095196320497 -4664.095999917065 -31.499999999995786
  endloop
endfacet
facet normal -0.7933533402910848 -1.7908805474333003e-14 0.6087614290089164
  outer loop
    vertex 9133.618440452705 -4664.095999917065 -32.12132034355543
    vertex 9134.095196320497 -4654.095999917065 -31.499999999995786
    vertex 9133.618440452705 -4654.095999917065 -32.12132034355543
  endloop
endfacet
facet normal -2.7755575615628914e-16 1.5146129380243427e-28 1.0
  outer loop
    vertex 9106.497120109145 -4724.0959999170655 4.222155958188977e-12
    vertex 9256.497120109145 -4714.095999917061 4.26378932161242e-12
    vertex 9106.497120109145 -4714.0959999170655 4.2221559581889765e-12
  endloop
endfacet
facet normal -2.7755575615628914e-16 1.5146129380243427e-28 1.0
  outer loop
    vertex 9256.497120109145 -4714.095999917061 4.26378932161242e-12
    vertex 9106.497120109145 -4724.0959999170655 4.222155958188977e-12
    vertex 9256.497120109145 -4724.095999917061 4.263789321612421e-12
  endloop
endfacet
facet normal -0.9238795325113017 -2.085524568837399e-14 -0.382683432365054
  outer loop
    vertex 9234.095196320497 -4714.095999917063 -28.49999999999572
    vertex 9234.394897588012 -4724.095999917063 -29.223542864688163
    vertex 9234.095196320499 -4724.095999917063 -28.49999999999572
  endloop
endfacet
facet normal -0.9238795325113017 -2.085524568837399e-14 -0.382683432365054
  outer loop
    vertex 9234.394897588012 -4724.095999917063 -29.223542864688163
    vertex 9234.095196320497 -4714.095999917063 -28.49999999999572
    vertex 9234.394897588012 -4714.095999917063 -29.223542864688163
  endloop
endfacet
facet normal -1.0 -2.2573555268277157e-14 -2.7755575615628914e-16
  outer loop
    vertex 9106.497120109145 -4654.0959999170655 4.222155958188967e-12
    vertex 9106.497120109145 -4664.0959999170655 -49.999999999995765
    vertex 9106.497120109145 -4664.0959999170655 4.2221559581889684e-12
  endloop
endfacet
facet normal -1.0 -2.2573555268277157e-14 -2.7755575615628914e-16
  outer loop
    vertex 9106.497120109145 -4714.0959999170655 4.2221559581889765e-12
    vertex 9106.497120109145 -4724.0959999170655 -59.99999999999579
    vertex 9106.497120109145 -4724.0959999170655 4.222155958188977e-12
  endloop
endfacet
facet normal -1.0 -2.2573555268277157e-14 -2.7755575615628914e-16
  outer loop
    vertex 9106.497120109145 -4724.0959999170655 -59.99999999999579
    vertex 9106.497120109145 -4714.0959999170655 4.2221559581889765e-12
    vertex 9106.497120109145 -4714.0959999170655 -49.999999999995765
  endloop
endfacet
facet normal -1.0 -2.2573555268277157e-14 -2.7755575615628914e-16
  outer loop
    vertex 9106.497120109145 -4724.0959999170655 -59.99999999999579
    vertex 9106.497120109145 -4714.0959999170655 -49.999999999995765
    vertex 9106.497120109145 -4654.0959999170655 -59.99999999999579
  endloop
endfacet
facet normal -1.0 -2.2573555268277157e-14 -2.7755575615628914e-16
  outer loop
    vertex 9106.497120109145 -4654.0959999170655 -59.99999999999579
    vertex 9106.497120109145 -4714.0959999170655 -49.999999999995765
    vertex 9106.497120109145 -4664.0959999170655 -49.999999999995765
  endloop
endfacet
facet normal -1.0 -2.2573555268277157e-14 -2.7755575615628914e-16
  outer loop
    vertex 9106.497120109145 -4654.0959999170655 -59.99999999999579
    vertex 9106.497120109145 -4664.0959999170655 -49.999999999995765
    vertex 9106.497120109145 -4654.0959999170655 4.222155958188967e-12
  endloop
endfacet
facet normal 0.991444861373834 2.2380435373671643e-14 0.13052619221987313
  outer loop
    vertex 9228.599342630278 -4714.095999917063 -30.77645713530331
    vertex 9228.497120109145 -4724.095999917063 -29.999999999995737
    vertex 9228.599342630278 -4724.095999917063 -30.77645713530331
  endloop
endfacet
facet normal 0.991444861373834 2.2380435373671643e-14 0.13052619221987313
  outer loop
    vertex 9228.497120109145 -4724.095999917063 -29.999999999995737
    vertex 9228.599342630278 -4714.095999917063 -30.77645713530331
    vertex 9228.497120109145 -4714.095999917063 -29.999999999995737
  endloop
endfacet
facet normal -0.6087614290087637 -1.3741909762924582e-14 0.7933533402912021
  outer loop
    vertex 9133.618440452705 -4664.095999917065 -32.12132034355543
    vertex 9132.997120109145 -4654.095999917065 -32.59807621134911
    vertex 9132.997120109145 -4664.095999917065 -32.59807621134911
  endloop
endfacet
facet normal -0.6087614290087637 -1.3741909762924582e-14 0.7933533402912021
  outer loop
    vertex 9132.997120109145 -4654.095999917065 -32.59807621134911
    vertex 9133.618440452705 -4664.095999917065 -32.12132034355543
    vertex 9133.618440452705 -4654.095999917065 -32.12132034355543
  endloop
endfacet
facet normal 0.13052619222007472 2.946440214037777e-15 0.9914448613738075
  outer loop
    vertex 9131.497120109147 -4724.095999917065 -32.99999999999581
    vertex 9130.720662973838 -4714.095999917065 -32.89777747886301
    vertex 9130.720662973838 -4724.095999917065 -32.89777747886301
  endloop
endfacet
facet normal 0.13052619222007472 2.946440214037777e-15 0.9914448613738075
  outer loop
    vertex 9130.720662973838 -4714.095999917065 -32.89777747886301
    vertex 9131.497120109147 -4724.095999917065 -32.99999999999581
    vertex 9131.497120109145 -4714.095999917065 -32.99999999999581
  endloop
endfacet
facet normal -0.3826834323650221 -8.638525610745682e-15 0.9238795325113148
  outer loop
    vertex 9132.997120109145 -4664.095999917065 -32.59807621134911
    vertex 9132.27357724445 -4654.095999917065 -32.897777478863006
    vertex 9132.27357724445 -4664.095999917065 -32.897777478863006
  endloop
endfacet
facet normal -0.3826834323650221 -8.638525610745682e-15 0.9238795325113148
  outer loop
    vertex 9132.27357724445 -4654.095999917065 -32.897777478863006
    vertex 9132.997120109145 -4664.095999917065 -32.59807621134911
    vertex 9132.997120109145 -4654.095999917065 -32.59807621134911
  endloop
endfacet
facet normal -0.7933533402910846 -1.7908805474333186e-14 -0.6087614290089169
  outer loop
    vertex 9233.618440452705 -4714.095999917063 -27.878679656436066
    vertex 9234.095196320499 -4724.095999917063 -28.49999999999572
    vertex 9233.618440452705 -4724.095999917063 -27.878679656436066
  endloop
endfacet
facet normal -0.7933533402910846 -1.7908805474333186e-14 -0.6087614290089169
  outer loop
    vertex 9234.095196320499 -4724.095999917063 -28.49999999999572
    vertex 9233.618440452705 -4714.095999917063 -27.878679656436066
    vertex 9234.095196320497 -4714.095999917063 -28.49999999999572
  endloop
endfacet
facet normal -0.991444861373834 -2.2380435373671643e-14 -0.13052619221987313
  outer loop
    vertex 9134.394897588012 -4714.095999917065 -29.2235428646882
    vertex 9134.497120109145 -4724.095999917065 -29.999999999995772
    vertex 9134.394897588014 -4724.095999917065 -29.2235428646882
  endloop
endfacet
facet normal -0.991444861373834 -2.2380435373671643e-14 -0.13052619221987313
  outer loop
    vertex 9134.497120109145 -4724.095999917065 -29.999999999995772
    vertex 9134.394897588012 -4714.095999917065 -29.2235428646882
    vertex 9134.497120109145 -4714.095999917065 -29.999999999995772
  endloop
endfacet
facet normal -0.6087614290087633 -1.374190976292482e-14 -0.7933533402912025
  outer loop
    vertex 9233.618440452705 -4714.095999917063 -27.878679656436066
    vertex 9232.997120109145 -4724.095999917063 -27.401923788642385
    vertex 9232.997120109145 -4714.095999917063 -27.401923788642385
  endloop
endfacet
facet normal -0.6087614290087633 -1.374190976292482e-14 -0.7933533402912025
  outer loop
    vertex 9232.997120109145 -4724.095999917063 -27.401923788642385
    vertex 9233.618440452705 -4714.095999917063 -27.878679656436066
    vertex 9233.618440452705 -4724.095999917063 -27.878679656436066
  endloop
endfacet
facet normal 0.7933533402910846 1.7908805474333186e-14 0.6087614290089169
  outer loop
    vertex 9229.375799765585 -4714.095999917063 -32.12132034355541
    vertex 9228.899043897793 -4724.095999917063 -31.499999999995758
    vertex 9229.375799765585 -4724.095999917063 -32.12132034355541
  endloop
endfacet
facet normal 0.7933533402910846 1.7908805474333186e-14 0.6087614290089169
  outer loop
    vertex 9228.899043897793 -4724.095999917063 -31.499999999995758
    vertex 9229.375799765585 -4714.095999917063 -32.12132034355541
    vertex 9228.89904389779 -4714.095999917063 -31.499999999995758
  endloop
endfacet
facet normal -0.923879532511302 -2.0855245688373878e-14 0.3826834323650534
  outer loop
    vertex 9134.394897588012 -4654.095999917065 -30.77645713530334
    vertex 9134.095196320497 -4664.095999917065 -31.499999999995786
    vertex 9134.394897588012 -4664.095999917065 -30.77645713530334
  endloop
endfacet
facet normal -0.923879532511302 -2.0855245688373878e-14 0.3826834323650534
  outer loop
    vertex 9134.095196320497 -4664.095999917065 -31.499999999995786
    vertex 9134.394897588012 -4654.095999917065 -30.77645713530334
    vertex 9134.095196320497 -4654.095999917065 -31.499999999995786
  endloop
endfacet
facet normal 0.923879532511302 2.085524568837388e-14 -0.3826834323650534
  outer loop
    vertex 9228.599342630278 -4714.095999917063 -29.223542864688163
    vertex 9228.899043897793 -4724.095999917063 -28.49999999999572
    vertex 9228.599342630278 -4724.095999917063 -29.223542864688163
  endloop
endfacet
facet normal 0.923879532511302 2.085524568837388e-14 -0.3826834323650534
  outer loop
    vertex 9228.899043897793 -4724.095999917063 -28.49999999999572
    vertex 9228.599342630278 -4714.095999917063 -29.223542864688163
    vertex 9228.89904389779 -4714.095999917063 -28.49999999999572
  endloop
endfacet
facet normal -0.13052619222007472 -2.9464402140377816e-15 -0.9914448613738075
  outer loop
    vertex 9132.27357724445 -4654.095999917065 -27.102222521128517
    vertex 9131.497120109145 -4664.095999917065 -26.99999999999572
    vertex 9131.497120109145 -4654.095999917065 -26.99999999999572
  endloop
endfacet
facet normal -0.13052619222007472 -2.9464402140377816e-15 -0.9914448613738075
  outer loop
    vertex 9131.497120109145 -4664.095999917065 -26.99999999999572
    vertex 9132.27357724445 -4654.095999917065 -27.102222521128517
    vertex 9132.27357724445 -4664.095999917065 -27.102222521128517
  endloop
endfacet
facet normal -0.6087614290087637 -1.3741909762924585e-14 0.7933533402912021
  outer loop
    vertex 9133.618440452705 -4724.095999917065 -32.12132034355544
    vertex 9132.997120109145 -4714.095999917065 -32.59807621134912
    vertex 9132.997120109145 -4724.095999917065 -32.59807621134912
  endloop
endfacet
facet normal -0.6087614290087637 -1.3741909762924585e-14 0.7933533402912021
  outer loop
    vertex 9132.997120109145 -4714.095999917065 -32.59807621134912
    vertex 9133.618440452705 -4724.095999917065 -32.12132034355544
    vertex 9133.618440452705 -4714.095999917065 -32.12132034355544
  endloop
endfacet
facet normal -0.9238795325113017 -2.0855245688373992e-14 -0.382683432365054
  outer loop
    vertex 9134.095196320497 -4654.095999917065 -28.499999999995747
    vertex 9134.394897588012 -4664.095999917065 -29.22354286468819
    vertex 9134.095196320497 -4664.095999917065 -28.499999999995747
  endloop
endfacet
facet normal -0.9238795325113017 -2.0855245688373992e-14 -0.382683432365054
  outer loop
    vertex 9134.394897588012 -4664.095999917065 -29.22354286468819
    vertex 9134.095196320497 -4654.095999917065 -28.499999999995747
    vertex 9134.394897588012 -4654.095999917065 -29.22354286468819
  endloop
endfacet
facet normal -0.9238795325113017 -2.085524568837399e-14 -0.382683432365054
  outer loop
    vertex 9134.095196320499 -4714.095999917065 -28.49999999999575
    vertex 9134.394897588014 -4724.095999917065 -29.2235428646882
    vertex 9134.095196320499 -4724.095999917065 -28.49999999999575
  endloop
endfacet
facet normal -0.9238795325113017 -2.085524568837399e-14 -0.382683432365054
  outer loop
    vertex 9134.394897588014 -4724.095999917065 -29.2235428646882
    vertex 9134.095196320499 -4714.095999917065 -28.49999999999575
    vertex 9134.394897588012 -4714.095999917065 -29.2235428646882
  endloop
endfacet
facet normal 0.991444861373834 2.2380435373671612e-14 -0.13052619221987258
  outer loop
    vertex 9228.497120109145 -4714.095999917063 -29.999999999995737
    vertex 9228.599342630278 -4724.095999917063 -29.223542864688163
    vertex 9228.497120109145 -4724.095999917063 -29.999999999995737
  endloop
endfacet
facet normal 0.991444861373834 2.2380435373671612e-14 -0.13052619221987258
  outer loop
    vertex 9228.599342630278 -4724.095999917063 -29.223542864688163
    vertex 9228.497120109145 -4714.095999917063 -29.999999999995737
    vertex 9228.599342630278 -4714.095999917063 -29.223542864688163
  endloop
endfacet
facet normal 2.2573555268277157e-14 -1.0 1.5772671400405671e-28
  outer loop
    vertex 9231.497120109145 -4724.095999917063 -32.99999999999578
    vertex 9132.273577244454 -4724.095999917065 -32.89777747886301
    vertex 9131.497120109147 -4724.095999917065 -32.99999999999581
  endloop
endfacet
facet normal 2.2573555268277157e-14 -1.0 1.5772671400405671e-28
  outer loop
    vertex 9132.273577244454 -4724.095999917065 -32.89777747886301
    vertex 9231.497120109145 -4724.095999917063 -32.99999999999578
    vertex 9230.720662973838 -4724.095999917063 -32.897777478862984
  endloop
endfacet
facet normal 2.2573555268277157e-14 -1.0 1.5772671400405671e-28
  outer loop
    vertex 9132.273577244454 -4724.095999917065 -32.89777747886301
    vertex 9230.720662973838 -4724.095999917063 -32.897777478862984
    vertex 9132.997120109145 -4724.095999917065 -32.59807621134912
  endloop
endfacet
facet normal 2.2573555268277157e-14 -1.0 1.5772671400405671e-28
  outer loop
    vertex 9132.997120109145 -4724.095999917065 -32.59807621134912
    vertex 9230.720662973838 -4724.095999917063 -32.897777478862984
    vertex 9229.997120109145 -4724.095999917063 -32.59807621134909
  endloop
endfacet
facet normal 2.2573555268277157e-14 -1.0 1.5772671400405671e-28
  outer loop
    vertex 9132.997120109145 -4724.095999917065 -32.59807621134912
    vertex 9229.997120109145 -4724.095999917063 -32.59807621134909
    vertex 9133.618440452705 -4724.095999917065 -32.12132034355544
  endloop
endfacet
facet normal 2.2573555268277157e-14 -1.0 1.5772671400405671e-28
  outer loop
    vertex 9133.618440452705 -4724.095999917065 -32.12132034355544
    vertex 9229.997120109145 -4724.095999917063 -32.59807621134909
    vertex 9229.375799765585 -4724.095999917063 -32.12132034355541
  endloop
endfacet
facet normal 2.2573555268277157e-14 -1.0 1.5772671400405671e-28
  outer loop
    vertex 9133.618440452705 -4724.095999917065 -32.12132034355544
    vertex 9229.375799765585 -4724.095999917063 -32.12132034355541
    vertex 9134.095196320499 -4724.095999917065 -31.49999999999579
  endloop
endfacet
facet normal 2.2573555268277157e-14 -1.0 1.5772671400405671e-28
  outer loop
    vertex 9134.095196320499 -4724.095999917065 -31.49999999999579
    vertex 9229.375799765585 -4724.095999917063 -32.12132034355541
    vertex 9228.899043897793 -4724.095999917063 -31.499999999995758
  endloop
endfacet
facet normal 2.2573555268277157e-14 -1.0 1.5772671400405671e-28
  outer loop
    vertex 9134.095196320499 -4724.095999917065 -31.49999999999579
    vertex 9228.899043897793 -4724.095999917063 -31.499999999995758
    vertex 9134.394897588014 -4724.095999917065 -30.776457135303346
  endloop
endfacet
facet normal 2.2573555268277157e-14 -1.0 1.5772671400405671e-28
  outer loop
    vertex 9134.394897588014 -4724.095999917065 -30.776457135303346
    vertex 9228.899043897793 -4724.095999917063 -31.499999999995758
    vertex 9228.599342630278 -4724.095999917063 -30.77645713530331
  endloop
endfacet
facet normal 2.2573555268277157e-14 -1.0 1.5772671400405671e-28
  outer loop
    vertex 9134.394897588014 -4724.095999917065 -30.776457135303346
    vertex 9228.599342630278 -4724.095999917063 -30.77645713530331
    vertex 9134.497120109145 -4724.095999917065 -29.999999999995772
  endloop
endfacet
facet normal 2.2573555268277157e-14 -1.0 1.5772671400405671e-28
  outer loop
    vertex 9134.497120109145 -4724.095999917065 -29.999999999995772
    vertex 9228.599342630278 -4724.095999917063 -30.77645713530331
    vertex 9228.497120109145 -4724.095999917063 -29.999999999995737
  endloop
endfacet
facet normal 2.2573555268277157e-14 -1.0 1.5772671400405671e-28
  outer loop
    vertex 9134.497120109145 -4724.095999917065 -29.999999999995772
    vertex 9228.497120109145 -4724.095999917063 -29.999999999995737
    vertex 9134.394897588014 -4724.095999917065 -29.2235428646882
  endloop
endfacet
facet normal 2.2573555268277157e-14 -1.0 1.5772671400405671e-28
  outer loop
    vertex 9134.394897588014 -4724.095999917065 -29.2235428646882
    vertex 9228.497120109145 -4724.095999917063 -29.999999999995737
    vertex 9228.599342630278 -4724.095999917063 -29.223542864688163
  endloop
endfacet
facet normal 2.2573555268277157e-14 -1.0 1.5772671400405671e-28
  outer loop
    vertex 9134.394897588014 -4724.095999917065 -29.2235428646882
    vertex 9228.599342630278 -4724.095999917063 -29.223542864688163
    vertex 9134.095196320499 -4724.095999917065 -28.49999999999575
  endloop
endfacet
facet normal 2.2573555268277157e-14 -1.0 1.5772671400405671e-28
  outer loop
    vertex 9134.095196320499 -4724.095999917065 -28.49999999999575
    vertex 9228.599342630278 -4724.095999917063 -29.223542864688163
    vertex 9228.899043897793 -4724.095999917063 -28.49999999999572
  endloop
endfacet
facet normal 2.2573555268277157e-14 -1.0 1.5772671400405671e-28
  outer loop
    vertex 9134.095196320499 -4724.095999917065 -28.49999999999575
    vertex 9228.899043897793 -4724.095999917063 -28.49999999999572
    vertex 9133.618440452705 -4724.095999917065 -27.878679656436095
  endloop
endfacet
facet normal 2.2573555268277157e-14 -1.0 1.5772671400405671e-28
  outer loop
    vertex 9133.618440452705 -4724.095999917065 -27.878679656436095
    vertex 9228.899043897793 -4724.095999917063 -28.49999999999572
    vertex 9229.375799765585 -4724.095999917063 -27.878679656436066
  endloop
endfacet
facet normal 2.2573555268277157e-14 -1.0 1.5772671400405671e-28
  outer loop
    vertex 9133.618440452705 -4724.095999917065 -27.878679656436095
    vertex 9229.375799765585 -4724.095999917063 -27.878679656436066
    vertex 9132.997120109145 -4724.095999917065 -27.401923788642414
  endloop
endfacet
facet normal 2.2573555268277157e-14 -1.0 1.5772671400405671e-28
  outer loop
    vertex 9132.997120109145 -4724.095999917065 -27.401923788642414
    vertex 9229.375799765585 -4724.095999917063 -27.878679656436066
    vertex 9229.997120109145 -4724.095999917063 -27.401923788642385
  endloop
endfacet
facet normal 2.2573555268277157e-14 -1.0 1.5772671400405671e-28
  outer loop
    vertex 9132.997120109145 -4724.095999917065 -27.401923788642414
    vertex 9229.997120109145 -4724.095999917063 -27.401923788642385
    vertex 9132.273577244454 -4724.095999917065 -27.10222252112852
  endloop
endfacet
facet normal 2.2573555268277157e-14 -1.0 1.5772671400405671e-28
  outer loop
    vertex 9132.273577244454 -4724.095999917065 -27.10222252112852
    vertex 9229.997120109145 -4724.095999917063 -27.401923788642385
    vertex 9230.720662973838 -4724.095999917063 -27.102222521128493
  endloop
endfacet
facet normal 2.2573555268277157e-14 -1.0 1.5772671400405671e-28
  outer loop
    vertex 9132.273577244454 -4724.095999917065 -27.10222252112852
    vertex 9230.720662973838 -4724.095999917063 -27.102222521128493
    vertex 9131.497120109147 -4724.095999917065 -26.999999999995726
  endloop
endfacet
facet normal 2.2573555268277157e-14 -1.0 1.5772671400405671e-28
  outer loop
    vertex 9131.497120109147 -4724.095999917065 -26.999999999995726
    vertex 9230.720662973838 -4724.095999917063 -27.102222521128493
    vertex 9231.497120109145 -4724.095999917063 -26.999999999995698
  endloop
endfacet
facet normal 2.2573555268277157e-14 -1.0 1.5772671400405671e-28
  outer loop
    vertex 9256.497120109145 -4724.095999917061 -59.99999999999574
    vertex 9231.497120109145 -4724.095999917063 -32.99999999999578
    vertex 9131.497120109147 -4724.095999917065 -32.99999999999581
  endloop
endfacet
facet normal 2.2573555268277157e-14 -1.0 1.5772671400405671e-28
  outer loop
    vertex 9231.497120109145 -4724.095999917063 -32.99999999999578
    vertex 9256.497120109145 -4724.095999917061 -59.99999999999574
    vertex 9232.273577244452 -4724.095999917063 -32.897777478862984
  endloop
endfacet
facet normal 2.2573555268277157e-14 -1.0 1.5772671400405671e-28
  outer loop
    vertex 9232.273577244452 -4724.095999917063 -32.897777478862984
    vertex 9256.497120109145 -4724.095999917061 -59.99999999999574
    vertex 9232.997120109145 -4724.095999917063 -32.59807621134909
  endloop
endfacet
facet normal 2.2573555268277157e-14 -1.0 1.5772671400405671e-28
  outer loop
    vertex 9232.997120109145 -4724.095999917063 -32.59807621134909
    vertex 9256.497120109145 -4724.095999917061 -59.99999999999574
    vertex 9233.618440452705 -4724.095999917063 -32.12132034355541
  endloop
endfacet
facet normal 2.2573555268277157e-14 -1.0 1.5772671400405671e-28
  outer loop
    vertex 9233.618440452705 -4724.095999917063 -32.12132034355541
    vertex 9256.497120109145 -4724.095999917061 -59.99999999999574
    vertex 9234.095196320499 -4724.095999917063 -31.499999999995758
  endloop
endfacet
facet normal 2.2573555268277157e-14 -1.0 1.5772671400405671e-28
  outer loop
    vertex 9234.095196320499 -4724.095999917063 -31.499999999995758
    vertex 9256.497120109145 -4724.095999917061 -59.99999999999574
    vertex 9256.497120109145 -4724.095999917061 4.263789321612421e-12
  endloop
endfacet
facet normal 2.2573555268277157e-14 -1.0 1.5772671400405671e-28
  outer loop
    vertex 9234.095196320499 -4724.095999917063 -31.499999999995758
    vertex 9256.497120109145 -4724.095999917061 4.263789321612421e-12
    vertex 9234.394897588012 -4724.095999917063 -30.77645713530331
  endloop
endfacet
facet normal 2.2573555268277157e-14 -1.0 1.5772671400405671e-28
  outer loop
    vertex 9234.394897588012 -4724.095999917063 -30.77645713530331
    vertex 9256.497120109145 -4724.095999917061 4.263789321612421e-12
    vertex 9234.497120109145 -4724.095999917063 -29.999999999995737
  endloop
endfacet
facet normal 2.2573555268277157e-14 -1.0 1.5772671400405671e-28
  outer loop
    vertex 9234.497120109145 -4724.095999917063 -29.999999999995737
    vertex 9256.497120109145 -4724.095999917061 4.263789321612421e-12
    vertex 9234.394897588012 -4724.095999917063 -29.223542864688163
  endloop
endfacet
facet normal 2.2573555268277157e-14 -1.0 1.5772671400405671e-28
  outer loop
    vertex 9234.394897588012 -4724.095999917063 -29.223542864688163
    vertex 9256.497120109145 -4724.095999917061 4.263789321612421e-12
    vertex 9234.095196320499 -4724.095999917063 -28.49999999999572
  endloop
endfacet
facet normal 2.2573555268277157e-14 -1.0 1.5772671400405671e-28
  outer loop
    vertex 9234.095196320499 -4724.095999917063 -28.49999999999572
    vertex 9256.497120109145 -4724.095999917061 4.263789321612421e-12
    vertex 9233.618440452705 -4724.095999917063 -27.878679656436066
  endloop
endfacet
facet normal 2.2573555268277157e-14 -1.0 1.5772671400405671e-28
  outer loop
    vertex 9233.618440452705 -4724.095999917063 -27.878679656436066
    vertex 9256.497120109145 -4724.095999917061 4.263789321612421e-12
    vertex 9232.997120109145 -4724.095999917063 -27.401923788642385
  endloop
endfacet
facet normal 2.2573555268277157e-14 -1.0 1.5772671400405671e-28
  outer loop
    vertex 9232.997120109145 -4724.095999917063 -27.401923788642385
    vertex 9256.497120109145 -4724.095999917061 4.263789321612421e-12
    vertex 9232.273577244452 -4724.095999917063 -27.102222521128493
  endloop
endfacet
facet normal 2.2573555268277157e-14 -1.0 1.5772671400405671e-28
  outer loop
    vertex 9232.273577244452 -4724.095999917063 -27.102222521128493
    vertex 9256.497120109145 -4724.095999917061 4.263789321612421e-12
    vertex 9231.497120109145 -4724.095999917063 -26.999999999995698
  endloop
endfacet
facet normal 2.2573555268277157e-14 -1.0 1.5772671400405671e-28
  outer loop
    vertex 9231.497120109145 -4724.095999917063 -26.999999999995698
    vertex 9256.497120109145 -4724.095999917061 4.263789321612421e-12
    vertex 9106.497120109145 -4724.0959999170655 4.222155958188977e-12
  endloop
endfacet
facet normal 2.2573555268277157e-14 -1.0 1.5772671400405671e-28
  outer loop
    vertex 9106.497120109145 -4724.0959999170655 -59.99999999999579
    vertex 9128.89904389779 -4724.095999917064 -31.499999999995786
    vertex 9106.497120109145 -4724.0959999170655 4.222155958188977e-12
  endloop
endfacet
facet normal 2.2573555268277157e-14 -1.0 1.5772671400405671e-28
  outer loop
    vertex 9128.89904389779 -4724.095999917064 -31.499999999995786
    vertex 9106.497120109145 -4724.0959999170655 -59.99999999999579
    vertex 9129.375799765587 -4724.095999917064 -32.12132034355544
  endloop
endfacet
facet normal 2.2573555268277157e-14 -1.0 1.5772671400405671e-28
  outer loop
    vertex 9129.375799765587 -4724.095999917064 -32.12132034355544
    vertex 9106.497120109145 -4724.0959999170655 -59.99999999999579
    vertex 9129.997120109147 -4724.095999917064 -32.59807621134912
  endloop
endfacet
facet normal 2.2573555268277157e-14 -1.0 1.5772671400405671e-28
  outer loop
    vertex 9129.997120109147 -4724.095999917064 -32.59807621134912
    vertex 9106.497120109145 -4724.0959999170655 -59.99999999999579
    vertex 9130.720662973838 -4724.095999917065 -32.89777747886301
  endloop
endfacet
facet normal 2.2573555268277157e-14 -1.0 1.5772671400405671e-28
  outer loop
    vertex 9130.720662973838 -4724.095999917065 -32.89777747886301
    vertex 9106.497120109145 -4724.0959999170655 -59.99999999999579
    vertex 9256.497120109145 -4724.095999917061 -59.99999999999574
  endloop
endfacet
facet normal 2.2573555268277157e-14 -1.0 1.5772671400405671e-28
  outer loop
    vertex 9130.720662973838 -4724.095999917065 -32.89777747886301
    vertex 9256.497120109145 -4724.095999917061 -59.99999999999574
    vertex 9131.497120109147 -4724.095999917065 -32.99999999999581
  endloop
endfacet
facet normal 2.2573555268277157e-14 -1.0 1.5772671400405671e-28
  outer loop
    vertex 9106.497120109145 -4724.0959999170655 4.222155958188977e-12
    vertex 9128.89904389779 -4724.095999917064 -31.499999999995786
    vertex 9128.599342630278 -4724.095999917064 -30.77645713530334
  endloop
endfacet
facet normal 2.2573555268277157e-14 -1.0 1.5772671400405671e-28
  outer loop
    vertex 9106.497120109145 -4724.0959999170655 4.222155958188977e-12
    vertex 9128.599342630278 -4724.095999917064 -30.77645713530334
    vertex 9128.497120109145 -4724.095999917064 -29.999999999995765
  endloop
endfacet
facet normal 2.2573555268277157e-14 -1.0 1.5772671400405671e-28
  outer loop
    vertex 9106.497120109145 -4724.0959999170655 4.222155958188977e-12
    vertex 9128.497120109145 -4724.095999917064 -29.999999999995765
    vertex 9128.599342630278 -4724.095999917064 -29.22354286468819
  endloop
endfacet
facet normal 2.2573555268277157e-14 -1.0 1.5772671400405671e-28
  outer loop
    vertex 9106.497120109145 -4724.0959999170655 4.222155958188977e-12
    vertex 9128.599342630278 -4724.095999917064 -29.22354286468819
    vertex 9128.89904389779 -4724.095999917064 -28.499999999995747
  endloop
endfacet
facet normal 2.2573555268277157e-14 -1.0 1.5772671400405671e-28
  outer loop
    vertex 9106.497120109145 -4724.0959999170655 4.222155958188977e-12
    vertex 9128.89904389779 -4724.095999917064 -28.499999999995747
    vertex 9129.375799765587 -4724.095999917064 -27.878679656436095
  endloop
endfacet
facet normal 2.2573555268277157e-14 -1.0 1.5772671400405671e-28
  outer loop
    vertex 9106.497120109145 -4724.0959999170655 4.222155958188977e-12
    vertex 9129.375799765587 -4724.095999917064 -27.878679656436095
    vertex 9129.997120109147 -4724.095999917064 -27.401923788642414
  endloop
endfacet
facet normal 2.2573555268277157e-14 -1.0 1.5772671400405671e-28
  outer loop
    vertex 9106.497120109145 -4724.0959999170655 4.222155958188977e-12
    vertex 9129.997120109147 -4724.095999917064 -27.401923788642414
    vertex 9130.720662973838 -4724.095999917065 -27.10222252112852
  endloop
endfacet
facet normal 2.2573555268277157e-14 -1.0 1.5772671400405671e-28
  outer loop
    vertex 9106.497120109145 -4724.0959999170655 4.222155958188977e-12
    vertex 9130.720662973838 -4724.095999917065 -27.10222252112852
    vertex 9131.497120109147 -4724.095999917065 -26.999999999995726
  endloop
endfacet
facet normal 2.2573555268277157e-14 -1.0 1.5772671400405671e-28
  outer loop
    vertex 9106.497120109145 -4724.0959999170655 4.222155958188977e-12
    vertex 9131.497120109147 -4724.095999917065 -26.999999999995726
    vertex 9231.497120109145 -4724.095999917063 -26.999999999995698
  endloop
endfacet
facet normal 0.7933533402910848 1.7908805474333006e-14 -0.6087614290089164
  outer loop
    vertex 9128.89904389779 -4714.095999917064 -28.499999999995747
    vertex 9129.375799765587 -4724.095999917064 -27.878679656436095
    vertex 9128.89904389779 -4724.095999917064 -28.499999999995747
  endloop
endfacet
facet normal 0.7933533402910848 1.7908805474333006e-14 -0.6087614290089164
  outer loop
    vertex 9129.375799765587 -4724.095999917064 -27.878679656436095
    vertex 9128.89904389779 -4714.095999917064 -28.499999999995747
    vertex 9129.375799765585 -4714.095999917064 -27.878679656436095
  endloop
endfacet
facet normal -0.991444861373834 -2.2380435373671612e-14 0.13052619221987258
  outer loop
    vertex 9134.497120109143 -4654.095999917065 -29.999999999995765
    vertex 9134.394897588012 -4664.095999917065 -30.77645713530334
    vertex 9134.497120109143 -4664.095999917065 -29.999999999995765
  endloop
endfacet
facet normal -0.991444861373834 -2.2380435373671612e-14 0.13052619221987258
  outer loop
    vertex 9134.394897588012 -4664.095999917065 -30.77645713530334
    vertex 9134.497120109143 -4654.095999917065 -29.999999999995765
    vertex 9134.394897588012 -4654.095999917065 -30.77645713530334
  endloop
endfacet
facet normal -0.7933533402910846 -1.790880547433319e-14 -0.6087614290089169
  outer loop
    vertex 9133.618440452705 -4654.095999917065 -27.87867965643609
    vertex 9134.095196320497 -4664.095999917065 -28.499999999995747
    vertex 9133.618440452705 -4664.095999917065 -27.87867965643609
  endloop
endfacet
facet normal -0.7933533402910846 -1.790880547433319e-14 -0.6087614290089169
  outer loop
    vertex 9134.095196320497 -4664.095999917065 -28.499999999995747
    vertex 9133.618440452705 -4654.095999917065 -27.87867965643609
    vertex 9134.095196320497 -4654.095999917065 -28.499999999995747
  endloop
endfacet
facet normal 0.7933533402910846 1.790880547433319e-14 0.6087614290089169
  outer loop
    vertex 9129.375799765585 -4654.095999917064 -32.12132034355543
    vertex 9128.89904389779 -4664.095999917064 -31.49999999999578
    vertex 9129.375799765585 -4664.095999917064 -32.12132034355543
  endloop
endfacet
facet normal 0.7933533402910846 1.790880547433319e-14 0.6087614290089169
  outer loop
    vertex 9128.89904389779 -4664.095999917064 -31.49999999999578
    vertex 9129.375799765585 -4654.095999917064 -32.12132034355543
    vertex 9128.89904389779 -4654.095999917064 -31.49999999999578
  endloop
endfacet
facet normal -0.991444861373834 -2.2380435373671612e-14 0.13052619221987258
  outer loop
    vertex 9234.497120109145 -4714.095999917063 -29.999999999995737
    vertex 9234.394897588012 -4724.095999917063 -30.77645713530331
    vertex 9234.497120109145 -4724.095999917063 -29.999999999995737
  endloop
endfacet
facet normal -0.991444861373834 -2.2380435373671612e-14 0.13052619221987258
  outer loop
    vertex 9234.394897588012 -4724.095999917063 -30.77645713530331
    vertex 9234.497120109145 -4714.095999917063 -29.999999999995737
    vertex 9234.394897588012 -4714.095999917063 -30.77645713530331
  endloop
endfacet
facet normal -0.991444861373834 -2.2380435373671643e-14 -0.13052619221987313
  outer loop
    vertex 9134.394897588012 -4654.095999917065 -29.22354286468819
    vertex 9134.497120109143 -4664.095999917065 -29.999999999995765
    vertex 9134.394897588012 -4664.095999917065 -29.22354286468819
  endloop
endfacet
facet normal -0.991444861373834 -2.2380435373671643e-14 -0.13052619221987313
  outer loop
    vertex 9134.497120109143 -4664.095999917065 -29.999999999995765
    vertex 9134.394897588012 -4654.095999917065 -29.22354286468819
    vertex 9134.497120109143 -4654.095999917065 -29.999999999995765
  endloop
endfacet
facet normal 0.9238795325113017 2.085524568837399e-14 0.382683432365054
  outer loop
    vertex 9228.89904389779 -4714.095999917063 -31.499999999995758
    vertex 9228.599342630278 -4724.095999917063 -30.77645713530331
    vertex 9228.899043897793 -4724.095999917063 -31.499999999995758
  endloop
endfacet
facet normal 0.9238795325113017 2.085524568837399e-14 0.382683432365054
  outer loop
    vertex 9228.599342630278 -4724.095999917063 -30.77645713530331
    vertex 9228.89904389779 -4714.095999917063 -31.499999999995758
    vertex 9228.599342630278 -4714.095999917063 -30.77645713530331
  endloop
endfacet
facet normal 0.991444861373834 2.2380435373671612e-14 -0.13052619221987258
  outer loop
    vertex 9128.497120109145 -4714.095999917064 -29.999999999995765
    vertex 9128.599342630278 -4724.095999917064 -29.22354286468819
    vertex 9128.497120109145 -4724.095999917064 -29.999999999995765
  endloop
endfacet
facet normal 0.991444861373834 2.2380435373671612e-14 -0.13052619221987258
  outer loop
    vertex 9128.599342630278 -4724.095999917064 -29.22354286468819
    vertex 9128.497120109145 -4714.095999917064 -29.999999999995765
    vertex 9128.599342630278 -4714.095999917064 -29.22354286468819
  endloop
endfacet
facet normal -2.2573555268277157e-14 1.0 -1.5772671400405671e-28
  outer loop
    vertex 9106.497120109145 -4654.0959999170655 -59.99999999999579
    vertex 9156.497120109145 -4654.095999917064 -49.999999999995765
    vertex 9246.497120109143 -4654.095999917061 -59.99999999999574
  endloop
endfacet
facet normal -2.2573555268277157e-14 1.0 -1.5772671400405671e-28
  outer loop
    vertex 9156.497120109145 -4654.095999917064 -49.999999999995765
    vertex 9106.497120109145 -4654.0959999170655 -59.99999999999579
    vertex 9129.997120109143 -4654.095999917064 -32.59807621134911
  endloop
endfacet
facet normal -2.2573555268277157e-14 1.0 -1.5772671400405671e-28
  outer loop
    vertex 9129.997120109143 -4654.095999917064 -32.59807621134911
    vertex 9106.497120109145 -4654.0959999170655 -59.99999999999579
    vertex 9129.375799765585 -4654.095999917064 -32.12132034355543
  endloop
endfacet
facet normal -2.2573555268277157e-14 1.0 -1.5772671400405671e-28
  outer loop
    vertex 9129.375799765585 -4654.095999917064 -32.12132034355543
    vertex 9106.497120109145 -4654.0959999170655 -59.99999999999579
    vertex 9128.89904389779 -4654.095999917064 -31.49999999999578
  endloop
endfacet
facet normal -2.2573555268277157e-14 1.0 -1.5772671400405671e-28
  outer loop
    vertex 9128.89904389779 -4654.095999917064 -31.49999999999578
    vertex 9106.497120109145 -4654.0959999170655 -59.99999999999579
    vertex 9106.497120109145 -4654.0959999170655 4.222155958188967e-12
  endloop
endfacet
facet normal -2.2573555268277157e-14 1.0 -1.5772671400405671e-28
  outer loop
    vertex 9156.497120109145 -4654.095999917064 -49.999999999995765
    vertex 9129.997120109143 -4654.095999917064 -32.59807621134911
    vertex 9130.720662973836 -4654.095999917065 -32.897777478863006
  endloop
endfacet
facet normal -2.2573555268277157e-14 1.0 -1.5772671400405671e-28
  outer loop
    vertex 9156.497120109145 -4654.095999917064 -49.999999999995765
    vertex 9130.720662973836 -4654.095999917065 -32.897777478863006
    vertex 9131.497120109145 -4654.095999917065 -32.9999999999958
  endloop
endfacet
facet normal -2.2573555268277157e-14 1.0 -1.5772671400405671e-28
  outer loop
    vertex 9128.89904389779 -4654.095999917064 -31.49999999999578
    vertex 9106.497120109145 -4654.0959999170655 4.222155958188967e-12
    vertex 9128.599342630278 -4654.095999917064 -30.776457135303335
  endloop
endfacet
facet normal -2.2573555268277157e-14 1.0 -1.5772671400405671e-28
  outer loop
    vertex 9128.599342630278 -4654.095999917064 -30.776457135303335
    vertex 9106.497120109145 -4654.0959999170655 4.222155958188967e-12
    vertex 9128.497120109143 -4654.095999917064 -29.99999999999576
  endloop
endfacet
facet normal -2.2573555268277157e-14 1.0 -1.5772671400405671e-28
  outer loop
    vertex 9128.497120109143 -4654.095999917064 -29.99999999999576
    vertex 9106.497120109145 -4654.0959999170655 4.222155958188967e-12
    vertex 9128.599342630278 -4654.095999917064 -29.223542864688188
  endloop
endfacet
facet normal -2.2573555268277157e-14 1.0 -1.5772671400405671e-28
  outer loop
    vertex 9128.599342630278 -4654.095999917064 -29.223542864688188
    vertex 9106.497120109145 -4654.0959999170655 4.222155958188967e-12
    vertex 9128.89904389779 -4654.095999917064 -28.49999999999574
  endloop
endfacet
facet normal -2.2573555268277157e-14 1.0 -1.5772671400405671e-28
  outer loop
    vertex 9128.89904389779 -4654.095999917064 -28.49999999999574
    vertex 9106.497120109145 -4654.0959999170655 4.222155958188967e-12
    vertex 9129.375799765585 -4654.095999917064 -27.87867965643609
  endloop
endfacet
facet normal -2.2573555268277157e-14 1.0 -1.5772671400405671e-28
  outer loop
    vertex 9129.375799765585 -4654.095999917064 -27.87867965643609
    vertex 9106.497120109145 -4654.0959999170655 4.222155958188967e-12
    vertex 9129.997120109143 -4654.095999917064 -27.40192378864241
  endloop
endfacet
facet normal -2.2573555268277157e-14 1.0 -1.5772671400405671e-28
  outer loop
    vertex 9129.997120109143 -4654.095999917064 -27.40192378864241
    vertex 9106.497120109145 -4654.0959999170655 4.222155958188967e-12
    vertex 9130.720662973836 -4654.095999917065 -27.102222521128517
  endloop
endfacet
facet normal -2.2573555268277157e-14 1.0 -1.5772671400405671e-28
  outer loop
    vertex 9130.720662973836 -4654.095999917065 -27.102222521128517
    vertex 9106.497120109145 -4654.0959999170655 4.222155958188967e-12
    vertex 9131.497120109145 -4654.095999917065 -26.99999999999572
  endloop
endfacet
facet normal -2.2573555268277157e-14 1.0 -1.5772671400405671e-28
  outer loop
    vertex 9156.497120109145 -4654.095999917064 -49.999999999995765
    vertex 9134.095196320497 -4654.095999917065 -31.499999999995786
    vertex 9156.497120109145 -4654.095999917064 4.236033745996781e-12
  endloop
endfacet
facet normal -2.2573555268277157e-14 1.0 -1.5772671400405671e-28
  outer loop
    vertex 9134.095196320497 -4654.095999917065 -31.499999999995786
    vertex 9156.497120109145 -4654.095999917064 -49.999999999995765
    vertex 9133.618440452705 -4654.095999917065 -32.12132034355543
  endloop
endfacet
facet normal -2.2573555268277157e-14 1.0 -1.5772671400405671e-28
  outer loop
    vertex 9133.618440452705 -4654.095999917065 -32.12132034355543
    vertex 9156.497120109145 -4654.095999917064 -49.999999999995765
    vertex 9132.997120109145 -4654.095999917065 -32.59807621134911
  endloop
endfacet
facet normal -2.2573555268277157e-14 1.0 -1.5772671400405671e-28
  outer loop
    vertex 9132.997120109145 -4654.095999917065 -32.59807621134911
    vertex 9156.497120109145 -4654.095999917064 -49.999999999995765
    vertex 9132.27357724445 -4654.095999917065 -32.897777478863006
  endloop
endfacet
facet normal -2.2573555268277157e-14 1.0 -1.5772671400405671e-28
  outer loop
    vertex 9132.27357724445 -4654.095999917065 -32.897777478863006
    vertex 9156.497120109145 -4654.095999917064 -49.999999999995765
    vertex 9131.497120109145 -4654.095999917065 -32.9999999999958
  endloop
endfacet
facet normal -2.2573555268277157e-14 1.0 -1.5772671400405671e-28
  outer loop
    vertex 9156.497120109145 -4654.095999917064 4.236033745996781e-12
    vertex 9134.095196320497 -4654.095999917065 -31.499999999995786
    vertex 9134.394897588012 -4654.095999917065 -30.77645713530334
  endloop
endfacet
facet normal -2.2573555268277157e-14 1.0 -1.5772671400405671e-28
  outer loop
    vertex 9156.497120109145 -4654.095999917064 4.236033745996781e-12
    vertex 9134.394897588012 -4654.095999917065 -30.77645713530334
    vertex 9134.497120109143 -4654.095999917065 -29.999999999995765
  endloop
endfacet
facet normal -2.2573555268277157e-14 1.0 -1.5772671400405671e-28
  outer loop
    vertex 9156.497120109145 -4654.095999917064 4.236033745996781e-12
    vertex 9134.497120109143 -4654.095999917065 -29.999999999995765
    vertex 9134.394897588012 -4654.095999917065 -29.22354286468819
  endloop
endfacet
facet normal -2.2573555268277157e-14 1.0 -1.5772671400405671e-28
  outer loop
    vertex 9156.497120109145 -4654.095999917064 4.236033745996781e-12
    vertex 9134.394897588012 -4654.095999917065 -29.22354286468819
    vertex 9134.095196320497 -4654.095999917065 -28.499999999995747
  endloop
endfacet
facet normal -2.2573555268277157e-14 1.0 -1.5772671400405671e-28
  outer loop
    vertex 9156.497120109145 -4654.095999917064 4.236033745996781e-12
    vertex 9134.095196320497 -4654.095999917065 -28.499999999995747
    vertex 9133.618440452705 -4654.095999917065 -27.87867965643609
  endloop
endfacet
facet normal -2.2573555268277157e-14 1.0 -1.5772671400405671e-28
  outer loop
    vertex 9156.497120109145 -4654.095999917064 4.236033745996781e-12
    vertex 9133.618440452705 -4654.095999917065 -27.87867965643609
    vertex 9132.997120109145 -4654.095999917065 -27.40192378864241
  endloop
endfacet
facet normal -2.2573555268277157e-14 1.0 -1.5772671400405671e-28
  outer loop
    vertex 9156.497120109145 -4654.095999917064 4.236033745996781e-12
    vertex 9132.997120109145 -4654.095999917065 -27.40192378864241
    vertex 9132.27357724445 -4654.095999917065 -27.102222521128517
  endloop
endfacet
facet normal -2.2573555268277157e-14 1.0 -1.5772671400405671e-28
  outer loop
    vertex 9156.497120109145 -4654.095999917064 4.236033745996781e-12
    vertex 9132.27357724445 -4654.095999917065 -27.102222521128517
    vertex 9131.497120109145 -4654.095999917065 -26.99999999999572
  endloop
endfacet
facet normal -2.2573555268277157e-14 1.0 -1.5772671400405671e-28
  outer loop
    vertex 9156.497120109145 -4654.095999917064 4.236033745996781e-12
    vertex 9131.497120109145 -4654.095999917065 -26.99999999999572
    vertex 9106.497120109145 -4654.0959999170655 4.222155958188967e-12
  endloop
endfacet
facet normal -2.2573555268277157e-14 1.0 -1.5772671400405671e-28
  outer loop
    vertex 9156.497120109145 -4654.095999917064 -49.999999999995765
    vertex 9246.497120109143 -4654.095999917061 -49.99999999999573
    vertex 9246.497120109143 -4654.095999917061 -59.99999999999574
  endloop
endfacet
facet normal -2.2573555268277157e-14 1.0 -1.5772671400405671e-28
  outer loop
    vertex 9246.497120109143 -4654.095999917061 -49.99999999999573
    vertex 9156.497120109145 -4654.095999917064 -49.999999999995765
    vertex 9206.497120109143 -4654.095999917064 -49.999999999995744
  endloop
endfacet
facet normal 2.2573555268277157e-14 -1.0 1.5772671400405671e-28
  outer loop
    vertex 9156.497120109145 -4664.095999917063 -49.999999999995765
    vertex 9132.27357724445 -4664.095999917065 -32.897777478863006
    vertex 9131.497120109145 -4664.095999917065 -32.9999999999958
  endloop
endfacet
facet normal 2.2573555268277157e-14 -1.0 1.5772671400405671e-28
  outer loop
    vertex 9132.27357724445 -4664.095999917065 -32.897777478863006
    vertex 9156.497120109145 -4664.095999917063 -49.999999999995765
    vertex 9132.997120109145 -4664.095999917065 -32.59807621134911
  endloop
endfacet
facet normal 2.2573555268277157e-14 -1.0 1.5772671400405671e-28
  outer loop
    vertex 9132.997120109145 -4664.095999917065 -32.59807621134911
    vertex 9156.497120109145 -4664.095999917063 -49.999999999995765
    vertex 9133.618440452705 -4664.095999917065 -32.12132034355543
  endloop
endfacet
facet normal 2.2573555268277157e-14 -1.0 1.5772671400405671e-28
  outer loop
    vertex 9133.618440452705 -4664.095999917065 -32.12132034355543
    vertex 9156.497120109145 -4664.095999917063 -49.999999999995765
    vertex 9134.095196320497 -4664.095999917065 -31.499999999995786
  endloop
endfacet
facet normal 2.2573555268277157e-14 -1.0 1.5772671400405671e-28
  outer loop
    vertex 9134.095196320497 -4664.095999917065 -31.499999999995786
    vertex 9156.497120109145 -4664.095999917063 -49.999999999995765
    vertex 9156.497120109145 -4664.095999917063 4.236033745996783e-12
  endloop
endfacet
facet normal 2.2573555268277157e-14 -1.0 1.5772671400405671e-28
  outer loop
    vertex 9134.095196320497 -4664.095999917065 -31.499999999995786
    vertex 9156.497120109145 -4664.095999917063 4.236033745996783e-12
    vertex 9134.394897588012 -4664.095999917065 -30.77645713530334
  endloop
endfacet
facet normal 2.2573555268277157e-14 -1.0 1.5772671400405671e-28
  outer loop
    vertex 9134.394897588012 -4664.095999917065 -30.77645713530334
    vertex 9156.497120109145 -4664.095999917063 4.236033745996783e-12
    vertex 9134.497120109143 -4664.095999917065 -29.999999999995765
  endloop
endfacet
facet normal 2.2573555268277157e-14 -1.0 1.5772671400405671e-28
  outer loop
    vertex 9134.497120109143 -4664.095999917065 -29.999999999995765
    vertex 9156.497120109145 -4664.095999917063 4.236033745996783e-12
    vertex 9134.394897588012 -4664.095999917065 -29.22354286468819
  endloop
endfacet
facet normal 2.2573555268277157e-14 -1.0 1.5772671400405671e-28
  outer loop
    vertex 9134.394897588012 -4664.095999917065 -29.22354286468819
    vertex 9156.497120109145 -4664.095999917063 4.236033745996783e-12
    vertex 9134.095196320497 -4664.095999917065 -28.499999999995747
  endloop
endfacet
facet normal 2.2573555268277157e-14 -1.0 1.5772671400405671e-28
  outer loop
    vertex 9134.095196320497 -4664.095999917065 -28.499999999995747
    vertex 9156.497120109145 -4664.095999917063 4.236033745996783e-12
    vertex 9133.618440452705 -4664.095999917065 -27.87867965643609
  endloop
endfacet
facet normal 2.2573555268277157e-14 -1.0 1.5772671400405671e-28
  outer loop
    vertex 9133.618440452705 -4664.095999917065 -27.87867965643609
    vertex 9156.497120109145 -4664.095999917063 4.236033745996783e-12
    vertex 9132.997120109145 -4664.095999917065 -27.40192378864241
  endloop
endfacet
facet normal 2.2573555268277157e-14 -1.0 1.5772671400405671e-28
  outer loop
    vertex 9132.997120109145 -4664.095999917065 -27.40192378864241
    vertex 9156.497120109145 -4664.095999917063 4.236033745996783e-12
    vertex 9132.27357724445 -4664.095999917065 -27.102222521128517
  endloop
endfacet
facet normal 2.2573555268277157e-14 -1.0 1.5772671400405671e-28
  outer loop
    vertex 9132.27357724445 -4664.095999917065 -27.102222521128517
    vertex 9156.497120109145 -4664.095999917063 4.236033745996783e-12
    vertex 9131.497120109145 -4664.095999917065 -26.99999999999572
  endloop
endfacet
facet normal 2.2573555268277157e-14 -1.0 1.5772671400405671e-28
  outer loop
    vertex 9131.497120109145 -4664.095999917065 -26.99999999999572
    vertex 9156.497120109145 -4664.095999917063 4.236033745996783e-12
    vertex 9106.497120109145 -4664.0959999170655 4.2221559581889684e-12
  endloop
endfacet
facet normal 2.2573555268277157e-14 -1.0 1.5772671400405671e-28
  outer loop
    vertex 9106.497120109145 -4664.0959999170655 -49.999999999995765
    vertex 9128.89904389779 -4664.095999917064 -31.49999999999578
    vertex 9106.497120109145 -4664.0959999170655 4.2221559581889684e-12
  endloop
endfacet
facet normal 2.2573555268277157e-14 -1.0 1.5772671400405671e-28
  outer loop
    vertex 9128.89904389779 -4664.095999917064 -31.49999999999578
    vertex 9106.497120109145 -4664.0959999170655 -49.999999999995765
    vertex 9129.375799765585 -4664.095999917064 -32.12132034355543
  endloop
endfacet
facet normal 2.2573555268277157e-14 -1.0 1.5772671400405671e-28
  outer loop
    vertex 9129.375799765585 -4664.095999917064 -32.12132034355543
    vertex 9106.497120109145 -4664.0959999170655 -49.999999999995765
    vertex 9129.997120109143 -4664.095999917064 -32.59807621134911
  endloop
endfacet
facet normal 2.2573555268277157e-14 -1.0 1.5772671400405671e-28
  outer loop
    vertex 9129.997120109143 -4664.095999917064 -32.59807621134911
    vertex 9106.497120109145 -4664.0959999170655 -49.999999999995765
    vertex 9156.497120109145 -4664.095999917063 -49.999999999995765
  endloop
endfacet
facet normal 2.2573555268277157e-14 -1.0 1.5772671400405671e-28
  outer loop
    vertex 9129.997120109143 -4664.095999917064 -32.59807621134911
    vertex 9156.497120109145 -4664.095999917063 -49.999999999995765
    vertex 9130.720662973836 -4664.095999917065 -32.897777478863006
  endloop
endfacet
facet normal 2.2573555268277157e-14 -1.0 1.5772671400405671e-28
  outer loop
    vertex 9130.720662973836 -4664.095999917065 -32.897777478863006
    vertex 9156.497120109145 -4664.095999917063 -49.999999999995765
    vertex 9131.497120109145 -4664.095999917065 -32.9999999999958
  endloop
endfacet
facet normal 2.2573555268277157e-14 -1.0 1.5772671400405671e-28
  outer loop
    vertex 9106.497120109145 -4664.0959999170655 4.2221559581889684e-12
    vertex 9128.89904389779 -4664.095999917064 -31.49999999999578
    vertex 9128.599342630278 -4664.095999917064 -30.776457135303335
  endloop
endfacet
facet normal 2.2573555268277157e-14 -1.0 1.5772671400405671e-28
  outer loop
    vertex 9106.497120109145 -4664.0959999170655 4.2221559581889684e-12
    vertex 9128.599342630278 -4664.095999917064 -30.776457135303335
    vertex 9128.497120109143 -4664.095999917064 -29.99999999999576
  endloop
endfacet
facet normal 2.2573555268277157e-14 -1.0 1.5772671400405671e-28
  outer loop
    vertex 9106.497120109145 -4664.0959999170655 4.2221559581889684e-12
    vertex 9128.497120109143 -4664.095999917064 -29.99999999999576
    vertex 9128.599342630278 -4664.095999917064 -29.223542864688188
  endloop
endfacet
facet normal 2.2573555268277157e-14 -1.0 1.5772671400405671e-28
  outer loop
    vertex 9106.497120109145 -4664.0959999170655 4.2221559581889684e-12
    vertex 9128.599342630278 -4664.095999917064 -29.223542864688188
    vertex 9128.89904389779 -4664.095999917064 -28.49999999999574
  endloop
endfacet
facet normal 2.2573555268277157e-14 -1.0 1.5772671400405671e-28
  outer loop
    vertex 9106.497120109145 -4664.0959999170655 4.2221559581889684e-12
    vertex 9128.89904389779 -4664.095999917064 -28.49999999999574
    vertex 9129.375799765585 -4664.095999917064 -27.87867965643609
  endloop
endfacet
facet normal 2.2573555268277157e-14 -1.0 1.5772671400405671e-28
  outer loop
    vertex 9106.497120109145 -4664.0959999170655 4.2221559581889684e-12
    vertex 9129.375799765585 -4664.095999917064 -27.87867965643609
    vertex 9129.997120109143 -4664.095999917064 -27.40192378864241
  endloop
endfacet
facet normal 2.2573555268277157e-14 -1.0 1.5772671400405671e-28
  outer loop
    vertex 9106.497120109145 -4664.0959999170655 4.2221559581889684e-12
    vertex 9129.997120109143 -4664.095999917064 -27.40192378864241
    vertex 9130.720662973836 -4664.095999917065 -27.102222521128517
  endloop
endfacet
facet normal 2.2573555268277157e-14 -1.0 1.5772671400405671e-28
  outer loop
    vertex 9106.497120109145 -4664.0959999170655 4.2221559581889684e-12
    vertex 9130.720662973836 -4664.095999917065 -27.102222521128517
    vertex 9131.497120109145 -4664.095999917065 -26.99999999999572
  endloop
endfacet
facet normal 2.2573555268277157e-14 -1.0 1.5772671400405671e-28
  outer loop
    vertex 9256.497120109143 -4664.095999917061 -49.99999999999574
    vertex 9206.497120109143 -4664.095999917063 4.244271600839501e-12
    vertex 9206.497120109143 -4664.095999917063 -49.999999999995744
  endloop
endfacet
facet normal 2.2573555268277157e-14 -1.0 1.5772671400405671e-28
  outer loop
    vertex 9206.497120109143 -4664.095999917063 4.244271600839501e-12
    vertex 9256.497120109143 -4664.095999917061 -49.99999999999574
    vertex 9256.497120109143 -4664.095999917061 4.258149388647316e-12
  endloop
endfacet
facet normal -1.0 -3.0939060837096806e-14 3.4512664603419266e-31
  outer loop
    vertex 9206.497120109141 -4614.095999917063 4.244271600839493e-12
    vertex 9206.497120109143 -4664.095999917063 -49.999999999995744
    vertex 9206.497120109143 -4664.095999917063 4.244271600839501e-12
  endloop
endfacet
facet normal -1.0 -3.0939060837096806e-14 3.4512664603419266e-31
  outer loop
    vertex 9206.497120109143 -4664.095999917063 -49.999999999995744
    vertex 9206.497120109141 -4614.095999917063 4.244271600839493e-12
    vertex 9206.497120109143 -4654.095999917064 -49.999999999995744
  endloop
endfacet
facet normal -1.0 -3.0939060837096806e-14 3.4512664603419266e-31
  outer loop
    vertex 9206.497120109143 -4654.095999917064 -49.999999999995744
    vertex 9206.497120109141 -4614.095999917063 4.244271600839493e-12
    vertex 9206.497120109141 -4614.095999917063 -49.999999999995744
  endloop
endfacet
facet normal 2.7755575615628914e-16 -1.5146129380243427e-28 -1.0
  outer loop
    vertex 9246.497120109143 -4654.095999917061 -49.99999999999573
    vertex 9206.497120109143 -4654.095999917064 -49.999999999995744
    vertex 9206.497120109141 -4614.095999917063 -49.999999999995744
  endloop
endfacet
facet normal -0.6087614290087633 -1.3741909762924823e-14 -0.7933533402912025
  outer loop
    vertex 9133.618440452705 -4654.095999917065 -27.87867965643609
    vertex 9132.997120109145 -4664.095999917065 -27.40192378864241
    vertex 9132.997120109145 -4654.095999917065 -27.40192378864241
  endloop
endfacet
facet normal -0.6087614290087633 -1.3741909762924823e-14 -0.7933533402912025
  outer loop
    vertex 9132.997120109145 -4664.095999917065 -27.40192378864241
    vertex 9133.618440452705 -4654.095999917065 -27.87867965643609
    vertex 9133.618440452705 -4664.095999917065 -27.87867965643609
  endloop
endfacet
facet normal 0.9238795325113017 2.0855245688373992e-14 0.382683432365054
  outer loop
    vertex 9128.89904389779 -4654.095999917064 -31.49999999999578
    vertex 9128.599342630278 -4664.095999917064 -30.776457135303335
    vertex 9128.89904389779 -4664.095999917064 -31.49999999999578
  endloop
endfacet
facet normal 0.9238795325113017 2.0855245688373992e-14 0.382683432365054
  outer loop
    vertex 9128.599342630278 -4664.095999917064 -30.776457135303335
    vertex 9128.89904389779 -4654.095999917064 -31.49999999999578
    vertex 9128.599342630278 -4654.095999917064 -30.776457135303335
  endloop
endfacet
facet normal 0.3826834323653109 0.9238795325111953 1.294829589876951e-16
  outer loop
    vertex 9229.997120109143 -4691.694076128415 -49.99999999999574
    vertex 9230.720662973836 -4691.993777395928 -59.99999999999583
    vertex 9229.997120109143 -4691.694076128415 -59.99999999999583
  endloop
endfacet
facet normal 0.3826834323653109 0.9238795325111953 1.294829589876951e-16
  outer loop
    vertex 9230.720662973836 -4691.993777395928 -59.99999999999583
    vertex 9229.997120109143 -4691.694076128415 -49.99999999999574
    vertex 9230.720662973836 -4691.993777395928 -49.99999999999574
  endloop
endfacet
facet normal -0.13052619222007525 -2.9464402140374794e-15 0.9914448613738073
  outer loop
    vertex 9132.27357724445 -4664.095999917065 -32.897777478863006
    vertex 9131.497120109145 -4654.095999917065 -32.9999999999958
    vertex 9131.497120109145 -4664.095999917065 -32.9999999999958
  endloop
endfacet
facet normal -0.13052619222007525 -2.9464402140374794e-15 0.9914448613738073
  outer loop
    vertex 9131.497120109145 -4654.095999917065 -32.9999999999958
    vertex 9132.27357724445 -4664.095999917065 -32.897777478863006
    vertex 9132.27357724445 -4654.095999917065 -32.897777478863006
  endloop
endfacet
facet normal -0.13052619221983836 0.9914448613738385 -4.4164226001539016e-17
  outer loop
    vertex 9231.497120109143 -4692.095999917061 -49.99999999999574
    vertex 9232.27357724445 -4691.993777395928 -59.99999999999583
    vertex 9231.497120109143 -4692.095999917061 -59.99999999999583
  endloop
endfacet
facet normal -0.13052619221983836 0.9914448613738385 -4.4164226001539016e-17
  outer loop
    vertex 9232.27357724445 -4691.993777395928 -59.99999999999583
    vertex 9231.497120109143 -4692.095999917061 -49.99999999999574
    vertex 9232.27357724445 -4691.993777395928 -49.99999999999574
  endloop
endfacet
facet normal 0.991444861373834 2.2380435373671612e-14 -0.13052619221987258
  outer loop
    vertex 9128.497120109143 -4654.095999917064 -29.99999999999576
    vertex 9128.599342630278 -4664.095999917064 -29.223542864688188
    vertex 9128.497120109143 -4664.095999917064 -29.99999999999576
  endloop
endfacet
facet normal 0.991444861373834 2.2380435373671612e-14 -0.13052619221987258
  outer loop
    vertex 9128.599342630278 -4664.095999917064 -29.223542864688188
    vertex 9128.497120109143 -4654.095999917064 -29.99999999999576
    vertex 9128.599342630278 -4654.095999917064 -29.223542864688188
  endloop
endfacet
facet normal 0.7071067811865316 0.7071067811865636 2.875036965886597e-16
  outer loop
    vertex 9206.497120109141 -4614.095999917063 4.244271600839493e-12
    vertex 9246.497120109143 -4654.095999917061 -49.99999999999573
    vertex 9206.497120109141 -4614.095999917063 -49.999999999995744
  endloop
endfacet
facet normal 0.7071067811865316 0.7071067811865636 2.875036965886597e-16
  outer loop
    vertex 9246.497120109143 -4654.095999917061 -49.99999999999573
    vertex 9256.497120109143 -4664.095999917061 -59.99999999999574
    vertex 9246.497120109143 -4654.095999917061 -59.99999999999574
  endloop
endfacet
facet normal 0.7071067811865316 0.7071067811865636 2.875036965886597e-16
  outer loop
    vertex 9256.497120109143 -4664.095999917061 -59.99999999999574
    vertex 9246.497120109143 -4654.095999917061 -49.99999999999573
    vertex 9256.497120109143 -4664.095999917061 -49.99999999999574
  endloop
endfacet
facet normal 0.7071067811865316 0.7071067811865636 2.875036965886597e-16
  outer loop
    vertex 9256.497120109143 -4664.095999917061 -49.99999999999574
    vertex 9246.497120109143 -4654.095999917061 -49.99999999999573
    vertex 9256.497120109143 -4664.095999917061 4.258149388647316e-12
  endloop
endfacet
facet normal 0.7071067811865316 0.7071067811865636 2.875036965886597e-16
  outer loop
    vertex 9256.497120109143 -4664.095999917061 4.258149388647316e-12
    vertex 9246.497120109143 -4654.095999917061 -49.99999999999573
    vertex 9206.497120109141 -4614.095999917063 4.244271600839493e-12
  endloop
endfacet
facet normal 0.9914448613739579 -0.1305261922189323 3.354606012870381e-16
  outer loop
    vertex 9228.599342630276 -4688.319542781754 -59.99999999999583
    vertex 9228.497120109145 -4689.095999917061 -49.99999999999574
    vertex 9228.497120109145 -4689.095999917061 -59.99999999999583
  endloop
endfacet
facet normal 0.9914448613739579 -0.1305261922189323 3.354606012870381e-16
  outer loop
    vertex 9228.497120109145 -4689.095999917061 -49.99999999999574
    vertex 9228.599342630276 -4688.319542781754 -59.99999999999583
    vertex 9228.599342630276 -4688.319542781754 -49.99999999999574
  endloop
endfacet
facet normal 0.6087614290087633 1.3741909762924823e-14 0.7933533402912025
  outer loop
    vertex 9129.997120109143 -4664.095999917064 -32.59807621134911
    vertex 9129.375799765585 -4654.095999917064 -32.12132034355543
    vertex 9129.375799765585 -4664.095999917064 -32.12132034355543
  endloop
endfacet
facet normal 0.6087614290087633 1.3741909762924823e-14 0.7933533402912025
  outer loop
    vertex 9129.375799765585 -4654.095999917064 -32.12132034355543
    vertex 9129.997120109143 -4664.095999917064 -32.59807621134911
    vertex 9129.997120109143 -4654.095999917064 -32.59807621134911
  endloop
endfacet
facet normal 0.38268343236502156 8.638525610745961e-15 0.923879532511315
  outer loop
    vertex 9229.997120109145 -4724.095999917063 -32.59807621134909
    vertex 9230.720662973838 -4714.095999917063 -32.897777478862984
    vertex 9229.997120109143 -4714.095999917063 -32.59807621134909
  endloop
endfacet
facet normal 0.38268343236502156 8.638525610745961e-15 0.923879532511315
  outer loop
    vertex 9230.720662973838 -4714.095999917063 -32.897777478862984
    vertex 9229.997120109145 -4724.095999917063 -32.59807621134909
    vertex 9230.720662973838 -4724.095999917063 -32.897777478862984
  endloop
endfacet
facet normal -0.38268343236502156 -8.638525610745966e-15 -0.923879532511315
  outer loop
    vertex 9132.997120109145 -4654.095999917065 -27.40192378864241
    vertex 9132.27357724445 -4664.095999917065 -27.102222521128517
    vertex 9132.27357724445 -4654.095999917065 -27.102222521128517
  endloop
endfacet
facet normal -0.38268343236502156 -8.638525610745966e-15 -0.923879532511315
  outer loop
    vertex 9132.27357724445 -4664.095999917065 -27.102222521128517
    vertex 9132.997120109145 -4654.095999917065 -27.40192378864241
    vertex 9132.997120109145 -4664.095999917065 -27.40192378864241
  endloop
endfacet
facet normal 0.6087614290087637 1.3741909762924585e-14 -0.7933533402912021
  outer loop
    vertex 9129.997120109145 -4714.095999917064 -27.401923788642414
    vertex 9129.375799765587 -4724.095999917064 -27.878679656436095
    vertex 9129.375799765585 -4714.095999917064 -27.878679656436095
  endloop
endfacet
facet normal 0.6087614290087637 1.3741909762924585e-14 -0.7933533402912021
  outer loop
    vertex 9129.375799765587 -4724.095999917064 -27.878679656436095
    vertex 9129.997120109145 -4714.095999917064 -27.401923788642414
    vertex 9129.997120109147 -4724.095999917064 -27.401923788642414
  endloop
endfacet
facet normal 0.6087614290087637 1.3741909762924582e-14 -0.7933533402912021
  outer loop
    vertex 9129.997120109143 -4654.095999917064 -27.40192378864241
    vertex 9129.375799765585 -4664.095999917064 -27.87867965643609
    vertex 9129.375799765585 -4654.095999917064 -27.87867965643609
  endloop
endfacet
facet normal 0.6087614290087637 1.3741909762924582e-14 -0.7933533402912021
  outer loop
    vertex 9129.375799765585 -4664.095999917064 -27.87867965643609
    vertex 9129.997120109143 -4654.095999917064 -27.40192378864241
    vertex 9129.997120109143 -4664.095999917064 -27.40192378864241
  endloop
endfacet
facet normal 0.13052619221983836 0.9914448613738385 4.416422600151949e-17
  outer loop
    vertex 9230.720662973836 -4691.993777395928 -49.99999999999574
    vertex 9231.497120109143 -4692.095999917061 -59.99999999999583
    vertex 9230.720662973836 -4691.993777395928 -59.99999999999583
  endloop
endfacet
facet normal 0.13052619221983836 0.9914448613738385 4.416422600151949e-17
  outer loop
    vertex 9231.497120109143 -4692.095999917061 -59.99999999999583
    vertex 9230.720662973836 -4691.993777395928 -49.99999999999574
    vertex 9231.497120109143 -4692.095999917061 -49.99999999999574
  endloop
endfacet
facet normal 0.13052619222007525 2.9464402140374794e-15 -0.9914448613738073
  outer loop
    vertex 9131.497120109145 -4654.095999917065 -26.99999999999572
    vertex 9130.720662973836 -4664.095999917065 -27.102222521128517
    vertex 9130.720662973836 -4654.095999917065 -27.102222521128517
  endloop
endfacet
facet normal 0.13052619222007525 2.9464402140374794e-15 -0.9914448613738073
  outer loop
    vertex 9130.720662973836 -4664.095999917065 -27.102222521128517
    vertex 9131.497120109145 -4654.095999917065 -26.99999999999572
    vertex 9131.497120109145 -4664.095999917065 -26.99999999999572
  endloop
endfacet
facet normal 0.7933533402910848 1.7908805474333006e-14 -0.6087614290089164
  outer loop
    vertex 9228.89904389779 -4714.095999917063 -28.49999999999572
    vertex 9229.375799765585 -4724.095999917063 -27.878679656436066
    vertex 9228.899043897793 -4724.095999917063 -28.49999999999572
  endloop
endfacet
facet normal 0.7933533402910848 1.7908805474333006e-14 -0.6087614290089164
  outer loop
    vertex 9229.375799765585 -4724.095999917063 -27.878679656436066
    vertex 9228.89904389779 -4714.095999917063 -28.49999999999572
    vertex 9229.375799765585 -4714.095999917063 -27.878679656436066
  endloop
endfacet
facet normal 0.9238795325110044 0.3826834323657718 3.125995156840348e-16
  outer loop
    vertex 9228.599342630276 -4689.872457052369 -59.99999999999583
    vertex 9228.89904389779 -4690.595999917062 -49.99999999999574
    vertex 9228.89904389779 -4690.595999917062 -59.99999999999583
  endloop
endfacet
facet normal 0.9238795325110044 0.3826834323657718 3.125995156840348e-16
  outer loop
    vertex 9228.89904389779 -4690.595999917062 -49.99999999999574
    vertex 9228.599342630276 -4689.872457052369 -59.99999999999583
    vertex 9228.599342630276 -4689.872457052369 -49.99999999999574
  endloop
endfacet
facet normal 0.6087614290087359 0.7933533402912236 2.0597764229935483e-16
  outer loop
    vertex 9229.375799765583 -4691.217320260621 -49.99999999999574
    vertex 9229.997120109143 -4691.694076128415 -59.99999999999583
    vertex 9229.375799765583 -4691.217320260621 -59.99999999999583
  endloop
endfacet
facet normal 0.6087614290087359 0.7933533402912236 2.0597764229935483e-16
  outer loop
    vertex 9229.997120109143 -4691.694076128415 -59.99999999999583
    vertex 9229.375799765583 -4691.217320260621 -49.99999999999574
    vertex 9229.997120109143 -4691.694076128415 -49.99999999999574
  endloop
endfacet
facet normal -0.3826834323653109 0.9238795325111953 -1.2948295898771327e-16
  outer loop
    vertex 9232.27357724445 -4691.993777395928 -49.99999999999574
    vertex 9232.997120109143 -4691.694076128415 -59.99999999999583
    vertex 9232.27357724445 -4691.993777395928 -59.99999999999583
  endloop
endfacet
facet normal -0.3826834323653109 0.9238795325111953 -1.2948295898771327e-16
  outer loop
    vertex 9232.997120109143 -4691.694076128415 -59.99999999999583
    vertex 9232.27357724445 -4691.993777395928 -49.99999999999574
    vertex 9232.997120109143 -4691.694076128415 -49.99999999999574
  endloop
endfacet
facet normal 0.13052619222007525 2.946440214037484e-15 -0.9914448613738073
  outer loop
    vertex 9131.497120109145 -4714.095999917065 -26.999999999995726
    vertex 9130.720662973838 -4724.095999917065 -27.10222252112852
    vertex 9130.720662973838 -4714.095999917065 -27.10222252112852
  endloop
endfacet
facet normal 0.13052619222007525 2.946440214037484e-15 -0.9914448613738073
  outer loop
    vertex 9130.720662973838 -4724.095999917065 -27.10222252112852
    vertex 9131.497120109145 -4714.095999917065 -26.999999999995726
    vertex 9131.497120109147 -4724.095999917065 -26.999999999995726
  endloop
endfacet
facet normal -0.6087614290087359 0.7933533402912236 -2.0597764229937046e-16
  outer loop
    vertex 9232.997120109143 -4691.694076128415 -49.99999999999574
    vertex 9233.618440452703 -4691.217320260621 -59.99999999999583
    vertex 9232.997120109143 -4691.694076128415 -59.99999999999583
  endloop
endfacet
facet normal -0.6087614290087359 0.7933533402912236 -2.0597764229937046e-16
  outer loop
    vertex 9233.618440452703 -4691.217320260621 -59.99999999999583
    vertex 9232.997120109143 -4691.694076128415 -49.99999999999574
    vertex 9233.618440452703 -4691.217320260621 -49.99999999999574
  endloop
endfacet
facet normal 0.13052619222007472 2.9464402140377816e-15 0.9914448613738075
  outer loop
    vertex 9131.497120109145 -4664.095999917065 -32.9999999999958
    vertex 9130.720662973836 -4654.095999917065 -32.897777478863006
    vertex 9130.720662973836 -4664.095999917065 -32.897777478863006
  endloop
endfacet
facet normal 0.13052619222007472 2.9464402140377816e-15 0.9914448613738075
  outer loop
    vertex 9130.720662973836 -4654.095999917065 -32.897777478863006
    vertex 9131.497120109145 -4664.095999917065 -32.9999999999958
    vertex 9131.497120109145 -4654.095999917065 -32.9999999999958
  endloop
endfacet
facet normal 1.0 2.2573555268277157e-14 2.7755575615628914e-16
  outer loop
    vertex 9156.497120109145 -4654.095999917064 -49.999999999995765
    vertex 9156.497120109145 -4664.095999917063 4.236033745996783e-12
    vertex 9156.497120109145 -4664.095999917063 -49.999999999995765
  endloop
endfacet
facet normal 1.0 2.2573555268277157e-14 2.7755575615628914e-16
  outer loop
    vertex 9156.497120109145 -4664.095999917063 4.236033745996783e-12
    vertex 9156.497120109145 -4654.095999917064 -49.999999999995765
    vertex 9156.497120109145 -4654.095999917064 4.236033745996781e-12
  endloop
endfacet
facet normal 0.38268343236502156 8.638525610745966e-15 0.923879532511315
  outer loop
    vertex 9130.720662973836 -4664.095999917065 -32.897777478863006
    vertex 9129.997120109143 -4654.095999917064 -32.59807621134911
    vertex 9129.997120109143 -4664.095999917064 -32.59807621134911
  endloop
endfacet
facet normal 0.38268343236502156 8.638525610745966e-15 0.923879532511315
  outer loop
    vertex 9129.997120109143 -4654.095999917064 -32.59807621134911
    vertex 9130.720662973836 -4664.095999917065 -32.897777478863006
    vertex 9130.720662973836 -4654.095999917065 -32.897777478863006
  endloop
endfacet
facet normal 0.991444861373834 2.2380435373671643e-14 0.13052619221987313
  outer loop
    vertex 9128.599342630278 -4654.095999917064 -30.776457135303335
    vertex 9128.497120109143 -4664.095999917064 -29.99999999999576
    vertex 9128.599342630278 -4664.095999917064 -30.776457135303335
  endloop
endfacet
facet normal 0.991444861373834 2.2380435373671643e-14 0.13052619221987313
  outer loop
    vertex 9128.497120109143 -4664.095999917064 -29.99999999999576
    vertex 9128.599342630278 -4654.095999917064 -30.776457135303335
    vertex 9128.497120109143 -4654.095999917064 -29.99999999999576
  endloop
endfacet
facet normal -2.2573555268277157e-14 1.0 -1.5772671400405671e-28
  outer loop
    vertex 9106.497120109145 -4714.0959999170655 -49.999999999995765
    vertex 9130.720662973838 -4714.095999917065 -32.89777747886301
    vertex 9256.497120109145 -4714.095999917061 -49.99999999999574
  endloop
endfacet
facet normal -2.2573555268277157e-14 1.0 -1.5772671400405671e-28
  outer loop
    vertex 9130.720662973838 -4714.095999917065 -32.89777747886301
    vertex 9106.497120109145 -4714.0959999170655 -49.999999999995765
    vertex 9129.997120109145 -4714.095999917064 -32.59807621134912
  endloop
endfacet
facet normal -2.2573555268277157e-14 1.0 -1.5772671400405671e-28
  outer loop
    vertex 9129.997120109145 -4714.095999917064 -32.59807621134912
    vertex 9106.497120109145 -4714.0959999170655 -49.999999999995765
    vertex 9129.375799765585 -4714.095999917064 -32.12132034355544
  endloop
endfacet
facet normal -2.2573555268277157e-14 1.0 -1.5772671400405671e-28
  outer loop
    vertex 9129.375799765585 -4714.095999917064 -32.12132034355544
    vertex 9106.497120109145 -4714.0959999170655 -49.999999999995765
    vertex 9128.89904389779 -4714.095999917064 -31.499999999995786
  endloop
endfacet
facet normal -2.2573555268277157e-14 1.0 -1.5772671400405671e-28
  outer loop
    vertex 9128.89904389779 -4714.095999917064 -31.499999999995786
    vertex 9106.497120109145 -4714.0959999170655 -49.999999999995765
    vertex 9106.497120109145 -4714.0959999170655 4.2221559581889765e-12
  endloop
endfacet
facet normal -2.2573555268277157e-14 1.0 -1.5772671400405671e-28
  outer loop
    vertex 9256.497120109145 -4714.095999917061 -49.99999999999574
    vertex 9130.720662973838 -4714.095999917065 -32.89777747886301
    vertex 9131.497120109145 -4714.095999917065 -32.99999999999581
  endloop
endfacet
facet normal -2.2573555268277157e-14 1.0 -1.5772671400405671e-28
  outer loop
    vertex 9128.89904389779 -4714.095999917064 -31.499999999995786
    vertex 9106.497120109145 -4714.0959999170655 4.2221559581889765e-12
    vertex 9128.599342630278 -4714.095999917064 -30.77645713530334
  endloop
endfacet
facet normal -2.2573555268277157e-14 1.0 -1.5772671400405671e-28
  outer loop
    vertex 9128.599342630278 -4714.095999917064 -30.77645713530334
    vertex 9106.497120109145 -4714.0959999170655 4.2221559581889765e-12
    vertex 9128.497120109145 -4714.095999917064 -29.999999999995765
  endloop
endfacet
facet normal -2.2573555268277157e-14 1.0 -1.5772671400405671e-28
  outer loop
    vertex 9128.497120109145 -4714.095999917064 -29.999999999995765
    vertex 9106.497120109145 -4714.0959999170655 4.2221559581889765e-12
    vertex 9128.599342630278 -4714.095999917064 -29.22354286468819
  endloop
endfacet
facet normal -2.2573555268277157e-14 1.0 -1.5772671400405671e-28
  outer loop
    vertex 9128.599342630278 -4714.095999917064 -29.22354286468819
    vertex 9106.497120109145 -4714.0959999170655 4.2221559581889765e-12
    vertex 9128.89904389779 -4714.095999917064 -28.499999999995747
  endloop
endfacet
facet normal -2.2573555268277157e-14 1.0 -1.5772671400405671e-28
  outer loop
    vertex 9128.89904389779 -4714.095999917064 -28.499999999995747
    vertex 9106.497120109145 -4714.0959999170655 4.2221559581889765e-12
    vertex 9129.375799765585 -4714.095999917064 -27.878679656436095
  endloop
endfacet
facet normal -2.2573555268277157e-14 1.0 -1.5772671400405671e-28
  outer loop
    vertex 9129.375799765585 -4714.095999917064 -27.878679656436095
    vertex 9106.497120109145 -4714.0959999170655 4.2221559581889765e-12
    vertex 9129.997120109145 -4714.095999917064 -27.401923788642414
  endloop
endfacet
facet normal -2.2573555268277157e-14 1.0 -1.5772671400405671e-28
  outer loop
    vertex 9129.997120109145 -4714.095999917064 -27.401923788642414
    vertex 9106.497120109145 -4714.0959999170655 4.2221559581889765e-12
    vertex 9130.720662973838 -4714.095999917065 -27.10222252112852
  endloop
endfacet
facet normal -2.2573555268277157e-14 1.0 -1.5772671400405671e-28
  outer loop
    vertex 9130.720662973838 -4714.095999917065 -27.10222252112852
    vertex 9106.497120109145 -4714.0959999170655 4.2221559581889765e-12
    vertex 9131.497120109145 -4714.095999917065 -26.999999999995726
  endloop
endfacet
facet normal -2.2573555268277157e-14 1.0 -1.5772671400405671e-28
  outer loop
    vertex 9131.497120109145 -4714.095999917065 -26.999999999995726
    vertex 9106.497120109145 -4714.0959999170655 4.2221559581889765e-12
    vertex 9231.497120109145 -4714.095999917063 -26.999999999995698
  endloop
endfacet
facet normal -2.2573555268277157e-14 1.0 -1.5772671400405671e-28
  outer loop
    vertex 9256.497120109145 -4714.095999917061 -49.99999999999574
    vertex 9234.095196320497 -4714.095999917063 -31.499999999995758
    vertex 9256.497120109145 -4714.095999917061 4.26378932161242e-12
  endloop
endfacet
facet normal -2.2573555268277157e-14 1.0 -1.5772671400405671e-28
  outer loop
    vertex 9234.095196320497 -4714.095999917063 -31.499999999995758
    vertex 9256.497120109145 -4714.095999917061 -49.99999999999574
    vertex 9233.618440452705 -4714.095999917063 -32.12132034355541
  endloop
endfacet
facet normal -2.2573555268277157e-14 1.0 -1.5772671400405671e-28
  outer loop
    vertex 9233.618440452705 -4714.095999917063 -32.12132034355541
    vertex 9256.497120109145 -4714.095999917061 -49.99999999999574
    vertex 9232.997120109145 -4714.095999917063 -32.59807621134909
  endloop
endfacet
facet normal -2.2573555268277157e-14 1.0 -1.5772671400405671e-28
  outer loop
    vertex 9232.997120109145 -4714.095999917063 -32.59807621134909
    vertex 9256.497120109145 -4714.095999917061 -49.99999999999574
    vertex 9232.27357724445 -4714.095999917063 -32.897777478862984
  endloop
endfacet
facet normal -2.2573555268277157e-14 1.0 -1.5772671400405671e-28
  outer loop
    vertex 9232.27357724445 -4714.095999917063 -32.897777478862984
    vertex 9256.497120109145 -4714.095999917061 -49.99999999999574
    vertex 9231.497120109145 -4714.095999917063 -32.99999999999578
  endloop
endfacet
facet normal -2.2573555268277157e-14 1.0 -1.5772671400405671e-28
  outer loop
    vertex 9231.497120109145 -4714.095999917063 -32.99999999999578
    vertex 9256.497120109145 -4714.095999917061 -49.99999999999574
    vertex 9131.497120109145 -4714.095999917065 -32.99999999999581
  endloop
endfacet
facet normal -2.2573555268277157e-14 1.0 -1.5772671400405671e-28
  outer loop
    vertex 9256.497120109145 -4714.095999917061 4.26378932161242e-12
    vertex 9234.095196320497 -4714.095999917063 -31.499999999995758
    vertex 9234.394897588012 -4714.095999917063 -30.77645713530331
  endloop
endfacet
facet normal -2.2573555268277157e-14 1.0 -1.5772671400405671e-28
  outer loop
    vertex 9256.497120109145 -4714.095999917061 4.26378932161242e-12
    vertex 9234.394897588012 -4714.095999917063 -30.77645713530331
    vertex 9234.497120109145 -4714.095999917063 -29.999999999995737
  endloop
endfacet
facet normal -2.2573555268277157e-14 1.0 -1.5772671400405671e-28
  outer loop
    vertex 9256.497120109145 -4714.095999917061 4.26378932161242e-12
    vertex 9234.497120109145 -4714.095999917063 -29.999999999995737
    vertex 9234.394897588012 -4714.095999917063 -29.223542864688163
  endloop
endfacet
facet normal -2.2573555268277157e-14 1.0 -1.5772671400405671e-28
  outer loop
    vertex 9256.497120109145 -4714.095999917061 4.26378932161242e-12
    vertex 9234.394897588012 -4714.095999917063 -29.223542864688163
    vertex 9234.095196320497 -4714.095999917063 -28.49999999999572
  endloop
endfacet
facet normal -2.2573555268277157e-14 1.0 -1.5772671400405671e-28
  outer loop
    vertex 9256.497120109145 -4714.095999917061 4.26378932161242e-12
    vertex 9234.095196320497 -4714.095999917063 -28.49999999999572
    vertex 9233.618440452705 -4714.095999917063 -27.878679656436066
  endloop
endfacet
facet normal -2.2573555268277157e-14 1.0 -1.5772671400405671e-28
  outer loop
    vertex 9256.497120109145 -4714.095999917061 4.26378932161242e-12
    vertex 9233.618440452705 -4714.095999917063 -27.878679656436066
    vertex 9232.997120109145 -4714.095999917063 -27.401923788642385
  endloop
endfacet
facet normal -2.2573555268277157e-14 1.0 -1.5772671400405671e-28
  outer loop
    vertex 9256.497120109145 -4714.095999917061 4.26378932161242e-12
    vertex 9232.997120109145 -4714.095999917063 -27.401923788642385
    vertex 9232.27357724445 -4714.095999917063 -27.102222521128493
  endloop
endfacet
facet normal -2.2573555268277157e-14 1.0 -1.5772671400405671e-28
  outer loop
    vertex 9256.497120109145 -4714.095999917061 4.26378932161242e-12
    vertex 9232.27357724445 -4714.095999917063 -27.102222521128493
    vertex 9231.497120109145 -4714.095999917063 -26.999999999995698
  endloop
endfacet
facet normal -2.2573555268277157e-14 1.0 -1.5772671400405671e-28
  outer loop
    vertex 9256.497120109145 -4714.095999917061 4.26378932161242e-12
    vertex 9231.497120109145 -4714.095999917063 -26.999999999995698
    vertex 9106.497120109145 -4714.0959999170655 4.2221559581889765e-12
  endloop
endfacet
facet normal -2.2573555268277157e-14 1.0 -1.5772671400405671e-28
  outer loop
    vertex 9132.273577244452 -4714.095999917065 -32.89777747886301
    vertex 9231.497120109145 -4714.095999917063 -32.99999999999578
    vertex 9131.497120109145 -4714.095999917065 -32.99999999999581
  endloop
endfacet
facet normal -2.2573555268277157e-14 1.0 -1.5772671400405671e-28
  outer loop
    vertex 9231.497120109145 -4714.095999917063 -32.99999999999578
    vertex 9132.273577244452 -4714.095999917065 -32.89777747886301
    vertex 9230.720662973838 -4714.095999917063 -32.897777478862984
  endloop
endfacet
facet normal -2.2573555268277157e-14 1.0 -1.5772671400405671e-28
  outer loop
    vertex 9230.720662973838 -4714.095999917063 -32.897777478862984
    vertex 9132.273577244452 -4714.095999917065 -32.89777747886301
    vertex 9132.997120109145 -4714.095999917065 -32.59807621134912
  endloop
endfacet
facet normal -2.2573555268277157e-14 1.0 -1.5772671400405671e-28
  outer loop
    vertex 9230.720662973838 -4714.095999917063 -32.897777478862984
    vertex 9132.997120109145 -4714.095999917065 -32.59807621134912
    vertex 9229.997120109143 -4714.095999917063 -32.59807621134909
  endloop
endfacet
facet normal -2.2573555268277157e-14 1.0 -1.5772671400405671e-28
  outer loop
    vertex 9229.997120109143 -4714.095999917063 -32.59807621134909
    vertex 9132.997120109145 -4714.095999917065 -32.59807621134912
    vertex 9133.618440452705 -4714.095999917065 -32.12132034355544
  endloop
endfacet
facet normal -2.2573555268277157e-14 1.0 -1.5772671400405671e-28
  outer loop
    vertex 9229.997120109143 -4714.095999917063 -32.59807621134909
    vertex 9133.618440452705 -4714.095999917065 -32.12132034355544
    vertex 9229.375799765585 -4714.095999917063 -32.12132034355541
  endloop
endfacet
facet normal -2.2573555268277157e-14 1.0 -1.5772671400405671e-28
  outer loop
    vertex 9229.375799765585 -4714.095999917063 -32.12132034355541
    vertex 9133.618440452705 -4714.095999917065 -32.12132034355544
    vertex 9134.095196320499 -4714.095999917065 -31.49999999999579
  endloop
endfacet
facet normal -2.2573555268277157e-14 1.0 -1.5772671400405671e-28
  outer loop
    vertex 9229.375799765585 -4714.095999917063 -32.12132034355541
    vertex 9134.095196320499 -4714.095999917065 -31.49999999999579
    vertex 9228.89904389779 -4714.095999917063 -31.499999999995758
  endloop
endfacet
facet normal -2.2573555268277157e-14 1.0 -1.5772671400405671e-28
  outer loop
    vertex 9228.89904389779 -4714.095999917063 -31.499999999995758
    vertex 9134.095196320499 -4714.095999917065 -31.49999999999579
    vertex 9134.394897588012 -4714.095999917065 -30.776457135303346
  endloop
endfacet
facet normal -2.2573555268277157e-14 1.0 -1.5772671400405671e-28
  outer loop
    vertex 9228.89904389779 -4714.095999917063 -31.499999999995758
    vertex 9134.394897588012 -4714.095999917065 -30.776457135303346
    vertex 9228.599342630278 -4714.095999917063 -30.77645713530331
  endloop
endfacet
facet normal -2.2573555268277157e-14 1.0 -1.5772671400405671e-28
  outer loop
    vertex 9228.599342630278 -4714.095999917063 -30.77645713530331
    vertex 9134.394897588012 -4714.095999917065 -30.776457135303346
    vertex 9134.497120109145 -4714.095999917065 -29.999999999995772
  endloop
endfacet
facet normal -2.2573555268277157e-14 1.0 -1.5772671400405671e-28
  outer loop
    vertex 9228.599342630278 -4714.095999917063 -30.77645713530331
    vertex 9134.497120109145 -4714.095999917065 -29.999999999995772
    vertex 9228.497120109145 -4714.095999917063 -29.999999999995737
  endloop
endfacet
facet normal -2.2573555268277157e-14 1.0 -1.5772671400405671e-28
  outer loop
    vertex 9228.497120109145 -4714.095999917063 -29.999999999995737
    vertex 9134.497120109145 -4714.095999917065 -29.999999999995772
    vertex 9134.394897588012 -4714.095999917065 -29.2235428646882
  endloop
endfacet
facet normal -2.2573555268277157e-14 1.0 -1.5772671400405671e-28
  outer loop
    vertex 9228.497120109145 -4714.095999917063 -29.999999999995737
    vertex 9134.394897588012 -4714.095999917065 -29.2235428646882
    vertex 9228.599342630278 -4714.095999917063 -29.223542864688163
  endloop
endfacet
facet normal -2.2573555268277157e-14 1.0 -1.5772671400405671e-28
  outer loop
    vertex 9228.599342630278 -4714.095999917063 -29.223542864688163
    vertex 9134.394897588012 -4714.095999917065 -29.2235428646882
    vertex 9134.095196320499 -4714.095999917065 -28.49999999999575
  endloop
endfacet
facet normal -2.2573555268277157e-14 1.0 -1.5772671400405671e-28
  outer loop
    vertex 9228.599342630278 -4714.095999917063 -29.223542864688163
    vertex 9134.095196320499 -4714.095999917065 -28.49999999999575
    vertex 9228.89904389779 -4714.095999917063 -28.49999999999572
  endloop
endfacet
facet normal -2.2573555268277157e-14 1.0 -1.5772671400405671e-28
  outer loop
    vertex 9228.89904389779 -4714.095999917063 -28.49999999999572
    vertex 9134.095196320499 -4714.095999917065 -28.49999999999575
    vertex 9133.618440452705 -4714.095999917065 -27.878679656436095
  endloop
endfacet
facet normal -2.2573555268277157e-14 1.0 -1.5772671400405671e-28
  outer loop
    vertex 9228.89904389779 -4714.095999917063 -28.49999999999572
    vertex 9133.618440452705 -4714.095999917065 -27.878679656436095
    vertex 9229.375799765585 -4714.095999917063 -27.878679656436066
  endloop
endfacet
facet normal -2.2573555268277157e-14 1.0 -1.5772671400405671e-28
  outer loop
    vertex 9229.375799765585 -4714.095999917063 -27.878679656436066
    vertex 9133.618440452705 -4714.095999917065 -27.878679656436095
    vertex 9132.997120109145 -4714.095999917065 -27.401923788642414
  endloop
endfacet
facet normal -2.2573555268277157e-14 1.0 -1.5772671400405671e-28
  outer loop
    vertex 9229.375799765585 -4714.095999917063 -27.878679656436066
    vertex 9132.997120109145 -4714.095999917065 -27.401923788642414
    vertex 9229.997120109143 -4714.095999917063 -27.401923788642385
  endloop
endfacet
facet normal -2.2573555268277157e-14 1.0 -1.5772671400405671e-28
  outer loop
    vertex 9229.997120109143 -4714.095999917063 -27.401923788642385
    vertex 9132.997120109145 -4714.095999917065 -27.401923788642414
    vertex 9132.273577244452 -4714.095999917065 -27.10222252112852
  endloop
endfacet
facet normal -2.2573555268277157e-14 1.0 -1.5772671400405671e-28
  outer loop
    vertex 9229.997120109143 -4714.095999917063 -27.401923788642385
    vertex 9132.273577244452 -4714.095999917065 -27.10222252112852
    vertex 9230.720662973838 -4714.095999917063 -27.102222521128493
  endloop
endfacet
facet normal -2.2573555268277157e-14 1.0 -1.5772671400405671e-28
  outer loop
    vertex 9230.720662973838 -4714.095999917063 -27.102222521128493
    vertex 9132.273577244452 -4714.095999917065 -27.10222252112852
    vertex 9131.497120109145 -4714.095999917065 -26.999999999995726
  endloop
endfacet
facet normal -2.2573555268277157e-14 1.0 -1.5772671400405671e-28
  outer loop
    vertex 9230.720662973838 -4714.095999917063 -27.102222521128493
    vertex 9131.497120109145 -4714.095999917065 -26.999999999995726
    vertex 9231.497120109145 -4714.095999917063 -26.999999999995698
  endloop
endfacet
facet normal 0.923879532511302 2.0855245688373878e-14 -0.3826834323650534
  outer loop
    vertex 9128.599342630278 -4654.095999917064 -29.223542864688188
    vertex 9128.89904389779 -4664.095999917064 -28.49999999999574
    vertex 9128.599342630278 -4664.095999917064 -29.223542864688188
  endloop
endfacet
facet normal 0.923879532511302 2.0855245688373878e-14 -0.3826834323650534
  outer loop
    vertex 9128.89904389779 -4664.095999917064 -28.49999999999574
    vertex 9128.599342630278 -4654.095999917064 -29.223542864688188
    vertex 9128.89904389779 -4654.095999917064 -28.49999999999574
  endloop
endfacet
facet normal 0.7933533402910848 1.7908805474333003e-14 -0.6087614290089164
  outer loop
    vertex 9128.89904389779 -4654.095999917064 -28.49999999999574
    vertex 9129.375799765585 -4664.095999917064 -27.87867965643609
    vertex 9128.89904389779 -4664.095999917064 -28.49999999999574
  endloop
endfacet
facet normal 0.7933533402910848 1.7908805474333003e-14 -0.6087614290089164
  outer loop
    vertex 9129.375799765585 -4664.095999917064 -27.87867965643609
    vertex 9128.89904389779 -4654.095999917064 -28.49999999999574
    vertex 9129.375799765585 -4654.095999917064 -27.87867965643609
  endloop
endfacet
facet normal 0.9914448613739579 0.1305261922189323 3.354606012870355e-16
  outer loop
    vertex 9228.497120109145 -4689.095999917061 -59.99999999999583
    vertex 9228.599342630276 -4689.872457052369 -49.99999999999574
    vertex 9228.599342630276 -4689.872457052369 -59.99999999999583
  endloop
endfacet
facet normal 0.9914448613739579 0.1305261922189323 3.354606012870355e-16
  outer loop
    vertex 9228.599342630276 -4689.872457052369 -49.99999999999574
    vertex 9228.497120109145 -4689.095999917061 -59.99999999999583
    vertex 9228.497120109145 -4689.095999917061 -49.99999999999574
  endloop
endfacet
facet normal 0.3826834323650221 8.638525610745682e-15 -0.9238795325113148
  outer loop
    vertex 9130.720662973836 -4654.095999917065 -27.102222521128517
    vertex 9129.997120109143 -4664.095999917064 -27.40192378864241
    vertex 9129.997120109143 -4654.095999917064 -27.40192378864241
  endloop
endfacet
facet normal 0.3826834323650221 8.638525610745682e-15 -0.9238795325113148
  outer loop
    vertex 9129.997120109143 -4664.095999917064 -27.40192378864241
    vertex 9130.720662973836 -4654.095999917065 -27.102222521128517
    vertex 9130.720662973836 -4664.095999917065 -27.102222521128517
  endloop
endfacet
facet normal -0.13052619222007472 -2.946440214037777e-15 -0.9914448613738075
  outer loop
    vertex 9232.27357724445 -4714.095999917063 -27.102222521128493
    vertex 9231.497120109145 -4724.095999917063 -26.999999999995698
    vertex 9231.497120109145 -4714.095999917063 -26.999999999995698
  endloop
endfacet
facet normal -0.13052619222007472 -2.946440214037777e-15 -0.9914448613738075
  outer loop
    vertex 9231.497120109145 -4724.095999917063 -26.999999999995698
    vertex 9232.27357724445 -4714.095999917063 -27.102222521128493
    vertex 9232.273577244452 -4724.095999917063 -27.102222521128493
  endloop
endfacet
facet normal 0.7933533402913271 0.6087614290086009 2.684352896825578e-16
  outer loop
    vertex 9228.89904389779 -4690.595999917062 -59.99999999999583
    vertex 9229.375799765583 -4691.217320260621 -49.99999999999574
    vertex 9229.375799765583 -4691.217320260621 -59.99999999999583
  endloop
endfacet
facet normal 0.7933533402913271 0.6087614290086009 2.684352896825578e-16
  outer loop
    vertex 9229.375799765583 -4691.217320260621 -49.99999999999574
    vertex 9228.89904389779 -4690.595999917062 -59.99999999999583
    vertex 9228.89904389779 -4690.595999917062 -49.99999999999574
  endloop
endfacet
facet normal -0.9914448613737192 0.13052619222074446 -0.0
  outer loop
    vertex 9184.497120109145 -4689.095999917064 -49.99999999999575
    vertex 9184.394897588012 -4689.872457052371 -59.99999999999574
    vertex 9184.394897588012 -4689.872457052371 -49.99999999999575
  endloop
endfacet
facet normal -0.9914448613737192 0.13052619222074446 -0.0
  outer loop
    vertex 9184.394897588012 -4689.872457052371 -59.99999999999574
    vertex 9184.497120109145 -4689.095999917064 -49.99999999999575
    vertex 9184.497120109145 -4689.095999917064 -59.99999999999574
  endloop
endfacet
facet normal -0.3826834323653109 -0.9238795325111953 -0.0
  outer loop
    vertex 9182.997120109145 -4686.49792370571 -49.99999999999575
    vertex 9182.273577244452 -4686.198222438195 -59.99999999999574
    vertex 9182.997120109145 -4686.49792370571 -59.99999999999574
  endloop
endfacet
facet normal -0.3826834323653109 -0.9238795325111953 -0.0
  outer loop
    vertex 9182.273577244452 -4686.198222438195 -59.99999999999574
    vertex 9182.997120109145 -4686.49792370571 -49.99999999999575
    vertex 9182.273577244452 -4686.198222438195 -49.99999999999575
  endloop
endfacet
facet normal 0.3826834323653109 -0.9238795325111953 1.2948295898771327e-16
  outer loop
    vertex 9230.720662973836 -4686.198222438194 -49.99999999999574
    vertex 9229.997120109143 -4686.497923705708 -59.99999999999583
    vertex 9230.720662973836 -4686.198222438194 -59.99999999999583
  endloop
endfacet
facet normal 0.3826834323653109 -0.9238795325111953 1.2948295898771327e-16
  outer loop
    vertex 9229.997120109143 -4686.497923705708 -59.99999999999583
    vertex 9230.720662973836 -4686.198222438194 -49.99999999999574
    vertex 9229.997120109143 -4686.497923705708 -49.99999999999574
  endloop
endfacet
facet normal -0.7933533402913271 -0.6087614290086009 -0.0
  outer loop
    vertex 9183.618440452705 -4686.974679573504 -49.99999999999575
    vertex 9184.095196320497 -4687.595999917063 -59.99999999999574
    vertex 9184.095196320497 -4687.595999917063 -49.99999999999575
  endloop
endfacet
facet normal -0.7933533402913271 -0.6087614290086009 -0.0
  outer loop
    vertex 9184.095196320497 -4687.595999917063 -59.99999999999574
    vertex 9183.618440452705 -4686.974679573504 -49.99999999999575
    vertex 9183.618440452705 -4686.974679573504 -59.99999999999574
  endloop
endfacet
facet normal 0.13052619221983836 -0.9914448613738385 4.4164226001539016e-17
  outer loop
    vertex 9231.497120109143 -4686.095999917061 -49.99999999999574
    vertex 9230.720662973836 -4686.198222438194 -59.99999999999583
    vertex 9231.497120109143 -4686.095999917061 -59.99999999999583
  endloop
endfacet
facet normal 0.13052619221983836 -0.9914448613738385 4.4164226001539016e-17
  outer loop
    vertex 9230.720662973836 -4686.198222438194 -59.99999999999583
    vertex 9231.497120109143 -4686.095999917061 -49.99999999999574
    vertex 9230.720662973836 -4686.198222438194 -49.99999999999574
  endloop
endfacet
facet normal -0.3826834323653109 -0.9238795325111953 -1.294829589876951e-16
  outer loop
    vertex 9232.997120109143 -4686.497923705708 -49.99999999999574
    vertex 9232.27357724445 -4686.198222438194 -59.99999999999583
    vertex 9232.997120109143 -4686.497923705708 -59.99999999999583
  endloop
endfacet
facet normal -0.3826834323653109 -0.9238795325111953 -1.294829589876951e-16
  outer loop
    vertex 9232.27357724445 -4686.198222438194 -59.99999999999583
    vertex 9232.997120109143 -4686.497923705708 -49.99999999999574
    vertex 9232.27357724445 -4686.198222438194 -49.99999999999574
  endloop
endfacet
facet normal -0.13052619221983836 -0.9914448613738385 -4.416422600151949e-17
  outer loop
    vertex 9232.27357724445 -4686.198222438194 -49.99999999999574
    vertex 9231.497120109143 -4686.095999917061 -59.99999999999583
    vertex 9232.27357724445 -4686.198222438194 -59.99999999999583
  endloop
endfacet
facet normal -0.13052619221983836 -0.9914448613738385 -4.416422600151949e-17
  outer loop
    vertex 9231.497120109143 -4686.095999917061 -59.99999999999583
    vertex 9232.27357724445 -4686.198222438194 -49.99999999999574
    vertex 9231.497120109143 -4686.095999917061 -49.99999999999574
  endloop
endfacet
facet normal 0.6087614290087359 -0.7933533402912236 2.0597764229937046e-16
  outer loop
    vertex 9229.997120109143 -4686.497923705708 -49.99999999999574
    vertex 9229.375799765583 -4686.974679573502 -59.99999999999583
    vertex 9229.997120109143 -4686.497923705708 -59.99999999999583
  endloop
endfacet
facet normal 0.6087614290087359 -0.7933533402912236 2.0597764229937046e-16
  outer loop
    vertex 9229.375799765583 -4686.974679573502 -59.99999999999583
    vertex 9229.997120109143 -4686.497923705708 -49.99999999999574
    vertex 9229.375799765583 -4686.974679573502 -49.99999999999574
  endloop
endfacet
facet normal -0.6087614290087359 -0.7933533402912236 -2.0597764229935483e-16
  outer loop
    vertex 9233.618440452703 -4686.974679573502 -49.99999999999574
    vertex 9232.997120109143 -4686.497923705708 -59.99999999999583
    vertex 9233.618440452703 -4686.974679573502 -59.99999999999583
  endloop
endfacet
facet normal -0.6087614290087359 -0.7933533402912236 -2.0597764229935483e-16
  outer loop
    vertex 9232.997120109143 -4686.497923705708 -59.99999999999583
    vertex 9233.618440452703 -4686.974679573502 -49.99999999999574
    vertex 9232.997120109143 -4686.497923705708 -49.99999999999574
  endloop
endfacet
facet normal -0.9238795325108694 0.3826834323660977 -3.1259951568399657e-16
  outer loop
    vertex 9234.39489758801 -4689.872457052369 -49.99999999999574
    vertex 9234.095196320495 -4690.595999917061 -59.99999999999583
    vertex 9234.095196320495 -4690.595999917061 -49.99999999999574
  endloop
endfacet
facet normal -0.9238795325108694 0.3826834323660977 -3.1259951568399657e-16
  outer loop
    vertex 9234.095196320495 -4690.595999917061 -59.99999999999583
    vertex 9234.39489758801 -4689.872457052369 -49.99999999999574
    vertex 9234.39489758801 -4689.872457052369 -59.99999999999583
  endloop
endfacet
facet normal 0.7933533402916687 -0.6087614290081557 2.6843528968268537e-16
  outer loop
    vertex 9229.375799765583 -4686.974679573502 -59.99999999999583
    vertex 9228.89904389779 -4687.595999917062 -49.99999999999574
    vertex 9228.89904389779 -4687.595999917062 -59.99999999999583
  endloop
endfacet
facet normal 0.7933533402916687 -0.6087614290081557 2.6843528968268537e-16
  outer loop
    vertex 9228.89904389779 -4687.595999917062 -49.99999999999574
    vertex 9229.375799765583 -4686.974679573502 -59.99999999999583
    vertex 9229.375799765583 -4686.974679573502 -49.99999999999574
  endloop
endfacet
facet normal -0.7933533402916687 0.6087614290081557 -2.6843528968268537e-16
  outer loop
    vertex 9234.095196320495 -4690.595999917061 -49.99999999999574
    vertex 9233.618440452703 -4691.217320260621 -59.99999999999583
    vertex 9233.618440452703 -4691.217320260621 -49.99999999999574
  endloop
endfacet
facet normal -0.7933533402916687 0.6087614290081557 -2.6843528968268537e-16
  outer loop
    vertex 9233.618440452703 -4691.217320260621 -59.99999999999583
    vertex 9234.095196320495 -4690.595999917061 -49.99999999999574
    vertex 9234.095196320495 -4690.595999917061 -59.99999999999583
  endloop
endfacet
facet normal -0.7933533402913271 -0.6087614290086009 -2.684352896825578e-16
  outer loop
    vertex 9233.618440452703 -4686.974679573502 -49.99999999999574
    vertex 9234.095196320495 -4687.595999917061 -59.99999999999583
    vertex 9234.095196320495 -4687.595999917061 -49.99999999999574
  endloop
endfacet
facet normal -0.7933533402913271 -0.6087614290086009 -2.684352896825578e-16
  outer loop
    vertex 9234.095196320495 -4687.595999917061 -59.99999999999583
    vertex 9233.618440452703 -4686.974679573502 -49.99999999999574
    vertex 9233.618440452703 -4686.974679573502 -59.99999999999583
  endloop
endfacet
facet normal -0.9238795325110044 -0.3826834323657718 -0.0
  outer loop
    vertex 9184.095196320497 -4687.595999917063 -49.99999999999575
    vertex 9184.394897588012 -4688.319542781755 -59.99999999999574
    vertex 9184.394897588012 -4688.319542781755 -49.99999999999575
  endloop
endfacet
facet normal -0.9238795325110044 -0.3826834323657718 -0.0
  outer loop
    vertex 9184.394897588012 -4688.319542781755 -59.99999999999574
    vertex 9184.095196320497 -4687.595999917063 -49.99999999999575
    vertex 9184.095196320497 -4687.595999917063 -59.99999999999574
  endloop
endfacet
facet normal -0.13052619221983836 -0.9914448613738385 -0.0
  outer loop
    vertex 9182.273577244452 -4686.198222438195 -49.99999999999575
    vertex 9181.497120109145 -4686.095999917063 -59.99999999999574
    vertex 9182.273577244452 -4686.198222438195 -59.99999999999574
  endloop
endfacet
facet normal -0.13052619221983836 -0.9914448613738385 -0.0
  outer loop
    vertex 9181.497120109145 -4686.095999917063 -59.99999999999574
    vertex 9182.273577244452 -4686.198222438195 -49.99999999999575
    vertex 9181.497120109145 -4686.095999917063 -49.99999999999575
  endloop
endfacet
facet normal 0.13052619221983836 -0.9914448613738385 -0.0
  outer loop
    vertex 9181.497120109145 -4686.095999917063 -49.99999999999575
    vertex 9180.720662973838 -4686.198222438195 -59.99999999999574
    vertex 9181.497120109145 -4686.095999917063 -59.99999999999574
  endloop
endfacet
facet normal 0.13052619221983836 -0.9914448613738385 -0.0
  outer loop
    vertex 9180.720662973838 -4686.198222438195 -59.99999999999574
    vertex 9181.497120109145 -4686.095999917063 -49.99999999999575
    vertex 9180.720662973838 -4686.198222438195 -49.99999999999575
  endloop
endfacet
facet normal -0.6087614290087359 0.7933533402912236 -0.0
  outer loop
    vertex 9182.997120109145 -4691.694076128417 -49.99999999999575
    vertex 9183.618440452705 -4691.217320260623 -59.99999999999574
    vertex 9182.997120109145 -4691.694076128417 -59.99999999999574
  endloop
endfacet
facet normal -0.6087614290087359 0.7933533402912236 -0.0
  outer loop
    vertex 9183.618440452705 -4691.217320260623 -59.99999999999574
    vertex 9182.997120109145 -4691.694076128417 -49.99999999999575
    vertex 9183.618440452705 -4691.217320260623 -49.99999999999575
  endloop
endfacet
facet normal 0.9238795325108694 -0.3826834323660977 3.1259951568399657e-16
  outer loop
    vertex 9228.89904389779 -4687.595999917062 -59.99999999999583
    vertex 9228.599342630276 -4688.319542781754 -49.99999999999574
    vertex 9228.599342630276 -4688.319542781754 -59.99999999999583
  endloop
endfacet
facet normal 0.9238795325108694 -0.3826834323660977 3.1259951568399657e-16
  outer loop
    vertex 9228.599342630276 -4688.319542781754 -49.99999999999574
    vertex 9228.89904389779 -4687.595999917062 -59.99999999999583
    vertex 9228.89904389779 -4687.595999917062 -49.99999999999574
  endloop
endfacet
facet normal -0.9914448613739579 0.1305261922189323 -3.354606012870381e-16
  outer loop
    vertex 9234.497120109143 -4689.095999917061 -49.99999999999574
    vertex 9234.39489758801 -4689.872457052369 -59.99999999999583
    vertex 9234.39489758801 -4689.872457052369 -49.99999999999574
  endloop
endfacet
facet normal -0.9914448613739579 0.1305261922189323 -3.354606012870381e-16
  outer loop
    vertex 9234.39489758801 -4689.872457052369 -59.99999999999583
    vertex 9234.497120109143 -4689.095999917061 -49.99999999999574
    vertex 9234.497120109143 -4689.095999917061 -59.99999999999583
  endloop
endfacet
facet normal -0.6087614290087359 -0.7933533402912236 -0.0
  outer loop
    vertex 9183.618440452705 -4686.974679573504 -49.99999999999575
    vertex 9182.997120109145 -4686.49792370571 -59.99999999999574
    vertex 9183.618440452705 -4686.974679573504 -59.99999999999574
  endloop
endfacet
facet normal -0.6087614290087359 -0.7933533402912236 -0.0
  outer loop
    vertex 9182.997120109145 -4686.49792370571 -59.99999999999574
    vertex 9183.618440452705 -4686.974679573504 -49.99999999999575
    vertex 9182.997120109145 -4686.49792370571 -49.99999999999575
  endloop
endfacet
facet normal -0.9914448613739579 -0.1305261922189323 -3.354606012870355e-16
  outer loop
    vertex 9234.39489758801 -4688.319542781754 -49.99999999999574
    vertex 9234.497120109143 -4689.095999917061 -59.99999999999583
    vertex 9234.497120109143 -4689.095999917061 -49.99999999999574
  endloop
endfacet
facet normal -0.9914448613739579 -0.1305261922189323 -3.354606012870355e-16
  outer loop
    vertex 9234.497120109143 -4689.095999917061 -59.99999999999583
    vertex 9234.39489758801 -4688.319542781754 -49.99999999999574
    vertex 9234.39489758801 -4688.319542781754 -59.99999999999583
  endloop
endfacet
facet normal -0.7933533402916687 0.6087614290081557 -0.0
  outer loop
    vertex 9184.095196320497 -4690.595999917063 -49.99999999999575
    vertex 9183.618440452705 -4691.217320260623 -59.99999999999574
    vertex 9183.618440452705 -4691.217320260623 -49.99999999999575
  endloop
endfacet
facet normal -0.7933533402916687 0.6087614290081557 -0.0
  outer loop
    vertex 9183.618440452705 -4691.217320260623 -59.99999999999574
    vertex 9184.095196320497 -4690.595999917063 -49.99999999999575
    vertex 9184.095196320497 -4690.595999917063 -59.99999999999574
  endloop
endfacet
facet normal -0.9238795325110044 -0.3826834323657718 -3.125995156840348e-16
  outer loop
    vertex 9234.095196320495 -4687.595999917061 -49.99999999999574
    vertex 9234.39489758801 -4688.319542781754 -59.99999999999583
    vertex 9234.39489758801 -4688.319542781754 -49.99999999999574
  endloop
endfacet
facet normal -0.9238795325110044 -0.3826834323657718 -3.125995156840348e-16
  outer loop
    vertex 9234.39489758801 -4688.319542781754 -59.99999999999583
    vertex 9234.095196320495 -4687.595999917061 -49.99999999999574
    vertex 9234.095196320495 -4687.595999917061 -59.99999999999583
  endloop
endfacet
facet normal -0.9238795325108694 0.3826834323660977 -0.0
  outer loop
    vertex 9184.394897588012 -4689.872457052371 -49.99999999999575
    vertex 9184.095196320497 -4690.595999917063 -59.99999999999574
    vertex 9184.095196320497 -4690.595999917063 -49.99999999999575
  endloop
endfacet
facet normal -0.9238795325108694 0.3826834323660977 -0.0
  outer loop
    vertex 9184.095196320497 -4690.595999917063 -59.99999999999574
    vertex 9184.394897588012 -4689.872457052371 -49.99999999999575
    vertex 9184.394897588012 -4689.872457052371 -59.99999999999574
  endloop
endfacet
facet normal -0.9914448613737192 -0.13052619222074446 -0.0
  outer loop
    vertex 9184.394897588012 -4688.319542781755 -49.99999999999575
    vertex 9184.497120109145 -4689.095999917064 -59.99999999999574
    vertex 9184.497120109145 -4689.095999917064 -49.99999999999575
  endloop
endfacet
facet normal -0.9914448613737192 -0.13052619222074446 -0.0
  outer loop
    vertex 9184.497120109145 -4689.095999917064 -59.99999999999574
    vertex 9184.394897588012 -4688.319542781755 -49.99999999999575
    vertex 9184.394897588012 -4688.319542781755 -59.99999999999574
  endloop
endfacet
facet normal 0.13052619222007472 2.946440214037777e-15 0.9914448613738075
  outer loop
    vertex 9231.497120109145 -4724.095999917063 -32.99999999999578
    vertex 9230.720662973838 -4714.095999917063 -32.897777478862984
    vertex 9230.720662973838 -4724.095999917063 -32.897777478862984
  endloop
endfacet
facet normal 0.13052619222007472 2.946440214037777e-15 0.9914448613738075
  outer loop
    vertex 9230.720662973838 -4714.095999917063 -32.897777478862984
    vertex 9231.497120109145 -4724.095999917063 -32.99999999999578
    vertex 9231.497120109145 -4714.095999917063 -32.99999999999578
  endloop
endfacet
facet normal -0.7933533402910848 -1.7908805474333006e-14 0.6087614290089164
  outer loop
    vertex 9134.095196320499 -4714.095999917065 -31.49999999999579
    vertex 9133.618440452705 -4724.095999917065 -32.12132034355544
    vertex 9134.095196320499 -4724.095999917065 -31.49999999999579
  endloop
endfacet
facet normal -0.7933533402910848 -1.7908805474333006e-14 0.6087614290089164
  outer loop
    vertex 9133.618440452705 -4724.095999917065 -32.12132034355544
    vertex 9134.095196320499 -4714.095999917065 -31.49999999999579
    vertex 9133.618440452705 -4714.095999917065 -32.12132034355544
  endloop
endfacet
facet normal 0.991444861373834 2.2380435373671643e-14 0.13052619221987313
  outer loop
    vertex 9128.599342630278 -4714.095999917064 -30.77645713530334
    vertex 9128.497120109145 -4724.095999917064 -29.999999999995765
    vertex 9128.599342630278 -4724.095999917064 -30.77645713530334
  endloop
endfacet
facet normal 0.991444861373834 2.2380435373671643e-14 0.13052619221987313
  outer loop
    vertex 9128.497120109145 -4724.095999917064 -29.999999999995765
    vertex 9128.599342630278 -4714.095999917064 -30.77645713530334
    vertex 9128.497120109145 -4714.095999917064 -29.999999999995765
  endloop
endfacet
facet normal -0.7933533402910846 -1.7908805474333186e-14 -0.6087614290089169
  outer loop
    vertex 9133.618440452705 -4714.095999917065 -27.878679656436095
    vertex 9134.095196320499 -4724.095999917065 -28.49999999999575
    vertex 9133.618440452705 -4724.095999917065 -27.878679656436095
  endloop
endfacet
facet normal -0.7933533402910846 -1.7908805474333186e-14 -0.6087614290089169
  outer loop
    vertex 9134.095196320499 -4724.095999917065 -28.49999999999575
    vertex 9133.618440452705 -4714.095999917065 -27.878679656436095
    vertex 9134.095196320499 -4714.095999917065 -28.49999999999575
  endloop
endfacet
facet normal -0.7933533402910848 -1.7908805474333006e-14 0.6087614290089164
  outer loop
    vertex 9234.095196320497 -4714.095999917063 -31.499999999995758
    vertex 9233.618440452705 -4724.095999917063 -32.12132034355541
    vertex 9234.095196320499 -4724.095999917063 -31.499999999995758
  endloop
endfacet
facet normal -0.7933533402910848 -1.7908805474333006e-14 0.6087614290089164
  outer loop
    vertex 9233.618440452705 -4724.095999917063 -32.12132034355541
    vertex 9234.095196320497 -4714.095999917063 -31.499999999995758
    vertex 9233.618440452705 -4714.095999917063 -32.12132034355541
  endloop
endfacet
facet normal 0.3826834323650221 8.638525610745687e-15 -0.9238795325113148
  outer loop
    vertex 9130.720662973838 -4714.095999917065 -27.10222252112852
    vertex 9129.997120109147 -4724.095999917064 -27.401923788642414
    vertex 9129.997120109145 -4714.095999917064 -27.401923788642414
  endloop
endfacet
facet normal 0.3826834323650221 8.638525610745687e-15 -0.9238795325113148
  outer loop
    vertex 9129.997120109147 -4724.095999917064 -27.401923788642414
    vertex 9130.720662973838 -4714.095999917065 -27.10222252112852
    vertex 9130.720662973838 -4724.095999917065 -27.10222252112852
  endloop
endfacet
facet normal -0.991444861373834 -2.2380435373671643e-14 -0.13052619221987313
  outer loop
    vertex 9234.394897588012 -4714.095999917063 -29.223542864688163
    vertex 9234.497120109145 -4724.095999917063 -29.999999999995737
    vertex 9234.394897588012 -4724.095999917063 -29.223542864688163
  endloop
endfacet
facet normal -0.991444861373834 -2.2380435373671643e-14 -0.13052619221987313
  outer loop
    vertex 9234.497120109145 -4724.095999917063 -29.999999999995737
    vertex 9234.394897588012 -4714.095999917063 -29.223542864688163
    vertex 9234.497120109145 -4714.095999917063 -29.999999999995737
  endloop
endfacet
facet normal -0.13052619222007525 -2.946440214037484e-15 0.9914448613738073
  outer loop
    vertex 9232.273577244452 -4724.095999917063 -32.897777478862984
    vertex 9231.497120109145 -4714.095999917063 -32.99999999999578
    vertex 9231.497120109145 -4724.095999917063 -32.99999999999578
  endloop
endfacet
facet normal -0.13052619222007525 -2.946440214037484e-15 0.9914448613738073
  outer loop
    vertex 9231.497120109145 -4714.095999917063 -32.99999999999578
    vertex 9232.273577244452 -4724.095999917063 -32.897777478862984
    vertex 9232.27357724445 -4714.095999917063 -32.897777478862984
  endloop
endfacet
facet normal 0.9238795325113017 2.085524568837399e-14 0.382683432365054
  outer loop
    vertex 9128.89904389779 -4714.095999917064 -31.499999999995786
    vertex 9128.599342630278 -4724.095999917064 -30.77645713530334
    vertex 9128.89904389779 -4724.095999917064 -31.499999999995786
  endloop
endfacet
facet normal 0.9238795325113017 2.085524568837399e-14 0.382683432365054
  outer loop
    vertex 9128.599342630278 -4724.095999917064 -30.77645713530334
    vertex 9128.89904389779 -4714.095999917064 -31.499999999995786
    vertex 9128.599342630278 -4714.095999917064 -30.77645713530334
  endloop
endfacet
facet normal -0.13052619222007472 -2.946440214037777e-15 -0.9914448613738075
  outer loop
    vertex 9132.273577244452 -4714.095999917065 -27.10222252112852
    vertex 9131.497120109147 -4724.095999917065 -26.999999999995726
    vertex 9131.497120109145 -4714.095999917065 -26.999999999995726
  endloop
endfacet
facet normal -0.13052619222007472 -2.946440214037777e-15 -0.9914448613738075
  outer loop
    vertex 9131.497120109147 -4724.095999917065 -26.999999999995726
    vertex 9132.273577244452 -4714.095999917065 -27.10222252112852
    vertex 9132.273577244454 -4724.095999917065 -27.10222252112852
  endloop
endfacet
facet normal 0.6087614290087633 1.374190976292482e-14 0.7933533402912025
  outer loop
    vertex 9229.997120109145 -4724.095999917063 -32.59807621134909
    vertex 9229.375799765585 -4714.095999917063 -32.12132034355541
    vertex 9229.375799765585 -4724.095999917063 -32.12132034355541
  endloop
endfacet
facet normal 0.6087614290087633 1.374190976292482e-14 0.7933533402912025
  outer loop
    vertex 9229.375799765585 -4714.095999917063 -32.12132034355541
    vertex 9229.997120109145 -4724.095999917063 -32.59807621134909
    vertex 9229.997120109143 -4714.095999917063 -32.59807621134909
  endloop
endfacet
facet normal -0.38268343236502156 -8.638525610745961e-15 -0.923879532511315
  outer loop
    vertex 9232.997120109145 -4714.095999917063 -27.401923788642385
    vertex 9232.273577244452 -4724.095999917063 -27.102222521128493
    vertex 9232.27357724445 -4714.095999917063 -27.102222521128493
  endloop
endfacet
facet normal -0.38268343236502156 -8.638525610745961e-15 -0.923879532511315
  outer loop
    vertex 9232.273577244452 -4724.095999917063 -27.102222521128493
    vertex 9232.997120109145 -4714.095999917063 -27.401923788642385
    vertex 9232.997120109145 -4724.095999917063 -27.401923788642385
  endloop
endfacet
facet normal 0.923879532511302 2.085524568837388e-14 -0.3826834323650534
  outer loop
    vertex 9128.599342630278 -4714.095999917064 -29.22354286468819
    vertex 9128.89904389779 -4724.095999917064 -28.499999999995747
    vertex 9128.599342630278 -4724.095999917064 -29.22354286468819
  endloop
endfacet
facet normal 0.923879532511302 2.085524568837388e-14 -0.3826834323650534
  outer loop
    vertex 9128.89904389779 -4724.095999917064 -28.499999999995747
    vertex 9128.599342630278 -4714.095999917064 -29.22354286468819
    vertex 9128.89904389779 -4714.095999917064 -28.499999999995747
  endloop
endfacet
facet normal -2.7755575615628914e-16 1.5146129380243427e-28 1.0
  outer loop
    vertex 9156.497120109145 -4664.095999917063 4.236033745996783e-12
    vertex 9106.497120109145 -4654.0959999170655 4.222155958188967e-12
    vertex 9106.497120109145 -4664.0959999170655 4.2221559581889684e-12
  endloop
endfacet
facet normal -2.7755575615628914e-16 1.5146129380243427e-28 1.0
  outer loop
    vertex 9106.497120109145 -4654.0959999170655 4.222155958188967e-12
    vertex 9156.497120109145 -4664.095999917063 4.236033745996783e-12
    vertex 9156.497120109145 -4654.095999917064 4.236033745996781e-12
  endloop
endfacet
facet normal 0.38268343236502156 8.638525610745961e-15 0.923879532511315
  outer loop
    vertex 9129.997120109147 -4724.095999917064 -32.59807621134912
    vertex 9130.720662973838 -4714.095999917065 -32.89777747886301
    vertex 9129.997120109145 -4714.095999917064 -32.59807621134912
  endloop
endfacet
facet normal 0.38268343236502156 8.638525610745961e-15 0.923879532511315
  outer loop
    vertex 9130.720662973838 -4714.095999917065 -32.89777747886301
    vertex 9129.997120109147 -4724.095999917064 -32.59807621134912
    vertex 9130.720662973838 -4724.095999917065 -32.89777747886301
  endloop
endfacet
facet normal -0.923879532511302 -2.085524568837388e-14 0.3826834323650534
  outer loop
    vertex 9134.394897588012 -4714.095999917065 -30.776457135303346
    vertex 9134.095196320499 -4724.095999917065 -31.49999999999579
    vertex 9134.394897588014 -4724.095999917065 -30.776457135303346
  endloop
endfacet
facet normal -0.923879532511302 -2.085524568837388e-14 0.3826834323650534
  outer loop
    vertex 9134.095196320499 -4724.095999917065 -31.49999999999579
    vertex 9134.394897588012 -4714.095999917065 -30.776457135303346
    vertex 9134.095196320499 -4714.095999917065 -31.49999999999579
  endloop
endfacet
facet normal -0.991444861373834 -2.2380435373671612e-14 0.13052619221987258
  outer loop
    vertex 9134.497120109145 -4714.095999917065 -29.999999999995772
    vertex 9134.394897588014 -4724.095999917065 -30.776457135303346
    vertex 9134.497120109145 -4724.095999917065 -29.999999999995772
  endloop
endfacet
facet normal -0.991444861373834 -2.2380435373671612e-14 0.13052619221987258
  outer loop
    vertex 9134.394897588014 -4724.095999917065 -30.776457135303346
    vertex 9134.497120109145 -4714.095999917065 -29.999999999995772
    vertex 9134.394897588012 -4714.095999917065 -30.776457135303346
  endloop
endfacet
facet normal -0.13052619222007525 -2.946440214037484e-15 0.9914448613738073
  outer loop
    vertex 9131.497120109147 -4724.095999917065 -32.99999999999581
    vertex 9132.273577244452 -4714.095999917065 -32.89777747886301
    vertex 9131.497120109145 -4714.095999917065 -32.99999999999581
  endloop
endfacet
facet normal -0.13052619222007525 -2.946440214037484e-15 0.9914448613738073
  outer loop
    vertex 9132.273577244452 -4714.095999917065 -32.89777747886301
    vertex 9131.497120109147 -4724.095999917065 -32.99999999999581
    vertex 9132.273577244454 -4724.095999917065 -32.89777747886301
  endloop
endfacet
facet normal 0.7933533402910846 1.7908805474333186e-14 0.6087614290089169
  outer loop
    vertex 9129.375799765585 -4714.095999917064 -32.12132034355544
    vertex 9128.89904389779 -4724.095999917064 -31.499999999995786
    vertex 9129.375799765587 -4724.095999917064 -32.12132034355544
  endloop
endfacet
facet normal 0.7933533402910846 1.7908805474333186e-14 0.6087614290089169
  outer loop
    vertex 9128.89904389779 -4724.095999917064 -31.499999999995786
    vertex 9129.375799765585 -4714.095999917064 -32.12132034355544
    vertex 9128.89904389779 -4714.095999917064 -31.499999999995786
  endloop
endfacet
facet normal -0.3826834323650221 -8.638525610745687e-15 0.9238795325113148
  outer loop
    vertex 9132.273577244454 -4724.095999917065 -32.89777747886301
    vertex 9132.997120109145 -4714.095999917065 -32.59807621134912
    vertex 9132.273577244452 -4714.095999917065 -32.89777747886301
  endloop
endfacet
facet normal -0.3826834323650221 -8.638525610745687e-15 0.9238795325113148
  outer loop
    vertex 9132.997120109145 -4714.095999917065 -32.59807621134912
    vertex 9132.273577244454 -4724.095999917065 -32.89777747886301
    vertex 9132.997120109145 -4724.095999917065 -32.59807621134912
  endloop
endfacet
facet normal -0.6087614290087637 -1.3741909762924585e-14 0.7933533402912021
  outer loop
    vertex 9233.618440452705 -4724.095999917063 -32.12132034355541
    vertex 9232.997120109145 -4714.095999917063 -32.59807621134909
    vertex 9232.997120109145 -4724.095999917063 -32.59807621134909
  endloop
endfacet
facet normal -0.6087614290087637 -1.3741909762924585e-14 0.7933533402912021
  outer loop
    vertex 9232.997120109145 -4714.095999917063 -32.59807621134909
    vertex 9233.618440452705 -4724.095999917063 -32.12132034355541
    vertex 9233.618440452705 -4714.095999917063 -32.12132034355541
  endloop
endfacet
facet normal -0.923879532511302 -2.085524568837388e-14 0.3826834323650534
  outer loop
    vertex 9234.394897588012 -4714.095999917063 -30.77645713530331
    vertex 9234.095196320499 -4724.095999917063 -31.499999999995758
    vertex 9234.394897588012 -4724.095999917063 -30.77645713530331
  endloop
endfacet
facet normal -0.923879532511302 -2.085524568837388e-14 0.3826834323650534
  outer loop
    vertex 9234.095196320499 -4724.095999917063 -31.499999999995758
    vertex 9234.394897588012 -4714.095999917063 -30.77645713530331
    vertex 9234.095196320497 -4714.095999917063 -31.499999999995758
  endloop
endfacet
facet normal 0.6087614290087633 1.374190976292482e-14 0.7933533402912025
  outer loop
    vertex 9129.375799765587 -4724.095999917064 -32.12132034355544
    vertex 9129.997120109145 -4714.095999917064 -32.59807621134912
    vertex 9129.375799765585 -4714.095999917064 -32.12132034355544
  endloop
endfacet
facet normal 0.6087614290087633 1.374190976292482e-14 0.7933533402912025
  outer loop
    vertex 9129.997120109145 -4714.095999917064 -32.59807621134912
    vertex 9129.375799765587 -4724.095999917064 -32.12132034355544
    vertex 9129.997120109147 -4724.095999917064 -32.59807621134912
  endloop
endfacet
facet normal -0.3826834323650221 -8.638525610745687e-15 0.9238795325113148
  outer loop
    vertex 9232.273577244452 -4724.095999917063 -32.897777478862984
    vertex 9232.997120109145 -4714.095999917063 -32.59807621134909
    vertex 9232.27357724445 -4714.095999917063 -32.897777478862984
  endloop
endfacet
facet normal -0.3826834323650221 -8.638525610745687e-15 0.9238795325113148
  outer loop
    vertex 9232.997120109145 -4714.095999917063 -32.59807621134909
    vertex 9232.273577244452 -4724.095999917063 -32.897777478862984
    vertex 9232.997120109145 -4724.095999917063 -32.59807621134909
  endloop
endfacet
facet normal 0.6087614290087637 1.3741909762924585e-14 -0.7933533402912021
  outer loop
    vertex 9229.997120109143 -4714.095999917063 -27.401923788642385
    vertex 9229.375799765585 -4724.095999917063 -27.878679656436066
    vertex 9229.375799765585 -4714.095999917063 -27.878679656436066
  endloop
endfacet
facet normal 0.6087614290087637 1.3741909762924585e-14 -0.7933533402912021
  outer loop
    vertex 9229.375799765585 -4724.095999917063 -27.878679656436066
    vertex 9229.997120109143 -4714.095999917063 -27.401923788642385
    vertex 9229.997120109145 -4724.095999917063 -27.401923788642385
  endloop
endfacet
facet normal 0.13052619222007525 2.946440214037484e-15 -0.9914448613738073
  outer loop
    vertex 9231.497120109145 -4714.095999917063 -26.999999999995698
    vertex 9230.720662973838 -4724.095999917063 -27.102222521128493
    vertex 9230.720662973838 -4714.095999917063 -27.102222521128493
  endloop
endfacet
facet normal 0.13052619222007525 2.946440214037484e-15 -0.9914448613738073
  outer loop
    vertex 9230.720662973838 -4724.095999917063 -27.102222521128493
    vertex 9231.497120109145 -4714.095999917063 -26.999999999995698
    vertex 9231.497120109145 -4724.095999917063 -26.999999999995698
  endloop
endfacet
facet normal -2.7755575615628914e-16 1.5146129380243427e-28 1.0
  outer loop
    vertex 9256.497120109143 -4664.095999917061 4.258149388647316e-12
    vertex 9206.497120109141 -4614.095999917063 4.244271600839493e-12
    vertex 9206.497120109143 -4664.095999917063 4.244271600839501e-12
  endloop
endfacet
facet normal 2.7755575615628914e-16 -1.5146129380243427e-28 -1.0
  outer loop
    vertex 9106.497120109145 -4654.0959999170655 -59.99999999999579
    vertex 9128.89904389779 -4687.5959999170655 -59.99999999999575
    vertex 9106.497120109145 -4724.0959999170655 -59.99999999999579
  endloop
endfacet
facet normal 2.7755575615628914e-16 -1.5146129380243427e-28 -1.0
  outer loop
    vertex 9128.89904389779 -4687.5959999170655 -59.99999999999575
    vertex 9106.497120109145 -4654.0959999170655 -59.99999999999579
    vertex 9129.375799765585 -4686.9746795735055 -59.99999999999575
  endloop
endfacet
facet normal 2.7755575615628914e-16 -1.5146129380243427e-28 -1.0
  outer loop
    vertex 9129.375799765585 -4686.9746795735055 -59.99999999999575
    vertex 9106.497120109145 -4654.0959999170655 -59.99999999999579
    vertex 9129.997120109145 -4686.497923705711 -59.99999999999575
  endloop
endfacet
facet normal 2.7755575615628914e-16 -1.5146129380243427e-28 -1.0
  outer loop
    vertex 9129.997120109145 -4686.497923705711 -59.99999999999575
    vertex 9106.497120109145 -4654.0959999170655 -59.99999999999579
    vertex 9130.720662973836 -4686.198222438198 -59.99999999999575
  endloop
endfacet
facet normal 2.7755575615628914e-16 -1.5146129380243427e-28 -1.0
  outer loop
    vertex 9130.720662973836 -4686.198222438198 -59.99999999999575
    vertex 9106.497120109145 -4654.0959999170655 -59.99999999999579
    vertex 9246.497120109143 -4654.095999917061 -59.99999999999574
  endloop
endfacet
facet normal 2.7755575615628914e-16 -1.5146129380243427e-28 -1.0
  outer loop
    vertex 9106.497120109145 -4724.0959999170655 -59.99999999999579
    vertex 9128.89904389779 -4687.5959999170655 -59.99999999999575
    vertex 9128.599342630278 -4688.319542781757 -59.99999999999575
  endloop
endfacet
facet normal 2.7755575615628914e-16 -1.5146129380243427e-28 -1.0
  outer loop
    vertex 9106.497120109145 -4724.0959999170655 -59.99999999999579
    vertex 9128.599342630278 -4688.319542781757 -59.99999999999575
    vertex 9128.497120109143 -4689.0959999170655 -59.99999999999575
  endloop
endfacet
facet normal 2.7755575615628914e-16 -1.5146129380243427e-28 -1.0
  outer loop
    vertex 9130.720662973836 -4686.198222438198 -59.99999999999575
    vertex 9246.497120109143 -4654.095999917061 -59.99999999999574
    vertex 9131.497120109145 -4686.0959999170655 -59.99999999999575
  endloop
endfacet
facet normal 2.7755575615628914e-16 -1.5146129380243427e-28 -1.0
  outer loop
    vertex 9131.497120109145 -4686.0959999170655 -59.99999999999575
    vertex 9246.497120109143 -4654.095999917061 -59.99999999999574
    vertex 9132.273577244452 -4686.198222438198 -59.99999999999575
  endloop
endfacet
facet normal 2.7755575615628914e-16 -1.5146129380243427e-28 -1.0
  outer loop
    vertex 9132.273577244452 -4686.198222438198 -59.99999999999575
    vertex 9246.497120109143 -4654.095999917061 -59.99999999999574
    vertex 9132.997120109145 -4686.497923705711 -59.99999999999575
  endloop
endfacet
facet normal 2.7755575615628914e-16 -1.5146129380243427e-28 -1.0
  outer loop
    vertex 9132.997120109145 -4686.497923705711 -59.99999999999575
    vertex 9246.497120109143 -4654.095999917061 -59.99999999999574
    vertex 9133.618440452705 -4686.9746795735055 -59.99999999999575
  endloop
endfacet
facet normal 2.7755575615628914e-16 -1.5146129380243427e-28 -1.0
  outer loop
    vertex 9133.618440452705 -4686.9746795735055 -59.99999999999575
    vertex 9246.497120109143 -4654.095999917061 -59.99999999999574
    vertex 9134.095196320497 -4687.595999917065 -59.99999999999575
  endloop
endfacet
facet normal 2.7755575615628914e-16 -1.5146129380243427e-28 -1.0
  outer loop
    vertex 9134.095196320497 -4687.595999917065 -59.99999999999575
    vertex 9246.497120109143 -4654.095999917061 -59.99999999999574
    vertex 9134.394897588012 -4688.319542781757 -59.99999999999575
  endloop
endfacet
facet normal 2.7755575615628914e-16 -1.5146129380243427e-28 -1.0
  outer loop
    vertex 9134.394897588012 -4688.319542781757 -59.99999999999575
    vertex 9246.497120109143 -4654.095999917061 -59.99999999999574
    vertex 9134.497120109145 -4689.0959999170655 -59.99999999999575
  endloop
endfacet
facet normal 2.7755575615628914e-16 -1.5146129380243427e-28 -1.0
  outer loop
    vertex 9134.497120109145 -4689.0959999170655 -59.99999999999575
    vertex 9246.497120109143 -4654.095999917061 -59.99999999999574
    vertex 9179.997120109145 -4686.49792370571 -59.99999999999574
  endloop
endfacet
facet normal 2.7755575615628914e-16 -1.5146129380243427e-28 -1.0
  outer loop
    vertex 9134.497120109145 -4689.0959999170655 -59.99999999999575
    vertex 9179.997120109145 -4686.49792370571 -59.99999999999574
    vertex 9179.375799765585 -4686.974679573504 -59.99999999999574
  endloop
endfacet
facet normal 2.7755575615628914e-16 -1.5146129380243427e-28 -1.0
  outer loop
    vertex 9134.497120109145 -4689.0959999170655 -59.99999999999575
    vertex 9179.375799765585 -4686.974679573504 -59.99999999999574
    vertex 9178.899043897793 -4687.595999917064 -59.99999999999574
  endloop
endfacet
facet normal 2.7755575615628914e-16 -1.5146129380243427e-28 -1.0
  outer loop
    vertex 9134.497120109145 -4689.0959999170655 -59.99999999999575
    vertex 9178.899043897793 -4687.595999917064 -59.99999999999574
    vertex 9178.599342630278 -4688.319542781755 -59.99999999999574
  endloop
endfacet
facet normal 2.7755575615628914e-16 -1.5146129380243427e-28 -1.0
  outer loop
    vertex 9134.497120109145 -4689.0959999170655 -59.99999999999575
    vertex 9178.599342630278 -4688.319542781755 -59.99999999999574
    vertex 9178.497120109143 -4689.095999917064 -59.99999999999574
  endloop
endfacet
facet normal 2.7755575615628914e-16 -1.5146129380243427e-28 -1.0
  outer loop
    vertex 9179.997120109145 -4686.49792370571 -59.99999999999574
    vertex 9246.497120109143 -4654.095999917061 -59.99999999999574
    vertex 9180.720662973838 -4686.198222438195 -59.99999999999574
  endloop
endfacet
facet normal 2.7755575615628914e-16 -1.5146129380243427e-28 -1.0
  outer loop
    vertex 9180.720662973838 -4686.198222438195 -59.99999999999574
    vertex 9246.497120109143 -4654.095999917061 -59.99999999999574
    vertex 9181.497120109145 -4686.095999917063 -59.99999999999574
  endloop
endfacet
facet normal 2.7755575615628914e-16 -1.5146129380243427e-28 -1.0
  outer loop
    vertex 9181.497120109145 -4686.095999917063 -59.99999999999574
    vertex 9246.497120109143 -4654.095999917061 -59.99999999999574
    vertex 9182.273577244452 -4686.198222438195 -59.99999999999574
  endloop
endfacet
facet normal 2.7755575615628914e-16 -1.5146129380243427e-28 -1.0
  outer loop
    vertex 9182.273577244452 -4686.198222438195 -59.99999999999574
    vertex 9246.497120109143 -4654.095999917061 -59.99999999999574
    vertex 9182.997120109145 -4686.49792370571 -59.99999999999574
  endloop
endfacet
facet normal 2.7755575615628914e-16 -1.5146129380243427e-28 -1.0
  outer loop
    vertex 9182.997120109145 -4686.49792370571 -59.99999999999574
    vertex 9246.497120109143 -4654.095999917061 -59.99999999999574
    vertex 9183.618440452705 -4686.974679573504 -59.99999999999574
  endloop
endfacet
facet normal 2.7755575615628914e-16 -1.5146129380243427e-28 -1.0
  outer loop
    vertex 9183.618440452705 -4686.974679573504 -59.99999999999574
    vertex 9246.497120109143 -4654.095999917061 -59.99999999999574
    vertex 9184.095196320497 -4687.595999917063 -59.99999999999574
  endloop
endfacet
facet normal 2.7755575615628914e-16 -1.5146129380243427e-28 -1.0
  outer loop
    vertex 9184.095196320497 -4687.595999917063 -59.99999999999574
    vertex 9246.497120109143 -4654.095999917061 -59.99999999999574
    vertex 9184.394897588012 -4688.319542781755 -59.99999999999574
  endloop
endfacet
facet normal 2.7755575615628914e-16 -1.5146129380243427e-28 -1.0
  outer loop
    vertex 9184.394897588012 -4688.319542781755 -59.99999999999574
    vertex 9246.497120109143 -4654.095999917061 -59.99999999999574
    vertex 9184.497120109145 -4689.095999917064 -59.99999999999574
  endloop
endfacet
facet normal 2.7755575615628914e-16 -1.5146129380243427e-28 -1.0
  outer loop
    vertex 9184.497120109145 -4689.095999917064 -59.99999999999574
    vertex 9246.497120109143 -4654.095999917061 -59.99999999999574
    vertex 9228.89904389779 -4687.595999917062 -59.99999999999583
  endloop
endfacet
facet normal 2.7755575615628914e-16 -1.5146129380243427e-28 -1.0
  outer loop
    vertex 9184.497120109145 -4689.095999917064 -59.99999999999574
    vertex 9228.89904389779 -4687.595999917062 -59.99999999999583
    vertex 9228.599342630276 -4688.319542781754 -59.99999999999583
  endloop
endfacet
facet normal 2.7755575615628914e-16 -1.5146129380243427e-28 -1.0
  outer loop
    vertex 9184.497120109145 -4689.095999917064 -59.99999999999574
    vertex 9228.599342630276 -4688.319542781754 -59.99999999999583
    vertex 9228.497120109145 -4689.095999917061 -59.99999999999583
  endloop
endfacet
facet normal 2.7755575615628914e-16 -1.5146129380243427e-28 -1.0
  outer loop
    vertex 9228.89904389779 -4687.595999917062 -59.99999999999583
    vertex 9246.497120109143 -4654.095999917061 -59.99999999999574
    vertex 9229.375799765583 -4686.974679573502 -59.99999999999583
  endloop
endfacet
facet normal 2.7755575615628914e-16 -1.5146129380243427e-28 -1.0
  outer loop
    vertex 9229.375799765583 -4686.974679573502 -59.99999999999583
    vertex 9246.497120109143 -4654.095999917061 -59.99999999999574
    vertex 9229.997120109143 -4686.497923705708 -59.99999999999583
  endloop
endfacet
facet normal 2.7755575615628914e-16 -1.5146129380243427e-28 -1.0
  outer loop
    vertex 9229.997120109143 -4686.497923705708 -59.99999999999583
    vertex 9246.497120109143 -4654.095999917061 -59.99999999999574
    vertex 9230.720662973836 -4686.198222438194 -59.99999999999583
  endloop
endfacet
facet normal 2.7755575615628914e-16 -1.5146129380243427e-28 -1.0
  outer loop
    vertex 9230.720662973836 -4686.198222438194 -59.99999999999583
    vertex 9246.497120109143 -4654.095999917061 -59.99999999999574
    vertex 9231.497120109143 -4686.095999917061 -59.99999999999583
  endloop
endfacet
facet normal 2.7755575615628914e-16 -1.5146129380243427e-28 -1.0
  outer loop
    vertex 9231.497120109143 -4686.095999917061 -59.99999999999583
    vertex 9246.497120109143 -4654.095999917061 -59.99999999999574
    vertex 9232.27357724445 -4686.198222438194 -59.99999999999583
  endloop
endfacet
facet normal 2.7755575615628914e-16 -1.5146129380243427e-28 -1.0
  outer loop
    vertex 9232.27357724445 -4686.198222438194 -59.99999999999583
    vertex 9246.497120109143 -4654.095999917061 -59.99999999999574
    vertex 9232.997120109143 -4686.497923705708 -59.99999999999583
  endloop
endfacet
facet normal 2.7755575615628914e-16 -1.5146129380243427e-28 -1.0
  outer loop
    vertex 9232.997120109143 -4686.497923705708 -59.99999999999583
    vertex 9246.497120109143 -4654.095999917061 -59.99999999999574
    vertex 9233.618440452703 -4686.974679573502 -59.99999999999583
  endloop
endfacet
facet normal 2.7755575615628914e-16 -1.5146129380243427e-28 -1.0
  outer loop
    vertex 9233.618440452703 -4686.974679573502 -59.99999999999583
    vertex 9246.497120109143 -4654.095999917061 -59.99999999999574
    vertex 9234.095196320495 -4687.595999917061 -59.99999999999583
  endloop
endfacet
facet normal 2.7755575615628914e-16 -1.5146129380243427e-28 -1.0
  outer loop
    vertex 9234.095196320495 -4687.595999917061 -59.99999999999583
    vertex 9246.497120109143 -4654.095999917061 -59.99999999999574
    vertex 9234.39489758801 -4688.319542781754 -59.99999999999583
  endloop
endfacet
facet normal 2.7755575615628914e-16 -1.5146129380243427e-28 -1.0
  outer loop
    vertex 9234.39489758801 -4688.319542781754 -59.99999999999583
    vertex 9246.497120109143 -4654.095999917061 -59.99999999999574
    vertex 9234.497120109143 -4689.095999917061 -59.99999999999583
  endloop
endfacet
facet normal 2.7755575615628914e-16 -1.5146129380243427e-28 -1.0
  outer loop
    vertex 9106.497120109145 -4724.0959999170655 -59.99999999999579
    vertex 9130.720662973836 -4691.993777395933 -59.99999999999575
    vertex 9256.497120109145 -4724.095999917061 -59.99999999999574
  endloop
endfacet
facet normal 2.7755575615628914e-16 -1.5146129380243427e-28 -1.0
  outer loop
    vertex 9130.720662973836 -4691.993777395933 -59.99999999999575
    vertex 9106.497120109145 -4724.0959999170655 -59.99999999999579
    vertex 9129.997120109145 -4691.694076128419 -59.99999999999575
  endloop
endfacet
facet normal 2.7755575615628914e-16 -1.5146129380243427e-28 -1.0
  outer loop
    vertex 9129.997120109145 -4691.694076128419 -59.99999999999575
    vertex 9106.497120109145 -4724.0959999170655 -59.99999999999579
    vertex 9129.375799765585 -4691.217320260625 -59.99999999999575
  endloop
endfacet
facet normal 2.7755575615628914e-16 -1.5146129380243427e-28 -1.0
  outer loop
    vertex 9129.375799765585 -4691.217320260625 -59.99999999999575
    vertex 9106.497120109145 -4724.0959999170655 -59.99999999999579
    vertex 9128.89904389779 -4690.5959999170655 -59.99999999999575
  endloop
endfacet
facet normal 2.7755575615628914e-16 -1.5146129380243427e-28 -1.0
  outer loop
    vertex 9128.89904389779 -4690.5959999170655 -59.99999999999575
    vertex 9106.497120109145 -4724.0959999170655 -59.99999999999579
    vertex 9128.599342630278 -4689.872457052373 -59.99999999999575
  endloop
endfacet
facet normal 2.7755575615628914e-16 -1.5146129380243427e-28 -1.0
  outer loop
    vertex 9128.599342630278 -4689.872457052373 -59.99999999999575
    vertex 9106.497120109145 -4724.0959999170655 -59.99999999999579
    vertex 9128.497120109143 -4689.0959999170655 -59.99999999999575
  endloop
endfacet
facet normal 2.7755575615628914e-16 -1.5146129380243427e-28 -1.0
  outer loop
    vertex 9256.497120109145 -4724.095999917061 -59.99999999999574
    vertex 9130.720662973836 -4691.993777395933 -59.99999999999575
    vertex 9131.497120109145 -4692.0959999170655 -59.99999999999575
  endloop
endfacet
facet normal 2.7755575615628914e-16 -1.5146129380243427e-28 -1.0
  outer loop
    vertex 9256.497120109145 -4724.095999917061 -59.99999999999574
    vertex 9131.497120109145 -4692.0959999170655 -59.99999999999575
    vertex 9132.273577244452 -4691.993777395933 -59.99999999999575
  endloop
endfacet
facet normal 2.7755575615628914e-16 -1.5146129380243427e-28 -1.0
  outer loop
    vertex 9256.497120109145 -4724.095999917061 -59.99999999999574
    vertex 9132.273577244452 -4691.993777395933 -59.99999999999575
    vertex 9132.997120109145 -4691.694076128419 -59.99999999999575
  endloop
endfacet
facet normal 2.7755575615628914e-16 -1.5146129380243427e-28 -1.0
  outer loop
    vertex 9256.497120109145 -4724.095999917061 -59.99999999999574
    vertex 9132.997120109145 -4691.694076128419 -59.99999999999575
    vertex 9133.618440452705 -4691.217320260625 -59.99999999999575
  endloop
endfacet
facet normal 2.7755575615628914e-16 -1.5146129380243427e-28 -1.0
  outer loop
    vertex 9256.497120109145 -4724.095999917061 -59.99999999999574
    vertex 9133.618440452705 -4691.217320260625 -59.99999999999575
    vertex 9134.095196320497 -4690.5959999170655 -59.99999999999575
  endloop
endfacet
facet normal 2.7755575615628914e-16 -1.5146129380243427e-28 -1.0
  outer loop
    vertex 9256.497120109145 -4724.095999917061 -59.99999999999574
    vertex 9134.095196320497 -4690.5959999170655 -59.99999999999575
    vertex 9134.394897588012 -4689.872457052373 -59.99999999999575
  endloop
endfacet
facet normal 2.7755575615628914e-16 -1.5146129380243427e-28 -1.0
  outer loop
    vertex 9256.497120109145 -4724.095999917061 -59.99999999999574
    vertex 9134.394897588012 -4689.872457052373 -59.99999999999575
    vertex 9134.497120109145 -4689.0959999170655 -59.99999999999575
  endloop
endfacet
facet normal 2.7755575615628914e-16 -1.5146129380243427e-28 -1.0
  outer loop
    vertex 9256.497120109145 -4724.095999917061 -59.99999999999574
    vertex 9134.497120109145 -4689.0959999170655 -59.99999999999575
    vertex 9179.997120109145 -4691.694076128417 -59.99999999999574
  endloop
endfacet
facet normal 2.7755575615628914e-16 -1.5146129380243427e-28 -1.0
  outer loop
    vertex 9179.997120109145 -4691.694076128417 -59.99999999999574
    vertex 9134.497120109145 -4689.0959999170655 -59.99999999999575
    vertex 9179.375799765585 -4691.217320260623 -59.99999999999574
  endloop
endfacet
facet normal 2.7755575615628914e-16 -1.5146129380243427e-28 -1.0
  outer loop
    vertex 9179.375799765585 -4691.217320260623 -59.99999999999574
    vertex 9134.497120109145 -4689.0959999170655 -59.99999999999575
    vertex 9178.899043897793 -4690.595999917064 -59.99999999999574
  endloop
endfacet
facet normal 2.7755575615628914e-16 -1.5146129380243427e-28 -1.0
  outer loop
    vertex 9178.899043897793 -4690.595999917064 -59.99999999999574
    vertex 9134.497120109145 -4689.0959999170655 -59.99999999999575
    vertex 9178.599342630278 -4689.872457052371 -59.99999999999574
  endloop
endfacet
facet normal 2.7755575615628914e-16 -1.5146129380243427e-28 -1.0
  outer loop
    vertex 9178.599342630278 -4689.872457052371 -59.99999999999574
    vertex 9134.497120109145 -4689.0959999170655 -59.99999999999575
    vertex 9178.497120109143 -4689.095999917064 -59.99999999999574
  endloop
endfacet
facet normal 2.7755575615628914e-16 -1.5146129380243427e-28 -1.0
  outer loop
    vertex 9256.497120109145 -4724.095999917061 -59.99999999999574
    vertex 9179.997120109145 -4691.694076128417 -59.99999999999574
    vertex 9180.720662973838 -4691.993777395931 -59.99999999999574
  endloop
endfacet
facet normal 2.7755575615628914e-16 -1.5146129380243427e-28 -1.0
  outer loop
    vertex 9256.497120109145 -4724.095999917061 -59.99999999999574
    vertex 9180.720662973838 -4691.993777395931 -59.99999999999574
    vertex 9181.497120109145 -4692.095999917064 -59.99999999999574
  endloop
endfacet
facet normal 2.7755575615628914e-16 -1.5146129380243427e-28 -1.0
  outer loop
    vertex 9256.497120109145 -4724.095999917061 -59.99999999999574
    vertex 9181.497120109145 -4692.095999917064 -59.99999999999574
    vertex 9182.273577244452 -4691.993777395931 -59.99999999999574
  endloop
endfacet
facet normal 2.7755575615628914e-16 -1.5146129380243427e-28 -1.0
  outer loop
    vertex 9256.497120109145 -4724.095999917061 -59.99999999999574
    vertex 9182.273577244452 -4691.993777395931 -59.99999999999574
    vertex 9182.997120109145 -4691.694076128417 -59.99999999999574
  endloop
endfacet
facet normal 2.7755575615628914e-16 -1.5146129380243427e-28 -1.0
  outer loop
    vertex 9256.497120109145 -4724.095999917061 -59.99999999999574
    vertex 9182.997120109145 -4691.694076128417 -59.99999999999574
    vertex 9183.618440452705 -4691.217320260623 -59.99999999999574
  endloop
endfacet
facet normal 2.7755575615628914e-16 -1.5146129380243427e-28 -1.0
  outer loop
    vertex 9256.497120109145 -4724.095999917061 -59.99999999999574
    vertex 9183.618440452705 -4691.217320260623 -59.99999999999574
    vertex 9184.095196320497 -4690.595999917063 -59.99999999999574
  endloop
endfacet
facet normal 2.7755575615628914e-16 -1.5146129380243427e-28 -1.0
  outer loop
    vertex 9256.497120109145 -4724.095999917061 -59.99999999999574
    vertex 9184.095196320497 -4690.595999917063 -59.99999999999574
    vertex 9184.394897588012 -4689.872457052371 -59.99999999999574
  endloop
endfacet
facet normal 2.7755575615628914e-16 -1.5146129380243427e-28 -1.0
  outer loop
    vertex 9256.497120109145 -4724.095999917061 -59.99999999999574
    vertex 9184.394897588012 -4689.872457052371 -59.99999999999574
    vertex 9184.497120109145 -4689.095999917064 -59.99999999999574
  endloop
endfacet
facet normal 2.7755575615628914e-16 -1.5146129380243427e-28 -1.0
  outer loop
    vertex 9256.497120109145 -4724.095999917061 -59.99999999999574
    vertex 9184.497120109145 -4689.095999917064 -59.99999999999574
    vertex 9229.375799765583 -4691.217320260621 -59.99999999999583
  endloop
endfacet
facet normal 2.7755575615628914e-16 -1.5146129380243427e-28 -1.0
  outer loop
    vertex 9229.375799765583 -4691.217320260621 -59.99999999999583
    vertex 9184.497120109145 -4689.095999917064 -59.99999999999574
    vertex 9228.89904389779 -4690.595999917062 -59.99999999999583
  endloop
endfacet
facet normal 2.7755575615628914e-16 -1.5146129380243427e-28 -1.0
  outer loop
    vertex 9228.89904389779 -4690.595999917062 -59.99999999999583
    vertex 9184.497120109145 -4689.095999917064 -59.99999999999574
    vertex 9228.599342630276 -4689.872457052369 -59.99999999999583
  endloop
endfacet
facet normal 2.7755575615628914e-16 -1.5146129380243427e-28 -1.0
  outer loop
    vertex 9228.599342630276 -4689.872457052369 -59.99999999999583
    vertex 9184.497120109145 -4689.095999917064 -59.99999999999574
    vertex 9228.497120109145 -4689.095999917061 -59.99999999999583
  endloop
endfacet
facet normal 2.7755575615628914e-16 -1.5146129380243427e-28 -1.0
  outer loop
    vertex 9256.497120109145 -4724.095999917061 -59.99999999999574
    vertex 9229.375799765583 -4691.217320260621 -59.99999999999583
    vertex 9229.997120109143 -4691.694076128415 -59.99999999999583
  endloop
endfacet
facet normal 2.7755575615628914e-16 -1.5146129380243427e-28 -1.0
  outer loop
    vertex 9256.497120109145 -4724.095999917061 -59.99999999999574
    vertex 9229.997120109143 -4691.694076128415 -59.99999999999583
    vertex 9230.720662973836 -4691.993777395928 -59.99999999999583
  endloop
endfacet
facet normal 2.7755575615628914e-16 -1.5146129380243427e-28 -1.0
  outer loop
    vertex 9256.497120109145 -4724.095999917061 -59.99999999999574
    vertex 9230.720662973836 -4691.993777395928 -59.99999999999583
    vertex 9231.497120109143 -4692.095999917061 -59.99999999999583
  endloop
endfacet
facet normal 2.7755575615628914e-16 -1.5146129380243427e-28 -1.0
  outer loop
    vertex 9256.497120109145 -4724.095999917061 -59.99999999999574
    vertex 9231.497120109143 -4692.095999917061 -59.99999999999583
    vertex 9232.27357724445 -4691.993777395928 -59.99999999999583
  endloop
endfacet
facet normal 2.7755575615628914e-16 -1.5146129380243427e-28 -1.0
  outer loop
    vertex 9256.497120109145 -4724.095999917061 -59.99999999999574
    vertex 9232.27357724445 -4691.993777395928 -59.99999999999583
    vertex 9232.997120109143 -4691.694076128415 -59.99999999999583
  endloop
endfacet
facet normal 2.7755575615628914e-16 -1.5146129380243427e-28 -1.0
  outer loop
    vertex 9256.497120109145 -4724.095999917061 -59.99999999999574
    vertex 9232.997120109143 -4691.694076128415 -59.99999999999583
    vertex 9233.618440452703 -4691.217320260621 -59.99999999999583
  endloop
endfacet
facet normal 2.7755575615628914e-16 -1.5146129380243427e-28 -1.0
  outer loop
    vertex 9256.497120109145 -4724.095999917061 -59.99999999999574
    vertex 9233.618440452703 -4691.217320260621 -59.99999999999583
    vertex 9234.095196320495 -4690.595999917061 -59.99999999999583
  endloop
endfacet
facet normal 2.7755575615628914e-16 -1.5146129380243427e-28 -1.0
  outer loop
    vertex 9256.497120109145 -4724.095999917061 -59.99999999999574
    vertex 9234.095196320495 -4690.595999917061 -59.99999999999583
    vertex 9234.39489758801 -4689.872457052369 -59.99999999999583
  endloop
endfacet
facet normal 2.7755575615628914e-16 -1.5146129380243427e-28 -1.0
  outer loop
    vertex 9256.497120109145 -4724.095999917061 -59.99999999999574
    vertex 9234.39489758801 -4689.872457052369 -59.99999999999583
    vertex 9234.497120109143 -4689.095999917061 -59.99999999999583
  endloop
endfacet
facet normal 2.7755575615628914e-16 -1.5146129380243427e-28 -1.0
  outer loop
    vertex 9256.497120109145 -4724.095999917061 -59.99999999999574
    vertex 9234.497120109143 -4689.095999917061 -59.99999999999583
    vertex 9246.497120109143 -4654.095999917061 -59.99999999999574
  endloop
endfacet
facet normal 2.7755575615628914e-16 -1.5146129380243427e-28 -1.0
  outer loop
    vertex 9256.497120109145 -4724.095999917061 -59.99999999999574
    vertex 9246.497120109143 -4654.095999917061 -59.99999999999574
    vertex 9256.497120109143 -4664.095999917061 -59.99999999999574
  endloop
endfacet
facet normal -0.6087614290087633 -1.374190976292482e-14 -0.7933533402912025
  outer loop
    vertex 9133.618440452705 -4714.095999917065 -27.878679656436095
    vertex 9132.997120109145 -4724.095999917065 -27.401923788642414
    vertex 9132.997120109145 -4714.095999917065 -27.401923788642414
  endloop
endfacet
facet normal -0.6087614290087633 -1.374190976292482e-14 -0.7933533402912025
  outer loop
    vertex 9132.997120109145 -4724.095999917065 -27.401923788642414
    vertex 9133.618440452705 -4714.095999917065 -27.878679656436095
    vertex 9133.618440452705 -4724.095999917065 -27.878679656436095
  endloop
endfacet
facet normal 1.0 2.2573555268277157e-14 2.7755575615628914e-16
  outer loop
    vertex 9256.497120109145 -4724.095999917061 -59.99999999999574
    vertex 9256.497120109145 -4714.095999917061 -49.99999999999574
    vertex 9256.497120109145 -4724.095999917061 4.263789321612421e-12
  endloop
endfacet
facet normal 1.0 2.2573555268277157e-14 2.7755575615628914e-16
  outer loop
    vertex 9256.497120109145 -4714.095999917061 -49.99999999999574
    vertex 9256.497120109145 -4724.095999917061 -59.99999999999574
    vertex 9256.497120109143 -4664.095999917061 -59.99999999999574
  endloop
endfacet
facet normal 1.0 2.2573555268277157e-14 2.7755575615628914e-16
  outer loop
    vertex 9256.497120109145 -4714.095999917061 -49.99999999999574
    vertex 9256.497120109143 -4664.095999917061 -59.99999999999574
    vertex 9256.497120109143 -4664.095999917061 -49.99999999999574
  endloop
endfacet
facet normal 1.0 2.2573555268277157e-14 2.7755575615628914e-16
  outer loop
    vertex 9256.497120109145 -4714.095999917061 4.26378932161242e-12
    vertex 9256.497120109145 -4724.095999917061 4.263789321612421e-12
    vertex 9256.497120109145 -4714.095999917061 -49.99999999999574
  endloop
endfacet
facet normal 0.3826834323650221 8.638525610745687e-15 -0.9238795325113148
  outer loop
    vertex 9230.720662973838 -4714.095999917063 -27.102222521128493
    vertex 9229.997120109145 -4724.095999917063 -27.401923788642385
    vertex 9229.997120109143 -4714.095999917063 -27.401923788642385
  endloop
endfacet
facet normal 0.3826834323650221 8.638525610745687e-15 -0.9238795325113148
  outer loop
    vertex 9229.997120109145 -4724.095999917063 -27.401923788642385
    vertex 9230.720662973838 -4714.095999917063 -27.102222521128493
    vertex 9230.720662973838 -4724.095999917063 -27.102222521128493
  endloop
endfacet
facet normal -0.38268343236502156 -8.638525610745961e-15 -0.923879532511315
  outer loop
    vertex 9132.997120109145 -4714.095999917065 -27.401923788642414
    vertex 9132.273577244454 -4724.095999917065 -27.10222252112852
    vertex 9132.273577244452 -4714.095999917065 -27.10222252112852
  endloop
endfacet
facet normal -0.38268343236502156 -8.638525610745961e-15 -0.923879532511315
  outer loop
    vertex 9132.273577244454 -4724.095999917065 -27.10222252112852
    vertex 9132.997120109145 -4714.095999917065 -27.401923788642414
    vertex 9132.997120109145 -4724.095999917065 -27.401923788642414
  endloop
endfacet
facet normal -2.41155754369614e-16 5.208354836777402e-31 1.0
  outer loop
    vertex 9106.497120109145 -4664.0959999170655 -49.999999999995765
    vertex 9129.375799765585 -4686.9746795735055 -49.999999999995765
    vertex 9156.497120109145 -4664.095999917063 -49.999999999995765
  endloop
endfacet
facet normal -2.41155754369614e-16 5.208354836777402e-31 1.0
  outer loop
    vertex 9129.375799765585 -4686.9746795735055 -49.999999999995765
    vertex 9106.497120109145 -4664.0959999170655 -49.999999999995765
    vertex 9128.89904389779 -4687.5959999170655 -49.999999999995765
  endloop
endfacet
facet normal -2.41155754369614e-16 5.208354836777402e-31 1.0
  outer loop
    vertex 9128.89904389779 -4687.5959999170655 -49.999999999995765
    vertex 9106.497120109145 -4664.0959999170655 -49.999999999995765
    vertex 9128.599342630278 -4688.319542781757 -49.999999999995765
  endloop
endfacet
facet normal -2.41155754369614e-16 5.208354836777402e-31 1.0
  outer loop
    vertex 9128.599342630278 -4688.319542781757 -49.999999999995765
    vertex 9106.497120109145 -4664.0959999170655 -49.999999999995765
    vertex 9128.497120109143 -4689.0959999170655 -49.999999999995765
  endloop
endfacet
facet normal -2.41155754369614e-16 5.208354836777402e-31 1.0
  outer loop
    vertex 9156.497120109145 -4664.095999917063 -49.999999999995765
    vertex 9129.375799765585 -4686.9746795735055 -49.999999999995765
    vertex 9129.997120109145 -4686.497923705711 -49.999999999995765
  endloop
endfacet
facet normal -2.41155754369614e-16 5.208354836777402e-31 1.0
  outer loop
    vertex 9156.497120109145 -4664.095999917063 -49.999999999995765
    vertex 9129.997120109145 -4686.497923705711 -49.999999999995765
    vertex 9130.720662973836 -4686.198222438198 -49.999999999995765
  endloop
endfacet
facet normal -2.41155754369614e-16 5.208354836777402e-31 1.0
  outer loop
    vertex 9156.497120109145 -4664.095999917063 -49.999999999995765
    vertex 9130.720662973836 -4686.198222438198 -49.999999999995765
    vertex 9131.497120109145 -4686.0959999170655 -49.999999999995765
  endloop
endfacet
facet normal -2.41155754369614e-16 5.208354836777402e-31 1.0
  outer loop
    vertex 9156.497120109145 -4664.095999917063 -49.999999999995765
    vertex 9131.497120109145 -4686.0959999170655 -49.999999999995765
    vertex 9132.273577244452 -4686.198222438198 -49.999999999995765
  endloop
endfacet
facet normal -2.41155754369614e-16 5.208354836777402e-31 1.0
  outer loop
    vertex 9156.497120109145 -4664.095999917063 -49.999999999995765
    vertex 9132.273577244452 -4686.198222438198 -49.999999999995765
    vertex 9132.997120109145 -4686.497923705711 -49.999999999995765
  endloop
endfacet
facet normal -2.41155754369614e-16 5.208354836777402e-31 1.0
  outer loop
    vertex 9156.497120109145 -4664.095999917063 -49.999999999995765
    vertex 9132.997120109145 -4686.497923705711 -49.999999999995765
    vertex 9133.618440452705 -4686.9746795735055 -49.999999999995765
  endloop
endfacet
facet normal -2.41155754369614e-16 5.208354836777402e-31 1.0
  outer loop
    vertex 9156.497120109145 -4664.095999917063 -49.999999999995765
    vertex 9133.618440452705 -4686.9746795735055 -49.999999999995765
    vertex 9134.095196320497 -4687.595999917065 -49.999999999995765
  endloop
endfacet
facet normal -2.41155754369614e-16 5.208354836777402e-31 1.0
  outer loop
    vertex 9156.497120109145 -4664.095999917063 -49.999999999995765
    vertex 9134.095196320497 -4687.595999917065 -49.999999999995765
    vertex 9134.394897588012 -4688.319542781757 -49.999999999995765
  endloop
endfacet
facet normal -2.41155754369614e-16 5.208354836777402e-31 1.0
  outer loop
    vertex 9156.497120109145 -4664.095999917063 -49.999999999995765
    vertex 9134.394897588012 -4688.319542781757 -49.999999999995765
    vertex 9134.497120109145 -4689.0959999170655 -49.999999999995765
  endloop
endfacet
facet normal -2.41155754369614e-16 5.208354836777402e-31 1.0
  outer loop
    vertex 9106.497120109145 -4714.0959999170655 -49.999999999995765
    vertex 9129.375799765585 -4691.217320260625 -49.999999999995765
    vertex 9106.497120109145 -4664.0959999170655 -49.999999999995765
  endloop
endfacet
facet normal -2.41155754369614e-16 5.208354836777402e-31 1.0
  outer loop
    vertex 9129.375799765585 -4691.217320260625 -49.999999999995765
    vertex 9106.497120109145 -4714.0959999170655 -49.999999999995765
    vertex 9129.997120109145 -4691.694076128419 -49.999999999995765
  endloop
endfacet
facet normal -2.41155754369614e-16 5.208354836777402e-31 1.0
  outer loop
    vertex 9129.997120109145 -4691.694076128419 -49.999999999995765
    vertex 9106.497120109145 -4714.0959999170655 -49.999999999995765
    vertex 9130.720662973836 -4691.993777395933 -49.999999999995765
  endloop
endfacet
facet normal -2.41155754369614e-16 5.208354836777402e-31 1.0
  outer loop
    vertex 9130.720662973836 -4691.993777395933 -49.999999999995765
    vertex 9106.497120109145 -4714.0959999170655 -49.999999999995765
    vertex 9256.497120109145 -4714.095999917061 -49.99999999999574
  endloop
endfacet
facet normal -2.41155754369614e-16 5.208354836777402e-31 1.0
  outer loop
    vertex 9106.497120109145 -4664.0959999170655 -49.999999999995765
    vertex 9129.375799765585 -4691.217320260625 -49.999999999995765
    vertex 9128.89904389779 -4690.5959999170655 -49.999999999995765
  endloop
endfacet
facet normal -2.41155754369614e-16 5.208354836777402e-31 1.0
  outer loop
    vertex 9106.497120109145 -4664.0959999170655 -49.999999999995765
    vertex 9128.89904389779 -4690.5959999170655 -49.999999999995765
    vertex 9128.599342630278 -4689.872457052373 -49.999999999995765
  endloop
endfacet
facet normal -2.41155754369614e-16 5.208354836777402e-31 1.0
  outer loop
    vertex 9106.497120109145 -4664.0959999170655 -49.999999999995765
    vertex 9128.599342630278 -4689.872457052373 -49.999999999995765
    vertex 9128.497120109143 -4689.0959999170655 -49.999999999995765
  endloop
endfacet
facet normal -2.41155754369614e-16 5.208354836777402e-31 1.0
  outer loop
    vertex 9130.720662973836 -4691.993777395933 -49.999999999995765
    vertex 9256.497120109145 -4714.095999917061 -49.99999999999574
    vertex 9131.497120109145 -4692.0959999170655 -49.999999999995765
  endloop
endfacet
facet normal -2.41155754369614e-16 5.208354836777402e-31 1.0
  outer loop
    vertex 9131.497120109145 -4692.0959999170655 -49.999999999995765
    vertex 9256.497120109145 -4714.095999917061 -49.99999999999574
    vertex 9132.273577244452 -4691.993777395933 -49.999999999995765
  endloop
endfacet
facet normal -2.41155754369614e-16 5.208354836777402e-31 1.0
  outer loop
    vertex 9132.273577244452 -4691.993777395933 -49.999999999995765
    vertex 9256.497120109145 -4714.095999917061 -49.99999999999574
    vertex 9132.997120109145 -4691.694076128419 -49.999999999995765
  endloop
endfacet
facet normal -2.41155754369614e-16 5.208354836777402e-31 1.0
  outer loop
    vertex 9132.997120109145 -4691.694076128419 -49.999999999995765
    vertex 9256.497120109145 -4714.095999917061 -49.99999999999574
    vertex 9133.618440452705 -4691.217320260625 -49.999999999995765
  endloop
endfacet
facet normal -2.41155754369614e-16 5.208354836777402e-31 1.0
  outer loop
    vertex 9133.618440452705 -4691.217320260625 -49.999999999995765
    vertex 9256.497120109145 -4714.095999917061 -49.99999999999574
    vertex 9134.095196320497 -4690.5959999170655 -49.999999999995765
  endloop
endfacet
facet normal -2.41155754369614e-16 5.208354836777402e-31 1.0
  outer loop
    vertex 9134.095196320497 -4690.5959999170655 -49.999999999995765
    vertex 9256.497120109145 -4714.095999917061 -49.99999999999574
    vertex 9134.394897588012 -4689.872457052373 -49.999999999995765
  endloop
endfacet
facet normal -2.41155754369614e-16 5.208354836777402e-31 1.0
  outer loop
    vertex 9134.394897588012 -4689.872457052373 -49.999999999995765
    vertex 9256.497120109145 -4714.095999917061 -49.99999999999574
    vertex 9134.497120109145 -4689.0959999170655 -49.999999999995765
  endloop
endfacet
facet normal -2.41155754369614e-16 5.208354836777402e-31 1.0
  outer loop
    vertex 9134.497120109145 -4689.0959999170655 -49.999999999995765
    vertex 9256.497120109145 -4714.095999917061 -49.99999999999574
    vertex 9180.720662973838 -4691.993777395931 -49.99999999999575
  endloop
endfacet
facet normal -2.41155754369614e-16 5.208354836777402e-31 1.0
  outer loop
    vertex 9134.497120109145 -4689.0959999170655 -49.999999999995765
    vertex 9180.720662973838 -4691.993777395931 -49.99999999999575
    vertex 9179.997120109145 -4691.694076128417 -49.99999999999575
  endloop
endfacet
facet normal -2.41155754369614e-16 5.208354836777402e-31 1.0
  outer loop
    vertex 9134.497120109145 -4689.0959999170655 -49.999999999995765
    vertex 9179.997120109145 -4691.694076128417 -49.99999999999575
    vertex 9179.375799765585 -4691.217320260623 -49.99999999999575
  endloop
endfacet
facet normal -2.41155754369614e-16 5.208354836777402e-31 1.0
  outer loop
    vertex 9134.497120109145 -4689.0959999170655 -49.999999999995765
    vertex 9179.375799765585 -4691.217320260623 -49.99999999999575
    vertex 9156.497120109145 -4664.095999917063 -49.999999999995765
  endloop
endfacet
facet normal -2.41155754369614e-16 5.208354836777402e-31 1.0
  outer loop
    vertex 9156.497120109145 -4664.095999917063 -49.999999999995765
    vertex 9179.375799765585 -4691.217320260623 -49.99999999999575
    vertex 9178.899043897793 -4690.595999917064 -49.99999999999575
  endloop
endfacet
facet normal -2.41155754369614e-16 5.208354836777402e-31 1.0
  outer loop
    vertex 9156.497120109145 -4664.095999917063 -49.999999999995765
    vertex 9178.899043897793 -4690.595999917064 -49.99999999999575
    vertex 9156.497120109145 -4654.095999917064 -49.999999999995765
  endloop
endfacet
facet normal -2.41155754369614e-16 5.208354836777402e-31 1.0
  outer loop
    vertex 9156.497120109145 -4654.095999917064 -49.999999999995765
    vertex 9178.899043897793 -4690.595999917064 -49.99999999999575
    vertex 9178.599342630278 -4689.872457052371 -49.99999999999575
  endloop
endfacet
facet normal -2.41155754369614e-16 5.208354836777402e-31 1.0
  outer loop
    vertex 9156.497120109145 -4654.095999917064 -49.999999999995765
    vertex 9178.599342630278 -4689.872457052371 -49.99999999999575
    vertex 9178.497120109143 -4689.095999917064 -49.99999999999575
  endloop
endfacet
facet normal -2.41155754369614e-16 5.208354836777402e-31 1.0
  outer loop
    vertex 9180.720662973838 -4691.993777395931 -49.99999999999575
    vertex 9256.497120109145 -4714.095999917061 -49.99999999999574
    vertex 9181.497120109145 -4692.095999917064 -49.99999999999575
  endloop
endfacet
facet normal -2.41155754369614e-16 5.208354836777402e-31 1.0
  outer loop
    vertex 9181.497120109145 -4692.095999917064 -49.99999999999575
    vertex 9256.497120109145 -4714.095999917061 -49.99999999999574
    vertex 9182.273577244452 -4691.993777395931 -49.99999999999575
  endloop
endfacet
facet normal -2.41155754369614e-16 5.208354836777402e-31 1.0
  outer loop
    vertex 9182.273577244452 -4691.993777395931 -49.99999999999575
    vertex 9256.497120109145 -4714.095999917061 -49.99999999999574
    vertex 9182.997120109145 -4691.694076128417 -49.99999999999575
  endloop
endfacet
facet normal -2.41155754369614e-16 5.208354836777402e-31 1.0
  outer loop
    vertex 9182.997120109145 -4691.694076128417 -49.99999999999575
    vertex 9256.497120109145 -4714.095999917061 -49.99999999999574
    vertex 9183.618440452705 -4691.217320260623 -49.99999999999575
  endloop
endfacet
facet normal -2.41155754369614e-16 5.208354836777402e-31 1.0
  outer loop
    vertex 9183.618440452705 -4691.217320260623 -49.99999999999575
    vertex 9256.497120109145 -4714.095999917061 -49.99999999999574
    vertex 9184.095196320497 -4690.595999917063 -49.99999999999575
  endloop
endfacet
facet normal -2.41155754369614e-16 5.208354836777402e-31 1.0
  outer loop
    vertex 9184.095196320497 -4690.595999917063 -49.99999999999575
    vertex 9256.497120109145 -4714.095999917061 -49.99999999999574
    vertex 9184.394897588012 -4689.872457052371 -49.99999999999575
  endloop
endfacet
facet normal -2.41155754369614e-16 5.208354836777402e-31 1.0
  outer loop
    vertex 9184.394897588012 -4689.872457052371 -49.99999999999575
    vertex 9256.497120109145 -4714.095999917061 -49.99999999999574
    vertex 9184.497120109145 -4689.095999917064 -49.99999999999575
  endloop
endfacet
facet normal -2.41155754369614e-16 5.208354836777402e-31 1.0
  outer loop
    vertex 9184.497120109145 -4689.095999917064 -49.99999999999575
    vertex 9256.497120109145 -4714.095999917061 -49.99999999999574
    vertex 9229.375799765583 -4691.217320260621 -49.99999999999574
  endloop
endfacet
facet normal -2.41155754369614e-16 5.208354836777402e-31 1.0
  outer loop
    vertex 9184.497120109145 -4689.095999917064 -49.99999999999575
    vertex 9229.375799765583 -4691.217320260621 -49.99999999999574
    vertex 9206.497120109143 -4664.095999917063 -49.999999999995744
  endloop
endfacet
facet normal -2.41155754369614e-16 5.208354836777402e-31 1.0
  outer loop
    vertex 9206.497120109143 -4664.095999917063 -49.999999999995744
    vertex 9229.375799765583 -4691.217320260621 -49.99999999999574
    vertex 9228.89904389779 -4690.595999917062 -49.99999999999574
  endloop
endfacet
facet normal -2.41155754369614e-16 5.208354836777402e-31 1.0
  outer loop
    vertex 9206.497120109143 -4664.095999917063 -49.999999999995744
    vertex 9228.89904389779 -4690.595999917062 -49.99999999999574
    vertex 9228.599342630276 -4689.872457052369 -49.99999999999574
  endloop
endfacet
facet normal -2.41155754369614e-16 5.208354836777402e-31 1.0
  outer loop
    vertex 9206.497120109143 -4664.095999917063 -49.999999999995744
    vertex 9228.599342630276 -4689.872457052369 -49.99999999999574
    vertex 9228.497120109145 -4689.095999917061 -49.99999999999574
  endloop
endfacet
facet normal -2.41155754369614e-16 5.208354836777402e-31 1.0
  outer loop
    vertex 9229.375799765583 -4691.217320260621 -49.99999999999574
    vertex 9256.497120109145 -4714.095999917061 -49.99999999999574
    vertex 9229.997120109143 -4691.694076128415 -49.99999999999574
  endloop
endfacet
facet normal -2.41155754369614e-16 5.208354836777402e-31 1.0
  outer loop
    vertex 9229.997120109143 -4691.694076128415 -49.99999999999574
    vertex 9256.497120109145 -4714.095999917061 -49.99999999999574
    vertex 9230.720662973836 -4691.993777395928 -49.99999999999574
  endloop
endfacet
facet normal -2.41155754369614e-16 5.208354836777402e-31 1.0
  outer loop
    vertex 9230.720662973836 -4691.993777395928 -49.99999999999574
    vertex 9256.497120109145 -4714.095999917061 -49.99999999999574
    vertex 9231.497120109143 -4692.095999917061 -49.99999999999574
  endloop
endfacet
facet normal -2.41155754369614e-16 5.208354836777402e-31 1.0
  outer loop
    vertex 9231.497120109143 -4692.095999917061 -49.99999999999574
    vertex 9256.497120109145 -4714.095999917061 -49.99999999999574
    vertex 9232.27357724445 -4691.993777395928 -49.99999999999574
  endloop
endfacet
facet normal -2.41155754369614e-16 5.208354836777402e-31 1.0
  outer loop
    vertex 9232.27357724445 -4691.993777395928 -49.99999999999574
    vertex 9256.497120109145 -4714.095999917061 -49.99999999999574
    vertex 9232.997120109143 -4691.694076128415 -49.99999999999574
  endloop
endfacet
facet normal -2.41155754369614e-16 5.208354836777402e-31 1.0
  outer loop
    vertex 9232.997120109143 -4691.694076128415 -49.99999999999574
    vertex 9256.497120109145 -4714.095999917061 -49.99999999999574
    vertex 9233.618440452703 -4691.217320260621 -49.99999999999574
  endloop
endfacet
facet normal -2.41155754369614e-16 5.208354836777402e-31 1.0
  outer loop
    vertex 9233.618440452703 -4691.217320260621 -49.99999999999574
    vertex 9256.497120109145 -4714.095999917061 -49.99999999999574
    vertex 9234.095196320495 -4690.595999917061 -49.99999999999574
  endloop
endfacet
facet normal -2.41155754369614e-16 5.208354836777402e-31 1.0
  outer loop
    vertex 9234.095196320495 -4690.595999917061 -49.99999999999574
    vertex 9256.497120109145 -4714.095999917061 -49.99999999999574
    vertex 9234.39489758801 -4689.872457052369 -49.99999999999574
  endloop
endfacet
facet normal -2.41155754369614e-16 5.208354836777402e-31 1.0
  outer loop
    vertex 9234.39489758801 -4689.872457052369 -49.99999999999574
    vertex 9256.497120109145 -4714.095999917061 -49.99999999999574
    vertex 9234.497120109143 -4689.095999917061 -49.99999999999574
  endloop
endfacet
facet normal -2.41155754369614e-16 5.208354836777402e-31 1.0
  outer loop
    vertex 9234.497120109143 -4689.095999917061 -49.99999999999574
    vertex 9256.497120109145 -4714.095999917061 -49.99999999999574
    vertex 9256.497120109143 -4664.095999917061 -49.99999999999574
  endloop
endfacet
facet normal -2.41155754369614e-16 5.208354836777402e-31 1.0
  outer loop
    vertex 9206.497120109143 -4664.095999917063 -49.999999999995744
    vertex 9229.375799765583 -4686.974679573502 -49.99999999999574
    vertex 9256.497120109143 -4664.095999917061 -49.99999999999574
  endloop
endfacet
facet normal -2.41155754369614e-16 5.208354836777402e-31 1.0
  outer loop
    vertex 9229.375799765583 -4686.974679573502 -49.99999999999574
    vertex 9206.497120109143 -4664.095999917063 -49.999999999995744
    vertex 9228.89904389779 -4687.595999917062 -49.99999999999574
  endloop
endfacet
facet normal -2.41155754369614e-16 5.208354836777402e-31 1.0
  outer loop
    vertex 9228.89904389779 -4687.595999917062 -49.99999999999574
    vertex 9206.497120109143 -4664.095999917063 -49.999999999995744
    vertex 9228.599342630276 -4688.319542781754 -49.99999999999574
  endloop
endfacet
facet normal -2.41155754369614e-16 5.208354836777402e-31 1.0
  outer loop
    vertex 9228.599342630276 -4688.319542781754 -49.99999999999574
    vertex 9206.497120109143 -4664.095999917063 -49.999999999995744
    vertex 9228.497120109145 -4689.095999917061 -49.99999999999574
  endloop
endfacet
facet normal -2.41155754369614e-16 5.208354836777402e-31 1.0
  outer loop
    vertex 9256.497120109143 -4664.095999917061 -49.99999999999574
    vertex 9229.375799765583 -4686.974679573502 -49.99999999999574
    vertex 9229.997120109143 -4686.497923705708 -49.99999999999574
  endloop
endfacet
facet normal -2.41155754369614e-16 5.208354836777402e-31 1.0
  outer loop
    vertex 9256.497120109143 -4664.095999917061 -49.99999999999574
    vertex 9229.997120109143 -4686.497923705708 -49.99999999999574
    vertex 9230.720662973836 -4686.198222438194 -49.99999999999574
  endloop
endfacet
facet normal -2.41155754369614e-16 5.208354836777402e-31 1.0
  outer loop
    vertex 9256.497120109143 -4664.095999917061 -49.99999999999574
    vertex 9230.720662973836 -4686.198222438194 -49.99999999999574
    vertex 9231.497120109143 -4686.095999917061 -49.99999999999574
  endloop
endfacet
facet normal -2.41155754369614e-16 5.208354836777402e-31 1.0
  outer loop
    vertex 9256.497120109143 -4664.095999917061 -49.99999999999574
    vertex 9231.497120109143 -4686.095999917061 -49.99999999999574
    vertex 9232.27357724445 -4686.198222438194 -49.99999999999574
  endloop
endfacet
facet normal -2.41155754369614e-16 5.208354836777402e-31 1.0
  outer loop
    vertex 9256.497120109143 -4664.095999917061 -49.99999999999574
    vertex 9232.27357724445 -4686.198222438194 -49.99999999999574
    vertex 9232.997120109143 -4686.497923705708 -49.99999999999574
  endloop
endfacet
facet normal -2.41155754369614e-16 5.208354836777402e-31 1.0
  outer loop
    vertex 9256.497120109143 -4664.095999917061 -49.99999999999574
    vertex 9232.997120109143 -4686.497923705708 -49.99999999999574
    vertex 9233.618440452703 -4686.974679573502 -49.99999999999574
  endloop
endfacet
facet normal -2.41155754369614e-16 5.208354836777402e-31 1.0
  outer loop
    vertex 9256.497120109143 -4664.095999917061 -49.99999999999574
    vertex 9233.618440452703 -4686.974679573502 -49.99999999999574
    vertex 9234.095196320495 -4687.595999917061 -49.99999999999574
  endloop
endfacet
facet normal -2.41155754369614e-16 5.208354836777402e-31 1.0
  outer loop
    vertex 9256.497120109143 -4664.095999917061 -49.99999999999574
    vertex 9234.095196320495 -4687.595999917061 -49.99999999999574
    vertex 9234.39489758801 -4688.319542781754 -49.99999999999574
  endloop
endfacet
facet normal -2.41155754369614e-16 5.208354836777402e-31 1.0
  outer loop
    vertex 9256.497120109143 -4664.095999917061 -49.99999999999574
    vertex 9234.39489758801 -4688.319542781754 -49.99999999999574
    vertex 9234.497120109143 -4689.095999917061 -49.99999999999574
  endloop
endfacet
facet normal -2.41155754369614e-16 5.208354836777402e-31 1.0
  outer loop
    vertex 9156.497120109145 -4654.095999917064 -49.999999999995765
    vertex 9179.375799765585 -4686.974679573504 -49.99999999999575
    vertex 9206.497120109143 -4654.095999917064 -49.999999999995744
  endloop
endfacet
facet normal -2.41155754369614e-16 5.208354836777402e-31 1.0
  outer loop
    vertex 9179.375799765585 -4686.974679573504 -49.99999999999575
    vertex 9156.497120109145 -4654.095999917064 -49.999999999995765
    vertex 9178.899043897793 -4687.595999917064 -49.99999999999575
  endloop
endfacet
facet normal -2.41155754369614e-16 5.208354836777402e-31 1.0
  outer loop
    vertex 9178.899043897793 -4687.595999917064 -49.99999999999575
    vertex 9156.497120109145 -4654.095999917064 -49.999999999995765
    vertex 9178.599342630278 -4688.319542781755 -49.99999999999575
  endloop
endfacet
facet normal -2.41155754369614e-16 5.208354836777402e-31 1.0
  outer loop
    vertex 9178.599342630278 -4688.319542781755 -49.99999999999575
    vertex 9156.497120109145 -4654.095999917064 -49.999999999995765
    vertex 9178.497120109143 -4689.095999917064 -49.99999999999575
  endloop
endfacet
facet normal -2.41155754369614e-16 5.208354836777402e-31 1.0
  outer loop
    vertex 9206.497120109143 -4654.095999917064 -49.999999999995744
    vertex 9179.375799765585 -4686.974679573504 -49.99999999999575
    vertex 9179.997120109145 -4686.49792370571 -49.99999999999575
  endloop
endfacet
facet normal -2.41155754369614e-16 5.208354836777402e-31 1.0
  outer loop
    vertex 9206.497120109143 -4654.095999917064 -49.999999999995744
    vertex 9179.997120109145 -4686.49792370571 -49.99999999999575
    vertex 9180.720662973838 -4686.198222438195 -49.99999999999575
  endloop
endfacet
facet normal -2.41155754369614e-16 5.208354836777402e-31 1.0
  outer loop
    vertex 9206.497120109143 -4654.095999917064 -49.999999999995744
    vertex 9180.720662973838 -4686.198222438195 -49.99999999999575
    vertex 9181.497120109145 -4686.095999917063 -49.99999999999575
  endloop
endfacet
facet normal -2.41155754369614e-16 5.208354836777402e-31 1.0
  outer loop
    vertex 9206.497120109143 -4654.095999917064 -49.999999999995744
    vertex 9181.497120109145 -4686.095999917063 -49.99999999999575
    vertex 9182.273577244452 -4686.198222438195 -49.99999999999575
  endloop
endfacet
facet normal -2.41155754369614e-16 5.208354836777402e-31 1.0
  outer loop
    vertex 9206.497120109143 -4654.095999917064 -49.999999999995744
    vertex 9182.273577244452 -4686.198222438195 -49.99999999999575
    vertex 9182.997120109145 -4686.49792370571 -49.99999999999575
  endloop
endfacet
facet normal -2.41155754369614e-16 5.208354836777402e-31 1.0
  outer loop
    vertex 9206.497120109143 -4654.095999917064 -49.999999999995744
    vertex 9182.997120109145 -4686.49792370571 -49.99999999999575
    vertex 9183.618440452705 -4686.974679573504 -49.99999999999575
  endloop
endfacet
facet normal -2.41155754369614e-16 5.208354836777402e-31 1.0
  outer loop
    vertex 9206.497120109143 -4654.095999917064 -49.999999999995744
    vertex 9183.618440452705 -4686.974679573504 -49.99999999999575
    vertex 9184.095196320497 -4687.595999917063 -49.99999999999575
  endloop
endfacet
facet normal -2.41155754369614e-16 5.208354836777402e-31 1.0
  outer loop
    vertex 9206.497120109143 -4654.095999917064 -49.999999999995744
    vertex 9184.095196320497 -4687.595999917063 -49.99999999999575
    vertex 9184.394897588012 -4688.319542781755 -49.99999999999575
  endloop
endfacet
facet normal -2.41155754369614e-16 5.208354836777402e-31 1.0
  outer loop
    vertex 9206.497120109143 -4654.095999917064 -49.999999999995744
    vertex 9184.394897588012 -4688.319542781755 -49.99999999999575
    vertex 9184.497120109145 -4689.095999917064 -49.99999999999575
  endloop
endfacet
facet normal -2.41155754369614e-16 5.208354836777402e-31 1.0
  outer loop
    vertex 9206.497120109143 -4654.095999917064 -49.999999999995744
    vertex 9184.497120109145 -4689.095999917064 -49.99999999999575
    vertex 9206.497120109143 -4664.095999917063 -49.999999999995744
  endloop
endfacet
facet normal -0.7933533402916687 0.6087614290081557 -0.0
  outer loop
    vertex 9134.095196320497 -4690.5959999170655 -49.999999999995765
    vertex 9133.618440452705 -4691.217320260625 -59.99999999999575
    vertex 9133.618440452705 -4691.217320260625 -49.999999999995765
  endloop
endfacet
facet normal -0.7933533402916687 0.6087614290081557 -0.0
  outer loop
    vertex 9133.618440452705 -4691.217320260625 -59.99999999999575
    vertex 9134.095196320497 -4690.5959999170655 -49.999999999995765
    vertex 9134.095196320497 -4690.5959999170655 -59.99999999999575
  endloop
endfacet
facet normal -0.13052619221983836 0.9914448613738385 -0.0
  outer loop
    vertex 9131.497120109145 -4692.0959999170655 -49.999999999995765
    vertex 9132.273577244452 -4691.993777395933 -59.99999999999575
    vertex 9131.497120109145 -4692.0959999170655 -59.99999999999575
  endloop
endfacet
facet normal -0.13052619221983836 0.9914448613738385 -0.0
  outer loop
    vertex 9132.273577244452 -4691.993777395933 -59.99999999999575
    vertex 9131.497120109145 -4692.0959999170655 -49.999999999995765
    vertex 9132.273577244452 -4691.993777395933 -49.999999999995765
  endloop
endfacet
facet normal -0.3826834323653109 0.9238795325111953 -0.0
  outer loop
    vertex 9132.273577244452 -4691.993777395933 -49.999999999995765
    vertex 9132.997120109145 -4691.694076128419 -59.99999999999575
    vertex 9132.273577244452 -4691.993777395933 -59.99999999999575
  endloop
endfacet
facet normal -0.3826834323653109 0.9238795325111953 -0.0
  outer loop
    vertex 9132.997120109145 -4691.694076128419 -59.99999999999575
    vertex 9132.273577244452 -4691.993777395933 -49.999999999995765
    vertex 9132.997120109145 -4691.694076128419 -49.999999999995765
  endloop
endfacet
facet normal -0.6087614290087359 0.7933533402912236 -0.0
  outer loop
    vertex 9132.997120109145 -4691.694076128419 -49.999999999995765
    vertex 9133.618440452705 -4691.217320260625 -59.99999999999575
    vertex 9132.997120109145 -4691.694076128419 -59.99999999999575
  endloop
endfacet
facet normal -0.6087614290087359 0.7933533402912236 -0.0
  outer loop
    vertex 9133.618440452705 -4691.217320260625 -59.99999999999575
    vertex 9132.997120109145 -4691.694076128419 -49.999999999995765
    vertex 9133.618440452705 -4691.217320260625 -49.999999999995765
  endloop
endfacet
facet normal -0.9238795325108694 0.3826834323660977 -0.0
  outer loop
    vertex 9134.394897588012 -4689.872457052373 -49.999999999995765
    vertex 9134.095196320497 -4690.5959999170655 -59.99999999999575
    vertex 9134.095196320497 -4690.5959999170655 -49.999999999995765
  endloop
endfacet
facet normal -0.9238795325108694 0.3826834323660977 -0.0
  outer loop
    vertex 9134.095196320497 -4690.5959999170655 -59.99999999999575
    vertex 9134.394897588012 -4689.872457052373 -49.999999999995765
    vertex 9134.394897588012 -4689.872457052373 -59.99999999999575
  endloop
endfacet
endsolid GAMEFIELD V2
