solid BATTLE BOT 2025 V15
facet normal 9.490600336363311e-16 -2.656122811756664e-13 1.0
  outer loop
    vertex 735.5384959754507 -2703.0142315336884 29.999999999959815
    vertex 740.1404023030395 -2688.5186120556054 29.999999999930886
    vertex 740.0722539556175 -2688.0009739654 29.99999999993067
  endloop
endfacet
facet normal 9.490600336363311e-16 -2.656122811756664e-13 1.0
  outer loop
    vertex 740.1404023030395 -2688.5186120556054 29.999999999930886
    vertex 735.5384959754507 -2703.0142315336884 29.999999999959815
    vertex 744.5175064803235 -2701.9444014892174 29.99999999995509
  endloop
endfacet
facet normal 9.490600336363311e-16 -2.656122811756664e-13 1.0
  outer loop
    vertex 740.1404023030395 -2688.5186120556054 29.999999999930886
    vertex 744.5175064803235 -2701.9444014892174 29.99999999995509
    vertex 740.3402031480489 -2689.0009739654006 29.999999999931077
  endloop
endfacet
facet normal 9.490600336363311e-16 -2.656122811756664e-13 1.0
  outer loop
    vertex 740.3402031480489 -2689.0009739654006 29.999999999931077
    vertex 744.5175064803235 -2701.9444014892174 29.99999999995509
    vertex 740.6580403932452 -2689.4151875277735 29.999999999931234
  endloop
endfacet
facet normal 9.490600336363311e-16 -2.656122811756664e-13 1.0
  outer loop
    vertex 740.6580403932452 -2689.4151875277735 29.999999999931234
    vertex 744.5175064803235 -2701.9444014892174 29.99999999995509
    vertex 741.0722539556172 -2689.733024772969 29.99999999993135
  endloop
endfacet
facet normal 9.490600336363311e-16 -2.656122811756664e-13 1.0
  outer loop
    vertex 741.0722539556172 -2689.733024772969 29.99999999993135
    vertex 744.5175064803235 -2701.9444014892174 29.99999999995509
    vertex 741.5546158654182 -2689.9328256179824 29.999999999931415
  endloop
endfacet
facet normal 9.490600336363311e-16 -2.656122811756664e-13 1.0
  outer loop
    vertex 741.5546158654182 -2689.9328256179824 29.999999999931415
    vertex 744.5175064803235 -2701.9444014892174 29.99999999995509
    vertex 742.0722539556174 -2690.0009739654 29.999999999931415
  endloop
endfacet
facet normal 9.490600336363311e-16 -2.656122811756664e-13 1.0
  outer loop
    vertex 742.0722539556174 -2690.0009739654 29.999999999931415
    vertex 744.5175064803235 -2701.9444014892174 29.99999999995509
    vertex 742.5898920458228 -2689.9328256179783 29.999999999931365
  endloop
endfacet
facet normal 9.490600336363311e-16 -2.656122811756664e-13 1.0
  outer loop
    vertex 742.5898920458228 -2689.9328256179783 29.999999999931365
    vertex 744.5175064803235 -2701.9444014892174 29.99999999995509
    vertex 743.0722539556182 -2689.733024772969 29.999999999931255
  endloop
endfacet
facet normal 9.490600336363311e-16 -2.656122811756664e-13 1.0
  outer loop
    vertex 743.0722539556182 -2689.733024772969 29.999999999931255
    vertex 744.5175064803235 -2701.9444014892174 29.99999999995509
    vertex 743.4864675179905 -2689.4151875277735 29.999999999931106
  endloop
endfacet
facet normal 9.490600336363311e-16 -2.656122811756664e-13 1.0
  outer loop
    vertex 743.4864675179905 -2689.4151875277735 29.999999999931106
    vertex 744.5175064803235 -2701.9444014892174 29.99999999995509
    vertex 743.8043047631868 -2689.0009739654006 29.999999999930917
  endloop
endfacet
facet normal 9.490600336363311e-16 -2.656122811756664e-13 1.0
  outer loop
    vertex 743.8043047631868 -2689.0009739654006 29.999999999930917
    vertex 744.5175064803235 -2701.9444014892174 29.99999999995509
    vertex 744.0041056081955 -2688.5186120556054 29.999999999930704
  endloop
endfacet
facet normal 9.490600336363311e-16 -2.656122811756664e-13 1.0
  outer loop
    vertex 744.0041056081955 -2688.5186120556054 29.999999999930704
    vertex 744.5175064803235 -2701.9444014892174 29.99999999995509
    vertex 744.0722539556174 -2688.0009739654 29.999999999930484
  endloop
endfacet
facet normal 9.490600336363311e-16 -2.656122811756664e-13 1.0
  outer loop
    vertex 744.0722539556174 -2688.0009739654 29.999999999930484
    vertex 744.5175064803235 -2701.9444014892174 29.99999999995509
    vertex 744.1524058017509 -2651.7734348630015 29.99999999991524
  endloop
endfacet
facet normal 9.490600336363311e-16 -2.656122811756664e-13 1.0
  outer loop
    vertex 744.1524058017509 -2651.7734348630015 29.99999999991524
    vertex 744.5175064803235 -2701.9444014892174 29.99999999995509
    vertex 744.5666193641254 -2652.0912721081977 29.9999999999155
  endloop
endfacet
facet normal 9.490600336363311e-16 -2.656122811756664e-13 1.0
  outer loop
    vertex 744.5666193641254 -2652.0912721081977 29.9999999999155
    vertex 744.5175064803235 -2701.9444014892174 29.99999999995509
    vertex 753.552962416595 -2701.587047331552 29.9999999999586
  endloop
endfacet
facet normal 9.490600336363311e-16 -2.656122811756664e-13 1.0
  outer loop
    vertex 744.5666193641254 -2652.0912721081977 29.9999999999155
    vertex 753.552962416595 -2701.587047331552 29.9999999999586
    vertex 745.0489812739207 -2652.291072953207 29.999999999915644
  endloop
endfacet
facet normal 9.490600336363311e-16 -2.656122811756664e-13 1.0
  outer loop
    vertex 745.0489812739207 -2652.291072953207 29.999999999915644
    vertex 753.552962416595 -2701.587047331552 29.9999999999586
    vertex 745.5666193641314 -2652.359221300638 29.999999999915655
  endloop
endfacet
facet normal 9.490600336363311e-16 -2.656122811756664e-13 1.0
  outer loop
    vertex 745.5666193641314 -2652.359221300638 29.999999999915655
    vertex 753.552962416595 -2701.587047331552 29.9999999999586
    vertex 746.0842574543309 -2652.291072953207 29.999999999915545
  endloop
endfacet
facet normal 9.490600336363311e-16 -2.656122811756664e-13 1.0
  outer loop
    vertex 746.0842574543309 -2652.291072953207 29.999999999915545
    vertex 753.552962416595 -2701.587047331552 29.9999999999586
    vertex 746.5666193641256 -2652.0912721081977 29.999999999915307
  endloop
endfacet
facet normal 9.490600336363311e-16 -2.656122811756664e-13 1.0
  outer loop
    vertex 746.5666193641256 -2652.0912721081977 29.999999999915307
    vertex 753.552962416595 -2701.587047331552 29.9999999999586
    vertex 746.9808329264984 -2651.7734348630015 29.99999999991497
  endloop
endfacet
facet normal 9.490600336363311e-16 -2.656122811756664e-13 1.0
  outer loop
    vertex 746.9808329264984 -2651.7734348630015 29.99999999991497
    vertex 753.552962416595 -2701.587047331552 29.9999999999586
    vertex 747.2986701716952 -2651.3592213006286 29.99999999991454
  endloop
endfacet
facet normal 9.490600336363311e-16 -2.656122811756664e-13 1.0
  outer loop
    vertex 747.2986701716952 -2651.3592213006286 29.99999999991454
    vertex 753.552962416595 -2701.587047331552 29.9999999999586
    vertex 747.4984710167034 -2650.8768593908335 29.999999999914067
  endloop
endfacet
facet normal 9.490600336363311e-16 -2.656122811756664e-13 1.0
  outer loop
    vertex 747.4984710167034 -2650.8768593908335 29.999999999914067
    vertex 753.552962416595 -2701.587047331552 29.9999999999586
    vertex 747.5666193641323 -2650.359221300638 29.99999999991357
  endloop
endfacet
facet normal 9.490600336363311e-16 -2.656122811756664e-13 1.0
  outer loop
    vertex 743.8043047631868 -2687.0009739654 29.99999999993008
    vertex 743.5666193641262 -2650.359221300629 29.999999999913953
    vertex 743.4864675179905 -2686.5867604030273 29.999999999929916
  endloop
endfacet
facet normal 9.490600336363311e-16 -2.656122811756664e-13 1.0
  outer loop
    vertex 743.5666193641262 -2650.359221300629 29.999999999913953
    vertex 743.8043047631868 -2687.0009739654 29.99999999993008
    vertex 743.6347677115481 -2650.8768593908335 29.999999999914436
  endloop
endfacet
facet normal 9.490600336363311e-16 -2.656122811756664e-13 1.0
  outer loop
    vertex 743.6347677115481 -2650.8768593908335 29.999999999914436
    vertex 743.8043047631868 -2687.0009739654 29.99999999993008
    vertex 743.8345685565567 -2651.3592213006286 29.999999999914877
  endloop
endfacet
facet normal 9.490600336363311e-16 -2.656122811756664e-13 1.0
  outer loop
    vertex 743.8345685565567 -2651.3592213006286 29.999999999914877
    vertex 743.8043047631868 -2687.0009739654 29.99999999993008
    vertex 744.0041056081955 -2687.4833358751953 29.99999999993027
  endloop
endfacet
facet normal 9.490600336363311e-16 -2.656122811756664e-13 1.0
  outer loop
    vertex 743.8345685565567 -2651.3592213006286 29.999999999914877
    vertex 744.0041056081955 -2687.4833358751953 29.99999999993027
    vertex 744.1524058017509 -2651.7734348630015 29.99999999991524
  endloop
endfacet
facet normal 9.490600336363311e-16 -2.656122811756664e-13 1.0
  outer loop
    vertex 744.1524058017509 -2651.7734348630015 29.99999999991524
    vertex 744.0041056081955 -2687.4833358751953 29.99999999993027
    vertex 744.0722539556174 -2688.0009739654 29.999999999930484
  endloop
endfacet
facet normal 9.490600336363311e-16 -2.656122811756664e-13 1.0
  outer loop
    vertex 707.5726945419032 -2705.3572400335975 29.999999999977934
    vertex 714.2006697800128 -2634.007264999837 30.000000000017966
    vertex 704.0698829079233 -2638.281490074593 30.000000000015483
  endloop
endfacet
facet normal 9.490600336363311e-16 -2.656122811756664e-13 1.0
  outer loop
    vertex 714.2006697800128 -2634.007264999837 30.000000000017966
    vertex 707.5726945419032 -2705.3572400335975 29.999999999977934
    vertex 707.6408428893251 -2704.839601943393 29.99999999997764
  endloop
endfacet
facet normal 9.490600336363311e-16 -2.656122811756664e-13 1.0
  outer loop
    vertex 714.2006697800128 -2634.007264999837 30.000000000017966
    vertex 707.6408428893251 -2704.839601943393 29.99999999997764
    vertex 707.8406437343343 -2704.357240033598 29.99999999997758
  endloop
endfacet
facet normal 9.490600336363311e-16 -2.656122811756664e-13 1.0
  outer loop
    vertex 714.2006697800128 -2634.007264999837 30.000000000017966
    vertex 707.8406437343343 -2704.357240033598 29.99999999997758
    vertex 708.1584809795298 -2703.943026471225 29.999999999977756
  endloop
endfacet
facet normal 9.490600336363311e-16 -2.656122811756664e-13 1.0
  outer loop
    vertex 714.2006697800128 -2634.007264999837 30.000000000017966
    vertex 708.1584809795298 -2703.943026471225 29.999999999977756
    vertex 708.572694541903 -2703.625189226029 29.99999999997817
  endloop
endfacet
facet normal 9.490600336363311e-16 -2.656122811756664e-13 1.0
  outer loop
    vertex 714.2006697800128 -2634.007264999837 30.000000000017966
    vertex 708.572694541903 -2703.625189226029 29.99999999997817
    vertex 709.0550564517168 -2703.4253883810247 29.99999999997879
  endloop
endfacet
facet normal 9.490600336363311e-16 -2.656122811756664e-13 1.0
  outer loop
    vertex 714.2006697800128 -2634.007264999837 30.000000000017966
    vertex 709.0550564517168 -2703.4253883810247 29.99999999997879
    vertex 709.5726945419028 -2703.357240033598 29.999999999979558
  endloop
endfacet
facet normal 9.490600336363311e-16 -2.656122811756664e-13 1.0
  outer loop
    vertex 714.2006697800128 -2634.007264999837 30.000000000017966
    vertex 709.5726945419028 -2703.357240033598 29.999999999979558
    vertex 710.0903326321081 -2703.4253883810197 29.999999999980442
  endloop
endfacet
facet normal 9.490600336363311e-16 -2.656122811756664e-13 1.0
  outer loop
    vertex 714.2006697800128 -2634.007264999837 30.000000000017966
    vertex 710.0903326321081 -2703.4253883810197 29.999999999980442
    vertex 710.5726945419029 -2703.625189226029 29.999999999981373
  endloop
endfacet
facet normal 9.490600336363311e-16 -2.656122811756664e-13 1.0
  outer loop
    vertex 714.2006697800128 -2634.007264999837 30.000000000017966
    vertex 710.5726945419029 -2703.625189226029 29.999999999981373
    vertex 710.9869081042764 -2703.943026471225 29.999999999982286
  endloop
endfacet
facet normal 9.490600336363311e-16 -2.656122811756664e-13 1.0
  outer loop
    vertex 714.2006697800128 -2634.007264999837 30.000000000017966
    vertex 710.9869081042764 -2703.943026471225 29.999999999982286
    vertex 711.3047453494714 -2704.357240033598 29.99999999998312
  endloop
endfacet
facet normal 9.490600336363311e-16 -2.656122811756664e-13 1.0
  outer loop
    vertex 714.2006697800128 -2634.007264999837 30.000000000017966
    vertex 711.3047453494714 -2704.357240033598 29.99999999998312
    vertex 711.5045461944813 -2704.839601943393 29.99999999998382
  endloop
endfacet
facet normal 9.490600336363311e-16 -2.656122811756664e-13 1.0
  outer loop
    vertex 714.2006697800128 -2634.007264999837 30.000000000017966
    vertex 711.5045461944813 -2704.839601943393 29.99999999998382
    vertex 711.5726945419033 -2705.3572400335975 29.99999999998434
  endloop
endfacet
facet normal 9.490600336363311e-16 -2.656122811756664e-13 1.0
  outer loop
    vertex 763.0336708775731 -2688.0009739654 29.999999999930484
    vertex 763.2713562766338 -2651.3592213006286 29.999999999914877
    vertex 762.9535190314382 -2651.7734348630015 29.99999999991524
  endloop
endfacet
facet normal 9.490600336363311e-16 -2.656122811756664e-13 1.0
  outer loop
    vertex 763.2713562766338 -2651.3592213006286 29.999999999914877
    vertex 763.0336708775731 -2688.0009739654 29.999999999930484
    vertex 763.1018192249951 -2687.4833358751953 29.99999999993027
  endloop
endfacet
facet normal 9.490600336363311e-16 -2.656122811756664e-13 1.0
  outer loop
    vertex 763.2713562766338 -2651.3592213006286 29.999999999914877
    vertex 763.1018192249951 -2687.4833358751953 29.99999999993027
    vertex 763.3016200700042 -2687.0009739654 29.99999999993008
  endloop
endfacet
facet normal 9.490600336363311e-16 -2.656122811756664e-13 1.0
  outer loop
    vertex 763.2713562766338 -2651.3592213006286 29.999999999914877
    vertex 763.3016200700042 -2687.0009739654 29.99999999993008
    vertex 763.4711571216429 -2650.8768593908335 29.999999999914436
  endloop
endfacet
facet normal 9.490600336363311e-16 -2.656122811756664e-13 1.0
  outer loop
    vertex 763.4711571216429 -2650.8768593908335 29.999999999914436
    vertex 763.3016200700042 -2687.0009739654 29.99999999993008
    vertex 763.6194573151998 -2686.5867604030273 29.999999999929916
  endloop
endfacet
facet normal 9.490600336363311e-16 -2.656122811756664e-13 1.0
  outer loop
    vertex 763.4711571216429 -2650.8768593908335 29.999999999914436
    vertex 763.6194573151998 -2686.5867604030273 29.999999999929916
    vertex 763.539305469065 -2650.359221300629 29.999999999913953
  endloop
endfacet
facet normal 9.490600336363311e-16 -2.656122811756664e-13 1.0
  outer loop
    vertex 762.5884183528672 -2701.9444014892174 29.999999999955097
    vertex 759.539305469059 -2650.359221300638 29.99999999991357
    vertex 753.552962416595 -2701.587047331552 29.9999999999586
  endloop
endfacet
facet normal 9.490600336363311e-16 -2.656122811756664e-13 1.0
  outer loop
    vertex 759.539305469059 -2650.359221300638 29.99999999991357
    vertex 762.5884183528672 -2701.9444014892174 29.999999999955097
    vertex 759.6074538164871 -2650.8768593908335 29.999999999914067
  endloop
endfacet
facet normal 9.490600336363311e-16 -2.656122811756664e-13 1.0
  outer loop
    vertex 759.6074538164871 -2650.8768593908335 29.999999999914067
    vertex 762.5884183528672 -2701.9444014892174 29.999999999955097
    vertex 759.8072546614962 -2651.3592213006286 29.99999999991454
  endloop
endfacet
facet normal 9.490600336363311e-16 -2.656122811756664e-13 1.0
  outer loop
    vertex 759.8072546614962 -2651.3592213006286 29.99999999991454
    vertex 762.5884183528672 -2701.9444014892174 29.999999999955097
    vertex 760.1250919066919 -2651.7734348630015 29.99999999991497
  endloop
endfacet
facet normal 9.490600336363311e-16 -2.656122811756664e-13 1.0
  outer loop
    vertex 760.1250919066919 -2651.7734348630015 29.99999999991497
    vertex 762.5884183528672 -2701.9444014892174 29.999999999955097
    vertex 760.5393054690652 -2652.0912721081977 29.999999999915307
  endloop
endfacet
facet normal 9.490600336363311e-16 -2.656122811756664e-13 1.0
  outer loop
    vertex 760.5393054690652 -2652.0912721081977 29.999999999915307
    vertex 762.5884183528672 -2701.9444014892174 29.999999999955097
    vertex 761.02166737886 -2652.291072953207 29.999999999915545
  endloop
endfacet
facet normal 9.490600336363311e-16 -2.656122811756664e-13 1.0
  outer loop
    vertex 761.02166737886 -2652.291072953207 29.999999999915545
    vertex 762.5884183528672 -2701.9444014892174 29.999999999955097
    vertex 761.5393054690588 -2652.359221300638 29.999999999915655
  endloop
endfacet
facet normal 9.490600336363311e-16 -2.656122811756664e-13 1.0
  outer loop
    vertex 761.5393054690588 -2652.359221300638 29.999999999915655
    vertex 762.5884183528672 -2701.9444014892174 29.999999999955097
    vertex 762.05694355927 -2652.291072953207 29.999999999915644
  endloop
endfacet
facet normal 9.490600336363311e-16 -2.656122811756664e-13 1.0
  outer loop
    vertex 762.05694355927 -2652.291072953207 29.999999999915644
    vertex 762.5884183528672 -2701.9444014892174 29.999999999955097
    vertex 762.5393054690652 -2652.0912721081977 29.9999999999155
  endloop
endfacet
facet normal 9.490600336363311e-16 -2.656122811756664e-13 1.0
  outer loop
    vertex 762.5393054690652 -2652.0912721081977 29.9999999999155
    vertex 762.5884183528672 -2701.9444014892174 29.999999999955097
    vertex 762.9535190314382 -2651.7734348630015 29.99999999991524
  endloop
endfacet
facet normal 9.490600336363311e-16 -2.656122811756664e-13 1.0
  outer loop
    vertex 762.9535190314382 -2651.7734348630015 29.99999999991524
    vertex 762.5884183528672 -2701.9444014892174 29.999999999955097
    vertex 763.0336708775731 -2688.0009739654 29.999999999930484
  endloop
endfacet
facet normal 9.490600336363311e-16 -2.656122811756664e-13 1.0
  outer loop
    vertex 763.0336708775731 -2688.0009739654 29.999999999930484
    vertex 762.5884183528672 -2701.9444014892174 29.999999999955097
    vertex 763.1018192249951 -2688.5186120556054 29.999999999930704
  endloop
endfacet
facet normal 9.490600336363311e-16 -2.656122811756664e-13 1.0
  outer loop
    vertex 763.1018192249951 -2688.5186120556054 29.999999999930704
    vertex 762.5884183528672 -2701.9444014892174 29.999999999955097
    vertex 763.3016200700042 -2689.0009739654006 29.999999999930917
  endloop
endfacet
facet normal 9.490600336363311e-16 -2.656122811756664e-13 1.0
  outer loop
    vertex 763.3016200700042 -2689.0009739654006 29.999999999930917
    vertex 762.5884183528672 -2701.9444014892174 29.999999999955097
    vertex 771.56742885774 -2703.014231533687 29.999999999959822
  endloop
endfacet
facet normal 9.490600336363311e-16 -2.656122811756664e-13 1.0
  outer loop
    vertex 763.3016200700042 -2689.0009739654006 29.999999999930917
    vertex 771.56742885774 -2703.014231533687 29.999999999959822
    vertex 763.6194573151998 -2689.4151875277735 29.999999999931106
  endloop
endfacet
facet normal 9.490600336363311e-16 -2.656122811756664e-13 1.0
  outer loop
    vertex 763.6194573151998 -2689.4151875277735 29.999999999931106
    vertex 771.56742885774 -2703.014231533687 29.999999999959822
    vertex 764.0336708775732 -2689.733024772969 29.999999999931255
  endloop
endfacet
facet normal 9.490600336363311e-16 -2.656122811756664e-13 1.0
  outer loop
    vertex 764.0336708775732 -2689.733024772969 29.999999999931255
    vertex 771.56742885774 -2703.014231533687 29.999999999959822
    vertex 764.5160327873679 -2689.9328256179783 29.999999999931365
  endloop
endfacet
facet normal 9.490600336363311e-16 -2.656122811756664e-13 1.0
  outer loop
    vertex 764.5160327873679 -2689.9328256179783 29.999999999931365
    vertex 771.56742885774 -2703.014231533687 29.999999999959822
    vertex 765.033670877573 -2690.0009739654 29.999999999931415
  endloop
endfacet
facet normal 9.490600336363311e-16 -2.656122811756664e-13 1.0
  outer loop
    vertex 765.033670877573 -2690.0009739654 29.999999999931415
    vertex 771.56742885774 -2703.014231533687 29.999999999959822
    vertex 765.5513089677715 -2689.9328256179824 29.999999999931415
  endloop
endfacet
facet normal 9.490600336363311e-16 -2.656122811756664e-13 1.0
  outer loop
    vertex 765.5513089677715 -2689.9328256179824 29.999999999931415
    vertex 771.56742885774 -2703.014231533687 29.999999999959822
    vertex 766.0336708775731 -2689.733024772969 29.99999999993135
  endloop
endfacet
facet normal 9.490600336363311e-16 -2.656122811756664e-13 1.0
  outer loop
    vertex 766.0336708775731 -2689.733024772969 29.99999999993135
    vertex 771.56742885774 -2703.014231533687 29.999999999959822
    vertex 766.4478844399462 -2689.4151875277735 29.999999999931234
  endloop
endfacet
facet normal 9.490600336363311e-16 -2.656122811756664e-13 1.0
  outer loop
    vertex 766.4478844399462 -2689.4151875277735 29.999999999931234
    vertex 771.56742885774 -2703.014231533687 29.999999999959822
    vertex 766.7657216851418 -2689.0009739654006 29.999999999931077
  endloop
endfacet
facet normal 9.490600336363311e-16 -2.656122811756664e-13 1.0
  outer loop
    vertex 766.7657216851418 -2689.0009739654006 29.999999999931077
    vertex 771.56742885774 -2703.014231533687 29.999999999959822
    vertex 766.9655225301509 -2688.5186120556054 29.999999999930886
  endloop
endfacet
facet normal 9.490600336363311e-16 -2.656122811756664e-13 1.0
  outer loop
    vertex 766.9655225301509 -2688.5186120556054 29.999999999930886
    vertex 771.56742885774 -2703.014231533687 29.999999999959822
    vertex 767.0336708775728 -2688.0009739654 29.99999999993067
  endloop
endfacet
facet normal 9.490600336363311e-16 -2.656122811756664e-13 1.0
  outer loop
    vertex 800.7459967902873 -2736.595455450863 30.000000000015667
    vertex 800.8614512383882 -2726.215652264361 29.99999999996712
    vertex 797.6080078050962 -2731.6335297180826 29.999999999966647
  endloop
endfacet
facet normal 9.490600336363311e-16 -2.656122811756664e-13 1.0
  outer loop
    vertex 800.8614512383882 -2726.215652264361 29.99999999996712
    vertex 800.7459967902873 -2736.595455450863 30.000000000015667
    vertex 810.1095567923206 -2730.8312914415983 30.000000000015483
  endloop
endfacet
facet normal 9.490600336363311e-16 -2.656122811756664e-13 1.0
  outer loop
    vertex 800.8614512383882 -2726.215652264361 29.99999999996712
    vertex 810.1095567923206 -2730.8312914415983 30.000000000015483
    vertex 801.9142983510377 -2723.911426437423 29.999999999999996
  endloop
endfacet
facet normal 9.490600336363311e-16 -2.656122811756664e-13 1.0
  outer loop
    vertex 801.9142983510377 -2723.911426437423 29.999999999999996
    vertex 810.1095567923206 -2730.8312914415983 30.000000000015483
    vertex 804.4619571729181 -2718.335705912257 30.000000000009802
  endloop
endfacet
facet normal 9.490600336363311e-16 -2.656122811756664e-13 1.0
  outer loop
    vertex 804.4619571729181 -2718.335705912257 30.000000000009802
    vertex 810.1095567923206 -2730.8312914415983 30.000000000015483
    vertex 805.8097755157335 -2714.2189492897555 30.000000000009308
  endloop
endfacet
facet normal 9.490600336363311e-16 -2.656122811756664e-13 1.0
  outer loop
    vertex 675.6381299446065 -2693.6266699567104 30.000000000015483
    vertex 677.3057037771508 -2671.8081497630624 30.000000000015483
    vertex 675.3820783395013 -2682.6341142842093 30.000000000015483
  endloop
endfacet
facet normal 9.490600336363311e-16 -2.656122811756664e-13 1.0
  outer loop
    vertex 677.3057037771508 -2671.8081497630624 30.000000000015483
    vertex 675.6381299446065 -2693.6266699567104 30.000000000015483
    vertex 678.0637379424905 -2704.351326989833 30.000000000015483
  endloop
endfacet
facet normal 9.490600336363311e-16 -2.656122811756664e-13 1.0
  outer loop
    vertex 677.3057037771508 -2671.8081497630624 30.000000000015483
    vertex 678.0637379424905 -2704.351326989833 30.000000000015483
    vertex 681.3329733823336 -2661.5766815319294 30.000000000015483
  endloop
endfacet
facet normal 9.490600336363311e-16 -2.656122811756664e-13 1.0
  outer loop
    vertex 681.3329733823336 -2661.5766815319294 30.000000000015483
    vertex 678.0637379424905 -2704.351326989833 30.000000000015483
    vertex 682.5630281849758 -2714.3841845065817 30.000000000015483
  endloop
endfacet
facet normal 9.490600336363311e-16 -2.656122811756664e-13 1.0
  outer loop
    vertex 681.3329733823336 -2661.5766815319294 30.000000000015483
    vertex 682.5630281849758 -2714.3841845065817 30.000000000015483
    vertex 687.3047060164548 -2652.344116775369 30.000000000015483
  endloop
endfacet
facet normal 9.490600336363311e-16 -2.656122811756664e-13 1.0
  outer loop
    vertex 687.3047060164548 -2652.344116775369 30.000000000015483
    vertex 682.5630281849758 -2714.3841845065817 30.000000000015483
    vertex 688.9581625301282 -2723.3286855739957 30.000000000015483
  endloop
endfacet
facet normal 9.490600336363311e-16 -2.656122811756664e-13 1.0
  outer loop
    vertex 687.3047060164548 -2652.344116775369 30.000000000015483
    vertex 688.9581625301282 -2723.3286855739957 30.000000000015483
    vertex 694.9848640427897 -2644.475380197747 30.000000000015483
  endloop
endfacet
facet normal 9.490600336363311e-16 -2.656122811756664e-13 1.0
  outer loop
    vertex 694.9848640427897 -2644.475380197747 30.000000000015483
    vertex 688.9581625301282 -2723.3286855739957 30.000000000015483
    vertex 696.9963680408711 -2730.8312914415983 30.000000000015483
  endloop
endfacet
facet normal 9.490600336363311e-16 -2.656122811756664e-13 1.0
  outer loop
    vertex 694.9848640427897 -2644.475380197747 30.000000000015483
    vertex 696.9963680408711 -2730.8312914415983 30.000000000015483
    vertex 704.0698829079233 -2638.281490074593 30.000000000015483
  endloop
endfacet
facet normal 9.490600336363311e-16 -2.656122811756664e-13 1.0
  outer loop
    vertex 704.0698829079233 -2638.281490074593 30.000000000015483
    vertex 696.9963680408711 -2730.8312914415983 30.000000000015483
    vertex 701.2961493174583 -2714.2189492897596 30.0000000000093
  endloop
endfacet
facet normal 9.490600336363311e-16 -2.656122811756664e-13 1.0
  outer loop
    vertex 704.0698829079233 -2638.281490074593 30.000000000015483
    vertex 701.2961493174583 -2714.2189492897596 30.0000000000093
    vertex 707.5726945419032 -2705.3572400335975 29.999999999977934
  endloop
endfacet
facet normal 9.490600336363311e-16 -2.656122811756664e-13 1.0
  outer loop
    vertex 707.5726945419032 -2705.3572400335975 29.999999999977934
    vertex 701.2961493174583 -2714.2189492897596 30.0000000000093
    vertex 707.6408428893251 -2705.8748781238032 29.999999999978453
  endloop
endfacet
facet normal 9.490600336363311e-16 -2.656122811756664e-13 1.0
  outer loop
    vertex 707.6408428893251 -2705.8748781238032 29.999999999978453
    vertex 701.2961493174583 -2714.2189492897596 30.0000000000093
    vertex 709.4972039427336 -2710.4097670935503 29.999999999992472
  endloop
endfacet
facet normal 9.490600336363311e-16 -2.656122811756664e-13 1.0
  outer loop
    vertex 707.6408428893251 -2705.8748781238032 29.999999999978453
    vertex 709.4972039427336 -2710.4097670935503 29.999999999992472
    vertex 707.8406437343343 -2706.357240033598 29.99999999997915
  endloop
endfacet
facet normal 9.490600336363311e-16 -2.656122811756664e-13 1.0
  outer loop
    vertex 707.8406437343343 -2706.357240033598 29.99999999997915
    vertex 709.4972039427336 -2710.4097670935503 29.999999999992472
    vertex 708.1584809795298 -2706.771453595971 29.999999999979984
  endloop
endfacet
facet normal 9.490600336363311e-16 -2.656122811756664e-13 1.0
  outer loop
    vertex 708.1584809795298 -2706.771453595971 29.999999999979984
    vertex 709.4972039427336 -2710.4097670935503 29.999999999992472
    vertex 708.5726945419211 -2707.0892908411715 29.9999999999809
  endloop
endfacet
facet normal 9.490600336363311e-16 -2.656122811756664e-13 1.0
  outer loop
    vertex 708.5726945419211 -2707.0892908411715 29.9999999999809
    vertex 709.4972039427336 -2710.4097670935503 29.999999999992472
    vertex 709.055056451698 -2707.289091686176 29.999999999981828
  endloop
endfacet
facet normal 9.490600336363311e-16 -2.656122811756664e-13 1.0
  outer loop
    vertex 709.055056451698 -2707.289091686176 29.999999999981828
    vertex 709.4972039427336 -2710.4097670935503 29.999999999992472
    vertex 709.1424609888561 -2707.3005987117936 29.999999999987153
  endloop
endfacet
facet normal 9.490600336363311e-16 -2.656122811756664e-13 1.0
  outer loop
    vertex 709.1424609888561 -2707.3005987117936 29.999999999987153
    vertex 709.4972039427336 -2710.4097670935503 29.999999999992472
    vertex 709.5726945419028 -2707.357240033598 29.9999999999813
  endloop
endfacet
facet normal 9.490600336363311e-16 -2.656122811756664e-13 1.0
  outer loop
    vertex 709.5726945419028 -2707.357240033598 29.9999999999813
    vertex 709.4972039427336 -2710.4097670935503 29.999999999992472
    vertex 717.9734794656673 -2707.2601767662245 29.999999999978563
  endloop
endfacet
facet normal 9.490600336363311e-16 -2.656122811756664e-13 1.0
  outer loop
    vertex 709.5726945419028 -2707.357240033598 29.9999999999813
    vertex 717.9734794656673 -2707.2601767662245 29.999999999978563
    vertex 710.0903326321081 -2707.289091686176 29.99999999998102
  endloop
endfacet
facet normal 9.490600336363311e-16 -2.656122811756664e-13 1.0
  outer loop
    vertex 710.0903326321081 -2707.289091686176 29.99999999998102
    vertex 717.9734794656673 -2707.2601767662245 29.999999999978563
    vertex 710.5726945419029 -2707.0892908411665 29.99999999998076
  endloop
endfacet
facet normal 9.490600336363311e-16 -2.656122811756664e-13 1.0
  outer loop
    vertex 710.5726945419029 -2707.0892908411665 29.99999999998076
    vertex 717.9734794656673 -2707.2601767662245 29.999999999978563
    vertex 710.9869081042759 -2706.771453595971 29.999999999980517
  endloop
endfacet
facet normal 9.490600336363311e-16 -2.656122811756664e-13 1.0
  outer loop
    vertex 710.9869081042759 -2706.771453595971 29.999999999980517
    vertex 717.9734794656673 -2707.2601767662245 29.999999999978563
    vertex 711.3047453494714 -2706.357240033598 29.999999999980318
  endloop
endfacet
facet normal 9.490600336363311e-16 -2.656122811756664e-13 1.0
  outer loop
    vertex 711.3047453494714 -2706.357240033598 29.999999999980318
    vertex 717.9734794656673 -2707.2601767662245 29.999999999978563
    vertex 711.5045461944813 -2705.8748781238032 29.999999999980176
  endloop
endfacet
facet normal 9.490600336363311e-16 -2.656122811756664e-13 1.0
  outer loop
    vertex 711.5045461944813 -2705.8748781238032 29.999999999980176
    vertex 717.9734794656673 -2707.2601767662245 29.999999999978563
    vertex 711.5535807990727 -2705.5024233243093 29.99999999998888
  endloop
endfacet
facet normal 9.490600336363311e-16 -2.656122811756664e-13 1.0
  outer loop
    vertex 711.5535807990727 -2705.5024233243093 29.99999999998888
    vertex 717.9734794656673 -2707.2601767662245 29.999999999978563
    vertex 711.5726945419033 -2705.3572400335975 29.99999999998434
  endloop
endfacet
facet normal 9.490600336363311e-16 -2.656122811756664e-13 1.0
  outer loop
    vertex 711.5726945419033 -2705.3572400335975 29.99999999998434
    vertex 717.9734794656673 -2707.2601767662245 29.999999999978563
    vertex 714.2006697800128 -2634.007264999837 30.000000000017966
  endloop
endfacet
facet normal 9.490600336363311e-16 -2.656122811756664e-13 1.0
  outer loop
    vertex 714.2006697800128 -2634.007264999837 30.000000000017966
    vertex 717.9734794656673 -2707.2601767662245 29.999999999978563
    vertex 715.1955601846599 -2641.016128970373 30.000000000016872
  endloop
endfacet
facet normal 9.490600336363311e-16 -2.656122811756664e-13 1.0
  outer loop
    vertex 715.1955601846599 -2641.016128970373 30.000000000016872
    vertex 717.9734794656673 -2707.2601767662245 29.999999999978563
    vertex 743.8345685565567 -2649.3592213006286 29.999999999912973
  endloop
endfacet
facet normal 9.490600336363311e-16 -2.656122811756664e-13 1.0
  outer loop
    vertex 715.1955601846599 -2641.016128970373 30.000000000016872
    vertex 743.8345685565567 -2649.3592213006286 29.999999999912973
    vertex 744.1524058017509 -2648.9450077382558 29.999999999912554
  endloop
endfacet
facet normal 9.490600336363311e-16 -2.656122811756664e-13 1.0
  outer loop
    vertex 715.1955601846599 -2641.016128970373 30.000000000016872
    vertex 744.1524058017509 -2648.9450077382558 29.999999999912554
    vertex 744.5666193641317 -2648.6271704930696 29.99999999991221
  endloop
endfacet
facet normal 9.490600336363311e-16 -2.656122811756664e-13 1.0
  outer loop
    vertex 715.1955601846599 -2641.016128970373 30.000000000016872
    vertex 744.5666193641317 -2648.6271704930696 29.99999999991221
    vertex 745.0489812739263 -2648.42736964806 29.999999999911974
  endloop
endfacet
facet normal 9.490600336363311e-16 -2.656122811756664e-13 1.0
  outer loop
    vertex 715.1955601846599 -2641.016128970373 30.000000000016872
    vertex 745.0489812739263 -2648.42736964806 29.999999999911974
    vertex 791.91036464853 -2641.016128970373 30.000000000016872
  endloop
endfacet
facet normal 9.490600336363311e-16 -2.656122811756664e-13 1.0
  outer loop
    vertex 743.8345685565567 -2649.3592213006286 29.999999999912973
    vertex 717.9734794656673 -2707.2601767662245 29.999999999978563
    vertex 743.6347677115481 -2649.841583210424 29.999999999913456
  endloop
endfacet
facet normal 9.490600336363311e-16 -2.656122811756664e-13 1.0
  outer loop
    vertex 743.6347677115481 -2649.841583210424 29.999999999913456
    vertex 717.9734794656673 -2707.2601767662245 29.999999999978563
    vertex 726.6720237129446 -2704.789854125591 29.999999999967656
  endloop
endfacet
facet normal 9.490600336363311e-16 -2.656122811756664e-13 1.0
  outer loop
    vertex 743.6347677115481 -2649.841583210424 29.999999999913456
    vertex 726.6720237129446 -2704.789854125591 29.999999999967656
    vertex 735.5384959754507 -2703.0142315336884 29.999999999959815
  endloop
endfacet
facet normal 9.490600336363311e-16 -2.656122811756664e-13 1.0
  outer loop
    vertex 743.6347677115481 -2649.841583210424 29.999999999913456
    vertex 735.5384959754507 -2703.0142315336884 29.999999999959815
    vertex 743.5666193641262 -2650.359221300629 29.999999999913953
  endloop
endfacet
facet normal 9.490600336363311e-16 -2.656122811756664e-13 1.0
  outer loop
    vertex 743.5666193641262 -2650.359221300629 29.999999999913953
    vertex 735.5384959754507 -2703.0142315336884 29.999999999959815
    vertex 740.0722539556175 -2688.0009739654 29.99999999993067
  endloop
endfacet
facet normal 9.490600336363311e-16 -2.656122811756664e-13 1.0
  outer loop
    vertex 743.5666193641262 -2650.359221300629 29.999999999913953
    vertex 740.0722539556175 -2688.0009739654 29.99999999993067
    vertex 740.1404023030395 -2687.4833358751953 29.99999999993045
  endloop
endfacet
facet normal 9.490600336363311e-16 -2.656122811756664e-13 1.0
  outer loop
    vertex 743.5666193641262 -2650.359221300629 29.999999999913953
    vertex 740.1404023030395 -2687.4833358751953 29.99999999993045
    vertex 740.3402031480489 -2687.0009739654 29.999999999930235
  endloop
endfacet
facet normal 9.490600336363311e-16 -2.656122811756664e-13 1.0
  outer loop
    vertex 743.5666193641262 -2650.359221300629 29.999999999913953
    vertex 740.3402031480489 -2687.0009739654 29.999999999930235
    vertex 740.6580403932452 -2686.5867604030273 29.99999999993005
  endloop
endfacet
facet normal 9.490600336363311e-16 -2.656122811756664e-13 1.0
  outer loop
    vertex 743.5666193641262 -2650.359221300629 29.999999999913953
    vertex 740.6580403932452 -2686.5867604030273 29.99999999993005
    vertex 741.0722539556183 -2686.2689231578315 29.999999999929898
  endloop
endfacet
facet normal 9.490600336363311e-16 -2.656122811756664e-13 1.0
  outer loop
    vertex 743.5666193641262 -2650.359221300629 29.999999999913953
    vertex 741.0722539556183 -2686.2689231578315 29.999999999929898
    vertex 741.5546158654126 -2686.0691223128224 29.99999999992979
  endloop
endfacet
facet normal 9.490600336363311e-16 -2.656122811756664e-13 1.0
  outer loop
    vertex 743.5666193641262 -2650.359221300629 29.999999999913953
    vertex 741.5546158654126 -2686.0691223128224 29.99999999992979
    vertex 742.0722539556174 -2686.0009739654006 29.999999999929734
  endloop
endfacet
facet normal 9.490600336363311e-16 -2.656122811756664e-13 1.0
  outer loop
    vertex 743.5666193641262 -2650.359221300629 29.999999999913953
    vertex 742.0722539556174 -2686.0009739654006 29.999999999929734
    vertex 742.5898920458228 -2686.0691223128224 29.999999999929738
  endloop
endfacet
facet normal 9.490600336363311e-16 -2.656122811756664e-13 1.0
  outer loop
    vertex 743.5666193641262 -2650.359221300629 29.999999999913953
    vertex 742.5898920458228 -2686.0691223128224 29.999999999929738
    vertex 743.0722539556182 -2686.2689231578315 29.999999999929802
  endloop
endfacet
facet normal 9.490600336363311e-16 -2.656122811756664e-13 1.0
  outer loop
    vertex 743.5666193641262 -2650.359221300629 29.999999999913953
    vertex 743.0722539556182 -2686.2689231578315 29.999999999929802
    vertex 743.4864675179905 -2686.5867604030273 29.999999999929916
  endloop
endfacet
facet normal 9.490600336363311e-16 -2.656122811756664e-13 1.0
  outer loop
    vertex 791.91036464853 -2641.016128970373 30.000000000016872
    vertex 745.0489812739263 -2648.42736964806 29.999999999911974
    vertex 745.5666193641258 -2648.3592213006286 29.99999999991186
  endloop
endfacet
facet normal 9.490600336363311e-16 -2.656122811756664e-13 1.0
  outer loop
    vertex 791.91036464853 -2641.016128970373 30.000000000016872
    vertex 745.5666193641258 -2648.3592213006286 29.99999999991186
    vertex 746.0842574543309 -2648.4273696480504 29.99999999991188
  endloop
endfacet
facet normal 9.490600336363311e-16 -2.656122811756664e-13 1.0
  outer loop
    vertex 791.91036464853 -2641.016128970373 30.000000000016872
    vertex 746.0842574543309 -2648.4273696480504 29.99999999991188
    vertex 746.5666193641264 -2648.62717049306 29.999999999912017
  endloop
endfacet
facet normal 9.490600336363311e-16 -2.656122811756664e-13 1.0
  outer loop
    vertex 791.91036464853 -2641.016128970373 30.000000000016872
    vertex 746.5666193641264 -2648.62717049306 29.999999999912017
    vertex 746.9808329264984 -2648.9450077382558 29.999999999912276
  endloop
endfacet
facet normal 9.490600336363311e-16 -2.656122811756664e-13 1.0
  outer loop
    vertex 791.91036464853 -2641.016128970373 30.000000000016872
    vertex 746.9808329264984 -2648.9450077382558 29.999999999912276
    vertex 747.2986701716952 -2649.3592213006286 29.999999999912646
  endloop
endfacet
facet normal 9.490600336363311e-16 -2.656122811756664e-13 1.0
  outer loop
    vertex 791.91036464853 -2641.016128970373 30.000000000016872
    vertex 747.2986701716952 -2649.3592213006286 29.999999999912646
    vertex 747.4984710167034 -2649.841583210424 29.999999999913083
  endloop
endfacet
facet normal 9.490600336363311e-16 -2.656122811756664e-13 1.0
  outer loop
    vertex 791.91036464853 -2641.016128970373 30.000000000016872
    vertex 747.4984710167034 -2649.841583210424 29.999999999913083
    vertex 747.5666193641323 -2650.359221300638 29.99999999991357
  endloop
endfacet
facet normal 9.490600336363311e-16 -2.656122811756664e-13 1.0
  outer loop
    vertex 791.91036464853 -2641.016128970373 30.000000000016872
    vertex 747.5666193641323 -2650.359221300638 29.99999999991357
    vertex 761.02166737886 -2648.4273696480504 29.99999999991188
  endloop
endfacet
facet normal 9.490600336363311e-16 -2.656122811756664e-13 1.0
  outer loop
    vertex 761.02166737886 -2648.4273696480504 29.99999999991188
    vertex 747.5666193641323 -2650.359221300638 29.99999999991357
    vertex 760.5393054690649 -2648.62717049306 29.999999999912017
  endloop
endfacet
facet normal 9.490600336363311e-16 -2.656122811756664e-13 1.0
  outer loop
    vertex 760.5393054690649 -2648.62717049306 29.999999999912017
    vertex 747.5666193641323 -2650.359221300638 29.99999999991357
    vertex 760.1250919066919 -2648.9450077382558 29.999999999912276
  endloop
endfacet
facet normal 9.490600336363311e-16 -2.656122811756664e-13 1.0
  outer loop
    vertex 760.1250919066919 -2648.9450077382558 29.999999999912276
    vertex 747.5666193641323 -2650.359221300638 29.99999999991357
    vertex 759.8072546614962 -2649.3592213006286 29.999999999912646
  endloop
endfacet
facet normal 9.490600336363311e-16 -2.656122811756664e-13 1.0
  outer loop
    vertex 759.8072546614962 -2649.3592213006286 29.999999999912646
    vertex 747.5666193641323 -2650.359221300638 29.99999999991357
    vertex 759.6074538164871 -2649.841583210424 29.999999999913083
  endloop
endfacet
facet normal 9.490600336363311e-16 -2.656122811756664e-13 1.0
  outer loop
    vertex 759.6074538164871 -2649.841583210424 29.999999999913083
    vertex 747.5666193641323 -2650.359221300638 29.99999999991357
    vertex 759.539305469059 -2650.359221300638 29.99999999991357
  endloop
endfacet
facet normal 9.490600336363311e-16 -2.656122811756664e-13 1.0
  outer loop
    vertex 759.539305469059 -2650.359221300638 29.99999999991357
    vertex 747.5666193641323 -2650.359221300638 29.99999999991357
    vertex 753.552962416595 -2701.587047331552 29.9999999999586
  endloop
endfacet
facet normal 9.490600336363311e-16 -2.656122811756664e-13 1.0
  outer loop
    vertex 791.91036464853 -2641.016128970373 30.000000000016872
    vertex 761.02166737886 -2648.4273696480504 29.99999999991188
    vertex 761.539305469065 -2648.3592213006286 29.99999999991186
  endloop
endfacet
facet normal 9.490600336363311e-16 -2.656122811756664e-13 1.0
  outer loop
    vertex 791.91036464853 -2641.016128970373 30.000000000016872
    vertex 761.539305469065 -2648.3592213006286 29.99999999991186
    vertex 762.0569435592639 -2648.42736964806 29.999999999911974
  endloop
endfacet
facet normal 9.490600336363311e-16 -2.656122811756664e-13 1.0
  outer loop
    vertex 791.91036464853 -2641.016128970373 30.000000000016872
    vertex 762.0569435592639 -2648.42736964806 29.999999999911974
    vertex 762.5393054690586 -2648.6271704930696 29.99999999991221
  endloop
endfacet
facet normal 9.490600336363311e-16 -2.656122811756664e-13 1.0
  outer loop
    vertex 791.91036464853 -2641.016128970373 30.000000000016872
    vertex 762.5393054690586 -2648.6271704930696 29.99999999991221
    vertex 762.9535190314382 -2648.9450077382558 29.999999999912554
  endloop
endfacet
facet normal 9.490600336363311e-16 -2.656122811756664e-13 1.0
  outer loop
    vertex 791.91036464853 -2641.016128970373 30.000000000016872
    vertex 762.9535190314382 -2648.9450077382558 29.999999999912554
    vertex 763.2713562766338 -2649.3592213006286 29.999999999912973
  endloop
endfacet
facet normal 9.490600336363311e-16 -2.656122811756664e-13 1.0
  outer loop
    vertex 791.91036464853 -2641.016128970373 30.000000000016872
    vertex 763.2713562766338 -2649.3592213006286 29.999999999912973
    vertex 763.4711571216429 -2649.841583210424 29.999999999913456
  endloop
endfacet
facet normal 9.490600336363311e-16 -2.656122811756664e-13 1.0
  outer loop
    vertex 791.91036464853 -2641.016128970373 30.000000000016872
    vertex 763.4711571216429 -2649.841583210424 29.999999999913456
    vertex 763.539305469065 -2650.359221300629 29.999999999913953
  endloop
endfacet
facet normal 9.490600336363311e-16 -2.656122811756664e-13 1.0
  outer loop
    vertex 791.91036464853 -2641.016128970373 30.000000000016872
    vertex 763.539305469065 -2650.359221300629 29.999999999913953
    vertex 763.6194573151998 -2686.5867604030273 29.999999999929916
  endloop
endfacet
facet normal 9.490600336363311e-16 -2.656122811756664e-13 1.0
  outer loop
    vertex 791.91036464853 -2641.016128970373 30.000000000016872
    vertex 763.6194573151998 -2686.5867604030273 29.999999999929916
    vertex 764.0336708775728 -2686.2689231578315 29.999999999929802
  endloop
endfacet
facet normal 9.490600336363311e-16 -2.656122811756664e-13 1.0
  outer loop
    vertex 791.91036464853 -2641.016128970373 30.000000000016872
    vertex 764.0336708775728 -2686.2689231578315 29.999999999929802
    vertex 764.5160327873679 -2686.0691223128224 29.999999999929738
  endloop
endfacet
facet normal 9.490600336363311e-16 -2.656122811756664e-13 1.0
  outer loop
    vertex 791.91036464853 -2641.016128970373 30.000000000016872
    vertex 764.5160327873679 -2686.0691223128224 29.999999999929738
    vertex 765.033670877573 -2686.0009739654006 29.999999999929734
  endloop
endfacet
facet normal 9.490600336363311e-16 -2.656122811756664e-13 1.0
  outer loop
    vertex 791.91036464853 -2641.016128970373 30.000000000016872
    vertex 765.033670877573 -2686.0009739654006 29.999999999929734
    vertex 765.551308967778 -2686.0691223128224 29.99999999992979
  endloop
endfacet
facet normal 9.490600336363311e-16 -2.656122811756664e-13 1.0
  outer loop
    vertex 791.91036464853 -2641.016128970373 30.000000000016872
    vertex 765.551308967778 -2686.0691223128224 29.99999999992979
    vertex 766.0336708775727 -2686.2689231578315 29.999999999929898
  endloop
endfacet
facet normal 9.490600336363311e-16 -2.656122811756664e-13 1.0
  outer loop
    vertex 791.91036464853 -2641.016128970373 30.000000000016872
    vertex 766.0336708775727 -2686.2689231578315 29.999999999929898
    vertex 766.4478844399462 -2686.5867604030273 29.99999999993005
  endloop
endfacet
facet normal 9.490600336363311e-16 -2.656122811756664e-13 1.0
  outer loop
    vertex 791.91036464853 -2641.016128970373 30.000000000016872
    vertex 766.4478844399462 -2686.5867604030273 29.99999999993005
    vertex 766.7657216851418 -2687.0009739654 29.999999999930235
  endloop
endfacet
facet normal 9.490600336363311e-16 -2.656122811756664e-13 1.0
  outer loop
    vertex 791.91036464853 -2641.016128970373 30.000000000016872
    vertex 766.7657216851418 -2687.0009739654 29.999999999930235
    vertex 766.9655225301509 -2687.4833358751953 29.99999999993045
  endloop
endfacet
facet normal 9.490600336363311e-16 -2.656122811756664e-13 1.0
  outer loop
    vertex 791.91036464853 -2641.016128970373 30.000000000016872
    vertex 766.9655225301509 -2687.4833358751953 29.99999999993045
    vertex 767.0336708775728 -2688.0009739654 29.99999999993067
  endloop
endfacet
facet normal 9.490600336363311e-16 -2.656122811756664e-13 1.0
  outer loop
    vertex 791.91036464853 -2641.016128970373 30.000000000016872
    vertex 767.0336708775728 -2688.0009739654 29.99999999993067
    vertex 771.56742885774 -2703.014231533687 29.999999999959822
  endloop
endfacet
facet normal 9.490600336363311e-16 -2.656122811756664e-13 1.0
  outer loop
    vertex 791.91036464853 -2641.016128970373 30.000000000016872
    vertex 771.56742885774 -2703.014231533687 29.999999999959822
    vertex 780.4339011202463 -2704.7898541255895 29.999999999967663
  endloop
endfacet
facet normal 9.490600336363311e-16 -2.656122811756664e-13 1.0
  outer loop
    vertex 791.91036464853 -2641.016128970373 30.000000000016872
    vertex 780.4339011202463 -2704.7898541255895 29.999999999967663
    vertex 789.1324453675239 -2707.2601767662222 29.99999999997857
  endloop
endfacet
facet normal 9.490600336363311e-16 -2.656122811756664e-13 1.0
  outer loop
    vertex 791.91036464853 -2641.016128970373 30.000000000016872
    vertex 789.1324453675239 -2707.2601767662222 29.99999999997857
    vertex 795.5332302912877 -2705.3572400335975 29.99999999998434
  endloop
endfacet
facet normal 9.490600336363311e-16 -2.656122811756664e-13 1.0
  outer loop
    vertex 795.5332302912877 -2705.3572400335975 29.99999999998434
    vertex 789.1324453675239 -2707.2601767662222 29.99999999997857
    vertex 795.6013786387095 -2705.8748781238032 29.999999999980176
  endloop
endfacet
facet normal 9.490600336363311e-16 -2.656122811756664e-13 1.0
  outer loop
    vertex 795.6013786387095 -2705.8748781238032 29.999999999980176
    vertex 789.1324453675239 -2707.2601767662222 29.99999999997857
    vertex 795.8011794837189 -2706.357240033598 29.999999999980318
  endloop
endfacet
facet normal 9.490600336363311e-16 -2.656122811756664e-13 1.0
  outer loop
    vertex 795.8011794837189 -2706.357240033598 29.999999999980318
    vertex 789.1324453675239 -2707.2601767662222 29.99999999997857
    vertex 797.6087208904578 -2710.409767093547 29.99999999999248
  endloop
endfacet
facet normal 9.490600336363311e-16 -2.656122811756664e-13 1.0
  outer loop
    vertex 791.91036464853 -2641.016128970373 30.000000000016872
    vertex 795.5332302912877 -2705.3572400335975 29.99999999998434
    vertex 792.9052550531777 -2634.007264999837 30.000000000017966
  endloop
endfacet
facet normal 9.490600336363311e-16 -2.656122811756664e-13 1.0
  outer loop
    vertex 795.5332302912877 -2705.3572400335975 29.99999999998434
    vertex 795.6013786387095 -2705.8748781238032 29.999999999980176
    vertex 795.5523440341179 -2705.5024233243093 29.99999999998888
  endloop
endfacet
facet normal 9.490600336363311e-16 -2.656122811756664e-13 1.0
  outer loop
    vertex 795.8011794837189 -2706.357240033598 29.999999999980318
    vertex 797.6087208904578 -2710.409767093547 29.99999999999248
    vertex 796.1190167289146 -2706.771453595971 29.999999999980517
  endloop
endfacet
facet normal 9.490600336363311e-16 -2.656122811756664e-13 1.0
  outer loop
    vertex 796.1190167289146 -2706.771453595971 29.999999999980517
    vertex 797.6087208904578 -2710.409767093547 29.99999999999248
    vertex 796.5332302912877 -2707.0892908411665 29.99999999998076
  endloop
endfacet
facet normal 9.490600336363311e-16 -2.656122811756664e-13 1.0
  outer loop
    vertex 796.5332302912877 -2707.0892908411665 29.99999999998076
    vertex 797.6087208904578 -2710.409767093547 29.99999999999248
    vertex 797.0155922010825 -2707.289091686176 29.99999999998102
  endloop
endfacet
facet normal 9.490600336363311e-16 -2.656122811756664e-13 1.0
  outer loop
    vertex 797.0155922010825 -2707.289091686176 29.99999999998102
    vertex 797.6087208904578 -2710.409767093547 29.99999999999248
    vertex 797.5332302912876 -2707.357240033598 29.9999999999813
  endloop
endfacet
facet normal 9.490600336363311e-16 -2.656122811756664e-13 1.0
  outer loop
    vertex 797.5332302912876 -2707.357240033598 29.9999999999813
    vertex 797.6087208904578 -2710.409767093547 29.99999999999248
    vertex 797.9634638443342 -2707.3005987117936 29.999999999987153
  endloop
endfacet
facet normal 9.490600336363311e-16 -2.656122811756664e-13 1.0
  outer loop
    vertex 797.9634638443342 -2707.3005987117936 29.999999999987153
    vertex 797.6087208904578 -2710.409767093547 29.99999999999248
    vertex 805.8097755157335 -2714.2189492897555 30.000000000009308
  endloop
endfacet
facet normal 9.490600336363311e-16 -2.656122811756664e-13 1.0
  outer loop
    vertex 797.9634638443342 -2707.3005987117936 29.999999999987153
    vertex 805.8097755157335 -2714.2189492897555 30.000000000009308
    vertex 798.0508683814927 -2707.289091686176 29.999999999981828
  endloop
endfacet
facet normal 9.490600336363311e-16 -2.656122811756664e-13 1.0
  outer loop
    vertex 798.0508683814927 -2707.289091686176 29.999999999981828
    vertex 805.8097755157335 -2714.2189492897555 30.000000000009308
    vertex 798.5332302912684 -2707.0892908411715 29.9999999999809
  endloop
endfacet
facet normal 9.490600336363311e-16 -2.656122811756664e-13 1.0
  outer loop
    vertex 798.5332302912684 -2707.0892908411715 29.9999999999809
    vertex 805.8097755157335 -2714.2189492897555 30.000000000009308
    vertex 798.9474438536608 -2706.771453595971 29.999999999979984
  endloop
endfacet
facet normal 9.490600336363311e-16 -2.656122811756664e-13 1.0
  outer loop
    vertex 798.9474438536608 -2706.771453595971 29.999999999979984
    vertex 805.8097755157335 -2714.2189492897555 30.000000000009308
    vertex 799.2652810988565 -2706.357240033598 29.99999999997915
  endloop
endfacet
facet normal 9.490600336363311e-16 -2.656122811756664e-13 1.0
  outer loop
    vertex 799.2652810988565 -2706.357240033598 29.99999999997915
    vertex 805.8097755157335 -2714.2189492897555 30.000000000009308
    vertex 799.4650819438656 -2705.8748781238032 29.999999999978453
  endloop
endfacet
facet normal 9.490600336363311e-16 -2.656122811756664e-13 1.0
  outer loop
    vertex 799.4650819438656 -2705.8748781238032 29.999999999978453
    vertex 805.8097755157335 -2714.2189492897555 30.000000000009308
    vertex 799.5332302912875 -2705.3572400335975 29.999999999977934
  endloop
endfacet
facet normal 9.490600336363311e-16 -2.656122811756664e-13 1.0
  outer loop
    vertex 799.5332302912875 -2705.3572400335975 29.999999999977934
    vertex 805.8097755157335 -2714.2189492897555 30.000000000009308
    vertex 803.0360419252672 -2638.281490074593 30.000000000015483
  endloop
endfacet
facet normal 9.490600336363311e-16 -2.656122811756664e-13 1.0
  outer loop
    vertex 803.0360419252672 -2638.281490074593 30.000000000015483
    vertex 805.8097755157335 -2714.2189492897555 30.000000000009308
    vertex 812.1210607903994 -2644.475380197747 30.000000000015483
  endloop
endfacet
facet normal 9.490600336363311e-16 -2.656122811756664e-13 1.0
  outer loop
    vertex 812.1210607903994 -2644.475380197747 30.000000000015483
    vertex 805.8097755157335 -2714.2189492897555 30.000000000009308
    vertex 810.1095567923206 -2730.8312914415983 30.000000000015483
  endloop
endfacet
facet normal 9.490600336363311e-16 -2.656122811756664e-13 1.0
  outer loop
    vertex 812.1210607903994 -2644.475380197747 30.000000000015483
    vertex 810.1095567923206 -2730.8312914415983 30.000000000015483
    vertex 818.1477623030626 -2723.3286855739957 30.000000000015483
  endloop
endfacet
facet normal 9.490600336363311e-16 -2.656122811756664e-13 1.0
  outer loop
    vertex 812.1210607903994 -2644.475380197747 30.000000000015483
    vertex 818.1477623030626 -2723.3286855739957 30.000000000015483
    vertex 819.8012188167357 -2652.344116775369 30.000000000015483
  endloop
endfacet
facet normal 9.490600336363311e-16 -2.656122811756664e-13 1.0
  outer loop
    vertex 819.8012188167357 -2652.344116775369 30.000000000015483
    vertex 818.1477623030626 -2723.3286855739957 30.000000000015483
    vertex 824.5428966482148 -2714.3841845065817 30.000000000015483
  endloop
endfacet
facet normal 9.490600336363311e-16 -2.656122811756664e-13 1.0
  outer loop
    vertex 819.8012188167357 -2652.344116775369 30.000000000015483
    vertex 824.5428966482148 -2714.3841845065817 30.000000000015483
    vertex 825.7729514508575 -2661.5766815319294 30.000000000015483
  endloop
endfacet
facet normal 9.490600336363311e-16 -2.656122811756664e-13 1.0
  outer loop
    vertex 825.7729514508575 -2661.5766815319294 30.000000000015483
    vertex 824.5428966482148 -2714.3841845065817 30.000000000015483
    vertex 829.0421868907 -2704.351326989833 30.000000000015483
  endloop
endfacet
facet normal 9.490600336363311e-16 -2.656122811756664e-13 1.0
  outer loop
    vertex 825.7729514508575 -2661.5766815319294 30.000000000015483
    vertex 829.0421868907 -2704.351326989833 30.000000000015483
    vertex 829.8002210560393 -2671.8081497630624 30.000000000015483
  endloop
endfacet
facet normal 9.490600336363311e-16 -2.656122811756664e-13 1.0
  outer loop
    vertex 829.8002210560393 -2671.8081497630624 30.000000000015483
    vertex 829.0421868907 -2704.351326989833 30.000000000015483
    vertex 831.4677948885844 -2693.6266699567104 30.000000000015483
  endloop
endfacet
facet normal 9.490600336363311e-16 -2.656122811756664e-13 1.0
  outer loop
    vertex 829.8002210560393 -2671.8081497630624 30.000000000015483
    vertex 831.4677948885844 -2693.6266699567104 30.000000000015483
    vertex 831.72384649369 -2682.6341142842093 30.000000000015483
  endloop
endfacet
facet normal 9.490600336363311e-16 -2.656122811756664e-13 1.0
  outer loop
    vertex 795.5332302912877 -2705.3572400335975 29.99999999998434
    vertex 803.0360419252672 -2638.281490074593 30.000000000015483
    vertex 792.9052550531777 -2634.007264999837 30.000000000017966
  endloop
endfacet
facet normal 9.490600336363311e-16 -2.656122811756664e-13 1.0
  outer loop
    vertex 803.0360419252672 -2638.281490074593 30.000000000015483
    vertex 795.5332302912877 -2705.3572400335975 29.99999999998434
    vertex 795.6013786387098 -2704.839601943393 29.99999999998382
  endloop
endfacet
facet normal 9.490600336363311e-16 -2.656122811756664e-13 1.0
  outer loop
    vertex 803.0360419252672 -2638.281490074593 30.000000000015483
    vertex 795.6013786387098 -2704.839601943393 29.99999999998382
    vertex 795.8011794837189 -2704.357240033598 29.99999999998312
  endloop
endfacet
facet normal 9.490600336363311e-16 -2.656122811756664e-13 1.0
  outer loop
    vertex 803.0360419252672 -2638.281490074593 30.000000000015483
    vertex 795.8011794837189 -2704.357240033598 29.99999999998312
    vertex 796.1190167289144 -2703.943026471225 29.999999999982286
  endloop
endfacet
facet normal 9.490600336363311e-16 -2.656122811756664e-13 1.0
  outer loop
    vertex 803.0360419252672 -2638.281490074593 30.000000000015483
    vertex 796.1190167289144 -2703.943026471225 29.999999999982286
    vertex 796.5332302912875 -2703.625189226029 29.999999999981373
  endloop
endfacet
facet normal 9.490600336363311e-16 -2.656122811756664e-13 1.0
  outer loop
    vertex 803.0360419252672 -2638.281490074593 30.000000000015483
    vertex 796.5332302912875 -2703.625189226029 29.999999999981373
    vertex 797.0155922010825 -2703.4253883810197 29.999999999980442
  endloop
endfacet
facet normal 9.490600336363311e-16 -2.656122811756664e-13 1.0
  outer loop
    vertex 803.0360419252672 -2638.281490074593 30.000000000015483
    vertex 797.0155922010825 -2703.4253883810197 29.999999999980442
    vertex 797.5332302912876 -2703.357240033598 29.999999999979558
  endloop
endfacet
facet normal 9.490600336363311e-16 -2.656122811756664e-13 1.0
  outer loop
    vertex 803.0360419252672 -2638.281490074593 30.000000000015483
    vertex 797.5332302912876 -2703.357240033598 29.999999999979558
    vertex 798.0508683814734 -2703.4253883810247 29.99999999997879
  endloop
endfacet
facet normal 9.490600336363311e-16 -2.656122811756664e-13 1.0
  outer loop
    vertex 803.0360419252672 -2638.281490074593 30.000000000015483
    vertex 798.0508683814734 -2703.4253883810247 29.99999999997879
    vertex 798.5332302912874 -2703.625189226029 29.99999999997817
  endloop
endfacet
facet normal 9.490600336363311e-16 -2.656122811756664e-13 1.0
  outer loop
    vertex 803.0360419252672 -2638.281490074593 30.000000000015483
    vertex 798.5332302912874 -2703.625189226029 29.99999999997817
    vertex 798.9474438536608 -2703.943026471225 29.999999999977756
  endloop
endfacet
facet normal 9.490600336363311e-16 -2.656122811756664e-13 1.0
  outer loop
    vertex 803.0360419252672 -2638.281490074593 30.000000000015483
    vertex 798.9474438536608 -2703.943026471225 29.999999999977756
    vertex 799.2652810988565 -2704.357240033598 29.99999999997758
  endloop
endfacet
facet normal 9.490600336363311e-16 -2.656122811756664e-13 1.0
  outer loop
    vertex 803.0360419252672 -2638.281490074593 30.000000000015483
    vertex 799.2652810988565 -2704.357240033598 29.99999999997758
    vertex 799.4650819438656 -2704.839601943393 29.99999999997764
  endloop
endfacet
facet normal 9.490600336363311e-16 -2.656122811756664e-13 1.0
  outer loop
    vertex 803.0360419252672 -2638.281490074593 30.000000000015483
    vertex 799.4650819438656 -2704.839601943393 29.99999999997764
    vertex 799.5332302912875 -2705.3572400335975 29.999999999977934
  endloop
endfacet
facet normal 9.490600336363311e-16 -2.656122811756664e-13 1.0
  outer loop
    vertex 706.3599280429036 -2736.595455450863 30.000000000015667
    vertex 701.2961493174583 -2714.2189492897596 30.0000000000093
    vertex 696.9963680408711 -2730.8312914415983 30.000000000015483
  endloop
endfacet
facet normal 9.490600336363311e-16 -2.656122811756664e-13 1.0
  outer loop
    vertex 701.2961493174583 -2714.2189492897596 30.0000000000093
    vertex 706.3599280429036 -2736.595455450863 30.000000000015667
    vertex 702.6439676602726 -2718.3357059122563 30.0000000000098
  endloop
endfacet
facet normal 9.490600336363311e-16 -2.656122811756664e-13 1.0
  outer loop
    vertex 702.6439676602726 -2718.3357059122563 30.0000000000098
    vertex 706.3599280429036 -2736.595455450863 30.000000000015667
    vertex 705.1916264821527 -2723.911426437423 29.999999999999996
  endloop
endfacet
facet normal 9.490600336363311e-16 -2.656122811756664e-13 1.0
  outer loop
    vertex 705.1916264821527 -2723.911426437423 29.999999999999996
    vertex 706.3599280429036 -2736.595455450863 30.000000000015667
    vertex 706.2444735948017 -2726.215652264361 29.99999999996712
  endloop
endfacet
facet normal 9.490600336363311e-16 -2.656122811756664e-13 1.0
  outer loop
    vertex 706.2444735948017 -2726.215652264361 29.99999999996712
    vertex 706.3599280429036 -2736.595455450863 30.000000000015667
    vertex 709.4979170280943 -2731.6335297180826 29.999999999966647
  endloop
endfacet
facet normal 0.3483089189135719 -0.9373798040310337 -1.1506554558664243e-13
  outer loop
    vertex 717.9734794656673 -2707.2601767662245 29.999999999978563
    vertex 709.4972039427138 -2710.4097670935557 9.999999999997565
    vertex 717.9734794656475 -2707.26017676623 9.999999999983654
  endloop
endfacet
facet normal 0.3483089189135719 -0.9373798040310337 -1.1506554558664243e-13
  outer loop
    vertex 709.4972039427138 -2710.4097670935557 9.999999999997565
    vertex 717.9734794656673 -2707.2601767662245 29.999999999978563
    vertex 709.4972039427336 -2710.4097670935503 29.999999999992472
  endloop
endfacet
facet normal 0.4212522883358793 -0.9069434985553319 -1.9395111198881186e-13
  outer loop
    vertex 709.4972039427336 -2710.4097670935503 29.999999999992472
    vertex 701.2961493174386 -2714.218949289765 10.000000000014388
    vertex 709.4972039427138 -2710.4097670935557 9.999999999997565
  endloop
endfacet
facet normal 0.4212522883358793 -0.9069434985553319 -1.9395111198881186e-13
  outer loop
    vertex 701.2961493174386 -2714.218949289765 10.000000000014388
    vertex 709.4972039427336 -2710.4097670935503 29.999999999992472
    vertex 701.2961493174583 -2714.2189492897596 30.0000000000093
  endloop
endfacet
facet normal -3.871191536304901e-19 4.211528665834073e-13 -1.0
  outer loop
    vertex 715.1955601846354 -2641.016128970377 10.00000000001687
    vertex 744.5666193641052 -2648.6271704930737 9.99999999991221
    vertex 721.8166193641052 -2658.3592213006423 9.999999999913761
  endloop
endfacet
facet normal -3.871191536304901e-19 4.211528665834073e-13 -1.0
  outer loop
    vertex 744.5666193641052 -2648.6271704930737 9.99999999991221
    vertex 715.1955601846354 -2641.016128970377 10.00000000001687
    vertex 745.0489812739004 -2648.427369648064 9.999999999911973
  endloop
endfacet
facet normal -3.871191536304901e-19 4.211528665834073e-13 -1.0
  outer loop
    vertex 745.0489812739004 -2648.427369648064 9.999999999911973
    vertex 715.1955601846354 -2641.016128970377 10.00000000001687
    vertex 791.9103646485563 -2641.016128970377 10.00000000001687
  endloop
endfacet
facet normal -3.871191536304901e-19 4.211528665834073e-13 -1.0
  outer loop
    vertex 721.8166193641052 -2658.3592213006423 9.999999999913761
    vertex 744.5666193641052 -2648.6271704930737 9.99999999991221
    vertex 744.1524058017261 -2648.94500773826 9.999999999912554
  endloop
endfacet
facet normal -3.871191536304901e-19 4.211528665834073e-13 -1.0
  outer loop
    vertex 721.8166193641052 -2658.3592213006423 9.999999999913761
    vertex 744.1524058017261 -2648.94500773826 9.999999999912554
    vertex 743.8345685565297 -2649.3592213006327 9.999999999912971
  endloop
endfacet
facet normal -3.871191536304901e-19 4.211528665834073e-13 -1.0
  outer loop
    vertex 721.8166193641052 -2658.3592213006423 9.999999999913761
    vertex 743.8345685565297 -2649.3592213006327 9.999999999912971
    vertex 743.6347677115218 -2649.841583210428 9.999999999913456
  endloop
endfacet
facet normal -3.871191536304901e-19 4.211528665834073e-13 -1.0
  outer loop
    vertex 721.8166193641052 -2658.3592213006423 9.999999999913761
    vertex 743.6347677115218 -2649.841583210428 9.999999999913456
    vertex 743.5666193640999 -2650.3592213006327 9.999999999913953
  endloop
endfacet
facet normal -3.871191536304901e-19 4.211528665834073e-13 -1.0
  outer loop
    vertex 745.0489812739004 -2648.427369648064 9.999999999911973
    vertex 791.9103646485563 -2641.016128970377 10.00000000001687
    vertex 745.5666193640988 -2648.3592213006327 9.99999999991186
  endloop
endfacet
facet normal -3.871191536304901e-19 4.211528665834073e-13 -1.0
  outer loop
    vertex 745.5666193640988 -2648.3592213006327 9.99999999991186
    vertex 791.9103646485563 -2641.016128970377 10.00000000001687
    vertex 746.0842574543038 -2648.4273696480545 9.999999999911877
  endloop
endfacet
facet normal -3.871191536304901e-19 4.211528665834073e-13 -1.0
  outer loop
    vertex 746.0842574543038 -2648.4273696480545 9.999999999911877
    vertex 791.9103646485563 -2641.016128970377 10.00000000001687
    vertex 746.5666193640989 -2648.627170493064 9.999999999912019
  endloop
endfacet
facet normal -3.871191536304901e-19 4.211528665834073e-13 -1.0
  outer loop
    vertex 746.5666193640989 -2648.627170493064 9.999999999912019
    vertex 791.9103646485563 -2641.016128970377 10.00000000001687
    vertex 746.9808329264729 -2648.94500773826 9.999999999912278
  endloop
endfacet
facet normal -3.871191536304901e-19 4.211528665834073e-13 -1.0
  outer loop
    vertex 746.9808329264729 -2648.94500773826 9.999999999912278
    vertex 791.9103646485563 -2641.016128970377 10.00000000001687
    vertex 747.2986701716684 -2649.3592213006327 9.999999999912644
  endloop
endfacet
facet normal -3.871191536304901e-19 4.211528665834073e-13 -1.0
  outer loop
    vertex 747.2986701716684 -2649.3592213006327 9.999999999912644
    vertex 791.9103646485563 -2641.016128970377 10.00000000001687
    vertex 747.4984710166776 -2649.841583210428 9.999999999913085
  endloop
endfacet
facet normal -3.871191536304901e-19 4.211528665834073e-13 -1.0
  outer loop
    vertex 747.4984710166776 -2649.841583210428 9.999999999913085
    vertex 791.9103646485563 -2641.016128970377 10.00000000001687
    vertex 747.5666193641058 -2650.3592213006423 9.99999999991357
  endloop
endfacet
facet normal -3.871191536304901e-19 4.211528665834073e-13 -1.0
  outer loop
    vertex 747.5666193641058 -2650.3592213006423 9.99999999991357
    vertex 791.9103646485563 -2641.016128970377 10.00000000001687
    vertex 761.0216673788863 -2648.4273696480545 9.999999999911877
  endloop
endfacet
facet normal -3.871191536304901e-19 4.211528665834073e-13 -1.0
  outer loop
    vertex 747.5666193641058 -2650.3592213006423 9.99999999991357
    vertex 761.0216673788863 -2648.4273696480545 9.999999999911877
    vertex 760.5393054690912 -2648.627170493064 9.999999999912019
  endloop
endfacet
facet normal -3.871191536304901e-19 4.211528665834073e-13 -1.0
  outer loop
    vertex 747.5666193641058 -2650.3592213006423 9.99999999991357
    vertex 760.5393054690912 -2648.627170493064 9.999999999912019
    vertex 760.1250919067181 -2648.94500773826 9.999999999912278
  endloop
endfacet
facet normal -3.871191536304901e-19 4.211528665834073e-13 -1.0
  outer loop
    vertex 747.5666193641058 -2650.3592213006423 9.99999999991357
    vertex 760.1250919067181 -2648.94500773826 9.999999999912278
    vertex 759.8072546615226 -2649.3592213006327 9.999999999912644
  endloop
endfacet
facet normal -3.871191536304901e-19 4.211528665834073e-13 -1.0
  outer loop
    vertex 747.5666193641058 -2650.3592213006423 9.99999999991357
    vertex 759.8072546615226 -2649.3592213006327 9.999999999912644
    vertex 759.6074538165135 -2649.841583210428 9.999999999913085
  endloop
endfacet
facet normal -3.871191536304901e-19 4.211528665834073e-13 -1.0
  outer loop
    vertex 747.5666193641058 -2650.3592213006423 9.99999999991357
    vertex 759.6074538165135 -2649.841583210428 9.999999999913085
    vertex 759.5393054690853 -2650.3592213006423 9.99999999991357
  endloop
endfacet
facet normal -3.871191536304901e-19 4.211528665834073e-13 -1.0
  outer loop
    vertex 761.0216673788863 -2648.4273696480545 9.999999999911877
    vertex 791.9103646485563 -2641.016128970377 10.00000000001687
    vertex 761.5393054690913 -2648.3592213006327 9.99999999991186
  endloop
endfacet
facet normal -3.871191536304901e-19 4.211528665834073e-13 -1.0
  outer loop
    vertex 761.5393054690913 -2648.3592213006327 9.99999999991186
    vertex 791.9103646485563 -2641.016128970377 10.00000000001687
    vertex 762.0569435592903 -2648.427369648064 9.999999999911973
  endloop
endfacet
facet normal -3.871191536304901e-19 4.211528665834073e-13 -1.0
  outer loop
    vertex 762.0569435592903 -2648.427369648064 9.999999999911973
    vertex 791.9103646485563 -2641.016128970377 10.00000000001687
    vertex 762.539305469085 -2648.6271704930737 9.99999999991221
  endloop
endfacet
facet normal -3.871191536304901e-19 4.211528665834073e-13 -1.0
  outer loop
    vertex 762.539305469085 -2648.6271704930737 9.99999999991221
    vertex 791.9103646485563 -2641.016128970377 10.00000000001687
    vertex 762.9535190314646 -2648.94500773826 9.999999999912554
  endloop
endfacet
facet normal -3.871191536304901e-19 4.211528665834073e-13 -1.0
  outer loop
    vertex 762.9535190314646 -2648.94500773826 9.999999999912554
    vertex 791.9103646485563 -2641.016128970377 10.00000000001687
    vertex 763.2713562766602 -2649.3592213006327 9.999999999912971
  endloop
endfacet
facet normal -3.871191536304901e-19 4.211528665834073e-13 -1.0
  outer loop
    vertex 763.2713562766602 -2649.3592213006327 9.999999999912971
    vertex 791.9103646485563 -2641.016128970377 10.00000000001687
    vertex 763.4711571216693 -2649.841583210428 9.999999999913456
  endloop
endfacet
facet normal -3.871191536304901e-19 4.211528665834073e-13 -1.0
  outer loop
    vertex 763.4711571216693 -2649.841583210428 9.999999999913456
    vertex 791.9103646485563 -2641.016128970377 10.00000000001687
    vertex 763.5393054690912 -2650.3592213006327 9.999999999913953
  endloop
endfacet
facet normal -3.871191536304901e-19 4.211528665834073e-13 -1.0
  outer loop
    vertex 763.5393054690912 -2650.3592213006327 9.999999999913953
    vertex 791.9103646485563 -2641.016128970377 10.00000000001687
    vertex 785.2893054690849 -2658.3592213006423 9.999999999913761
  endloop
endfacet
facet normal -3.871191536304901e-19 4.211528665834073e-13 -1.0
  outer loop
    vertex 785.2893054690849 -2658.3592213006423 9.999999999913761
    vertex 791.9103646485563 -2641.016128970377 10.00000000001687
    vertex 785.2893054690849 -2667.300973965403 9.999999999913761
  endloop
endfacet
facet normal -3.871191536304901e-19 4.211528665834073e-13 -1.0
  outer loop
    vertex 785.2893054690849 -2667.300973965403 9.999999999913761
    vertex 791.9103646485563 -2641.016128970377 10.00000000001687
    vertex 792.2893054690848 -2667.300973965403 9.999999999913761
  endloop
endfacet
facet normal -3.871191536304901e-19 4.211528665834073e-13 -1.0
  outer loop
    vertex 792.2893054690848 -2667.300973965403 9.999999999913761
    vertex 791.9103646485563 -2641.016128970377 10.00000000001687
    vertex 794.5967958652255 -2644.2489608360484 10.000000000016144
  endloop
endfacet
facet normal -3.871191536304901e-19 4.211528665834073e-13 -1.0
  outer loop
    vertex 792.2893054690848 -2667.300973965403 9.999999999913761
    vertex 794.5967958652255 -2644.2489608360484 10.000000000016144
    vertex 792.2893054690848 -2676.3009739654035 9.999999999913761
  endloop
endfacet
facet normal -3.871191536304901e-19 4.211528665834073e-13 -1.0
  outer loop
    vertex 799.3530038808412 -2651.490209541123 10.000000000014886
    vertex 795.5332302913141 -2705.3572400336016 9.99999999998434
    vertex 794.5967958652255 -2644.2489608360484 10.000000000016144
  endloop
endfacet
facet normal -3.871191536304901e-19 4.211528665834073e-13 -1.0
  outer loop
    vertex 795.5332302913141 -2705.3572400336016 9.99999999998434
    vertex 799.3530038808412 -2651.490209541123 10.000000000014886
    vertex 795.6013786387362 -2704.839601943397 9.999999999983821
  endloop
endfacet
facet normal -3.871191536304901e-19 4.211528665834073e-13 -1.0
  outer loop
    vertex 795.6013786387362 -2704.839601943397 9.999999999983821
    vertex 799.3530038808412 -2651.490209541123 10.000000000014886
    vertex 795.8011794837453 -2704.357240033602 9.999999999983121
  endloop
endfacet
facet normal -3.871191536304901e-19 4.211528665834073e-13 -1.0
  outer loop
    vertex 795.8011794837453 -2704.357240033602 9.999999999983121
    vertex 799.3530038808412 -2651.490209541123 10.000000000014886
    vertex 796.1190167289408 -2703.9430264712287 9.999999999982286
  endloop
endfacet
facet normal -3.871191536304901e-19 4.211528665834073e-13 -1.0
  outer loop
    vertex 796.1190167289408 -2703.9430264712287 9.999999999982286
    vertex 799.3530038808412 -2651.490209541123 10.000000000014886
    vertex 796.5332302913139 -2703.625189226033 9.999999999981373
  endloop
endfacet
facet normal -3.871191536304901e-19 4.211528665834073e-13 -1.0
  outer loop
    vertex 796.5332302913139 -2703.625189226033 9.999999999981373
    vertex 799.3530038808412 -2651.490209541123 10.000000000014886
    vertex 797.0155922011089 -2703.425388381024 9.999999999980442
  endloop
endfacet
facet normal -3.871191536304901e-19 4.211528665834073e-13 -1.0
  outer loop
    vertex 797.0155922011089 -2703.425388381024 9.999999999980442
    vertex 799.3530038808412 -2651.490209541123 10.000000000014886
    vertex 797.533230291314 -2703.357240033602 9.999999999979556
  endloop
endfacet
facet normal -3.871191536304901e-19 4.211528665834073e-13 -1.0
  outer loop
    vertex 797.533230291314 -2703.357240033602 9.999999999979556
    vertex 799.3530038808412 -2651.490209541123 10.000000000014886
    vertex 798.0508683814998 -2703.425388381029 9.99999999997879
  endloop
endfacet
facet normal -3.871191536304901e-19 4.211528665834073e-13 -1.0
  outer loop
    vertex 798.0508683814998 -2703.425388381029 9.99999999997879
    vertex 799.3530038808412 -2651.490209541123 10.000000000014886
    vertex 798.5332302913138 -2703.625189226033 9.999999999978169
  endloop
endfacet
facet normal -3.871191536304901e-19 4.211528665834073e-13 -1.0
  outer loop
    vertex 798.5332302913138 -2703.625189226033 9.999999999978169
    vertex 799.3530038808412 -2651.490209541123 10.000000000014886
    vertex 798.9474438536872 -2703.9430264712287 9.999999999977758
  endloop
endfacet
facet normal -3.871191536304901e-19 4.211528665834073e-13 -1.0
  outer loop
    vertex 798.9474438536872 -2703.9430264712287 9.999999999977758
    vertex 799.3530038808412 -2651.490209541123 10.000000000014886
    vertex 799.2652810988827 -2704.357240033602 9.999999999977577
  endloop
endfacet
facet normal -3.871191536304901e-19 4.211528665834073e-13 -1.0
  outer loop
    vertex 799.2652810988827 -2704.357240033602 9.999999999977577
    vertex 799.3530038808412 -2651.490209541123 10.000000000014886
    vertex 799.4650819438918 -2704.839601943397 9.99999999997764
  endloop
endfacet
facet normal -3.871191536304901e-19 4.211528665834073e-13 -1.0
  outer loop
    vertex 799.4650819438918 -2704.839601943397 9.99999999997764
    vertex 799.3530038808412 -2651.490209541123 10.000000000014886
    vertex 803.2685845800694 -2659.2184321883024 10.000000000013893
  endloop
endfacet
facet normal -3.871191536304901e-19 4.211528665834073e-13 -1.0
  outer loop
    vertex 799.4650819438918 -2704.839601943397 9.99999999997764
    vertex 803.2685845800694 -2659.2184321883024 10.000000000013893
    vertex 799.5332302913139 -2705.3572400336016 9.999999999977932
  endloop
endfacet
facet normal -3.871191536304901e-19 4.211528665834073e-13 -1.0
  outer loop
    vertex 792.2893054690848 -2676.3009739654035 9.999999999913761
    vertex 785.2893054690855 -2684.5009739654033 9.999999999913761
    vertex 785.2893054690855 -2676.300973965403 9.999999999913761
  endloop
endfacet
facet normal -3.871191536304901e-19 4.211528665834073e-13 -1.0
  outer loop
    vertex 785.2893054690855 -2684.5009739654033 9.999999999913761
    vertex 792.2893054690848 -2676.3009739654035 9.999999999913761
    vertex 789.1324453675436 -2707.260176766227 9.999999999983654
  endloop
endfacet
facet normal -3.871191536304901e-19 4.211528665834073e-13 -1.0
  outer loop
    vertex 789.1324453675436 -2707.260176766227 9.999999999983654
    vertex 792.2893054690848 -2676.3009739654035 9.999999999913761
    vertex 795.5332302913141 -2705.3572400336016 9.99999999998434
  endloop
endfacet
facet normal -3.871191536304901e-19 4.211528665834073e-13 -1.0
  outer loop
    vertex 789.1324453675436 -2707.260176766227 9.999999999983654
    vertex 795.5332302913141 -2705.3572400336016 9.99999999998434
    vertex 795.6013786387359 -2705.874878123807 9.999999999980178
  endloop
endfacet
facet normal -3.871191536304901e-19 4.211528665834073e-13 -1.0
  outer loop
    vertex 789.1324453675436 -2707.260176766227 9.999999999983654
    vertex 795.6013786387359 -2705.874878123807 9.999999999980178
    vertex 795.8011794837453 -2706.357240033602 9.999999999980318
  endloop
endfacet
facet normal -3.871191536304901e-19 4.211528665834073e-13 -1.0
  outer loop
    vertex 789.1324453675436 -2707.260176766227 9.999999999983654
    vertex 795.8011794837453 -2706.357240033602 9.999999999980318
    vertex 797.6087208904775 -2710.4097670935516 9.999999999997565
  endloop
endfacet
facet normal -3.871191536304901e-19 4.211528665834073e-13 -1.0
  outer loop
    vertex 795.5332302913141 -2705.3572400336016 9.99999999998434
    vertex 792.2893054690848 -2676.3009739654035 9.999999999913761
    vertex 794.5967958652255 -2644.2489608360484 10.000000000016144
  endloop
endfacet
facet normal -3.871191536304901e-19 4.211528665834073e-13 -1.0
  outer loop
    vertex 795.6013786387359 -2705.874878123807 9.999999999980178
    vertex 795.5332302913141 -2705.3572400336016 9.99999999998434
    vertex 795.5523440341443 -2705.5024233243134 9.99999999998888
  endloop
endfacet
facet normal -3.871191536304901e-19 4.211528665834073e-13 -1.0
  outer loop
    vertex 797.6087208904775 -2710.4097670935516 9.999999999997565
    vertex 795.8011794837453 -2706.357240033602 9.999999999980318
    vertex 796.119016728941 -2706.771453595975 9.999999999980515
  endloop
endfacet
facet normal -3.871191536304901e-19 4.211528665834073e-13 -1.0
  outer loop
    vertex 797.6087208904775 -2710.4097670935516 9.999999999997565
    vertex 796.119016728941 -2706.771453595975 9.999999999980515
    vertex 796.533230291314 -2707.0892908411706 9.999999999980759
  endloop
endfacet
facet normal -3.871191536304901e-19 4.211528665834073e-13 -1.0
  outer loop
    vertex 797.6087208904775 -2710.4097670935516 9.999999999997565
    vertex 796.533230291314 -2707.0892908411706 9.999999999980759
    vertex 797.0155922011089 -2707.2890916861797 9.999999999981023
  endloop
endfacet
facet normal -3.871191536304901e-19 4.211528665834073e-13 -1.0
  outer loop
    vertex 797.6087208904775 -2710.4097670935516 9.999999999997565
    vertex 797.0155922011089 -2707.2890916861797 9.999999999981023
    vertex 797.533230291314 -2707.357240033602 9.999999999981299
  endloop
endfacet
facet normal -3.871191536304901e-19 4.211528665834073e-13 -1.0
  outer loop
    vertex 797.6087208904775 -2710.4097670935516 9.999999999997565
    vertex 797.533230291314 -2707.357240033602 9.999999999981299
    vertex 797.9634638443605 -2707.300598711797 9.999999999987153
  endloop
endfacet
facet normal -3.871191536304901e-19 4.211528665834073e-13 -1.0
  outer loop
    vertex 797.6087208904775 -2710.4097670935516 9.999999999997565
    vertex 797.9634638443605 -2707.300598711797 9.999999999987153
    vertex 805.8097755157531 -2714.21894928976 10.000000000014388
  endloop
endfacet
facet normal -3.871191536304901e-19 4.211528665834073e-13 -1.0
  outer loop
    vertex 805.8097755157531 -2714.21894928976 10.000000000014388
    vertex 797.9634638443605 -2707.300598711797 9.999999999987153
    vertex 798.0508683815191 -2707.2890916861797 9.99999999998183
  endloop
endfacet
facet normal -3.871191536304901e-19 4.211528665834073e-13 -1.0
  outer loop
    vertex 805.8097755157531 -2714.21894928976 10.000000000014388
    vertex 798.0508683815191 -2707.2890916861797 9.99999999998183
    vertex 798.5332302912948 -2707.0892908411756 9.999999999980899
  endloop
endfacet
facet normal -3.871191536304901e-19 4.211528665834073e-13 -1.0
  outer loop
    vertex 805.8097755157531 -2714.21894928976 10.000000000014388
    vertex 798.5332302912948 -2707.0892908411756 9.999999999980899
    vertex 798.9474438536872 -2706.771453595975 9.999999999979986
  endloop
endfacet
facet normal -3.871191536304901e-19 4.211528665834073e-13 -1.0
  outer loop
    vertex 805.8097755157531 -2714.21894928976 10.000000000014388
    vertex 798.9474438536872 -2706.771453595975 9.999999999979986
    vertex 799.2652810988827 -2706.357240033602 9.999999999979151
  endloop
endfacet
facet normal -3.871191536304901e-19 4.211528665834073e-13 -1.0
  outer loop
    vertex 805.8097755157531 -2714.21894928976 10.000000000014388
    vertex 799.2652810988827 -2706.357240033602 9.999999999979151
    vertex 799.4650819438918 -2705.874878123807 9.999999999978451
  endloop
endfacet
facet normal -3.871191536304901e-19 4.211528665834073e-13 -1.0
  outer loop
    vertex 805.8097755157531 -2714.21894928976 10.000000000014388
    vertex 799.4650819438918 -2705.874878123807 9.999999999978451
    vertex 799.5332302913139 -2705.3572400336016 9.999999999977932
  endloop
endfacet
facet normal -3.871191536304901e-19 4.211528665834073e-13 -1.0
  outer loop
    vertex 805.8097755157531 -2714.21894928976 10.000000000014388
    vertex 799.5332302913139 -2705.3572400336016 9.999999999977932
    vertex 803.2685845800694 -2659.2184321883024 10.000000000013893
  endloop
endfacet
facet normal -3.871191536304901e-19 4.211528665834073e-13 -1.0
  outer loop
    vertex 805.8097755157531 -2714.21894928976 10.000000000014388
    vertex 803.2685845800694 -2659.2184321883024 10.000000000013893
    vertex 806.2943019537678 -2667.336451150528 10.000000000013177
  endloop
endfacet
facet normal -3.871191536304901e-19 4.211528665834073e-13 -1.0
  outer loop
    vertex 805.8097755157531 -2714.21894928976 10.000000000014388
    vertex 806.2943019537678 -2667.336451150528 10.000000000013177
    vertex 807.1575938585681 -2710.1021926672593 10.000000000013893
  endloop
endfacet
facet normal -3.871191536304901e-19 4.211528665834073e-13 -1.0
  outer loop
    vertex 807.1575938585681 -2710.1021926672593 10.000000000013893
    vertex 806.2943019537678 -2667.336451150528 10.000000000013177
    vertex 808.3921094745585 -2675.7421873528037 10.000000000012742
  endloop
endfacet
facet normal -3.871191536304901e-19 4.211528665834073e-13 -1.0
  outer loop
    vertex 807.1575938585681 -2710.1021926672593 10.000000000013893
    vertex 808.3921094745585 -2675.7421873528037 10.000000000012742
    vertex 808.9144653287324 -2701.618643873631 10.000000000013177
  endloop
endfacet
facet normal -3.871191536304901e-19 4.211528665834073e-13 -1.0
  outer loop
    vertex 808.9144653287324 -2701.618643873631 10.000000000013177
    vertex 808.3921094745585 -2675.7421873528037 10.000000000012742
    vertex 809.5356285084133 -2684.3299438535296 10.000000000012596
  endloop
endfacet
facet normal -3.871191536304901e-19 4.211528665834073e-13 -1.0
  outer loop
    vertex 808.9144653287324 -2701.618643873631 10.000000000013177
    vertex 809.5356285084133 -2684.3299438535296 10.000000000012596
    vertex 809.7104800096865 -2692.9917349182606 10.000000000012742
  endloop
endfacet
facet normal -3.871191536304901e-19 4.211528665834073e-13 -1.0
  outer loop
    vertex 697.5702963247774 -2684.3299438535296 10.000000000012596
    vertex 698.1914595044585 -2701.618643873631 10.000000000013177
    vertex 697.3954448235048 -2692.9917349182606 10.000000000012742
  endloop
endfacet
facet normal -3.871191536304901e-19 4.211528665834073e-13 -1.0
  outer loop
    vertex 698.1914595044585 -2701.618643873631 10.000000000013177
    vertex 697.5702963247774 -2684.3299438535296 10.000000000012596
    vertex 698.7138153586321 -2675.7421873528037 10.000000000012742
  endloop
endfacet
facet normal -3.871191536304901e-19 4.211528665834073e-13 -1.0
  outer loop
    vertex 698.1914595044585 -2701.618643873631 10.000000000013177
    vertex 698.7138153586321 -2675.7421873528037 10.000000000012742
    vertex 699.9483309746216 -2710.1021926672593 10.000000000013893
  endloop
endfacet
facet normal -3.871191536304901e-19 4.211528665834073e-13 -1.0
  outer loop
    vertex 699.9483309746216 -2710.1021926672593 10.000000000013893
    vertex 698.7138153586321 -2675.7421873528037 10.000000000012742
    vertex 700.8116228794227 -2667.336451150528 10.000000000013177
  endloop
endfacet
facet normal -3.871191536304901e-19 4.211528665834073e-13 -1.0
  outer loop
    vertex 699.9483309746216 -2710.1021926672593 10.000000000013893
    vertex 700.8116228794227 -2667.336451150528 10.000000000013177
    vertex 701.2961493174386 -2714.218949289765 10.000000000014388
  endloop
endfacet
facet normal -3.871191536304901e-19 4.211528665834073e-13 -1.0
  outer loop
    vertex 701.2961493174386 -2714.218949289765 10.000000000014388
    vertex 700.8116228794227 -2667.336451150528 10.000000000013177
    vertex 703.8373402531217 -2659.2184321883024 10.000000000013893
  endloop
endfacet
facet normal -3.871191536304901e-19 4.211528665834073e-13 -1.0
  outer loop
    vertex 701.2961493174386 -2714.218949289765 10.000000000014388
    vertex 703.8373402531217 -2659.2184321883024 10.000000000013893
    vertex 707.5726945418756 -2705.3572400336016 9.999999999977932
  endloop
endfacet
facet normal -3.871191536304901e-19 4.211528665834073e-13 -1.0
  outer loop
    vertex 701.2961493174386 -2714.218949289765 10.000000000014388
    vertex 707.5726945418756 -2705.3572400336016 9.999999999977932
    vertex 707.6408428892977 -2705.874878123807 9.999999999978451
  endloop
endfacet
facet normal -3.871191536304901e-19 4.211528665834073e-13 -1.0
  outer loop
    vertex 701.2961493174386 -2714.218949289765 10.000000000014388
    vertex 707.6408428892977 -2705.874878123807 9.999999999978451
    vertex 709.4972039427138 -2710.4097670935557 9.999999999997565
  endloop
endfacet
facet normal -3.871191536304901e-19 4.211528665834073e-13 -1.0
  outer loop
    vertex 709.4972039427138 -2710.4097670935557 9.999999999997565
    vertex 707.6408428892977 -2705.874878123807 9.999999999978451
    vertex 707.8406437343083 -2706.357240033602 9.999999999979151
  endloop
endfacet
facet normal -3.871191536304901e-19 4.211528665834073e-13 -1.0
  outer loop
    vertex 709.4972039427138 -2710.4097670935557 9.999999999997565
    vertex 707.8406437343083 -2706.357240033602 9.999999999979151
    vertex 708.1584809795031 -2706.771453595975 9.999999999979986
  endloop
endfacet
facet normal -3.871191536304901e-19 4.211528665834073e-13 -1.0
  outer loop
    vertex 709.4972039427138 -2710.4097670935557 9.999999999997565
    vertex 708.1584809795031 -2706.771453595975 9.999999999979986
    vertex 708.5726945418957 -2707.0892908411756 9.999999999980899
  endloop
endfacet
facet normal -3.871191536304901e-19 4.211528665834073e-13 -1.0
  outer loop
    vertex 709.4972039427138 -2710.4097670935557 9.999999999997565
    vertex 708.5726945418957 -2707.0892908411756 9.999999999980899
    vertex 709.0550564516711 -2707.2890916861797 9.99999999998183
  endloop
endfacet
facet normal -3.871191536304901e-19 4.211528665834073e-13 -1.0
  outer loop
    vertex 709.4972039427138 -2710.4097670935557 9.999999999997565
    vertex 709.0550564516711 -2707.2890916861797 9.99999999998183
    vertex 709.1424609888302 -2707.300598711797 9.999999999987153
  endloop
endfacet
facet normal -3.871191536304901e-19 4.211528665834073e-13 -1.0
  outer loop
    vertex 709.4972039427138 -2710.4097670935557 9.999999999997565
    vertex 709.1424609888302 -2707.300598711797 9.999999999987153
    vertex 709.5726945418768 -2707.357240033602 9.999999999981299
  endloop
endfacet
facet normal -3.871191536304901e-19 4.211528665834073e-13 -1.0
  outer loop
    vertex 709.4972039427138 -2710.4097670935557 9.999999999997565
    vertex 709.5726945418768 -2707.357240033602 9.999999999981299
    vertex 717.9734794656475 -2707.26017676623 9.999999999983654
  endloop
endfacet
facet normal -3.871191536304901e-19 4.211528665834073e-13 -1.0
  outer loop
    vertex 717.9734794656475 -2707.26017676623 9.999999999983654
    vertex 709.5726945418768 -2707.357240033602 9.999999999981299
    vertex 710.0903326320813 -2707.2890916861797 9.999999999981023
  endloop
endfacet
facet normal -3.871191536304901e-19 4.211528665834073e-13 -1.0
  outer loop
    vertex 717.9734794656475 -2707.26017676623 9.999999999983654
    vertex 710.0903326320813 -2707.2890916861797 9.999999999981023
    vertex 710.5726945418759 -2707.0892908411706 9.999999999980759
  endloop
endfacet
facet normal -3.871191536304901e-19 4.211528665834073e-13 -1.0
  outer loop
    vertex 717.9734794656475 -2707.26017676623 9.999999999983654
    vertex 710.5726945418759 -2707.0892908411706 9.999999999980759
    vertex 710.9869081042499 -2706.771453595975 9.999999999980515
  endloop
endfacet
facet normal -3.871191536304901e-19 4.211528665834073e-13 -1.0
  outer loop
    vertex 717.9734794656475 -2707.26017676623 9.999999999983654
    vertex 710.9869081042499 -2706.771453595975 9.999999999980515
    vertex 711.3047453494447 -2706.357240033602 9.999999999980318
  endloop
endfacet
facet normal -3.871191536304901e-19 4.211528665834073e-13 -1.0
  outer loop
    vertex 717.9734794656475 -2707.26017676623 9.999999999983654
    vertex 711.3047453494447 -2706.357240033602 9.999999999980318
    vertex 711.5045461944544 -2705.874878123807 9.999999999980178
  endloop
endfacet
facet normal -3.871191536304901e-19 4.211528665834073e-13 -1.0
  outer loop
    vertex 717.9734794656475 -2707.26017676623 9.999999999983654
    vertex 711.5045461944544 -2705.874878123807 9.999999999980178
    vertex 711.5535807990456 -2705.5024233243134 9.99999999998888
  endloop
endfacet
facet normal -3.871191536304901e-19 4.211528665834073e-13 -1.0
  outer loop
    vertex 717.9734794656475 -2707.26017676623 9.999999999983654
    vertex 711.5535807990456 -2705.5024233243134 9.99999999998888
    vertex 711.5726945418764 -2705.3572400336016 9.99999999998434
  endloop
endfacet
facet normal -3.871191536304901e-19 4.211528665834073e-13 -1.0
  outer loop
    vertex 717.9734794656475 -2707.26017676623 9.999999999983654
    vertex 711.5726945418764 -2705.3572400336016 9.99999999998434
    vertex 714.8166193641065 -2676.3009739654035 9.999999999913761
  endloop
endfacet
facet normal -3.871191536304901e-19 4.211528665834073e-13 -1.0
  outer loop
    vertex 714.8166193641065 -2676.3009739654035 9.999999999913761
    vertex 711.5726945418764 -2705.3572400336016 9.99999999998434
    vertex 712.5091289679657 -2644.2489608360484 10.000000000016144
  endloop
endfacet
facet normal -3.871191536304901e-19 4.211528665834073e-13 -1.0
  outer loop
    vertex 714.8166193641065 -2676.3009739654035 9.999999999913761
    vertex 712.5091289679657 -2644.2489608360484 10.000000000016144
    vertex 714.8166193641065 -2667.300973965403 9.999999999913761
  endloop
endfacet
facet normal -3.871191536304901e-19 4.211528665834073e-13 -1.0
  outer loop
    vertex 717.9734794656475 -2707.26017676623 9.999999999983654
    vertex 714.8166193641065 -2676.3009739654035 9.999999999913761
    vertex 721.816619364104 -2676.300973965403 9.999999999913761
  endloop
endfacet
facet normal -3.871191536304901e-19 4.211528665834073e-13 -1.0
  outer loop
    vertex 717.9734794656475 -2707.26017676623 9.999999999983654
    vertex 721.816619364104 -2676.300973965403 9.999999999913761
    vertex 721.816619364104 -2684.5009739654033 9.999999999913761
  endloop
endfacet
facet normal -3.871191536304901e-19 4.211528665834073e-13 -1.0
  outer loop
    vertex 717.9734794656475 -2707.26017676623 9.999999999983654
    vertex 721.816619364104 -2684.5009739654033 9.999999999913761
    vertex 726.6720237129248 -2704.7898541255963 9.999999999972744
  endloop
endfacet
facet normal -3.871191536304901e-19 4.211528665834073e-13 -1.0
  outer loop
    vertex 726.6720237129248 -2704.7898541255963 9.999999999972744
    vertex 721.816619364104 -2684.5009739654033 9.999999999913761
    vertex 740.6580403932176 -2686.586760403031 9.999999999930049
  endloop
endfacet
facet normal -3.871191536304901e-19 4.211528665834073e-13 -1.0
  outer loop
    vertex 740.6580403932176 -2686.586760403031 9.999999999930049
    vertex 721.816619364104 -2684.5009739654033 9.999999999913761
    vertex 741.0722539555916 -2686.2689231578356 9.999999999929898
  endloop
endfacet
facet normal -3.871191536304901e-19 4.211528665834073e-13 -1.0
  outer loop
    vertex 741.0722539555916 -2686.2689231578356 9.999999999929898
    vertex 721.816619364104 -2684.5009739654033 9.999999999913761
    vertex 741.5546158653862 -2686.0691223128265 9.99999999992979
  endloop
endfacet
facet normal -3.871191536304901e-19 4.211528665834073e-13 -1.0
  outer loop
    vertex 741.5546158653862 -2686.0691223128265 9.99999999992979
    vertex 721.816619364104 -2684.5009739654033 9.999999999913761
    vertex 742.0722539555916 -2686.0009739654042 9.999999999929733
  endloop
endfacet
facet normal -3.871191536304901e-19 4.211528665834073e-13 -1.0
  outer loop
    vertex 742.0722539555916 -2686.0009739654042 9.999999999929733
    vertex 721.816619364104 -2684.5009739654033 9.999999999913761
    vertex 785.2893054690855 -2684.5009739654033 9.999999999913761
  endloop
endfacet
facet normal -3.871191536304901e-19 4.211528665834073e-13 -1.0
  outer loop
    vertex 726.6720237129248 -2704.7898541255963 9.999999999972744
    vertex 740.6580403932176 -2686.586760403031 9.999999999930049
    vertex 740.3402031480217 -2687.0009739654042 9.999999999930235
  endloop
endfacet
facet normal -3.871191536304901e-19 4.211528665834073e-13 -1.0
  outer loop
    vertex 726.6720237129248 -2704.7898541255963 9.999999999972744
    vertex 740.3402031480217 -2687.0009739654042 9.999999999930235
    vertex 740.140402303013 -2687.4833358751994 9.99999999993045
  endloop
endfacet
facet normal -3.871191536304901e-19 4.211528665834073e-13 -1.0
  outer loop
    vertex 726.6720237129248 -2704.7898541255963 9.999999999972744
    vertex 740.140402303013 -2687.4833358751994 9.99999999993045
    vertex 735.538495975431 -2703.014231533694 9.999999999964903
  endloop
endfacet
facet normal -3.871191536304901e-19 4.211528665834073e-13 -1.0
  outer loop
    vertex 735.538495975431 -2703.014231533694 9.999999999964903
    vertex 740.140402303013 -2687.4833358751994 9.99999999993045
    vertex 740.072253955591 -2688.0009739654042 9.99999999993067
  endloop
endfacet
facet normal -3.871191536304901e-19 4.211528665834073e-13 -1.0
  outer loop
    vertex 742.0722539555916 -2686.0009739654042 9.999999999929733
    vertex 785.2893054690855 -2684.5009739654033 9.999999999913761
    vertex 742.5898920457962 -2686.0691223128265 9.99999999992974
  endloop
endfacet
facet normal -3.871191536304901e-19 4.211528665834073e-13 -1.0
  outer loop
    vertex 742.5898920457962 -2686.0691223128265 9.99999999992974
    vertex 785.2893054690855 -2684.5009739654033 9.999999999913761
    vertex 743.0722539555919 -2686.2689231578356 9.999999999929802
  endloop
endfacet
facet normal -3.871191536304901e-19 4.211528665834073e-13 -1.0
  outer loop
    vertex 743.0722539555919 -2686.2689231578356 9.999999999929802
    vertex 785.2893054690855 -2684.5009739654033 9.999999999913761
    vertex 743.4864675179633 -2686.586760403031 9.999999999929914
  endloop
endfacet
facet normal -3.871191536304901e-19 4.211528665834073e-13 -1.0
  outer loop
    vertex 743.4864675179633 -2686.586760403031 9.999999999929914
    vertex 785.2893054690855 -2684.5009739654033 9.999999999913761
    vertex 743.8043047631606 -2687.0009739654042 9.999999999930077
  endloop
endfacet
facet normal -3.871191536304901e-19 4.211528665834073e-13 -1.0
  outer loop
    vertex 743.8043047631606 -2687.0009739654042 9.999999999930077
    vertex 785.2893054690855 -2684.5009739654033 9.999999999913761
    vertex 744.0041056081685 -2687.4833358751994 9.99999999993027
  endloop
endfacet
facet normal -3.871191536304901e-19 4.211528665834073e-13 -1.0
  outer loop
    vertex 744.0041056081685 -2687.4833358751994 9.99999999993027
    vertex 785.2893054690855 -2684.5009739654033 9.999999999913761
    vertex 765.0336708775993 -2686.0009739654042 9.999999999929733
  endloop
endfacet
facet normal -3.871191536304901e-19 4.211528665834073e-13 -1.0
  outer loop
    vertex 744.0041056081685 -2687.4833358751994 9.99999999993027
    vertex 765.0336708775993 -2686.0009739654042 9.999999999929733
    vertex 744.0722539555906 -2688.0009739654042 9.999999999930484
  endloop
endfacet
facet normal -3.871191536304901e-19 4.211528665834073e-13 -1.0
  outer loop
    vertex 744.0722539555906 -2688.0009739654042 9.999999999930484
    vertex 765.0336708775993 -2686.0009739654042 9.999999999929733
    vertex 764.5160327873942 -2686.0691223128265 9.99999999992974
  endloop
endfacet
facet normal -3.871191536304901e-19 4.211528665834073e-13 -1.0
  outer loop
    vertex 744.0722539555906 -2688.0009739654042 9.999999999930484
    vertex 764.5160327873942 -2686.0691223128265 9.99999999992974
    vertex 764.0336708775992 -2686.2689231578356 9.999999999929802
  endloop
endfacet
facet normal -3.871191536304901e-19 4.211528665834073e-13 -1.0
  outer loop
    vertex 744.0722539555906 -2688.0009739654042 9.999999999930484
    vertex 764.0336708775992 -2686.2689231578356 9.999999999929802
    vertex 763.6194573152261 -2686.586760403031 9.999999999929914
  endloop
endfacet
facet normal -3.871191536304901e-19 4.211528665834073e-13 -1.0
  outer loop
    vertex 744.0722539555906 -2688.0009739654042 9.999999999930484
    vertex 763.6194573152261 -2686.586760403031 9.999999999929914
    vertex 744.5175064803037 -2701.944401489223 9.999999999960176
  endloop
endfacet
facet normal -3.871191536304901e-19 4.211528665834073e-13 -1.0
  outer loop
    vertex 744.5175064803037 -2701.944401489223 9.999999999960176
    vertex 763.6194573152261 -2686.586760403031 9.999999999929914
    vertex 763.3016200700306 -2687.0009739654042 9.999999999930077
  endloop
endfacet
facet normal -3.871191536304901e-19 4.211528665834073e-13 -1.0
  outer loop
    vertex 744.5175064803037 -2701.944401489223 9.999999999960176
    vertex 763.3016200700306 -2687.0009739654042 9.999999999930077
    vertex 753.5529624166214 -2701.5870473315563 9.999999999958598
  endloop
endfacet
facet normal -3.871191536304901e-19 4.211528665834073e-13 -1.0
  outer loop
    vertex 753.5529624166214 -2701.5870473315563 9.999999999958598
    vertex 763.3016200700306 -2687.0009739654042 9.999999999930077
    vertex 763.1018192250215 -2687.4833358751994 9.99999999993027
  endloop
endfacet
facet normal -3.871191536304901e-19 4.211528665834073e-13 -1.0
  outer loop
    vertex 753.5529624166214 -2701.5870473315563 9.999999999958598
    vertex 763.1018192250215 -2687.4833358751994 9.99999999993027
    vertex 763.0336708775994 -2688.0009739654042 9.999999999930484
  endloop
endfacet
facet normal -3.871191536304901e-19 4.211528665834073e-13 -1.0
  outer loop
    vertex 753.5529624166214 -2701.5870473315563 9.999999999958598
    vertex 763.0336708775994 -2688.0009739654042 9.999999999930484
    vertex 762.5884183528868 -2701.944401489222 9.999999999960176
  endloop
endfacet
facet normal -3.871191536304901e-19 4.211528665834073e-13 -1.0
  outer loop
    vertex 765.0336708775993 -2686.0009739654042 9.999999999929733
    vertex 785.2893054690855 -2684.5009739654033 9.999999999913761
    vertex 765.5513089678044 -2686.0691223128265 9.99999999992979
  endloop
endfacet
facet normal -3.871191536304901e-19 4.211528665834073e-13 -1.0
  outer loop
    vertex 765.5513089678044 -2686.0691223128265 9.99999999992979
    vertex 785.2893054690855 -2684.5009739654033 9.999999999913761
    vertex 766.0336708775991 -2686.2689231578356 9.999999999929898
  endloop
endfacet
facet normal -3.871191536304901e-19 4.211528665834073e-13 -1.0
  outer loop
    vertex 766.0336708775991 -2686.2689231578356 9.999999999929898
    vertex 785.2893054690855 -2684.5009739654033 9.999999999913761
    vertex 766.4478844399725 -2686.586760403031 9.999999999930049
  endloop
endfacet
facet normal -3.871191536304901e-19 4.211528665834073e-13 -1.0
  outer loop
    vertex 766.4478844399725 -2686.586760403031 9.999999999930049
    vertex 785.2893054690855 -2684.5009739654033 9.999999999913761
    vertex 766.765721685168 -2687.0009739654042 9.999999999930235
  endloop
endfacet
facet normal -3.871191536304901e-19 4.211528665834073e-13 -1.0
  outer loop
    vertex 766.765721685168 -2687.0009739654042 9.999999999930235
    vertex 785.2893054690855 -2684.5009739654033 9.999999999913761
    vertex 766.9655225301772 -2687.4833358751994 9.99999999993045
  endloop
endfacet
facet normal -3.871191536304901e-19 4.211528665834073e-13 -1.0
  outer loop
    vertex 766.9655225301772 -2687.4833358751994 9.99999999993045
    vertex 785.2893054690855 -2684.5009739654033 9.999999999913761
    vertex 767.0336708775992 -2688.0009739654042 9.99999999993067
  endloop
endfacet
facet normal -3.871191536304901e-19 4.211528665834073e-13 -1.0
  outer loop
    vertex 767.0336708775992 -2688.0009739654042 9.99999999993067
    vertex 785.2893054690855 -2684.5009739654033 9.999999999913761
    vertex 771.5674288577598 -2703.014231533692 9.999999999964901
  endloop
endfacet
facet normal -3.871191536304901e-19 4.211528665834073e-13 -1.0
  outer loop
    vertex 771.5674288577598 -2703.014231533692 9.999999999964901
    vertex 785.2893054690855 -2684.5009739654033 9.999999999913761
    vertex 780.433901120266 -2704.789854125594 9.999999999972744
  endloop
endfacet
facet normal -3.871191536304901e-19 4.211528665834073e-13 -1.0
  outer loop
    vertex 780.433901120266 -2704.789854125594 9.999999999972744
    vertex 785.2893054690855 -2684.5009739654033 9.999999999913761
    vertex 789.1324453675436 -2707.260176766227 9.999999999983654
  endloop
endfacet
facet normal -3.871191536304901e-19 4.211528665834073e-13 -1.0
  outer loop
    vertex 762.5884183528868 -2701.944401489222 9.999999999960176
    vertex 763.3016200700306 -2689.0009739654042 9.999999999930917
    vertex 771.5674288577598 -2703.014231533692 9.999999999964901
  endloop
endfacet
facet normal -3.871191536304901e-19 4.211528665834073e-13 -1.0
  outer loop
    vertex 763.3016200700306 -2689.0009739654042 9.999999999930917
    vertex 762.5884183528868 -2701.944401489222 9.999999999960176
    vertex 763.1018192250215 -2688.5186120556095 9.999999999930704
  endloop
endfacet
facet normal -3.871191536304901e-19 4.211528665834073e-13 -1.0
  outer loop
    vertex 763.1018192250215 -2688.5186120556095 9.999999999930704
    vertex 762.5884183528868 -2701.944401489222 9.999999999960176
    vertex 763.0336708775994 -2688.0009739654042 9.999999999930484
  endloop
endfacet
facet normal -3.871191536304901e-19 4.211528665834073e-13 -1.0
  outer loop
    vertex 771.5674288577598 -2703.014231533692 9.999999999964901
    vertex 763.3016200700306 -2689.0009739654042 9.999999999930917
    vertex 763.6194573152261 -2689.4151875277776 9.999999999931104
  endloop
endfacet
facet normal -3.871191536304901e-19 4.211528665834073e-13 -1.0
  outer loop
    vertex 771.5674288577598 -2703.014231533692 9.999999999964901
    vertex 763.6194573152261 -2689.4151875277776 9.999999999931104
    vertex 764.0336708775995 -2689.733024772973 9.999999999931257
  endloop
endfacet
facet normal -3.871191536304901e-19 4.211528665834073e-13 -1.0
  outer loop
    vertex 771.5674288577598 -2703.014231533692 9.999999999964901
    vertex 764.0336708775995 -2689.733024772973 9.999999999931257
    vertex 764.5160327873942 -2689.932825617982 9.999999999931363
  endloop
endfacet
facet normal -3.871191536304901e-19 4.211528665834073e-13 -1.0
  outer loop
    vertex 771.5674288577598 -2703.014231533692 9.999999999964901
    vertex 764.5160327873942 -2689.932825617982 9.999999999931363
    vertex 765.0336708775993 -2690.0009739654042 9.999999999931415
  endloop
endfacet
facet normal -3.871191536304901e-19 4.211528665834073e-13 -1.0
  outer loop
    vertex 771.5674288577598 -2703.014231533692 9.999999999964901
    vertex 765.0336708775993 -2690.0009739654042 9.999999999931415
    vertex 765.5513089677979 -2689.9328256179865 9.999999999931415
  endloop
endfacet
facet normal -3.871191536304901e-19 4.211528665834073e-13 -1.0
  outer loop
    vertex 771.5674288577598 -2703.014231533692 9.999999999964901
    vertex 765.5513089677979 -2689.9328256179865 9.999999999931415
    vertex 766.0336708775994 -2689.733024772973 9.999999999931353
  endloop
endfacet
facet normal -3.871191536304901e-19 4.211528665834073e-13 -1.0
  outer loop
    vertex 771.5674288577598 -2703.014231533692 9.999999999964901
    vertex 766.0336708775994 -2689.733024772973 9.999999999931353
    vertex 766.4478844399725 -2689.4151875277776 9.999999999931234
  endloop
endfacet
facet normal -3.871191536304901e-19 4.211528665834073e-13 -1.0
  outer loop
    vertex 771.5674288577598 -2703.014231533692 9.999999999964901
    vertex 766.4478844399725 -2689.4151875277776 9.999999999931234
    vertex 766.765721685168 -2689.0009739654042 9.999999999931076
  endloop
endfacet
facet normal -3.871191536304901e-19 4.211528665834073e-13 -1.0
  outer loop
    vertex 771.5674288577598 -2703.014231533692 9.999999999964901
    vertex 766.765721685168 -2689.0009739654042 9.999999999931076
    vertex 766.9655225301772 -2688.5186120556095 9.999999999930884
  endloop
endfacet
facet normal -3.871191536304901e-19 4.211528665834073e-13 -1.0
  outer loop
    vertex 771.5674288577598 -2703.014231533692 9.999999999964901
    vertex 766.9655225301772 -2688.5186120556095 9.999999999930884
    vertex 767.0336708775992 -2688.0009739654042 9.99999999993067
  endloop
endfacet
facet normal -3.871191536304901e-19 4.211528665834073e-13 -1.0
  outer loop
    vertex 721.8166193641052 -2658.3592213006423 9.999999999913761
    vertex 745.0489812738937 -2652.291072953211 9.999999999915644
    vertex 785.2893054690849 -2658.3592213006423 9.999999999913761
  endloop
endfacet
facet normal -3.871191536304901e-19 4.211528665834073e-13 -1.0
  outer loop
    vertex 745.0489812738937 -2652.291072953211 9.999999999915644
    vertex 721.8166193641052 -2658.3592213006423 9.999999999913761
    vertex 744.5666193640984 -2652.091272108202 9.999999999915499
  endloop
endfacet
facet normal -3.871191536304901e-19 4.211528665834073e-13 -1.0
  outer loop
    vertex 744.5666193640984 -2652.091272108202 9.999999999915499
    vertex 721.8166193641052 -2658.3592213006423 9.999999999913761
    vertex 744.1524058017261 -2651.7734348630056 9.99999999991524
  endloop
endfacet
facet normal -3.871191536304901e-19 4.211528665834073e-13 -1.0
  outer loop
    vertex 744.1524058017261 -2651.7734348630056 9.99999999991524
    vertex 721.8166193641052 -2658.3592213006423 9.999999999913761
    vertex 743.8345685565297 -2651.3592213006327 9.999999999914879
  endloop
endfacet
facet normal -3.871191536304901e-19 4.211528665834073e-13 -1.0
  outer loop
    vertex 743.8345685565297 -2651.3592213006327 9.999999999914879
    vertex 721.8166193641052 -2658.3592213006423 9.999999999913761
    vertex 743.6347677115218 -2650.8768593908376 9.999999999914438
  endloop
endfacet
facet normal -3.871191536304901e-19 4.211528665834073e-13 -1.0
  outer loop
    vertex 743.6347677115218 -2650.8768593908376 9.999999999914438
    vertex 721.8166193641052 -2658.3592213006423 9.999999999913761
    vertex 743.5666193640999 -2650.3592213006327 9.999999999913953
  endloop
endfacet
facet normal -3.871191536304901e-19 4.211528665834073e-13 -1.0
  outer loop
    vertex 785.2893054690849 -2658.3592213006423 9.999999999913761
    vertex 745.0489812738937 -2652.291072953211 9.999999999915644
    vertex 745.5666193641058 -2652.3592213006423 9.999999999915657
  endloop
endfacet
facet normal -3.871191536304901e-19 4.211528665834073e-13 -1.0
  outer loop
    vertex 785.2893054690849 -2658.3592213006423 9.999999999913761
    vertex 745.5666193641058 -2652.3592213006423 9.999999999915657
    vertex 746.0842574543038 -2652.291072953211 9.999999999915543
  endloop
endfacet
facet normal -3.871191536304901e-19 4.211528665834073e-13 -1.0
  outer loop
    vertex 785.2893054690849 -2658.3592213006423 9.999999999913761
    vertex 746.0842574543038 -2652.291072953211 9.999999999915543
    vertex 746.5666193640989 -2652.091272108202 9.999999999915307
  endloop
endfacet
facet normal -3.871191536304901e-19 4.211528665834073e-13 -1.0
  outer loop
    vertex 785.2893054690849 -2658.3592213006423 9.999999999913761
    vertex 746.5666193640989 -2652.091272108202 9.999999999915307
    vertex 746.9808329264729 -2651.7734348630056 9.999999999914968
  endloop
endfacet
facet normal -3.871191536304901e-19 4.211528665834073e-13 -1.0
  outer loop
    vertex 785.2893054690849 -2658.3592213006423 9.999999999913761
    vertex 746.9808329264729 -2651.7734348630056 9.999999999914968
    vertex 747.2986701716684 -2651.3592213006327 9.99999999991454
  endloop
endfacet
facet normal -3.871191536304901e-19 4.211528665834073e-13 -1.0
  outer loop
    vertex 785.2893054690849 -2658.3592213006423 9.999999999913761
    vertex 747.2986701716684 -2651.3592213006327 9.99999999991454
    vertex 747.4984710166776 -2650.8768593908376 9.999999999914065
  endloop
endfacet
facet normal -3.871191536304901e-19 4.211528665834073e-13 -1.0
  outer loop
    vertex 785.2893054690849 -2658.3592213006423 9.999999999913761
    vertex 747.4984710166776 -2650.8768593908376 9.999999999914065
    vertex 747.5666193641058 -2650.3592213006423 9.99999999991357
  endloop
endfacet
facet normal -3.871191536304901e-19 4.211528665834073e-13 -1.0
  outer loop
    vertex 785.2893054690849 -2658.3592213006423 9.999999999913761
    vertex 747.5666193641058 -2650.3592213006423 9.99999999991357
    vertex 761.0216673788863 -2652.291072953211 9.999999999915543
  endloop
endfacet
facet normal -3.871191536304901e-19 4.211528665834073e-13 -1.0
  outer loop
    vertex 761.0216673788863 -2652.291072953211 9.999999999915543
    vertex 747.5666193641058 -2650.3592213006423 9.99999999991357
    vertex 760.5393054690916 -2652.091272108202 9.999999999915307
  endloop
endfacet
facet normal -3.871191536304901e-19 4.211528665834073e-13 -1.0
  outer loop
    vertex 760.5393054690916 -2652.091272108202 9.999999999915307
    vertex 747.5666193641058 -2650.3592213006423 9.99999999991357
    vertex 760.1250919067181 -2651.7734348630056 9.999999999914968
  endloop
endfacet
facet normal -3.871191536304901e-19 4.211528665834073e-13 -1.0
  outer loop
    vertex 760.1250919067181 -2651.7734348630056 9.999999999914968
    vertex 747.5666193641058 -2650.3592213006423 9.99999999991357
    vertex 759.8072546615226 -2651.3592213006327 9.99999999991454
  endloop
endfacet
facet normal -3.871191536304901e-19 4.211528665834073e-13 -1.0
  outer loop
    vertex 759.8072546615226 -2651.3592213006327 9.99999999991454
    vertex 747.5666193641058 -2650.3592213006423 9.99999999991357
    vertex 759.6074538165135 -2650.8768593908376 9.999999999914065
  endloop
endfacet
facet normal -3.871191536304901e-19 4.211528665834073e-13 -1.0
  outer loop
    vertex 759.6074538165135 -2650.8768593908376 9.999999999914065
    vertex 747.5666193641058 -2650.3592213006423 9.99999999991357
    vertex 759.5393054690853 -2650.3592213006423 9.99999999991357
  endloop
endfacet
facet normal -3.871191536304901e-19 4.211528665834073e-13 -1.0
  outer loop
    vertex 785.2893054690849 -2658.3592213006423 9.999999999913761
    vertex 761.0216673788863 -2652.291072953211 9.999999999915543
    vertex 761.5393054690852 -2652.3592213006423 9.999999999915657
  endloop
endfacet
facet normal -3.871191536304901e-19 4.211528665834073e-13 -1.0
  outer loop
    vertex 785.2893054690849 -2658.3592213006423 9.999999999913761
    vertex 761.5393054690852 -2652.3592213006423 9.999999999915657
    vertex 762.0569435592964 -2652.291072953211 9.999999999915644
  endloop
endfacet
facet normal -3.871191536304901e-19 4.211528665834073e-13 -1.0
  outer loop
    vertex 785.2893054690849 -2658.3592213006423 9.999999999913761
    vertex 762.0569435592964 -2652.291072953211 9.999999999915644
    vertex 762.5393054690915 -2652.091272108202 9.999999999915499
  endloop
endfacet
facet normal -3.871191536304901e-19 4.211528665834073e-13 -1.0
  outer loop
    vertex 785.2893054690849 -2658.3592213006423 9.999999999913761
    vertex 762.5393054690915 -2652.091272108202 9.999999999915499
    vertex 762.9535190314646 -2651.7734348630056 9.99999999991524
  endloop
endfacet
facet normal -3.871191536304901e-19 4.211528665834073e-13 -1.0
  outer loop
    vertex 785.2893054690849 -2658.3592213006423 9.999999999913761
    vertex 762.9535190314646 -2651.7734348630056 9.99999999991524
    vertex 763.2713562766602 -2651.3592213006327 9.999999999914879
  endloop
endfacet
facet normal -3.871191536304901e-19 4.211528665834073e-13 -1.0
  outer loop
    vertex 785.2893054690849 -2658.3592213006423 9.999999999913761
    vertex 763.2713562766602 -2651.3592213006327 9.999999999914879
    vertex 763.4711571216693 -2650.8768593908376 9.999999999914438
  endloop
endfacet
facet normal -3.871191536304901e-19 4.211528665834073e-13 -1.0
  outer loop
    vertex 785.2893054690849 -2658.3592213006423 9.999999999913761
    vertex 763.4711571216693 -2650.8768593908376 9.999999999914438
    vertex 763.5393054690912 -2650.3592213006327 9.999999999913953
  endloop
endfacet
facet normal -3.871191536304901e-19 4.211528665834073e-13 -1.0
  outer loop
    vertex 735.538495975431 -2703.014231533694 9.999999999964903
    vertex 740.140402303013 -2688.5186120556095 9.999999999930884
    vertex 744.5175064803037 -2701.944401489223 9.999999999960176
  endloop
endfacet
facet normal -3.871191536304901e-19 4.211528665834073e-13 -1.0
  outer loop
    vertex 740.140402303013 -2688.5186120556095 9.999999999930884
    vertex 735.538495975431 -2703.014231533694 9.999999999964903
    vertex 740.072253955591 -2688.0009739654042 9.99999999993067
  endloop
endfacet
facet normal -3.871191536304901e-19 4.211528665834073e-13 -1.0
  outer loop
    vertex 744.5175064803037 -2701.944401489223 9.999999999960176
    vertex 740.140402303013 -2688.5186120556095 9.999999999930884
    vertex 740.3402031480217 -2689.0009739654042 9.999999999931076
  endloop
endfacet
facet normal -3.871191536304901e-19 4.211528665834073e-13 -1.0
  outer loop
    vertex 744.5175064803037 -2701.944401489223 9.999999999960176
    vertex 740.3402031480217 -2689.0009739654042 9.999999999931076
    vertex 740.6580403932176 -2689.4151875277776 9.999999999931234
  endloop
endfacet
facet normal -3.871191536304901e-19 4.211528665834073e-13 -1.0
  outer loop
    vertex 744.5175064803037 -2701.944401489223 9.999999999960176
    vertex 740.6580403932176 -2689.4151875277776 9.999999999931234
    vertex 741.0722539555916 -2689.733024772973 9.999999999931353
  endloop
endfacet
facet normal -3.871191536304901e-19 4.211528665834073e-13 -1.0
  outer loop
    vertex 744.5175064803037 -2701.944401489223 9.999999999960176
    vertex 741.0722539555916 -2689.733024772973 9.999999999931353
    vertex 741.5546158653935 -2689.9328256179865 9.999999999931415
  endloop
endfacet
facet normal -3.871191536304901e-19 4.211528665834073e-13 -1.0
  outer loop
    vertex 744.5175064803037 -2701.944401489223 9.999999999960176
    vertex 741.5546158653935 -2689.9328256179865 9.999999999931415
    vertex 742.0722539555916 -2690.0009739654042 9.999999999931415
  endloop
endfacet
facet normal -3.871191536304901e-19 4.211528665834073e-13 -1.0
  outer loop
    vertex 744.5175064803037 -2701.944401489223 9.999999999960176
    vertex 742.0722539555916 -2690.0009739654042 9.999999999931415
    vertex 742.5898920457962 -2689.932825617982 9.999999999931363
  endloop
endfacet
facet normal -3.871191536304901e-19 4.211528665834073e-13 -1.0
  outer loop
    vertex 744.5175064803037 -2701.944401489223 9.999999999960176
    vertex 742.5898920457962 -2689.932825617982 9.999999999931363
    vertex 743.0722539555916 -2689.733024772973 9.999999999931257
  endloop
endfacet
facet normal -3.871191536304901e-19 4.211528665834073e-13 -1.0
  outer loop
    vertex 744.5175064803037 -2701.944401489223 9.999999999960176
    vertex 743.0722539555916 -2689.733024772973 9.999999999931257
    vertex 743.4864675179633 -2689.4151875277776 9.999999999931104
  endloop
endfacet
facet normal -3.871191536304901e-19 4.211528665834073e-13 -1.0
  outer loop
    vertex 744.5175064803037 -2701.944401489223 9.999999999960176
    vertex 743.4864675179633 -2689.4151875277776 9.999999999931104
    vertex 743.8043047631606 -2689.0009739654042 9.999999999930917
  endloop
endfacet
facet normal -3.871191536304901e-19 4.211528665834073e-13 -1.0
  outer loop
    vertex 744.5175064803037 -2701.944401489223 9.999999999960176
    vertex 743.8043047631606 -2689.0009739654042 9.999999999930917
    vertex 744.0041056081685 -2688.5186120556095 9.999999999930704
  endloop
endfacet
facet normal -3.871191536304901e-19 4.211528665834073e-13 -1.0
  outer loop
    vertex 744.5175064803037 -2701.944401489223 9.999999999960176
    vertex 744.0041056081685 -2688.5186120556095 9.999999999930704
    vertex 744.0722539555906 -2688.0009739654042 9.999999999930484
  endloop
endfacet
facet normal -3.871191536304901e-19 4.211528665834073e-13 -1.0
  outer loop
    vertex 707.7529209523497 -2651.490209541123 10.000000000014886
    vertex 707.5726945418756 -2705.3572400336016 9.999999999977932
    vertex 703.8373402531217 -2659.2184321883024 10.000000000013893
  endloop
endfacet
facet normal -3.871191536304901e-19 4.211528665834073e-13 -1.0
  outer loop
    vertex 707.5726945418756 -2705.3572400336016 9.999999999977932
    vertex 707.7529209523497 -2651.490209541123 10.000000000014886
    vertex 707.6408428892977 -2704.839601943397 9.99999999997764
  endloop
endfacet
facet normal -3.871191536304901e-19 4.211528665834073e-13 -1.0
  outer loop
    vertex 707.6408428892977 -2704.839601943397 9.99999999997764
    vertex 707.7529209523497 -2651.490209541123 10.000000000014886
    vertex 707.8406437343083 -2704.357240033602 9.999999999977577
  endloop
endfacet
facet normal -3.871191536304901e-19 4.211528665834073e-13 -1.0
  outer loop
    vertex 707.8406437343083 -2704.357240033602 9.999999999977577
    vertex 707.7529209523497 -2651.490209541123 10.000000000014886
    vertex 712.5091289679657 -2644.2489608360484 10.000000000016144
  endloop
endfacet
facet normal -3.871191536304901e-19 4.211528665834073e-13 -1.0
  outer loop
    vertex 707.8406437343083 -2704.357240033602 9.999999999977577
    vertex 712.5091289679657 -2644.2489608360484 10.000000000016144
    vertex 708.1584809795031 -2703.9430264712287 9.999999999977758
  endloop
endfacet
facet normal -3.871191536304901e-19 4.211528665834073e-13 -1.0
  outer loop
    vertex 708.1584809795031 -2703.9430264712287 9.999999999977758
    vertex 712.5091289679657 -2644.2489608360484 10.000000000016144
    vertex 708.5726945418762 -2703.625189226033 9.999999999978169
  endloop
endfacet
facet normal -3.871191536304901e-19 4.211528665834073e-13 -1.0
  outer loop
    vertex 708.5726945418762 -2703.625189226033 9.999999999978169
    vertex 712.5091289679657 -2644.2489608360484 10.000000000016144
    vertex 709.0550564516908 -2703.425388381029 9.99999999997879
  endloop
endfacet
facet normal -3.871191536304901e-19 4.211528665834073e-13 -1.0
  outer loop
    vertex 709.0550564516908 -2703.425388381029 9.99999999997879
    vertex 712.5091289679657 -2644.2489608360484 10.000000000016144
    vertex 709.5726945418768 -2703.357240033602 9.999999999979556
  endloop
endfacet
facet normal -3.871191536304901e-19 4.211528665834073e-13 -1.0
  outer loop
    vertex 709.5726945418768 -2703.357240033602 9.999999999979556
    vertex 712.5091289679657 -2644.2489608360484 10.000000000016144
    vertex 710.0903326320813 -2703.425388381024 9.999999999980442
  endloop
endfacet
facet normal -3.871191536304901e-19 4.211528665834073e-13 -1.0
  outer loop
    vertex 710.0903326320813 -2703.425388381024 9.999999999980442
    vertex 712.5091289679657 -2644.2489608360484 10.000000000016144
    vertex 710.5726945418759 -2703.625189226033 9.999999999981373
  endloop
endfacet
facet normal -3.871191536304901e-19 4.211528665834073e-13 -1.0
  outer loop
    vertex 710.5726945418759 -2703.625189226033 9.999999999981373
    vertex 712.5091289679657 -2644.2489608360484 10.000000000016144
    vertex 710.9869081042499 -2703.9430264712287 9.999999999982286
  endloop
endfacet
facet normal -3.871191536304901e-19 4.211528665834073e-13 -1.0
  outer loop
    vertex 710.9869081042499 -2703.9430264712287 9.999999999982286
    vertex 712.5091289679657 -2644.2489608360484 10.000000000016144
    vertex 711.3047453494447 -2704.357240033602 9.999999999983121
  endloop
endfacet
facet normal -3.871191536304901e-19 4.211528665834073e-13 -1.0
  outer loop
    vertex 711.3047453494447 -2704.357240033602 9.999999999983121
    vertex 712.5091289679657 -2644.2489608360484 10.000000000016144
    vertex 711.5045461944544 -2704.839601943397 9.999999999983821
  endloop
endfacet
facet normal -3.871191536304901e-19 4.211528665834073e-13 -1.0
  outer loop
    vertex 711.5045461944544 -2704.839601943397 9.999999999983821
    vertex 712.5091289679657 -2644.2489608360484 10.000000000016144
    vertex 711.5726945418764 -2705.3572400336016 9.99999999998434
  endloop
endfacet
facet normal -3.871191536304901e-19 4.211528665834073e-13 -1.0
  outer loop
    vertex 715.1955601846354 -2641.016128970377 10.00000000001687
    vertex 714.8166193641065 -2667.300973965403 9.999999999913761
    vertex 712.5091289679657 -2644.2489608360484 10.000000000016144
  endloop
endfacet
facet normal -3.871191536304901e-19 4.211528665834073e-13 -1.0
  outer loop
    vertex 714.8166193641065 -2667.300973965403 9.999999999913761
    vertex 715.1955601846354 -2641.016128970377 10.00000000001687
    vertex 721.8166193641052 -2667.300973965403 9.999999999913761
  endloop
endfacet
facet normal -3.871191536304901e-19 4.211528665834073e-13 -1.0
  outer loop
    vertex 721.8166193641052 -2667.300973965403 9.999999999913761
    vertex 715.1955601846354 -2641.016128970377 10.00000000001687
    vertex 721.8166193641052 -2658.3592213006423 9.999999999913761
  endloop
endfacet
facet normal -0.19636369213424054 -0.9805311317910356 4.4382118537224216e-14
  outer loop
    vertex 780.433901120266 -2704.789854125594 9.999999999972744
    vertex 771.56742885774 -2703.014231533687 29.999999999959822
    vertex 771.5674288577598 -2703.014231533692 9.999999999964901
  endloop
endfacet
facet normal -0.19636369213424054 -0.9805311317910356 4.4382118537224216e-14
  outer loop
    vertex 771.56742885774 -2703.014231533687 29.999999999959822
    vertex 780.433901120266 -2704.789854125594 9.999999999972744
    vertex 780.4339011202463 -2704.7898541255895 29.999999999967663
  endloop
endfacet
facet normal -0.11831105238598219 -0.9929765832502404 1.239309914610181e-13
  outer loop
    vertex 771.5674288577598 -2703.014231533692 9.999999999964901
    vertex 762.5884183528672 -2701.9444014892174 29.999999999955097
    vertex 762.5884183528868 -2701.944401489222 9.999999999960176
  endloop
endfacet
facet normal -0.11831105238598219 -0.9929765832502404 1.239309914610181e-13
  outer loop
    vertex 762.5884183528672 -2701.9444014892174 29.999999999955097
    vertex 771.5674288577598 -2703.014231533692 9.999999999964901
    vertex 771.56742885774 -2703.014231533687 29.999999999959822
  endloop
endfacet
facet normal -0.039519311208842445 -0.9992188068894514 1.709352044061776e-13
  outer loop
    vertex 762.5884183528868 -2701.944401489222 9.999999999960176
    vertex 753.552962416595 -2701.587047331552 29.9999999999586
    vertex 753.5529624166214 -2701.5870473315563 9.999999999958598
  endloop
endfacet
facet normal -0.039519311208842445 -0.9992188068894514 1.709352044061776e-13
  outer loop
    vertex 753.552962416595 -2701.587047331552 29.9999999999586
    vertex 762.5884183528868 -2701.944401489222 9.999999999960176
    vertex 762.5884183528672 -2701.9444014892174 29.999999999955097
  endloop
endfacet
facet normal -0.273189627508498 -0.9619602005393822 -3.544401408935695e-14
  outer loop
    vertex 789.1324453675436 -2707.260176766227 9.999999999983654
    vertex 780.4339011202463 -2704.7898541255895 29.999999999967663
    vertex 780.433901120266 -2704.789854125594 9.999999999972744
  endloop
endfacet
facet normal -0.273189627508498 -0.9619602005393822 -3.544401408935695e-14
  outer loop
    vertex 780.4339011202463 -2704.7898541255895 29.999999999967663
    vertex 789.1324453675436 -2707.260176766227 9.999999999983654
    vertex 789.1324453675239 -2707.2601767662222 29.99999999997857
  endloop
endfacet
facet normal -0.42125228833579464 -0.9069434985553714 -1.9393471314351626e-13
  outer loop
    vertex 805.8097755157531 -2714.21894928976 10.000000000014388
    vertex 797.6087208904578 -2710.409767093547 29.99999999999248
    vertex 797.6087208904775 -2710.4097670935516 9.999999999997565
  endloop
endfacet
facet normal -0.42125228833579464 -0.9069434985553714 -1.9393471314351626e-13
  outer loop
    vertex 797.6087208904578 -2710.409767093547 29.99999999999248
    vertex 805.8097755157531 -2714.21894928976 10.000000000014388
    vertex 805.8097755157335 -2714.2189492897555 30.000000000009308
  endloop
endfacet
facet normal -0.34830891891349197 -0.9373798040310632 -1.1504872427971145e-13
  outer loop
    vertex 797.6087208904775 -2710.4097670935516 9.999999999997565
    vertex 789.1324453675239 -2707.2601767662222 29.99999999997857
    vertex 789.1324453675436 -2707.260176766227 9.999999999983654
  endloop
endfacet
facet normal -0.34830891891349197 -0.9373798040310632 -1.1504872427971145e-13
  outer loop
    vertex 789.1324453675239 -2707.2601767662222 29.99999999997857
    vertex 797.6087208904775 -2710.4097670935516 9.999999999997565
    vertex 797.6087208904578 -2710.409767093547 29.99999999999248
  endloop
endfacet
facet normal -0.6087614290085651 -0.7933533402913546 9.664040191830368e-13
  outer loop
    vertex 746.9808329264729 -2648.94500773826 9.999999999912278
    vertex 746.5666193641264 -2648.62717049306 29.999999999912017
    vertex 746.5666193640989 -2648.627170493064 9.999999999912019
  endloop
endfacet
facet normal -0.6087614290085651 -0.7933533402913546 9.664040191830368e-13
  outer loop
    vertex 746.5666193641264 -2648.62717049306 29.999999999912017
    vertex 746.9808329264729 -2648.94500773826 9.999999999912278
    vertex 746.9808329264984 -2648.9450077382558 29.999999999912276
  endloop
endfacet
facet normal -0.6087614290096502 -0.793353340290522 9.71897224560769e-13
  outer loop
    vertex 743.4864675179633 -2686.586760403031 9.999999999929914
    vertex 743.0722539556182 -2686.2689231578315 29.999999999929802
    vertex 743.0722539555919 -2686.2689231578356 9.999999999929802
  endloop
endfacet
facet normal -0.6087614290096502 -0.793353340290522 9.71897224560769e-13
  outer loop
    vertex 743.0722539556182 -2686.2689231578315 29.999999999929802
    vertex 743.4864675179633 -2686.586760403031 9.999999999929914
    vertex 743.4864675179905 -2686.5867604030273 29.999999999929916
  endloop
endfacet
facet normal 0.9238795325119922 0.3826834323633867 -1.3077630757796418e-12
  outer loop
    vertex 743.6347677115218 -2650.8768593908376 9.999999999914438
    vertex 743.8345685565567 -2651.3592213006286 29.999999999914877
    vertex 743.8345685565297 -2651.3592213006327 9.999999999914879
  endloop
endfacet
facet normal 0.9238795325119922 0.3826834323633867 -1.3077630757796418e-12
  outer loop
    vertex 743.8345685565567 -2651.3592213006286 29.999999999914877
    vertex 743.6347677115218 -2650.8768593908376 9.999999999914438
    vertex 743.6347677115481 -2650.8768593908335 29.999999999914436
  endloop
endfacet
facet normal 0.7933533402917204 -0.608761429008088 -9.06481571120852e-13
  outer loop
    vertex 744.1524058017261 -2648.94500773826 9.999999999912554
    vertex 743.8345685565567 -2649.3592213006286 29.999999999912973
    vertex 743.8345685565297 -2649.3592213006327 9.999999999912971
  endloop
endfacet
facet normal 0.7933533402917204 -0.608761429008088 -9.06481571120852e-13
  outer loop
    vertex 743.8345685565567 -2649.3592213006286 29.999999999912973
    vertex 744.1524058017261 -2648.94500773826 9.999999999912554
    vertex 744.1524058017509 -2648.9450077382558 29.999999999912554
  endloop
endfacet
facet normal 0.9914448613737632 0.13052619222041068 -1.3276565285852559e-12
  outer loop
    vertex 743.5666193640999 -2650.3592213006327 9.999999999913953
    vertex 743.6347677115481 -2650.8768593908335 29.999999999914436
    vertex 743.6347677115218 -2650.8768593908376 9.999999999914438
  endloop
endfacet
facet normal 0.9914448613737632 0.13052619222041068 -1.3276565285852559e-12
  outer loop
    vertex 743.6347677115481 -2650.8768593908335 29.999999999914436
    vertex 743.5666193640999 -2650.3592213006327 9.999999999913953
    vertex 743.5666193641262 -2650.359221300629 29.999999999913953
  endloop
endfacet
facet normal -0.9238795325116866 -0.3826834323641242 1.2952570618610698e-12
  outer loop
    vertex 747.4984710167034 -2649.841583210424 29.999999999913083
    vertex 747.2986701716684 -2649.3592213006327 9.999999999912644
    vertex 747.4984710166776 -2649.841583210428 9.999999999913085
  endloop
endfacet
facet normal -0.9238795325116866 -0.3826834323641242 1.2952570618610698e-12
  outer loop
    vertex 747.2986701716684 -2649.3592213006327 9.999999999912644
    vertex 747.4984710167034 -2649.841583210424 29.999999999913083
    vertex 747.2986701716952 -2649.3592213006286 29.999999999912646
  endloop
endfacet
facet normal -0.4614586420910099 -0.10436863104265758 -0.8810011977822748
  outer loop
    vertex 675.6381299445502 -2693.6266699567063 2.471757021282883e-10
    vertex 675.3931340806374 -2705.2422650613817 1.5043784526672175
    vertex 672.8440539977519 -2693.971684793361 1.5043784526672175
  endloop
endfacet
facet normal -0.4614586420910099 -0.10436863104265758 -0.8810011977822748
  outer loop
    vertex 675.3931340806374 -2705.2422650613817 1.5043784526672175
    vertex 675.6381299445502 -2693.6266699567063 2.471757021282883e-10
    vertex 678.0637379424353 -2704.351326989829 2.471757021282883e-10
  endloop
endfacet
facet normal -0.1305261922395445 0.9914448613712442 -2.515497381830474e-14
  outer loop
    vertex 745.5666193641058 -2652.3592213006423 9.999999999915657
    vertex 746.0842574543309 -2652.291072953207 29.999999999915545
    vertex 746.0842574543038 -2652.291072953211 9.999999999915543
  endloop
endfacet
facet normal -0.1305261922395445 0.9914448613712442 -2.515497381830474e-14
  outer loop
    vertex 746.0842574543309 -2652.291072953207 29.999999999915545
    vertex 745.5666193641058 -2652.3592213006423 9.999999999915657
    vertex 745.5666193641314 -2652.359221300638 29.999999999915655
  endloop
endfacet
facet normal -0.6087614290086245 0.7933533402913091 6.390419993190507e-13
  outer loop
    vertex 746.5666193640989 -2652.091272108202 9.999999999915307
    vertex 746.9808329264984 -2651.7734348630015 29.99999999991497
    vertex 746.9808329264729 -2651.7734348630056 9.999999999914968
  endloop
endfacet
facet normal -0.6087614290086245 0.7933533402913091 6.390419993190507e-13
  outer loop
    vertex 746.9808329264984 -2651.7734348630015 29.99999999991497
    vertex 746.5666193640989 -2652.091272108202 9.999999999915307
    vertex 746.5666193641256 -2652.0912721081977 29.999999999915307
  endloop
endfacet
facet normal -0.9238795325116866 0.3826834323641243 1.1433122697556172e-12
  outer loop
    vertex 747.2986701716952 -2651.3592213006286 29.99999999991454
    vertex 747.4984710166776 -2650.8768593908376 9.999999999914065
    vertex 747.2986701716684 -2651.3592213006327 9.99999999991454
  endloop
endfacet
facet normal -0.9238795325116866 0.3826834323641243 1.1433122697556172e-12
  outer loop
    vertex 747.4984710166776 -2650.8768593908376 9.999999999914065
    vertex 747.2986701716952 -2651.3592213006286 29.99999999991454
    vertex 747.4984710167034 -2650.8768593908335 29.999999999914067
  endloop
endfacet
facet normal -0.3848624066953043 -0.2751687071939159 -0.8810011977823454
  outer loop
    vertex 682.5630281849204 -2714.3841845065776 2.471757021282883e-10
    vertex 686.8421236762606 -2725.1856387783446 1.5043784526672175
    vertex 680.1214542190276 -2715.7858307540564 1.5043784526672175
  endloop
endfacet
facet normal -0.3848624066953043 -0.2751687071939159 -0.8810011977823454
  outer loop
    vertex 686.8421236762606 -2725.1856387783446 1.5043784526672175
    vertex 682.5630281849204 -2714.3841845065776 2.471757021282883e-10
    vertex 688.9581625300718 -2723.3286855739916 2.471757021282883e-10
  endloop
endfacet
facet normal -0.9080706560872538 -0.40722928992072577 0.09783654217073492
  outer loop
    vertex 674.1191257089064 -2719.231616689635 18.164660473417015
    vertex 668.5311706018095 -2707.5314793459647 15.000000000140199
    vertex 673.8479699241605 -2719.3872804104485 15.000000000140199
  endloop
endfacet
facet normal -0.9080706560872538 -0.40722928992072577 0.09783654217073492
  outer loop
    vertex 668.5311706018095 -2707.5314793459647 15.000000000140199
    vertex 674.1191257089064 -2719.231616689635 18.164660473417015
    vertex 668.8277619383857 -2707.432533741479 18.164660473417015
  endloop
endfacet
facet normal -0.13052619222034365 0.9914448613737721 -2.6038396181500452e-14
  outer loop
    vertex 742.0722539555916 -2690.0009739654042 9.999999999931415
    vertex 742.5898920458228 -2689.9328256179783 29.999999999931365
    vertex 742.5898920457962 -2689.932825617982 9.999999999931363
  endloop
endfacet
facet normal -0.13052619222034365 0.9914448613737721 -2.6038396181500452e-14
  outer loop
    vertex 742.5898920458228 -2689.9328256179783 29.999999999931365
    vertex 742.0722539555916 -2690.0009739654042 9.999999999931415
    vertex 742.0722539556174 -2690.0009739654 29.999999999931415
  endloop
endfacet
facet normal -0.38268343236494096 0.9238795325113484 3.3199072854898095e-13
  outer loop
    vertex 746.0842574543038 -2652.291072953211 9.999999999915543
    vertex 746.5666193641256 -2652.0912721081977 29.999999999915307
    vertex 746.5666193640989 -2652.091272108202 9.999999999915307
  endloop
endfacet
facet normal -0.38268343236494096 0.9238795325113484 3.3199072854898095e-13
  outer loop
    vertex 746.5666193641256 -2652.0912721081977 29.999999999915307
    vertex 746.0842574543038 -2652.291072953211 9.999999999915543
    vertex 746.0842574543309 -2652.291072953207 29.999999999915545
  endloop
endfacet
facet normal -0.8606091321005356 -0.19464495577135194 0.4706009593465906
  outer loop
    vertex 671.1327824053003 -2706.663557661178 24.01387818874953
    vertex 666.8941689405688 -2694.7063815804922 21.208134979789317
    vertex 669.7061784239122 -2707.1394859028123 21.208134979789317
  endloop
endfacet
facet normal -0.8606091321005356 -0.19464495577135194 0.4706009593465906
  outer loop
    vertex 666.8941689405688 -2694.7063815804922 21.208134979789317
    vertex 671.1327824053003 -2706.663557661178 24.01387818874953
    vertex 668.3867302024704 -2694.5220788665442 24.01387818874953
  endloop
endfacet
facet normal -0.8050950975231623 -0.3610493332045599 -0.4706009593452958
  outer loop
    vertex 669.7061784239021 -2707.1394859028155 8.791865020488892
    vertex 676.2264685624594 -2718.0218441232105 5.98612181152602
    vertex 674.9222095555692 -2718.7705864379163 8.791865020488892
  endloop
endfacet
facet normal -0.8050950975231623 -0.3610493332045599 -0.4706009593452958
  outer loop
    vertex 676.2264685624594 -2718.0218441232105 5.98612181152602
    vertex 669.7061784239021 -2707.1394859028155 8.791865020488892
    vertex 671.1327824052868 -2706.6635576611825 5.98612181152602
  endloop
endfacet
facet normal 0.991444861373775 -0.13052619222032122 -1.289251029548842e-12
  outer loop
    vertex 740.140402303013 -2687.4833358751994 9.99999999993045
    vertex 740.0722539556175 -2688.0009739654 29.99999999993067
    vertex 740.072253955591 -2688.0009739654042 9.99999999993067
  endloop
endfacet
facet normal 0.991444861373775 -0.13052619222032122 -1.289251029548842e-12
  outer loop
    vertex 740.0722539556175 -2688.0009739654 29.99999999993067
    vertex 740.140402303013 -2687.4833358751994 9.99999999993045
    vertex 740.1404023030395 -2687.4833358751953 29.99999999993045
  endloop
endfacet
facet normal 0.9238795325114728 -0.38268343236464064 -1.166238841139251e-12
  outer loop
    vertex 740.3402031480217 -2687.0009739654042 9.999999999930235
    vertex 740.1404023030395 -2687.4833358751953 29.99999999993045
    vertex 740.140402303013 -2687.4833358751994 9.99999999993045
  endloop
endfacet
facet normal 0.9238795325114728 -0.38268343236464064 -1.166238841139251e-12
  outer loop
    vertex 740.1404023030395 -2687.4833358751953 29.99999999993045
    vertex 740.3402031480217 -2687.0009739654042 9.999999999930235
    vertex 740.3402031480489 -2687.0009739654 29.999999999930235
  endloop
endfacet
facet normal -0.3826834323645743 0.9238795325115003 3.2508388654184393e-13
  outer loop
    vertex 742.5898920457962 -2689.932825617982 9.999999999931363
    vertex 743.0722539556182 -2689.733024772969 29.999999999931255
    vertex 743.0722539555916 -2689.733024772973 9.999999999931257
  endloop
endfacet
facet normal -0.3826834323645743 0.9238795325115003 3.2508388654184393e-13
  outer loop
    vertex 743.0722539556182 -2689.733024772969 29.999999999931255
    vertex 742.5898920457962 -2689.932825617982 9.999999999931363
    vertex 742.5898920458228 -2689.9328256179783 29.999999999931365
  endloop
endfacet
facet normal -0.793353340290844 0.6087614290092306 9.190098731458083e-13
  outer loop
    vertex 746.9808329264984 -2651.7734348630015 29.99999999991497
    vertex 747.2986701716684 -2651.3592213006327 9.99999999991454
    vertex 746.9808329264729 -2651.7734348630056 9.999999999914968
  endloop
endfacet
facet normal -0.793353340290844 0.6087614290092306 9.190098731458083e-13
  outer loop
    vertex 747.2986701716684 -2651.3592213006327 9.99999999991454
    vertex 746.9808329264984 -2651.7734348630015 29.99999999991497
    vertex 747.2986701716952 -2651.3592213006286 29.99999999991454
  endloop
endfacet
facet normal -0.991444861373775 0.13052619222032122 1.3071443618544386e-12
  outer loop
    vertex 744.0041056081955 -2688.5186120556054 29.999999999930704
    vertex 744.0722539555906 -2688.0009739654042 9.999999999930484
    vertex 744.0041056081685 -2688.5186120556095 9.999999999930704
  endloop
endfacet
facet normal -0.991444861373775 0.13052619222032122 1.3071443618544386e-12
  outer loop
    vertex 744.0722539555906 -2688.0009739654042 9.999999999930484
    vertex 744.0041056081955 -2688.5186120556054 29.999999999930704
    vertex 744.0722539556174 -2688.0009739654 29.999999999930484
  endloop
endfacet
facet normal 0.38268343236460484 0.9238795325114876 -6.996807337432946e-13
  outer loop
    vertex 744.5666193641254 -2652.0912721081977 29.9999999999155
    vertex 745.0489812738937 -2652.291072953211 9.999999999915644
    vertex 744.5666193640984 -2652.091272108202 9.999999999915499
  endloop
endfacet
facet normal 0.38268343236460484 0.9238795325114876 -6.996807337432946e-13
  outer loop
    vertex 745.0489812738937 -2652.291072953211 9.999999999915644
    vertex 744.5666193641254 -2652.0912721081977 29.9999999999155
    vertex 745.0489812739207 -2652.291072953207 29.999999999915644
  endloop
endfacet
facet normal -0.4316920151079833 -0.19359466314471444 -0.8810011977823261
  outer loop
    vertex 678.0637379424353 -2704.351326989829 2.471757021282883e-10
    vertex 680.1214542190276 -2715.7858307540564 1.5043784526672175
    vertex 675.3931340806374 -2705.2422650613817 1.5043784526672175
  endloop
endfacet
facet normal -0.4316920151079833 -0.19359466314471444 -0.8810011977823261
  outer loop
    vertex 680.1214542190276 -2715.7858307540564 1.5043784526672175
    vertex 678.0637379424353 -2704.351326989829 2.471757021282883e-10
    vertex 682.5630281849204 -2714.3841845065776 2.471757021282883e-10
  endloop
endfacet
facet normal 0.6087614290086246 0.7933533402913089 -9.430568000629356e-13
  outer loop
    vertex 744.1524058017509 -2651.7734348630015 29.99999999991524
    vertex 744.5666193640984 -2652.091272108202 9.999999999915499
    vertex 744.1524058017261 -2651.7734348630056 9.99999999991524
  endloop
endfacet
facet normal 0.6087614290086246 0.7933533402913089 -9.430568000629356e-13
  outer loop
    vertex 744.5666193640984 -2652.091272108202 9.999999999915499
    vertex 744.1524058017509 -2651.7734348630015 29.99999999991524
    vertex 744.5666193641254 -2652.0912721081977 29.9999999999155
  endloop
endfacet
facet normal 0.991444861373775 0.13052619222032122 -1.3410766766074376e-12
  outer loop
    vertex 740.072253955591 -2688.0009739654042 9.99999999993067
    vertex 740.1404023030395 -2688.5186120556054 29.999999999930886
    vertex 740.140402303013 -2688.5186120556095 9.999999999930884
  endloop
endfacet
facet normal 0.991444861373775 0.13052619222032122 -1.3410766766074376e-12
  outer loop
    vertex 740.1404023030395 -2688.5186120556054 29.999999999930886
    vertex 740.072253955591 -2688.0009739654042 9.99999999993067
    vertex 740.0722539556175 -2688.0009739654 29.99999999993067
  endloop
endfacet
facet normal -0.9914448613718353 0.130526192235054 1.273594341985371e-12
  outer loop
    vertex 747.4984710167034 -2650.8768593908335 29.999999999914067
    vertex 747.5666193641058 -2650.3592213006423 9.99999999991357
    vertex 747.4984710166776 -2650.8768593908376 9.999999999914065
  endloop
endfacet
facet normal -0.9914448613718353 0.130526192235054 1.273594341985371e-12
  outer loop
    vertex 747.5666193641058 -2650.3592213006423 9.99999999991357
    vertex 747.4984710167034 -2650.8768593908335 29.999999999914067
    vertex 747.5666193641323 -2650.359221300638 29.99999999991357
  endloop
endfacet
facet normal 0.13052619223643555 0.9914448613716534 -3.68499571380888e-13
  outer loop
    vertex 745.0489812739207 -2652.291072953207 29.999999999915644
    vertex 745.5666193641058 -2652.3592213006423 9.999999999915657
    vertex 745.0489812738937 -2652.291072953211 9.999999999915644
  endloop
endfacet
facet normal 0.13052619223643555 0.9914448613716534 -3.68499571380888e-13
  outer loop
    vertex 745.5666193641058 -2652.3592213006423 9.999999999915657
    vertex 745.0489812739207 -2652.291072953207 29.999999999915644
    vertex 745.5666193641314 -2652.359221300638 29.999999999915655
  endloop
endfacet
facet normal -0.991444861373775 -0.13052619222032122 1.358969826311101e-12
  outer loop
    vertex 744.0722539556174 -2688.0009739654 29.999999999930484
    vertex 744.0041056081685 -2687.4833358751994 9.99999999993027
    vertex 744.0722539555906 -2688.0009739654042 9.999999999930484
  endloop
endfacet
facet normal -0.991444861373775 -0.13052619222032122 1.358969826311101e-12
  outer loop
    vertex 744.0041056081685 -2687.4833358751994 9.99999999993027
    vertex 744.0722539556174 -2688.0009739654 29.999999999930484
    vertex 744.0041056081955 -2687.4833358751953 29.99999999993027
  endloop
endfacet
facet normal -0.7933533402902597 0.6087614290099919 9.369078940330457e-13
  outer loop
    vertex 743.4864675179905 -2689.4151875277735 29.999999999931106
    vertex 743.8043047631606 -2689.0009739654042 9.999999999930917
    vertex 743.4864675179633 -2689.4151875277776 9.999999999931104
  endloop
endfacet
facet normal -0.7933533402902597 0.6087614290099919 9.369078940330457e-13
  outer loop
    vertex 743.8043047631606 -2689.0009739654042 9.999999999930917
    vertex 743.4864675179905 -2689.4151875277735 29.999999999931106
    vertex 743.8043047631868 -2689.0009739654006 29.999999999930917
  endloop
endfacet
facet normal 0.13052619222029888 -0.991444861373778 2.603844231661045e-14
  outer loop
    vertex 742.0722539556174 -2686.0009739654006 29.999999999929734
    vertex 741.5546158653862 -2686.0691223128265 9.99999999992979
    vertex 742.0722539555916 -2686.0009739654042 9.999999999929733
  endloop
endfacet
facet normal 0.13052619222029888 -0.991444861373778 2.603844231661045e-14
  outer loop
    vertex 741.5546158653862 -2686.0691223128265 9.99999999992979
    vertex 742.0722539556174 -2686.0009739654006 29.999999999929734
    vertex 741.5546158654126 -2686.0691223128224 29.99999999992979
  endloop
endfacet
facet normal 0.1305261922394998 -0.9914448613712501 2.3977191349817645e-14
  outer loop
    vertex 745.5666193641258 -2648.3592213006286 29.99999999991186
    vertex 745.0489812739004 -2648.427369648064 9.999999999911973
    vertex 745.5666193640988 -2648.3592213006327 9.99999999991186
  endloop
endfacet
facet normal 0.1305261922394998 -0.9914448613712501 2.3977191349817645e-14
  outer loop
    vertex 745.0489812739004 -2648.427369648064 9.999999999911973
    vertex 745.5666193641258 -2648.3592213006286 29.99999999991186
    vertex 745.0489812739263 -2648.42736964806 29.999999999911974
  endloop
endfacet
facet normal -0.7547437063960409 -0.17070125085893836 0.6334216767768218
  outer loop
    vertex 673.0529442044748 -2706.0229739808733 26.47444833631278
    vertex 668.3867302024704 -2694.5220788665442 24.01387818874953
    vertex 671.1327824053003 -2706.663557661178 24.01387818874953
  endloop
endfacet
facet normal -0.7547437063960409 -0.17070125085893836 0.6334216767768218
  outer loop
    vertex 668.3867302024704 -2694.5220788665442 24.01387818874953
    vertex 673.0529442044748 -2706.0229739808733 26.47444833631278
    vertex 670.3956683208409 -2694.2740135061335 26.47444833631278
  endloop
endfacet
facet normal 0.5217126013155502 -0.847492756691745 -0.09783654216901203
  outer loop
    vertex 816.2021155589856 -2738.8227829661582 15.000000000140199
    vertex 805.8247950815046 -2744.845677419053 11.835339526863034
    vertex 816.0125548579534 -2738.5741398600812 11.835339526862827
  endloop
endfacet
facet normal 0.5217126013155502 -0.847492756691745 -0.09783654216901203
  outer loop
    vertex 805.8247950815046 -2744.845677419053 11.835339526863034
    vertex 816.2021155589856 -2738.8227829661582 15.000000000140199
    vertex 805.9878885729438 -2745.110613616319 15.000000000140407
  endloop
endfacet
facet normal 0.602052923862154 -0.6450325681166799 0.470600959346485
  outer loop
    vertex 823.6394682878213 -2728.1479926520715 24.01387818874953
    vertex 815.4511317000123 -2737.8377319598453 21.208134979789317
    vertex 824.7698304118334 -2729.13995438495 21.208134979789317
  endloop
endfacet
facet normal 0.602052923862154 -0.6450325681166799 0.470600959346485
  outer loop
    vertex 815.4511317000123 -2737.8377319598453 21.208134979789317
    vertex 823.6394682878213 -2728.1479926520715 24.01387818874953
    vertex 814.5393449501572 -2736.6417589109496 24.01387818874953
  endloop
endfacet
facet normal 0.3332164217213813 -0.5412913222865096 -0.7719912698421666
  outer loop
    vertex 811.8164223605845 -2733.070154002373 1.5043784526672175
    vertex 803.5013970493565 -2741.07144808629 3.5255516639593987
    vertex 802.2145430840662 -2738.9810262491455 1.5043784526674149
  endloop
endfacet
facet normal 0.3332164217213813 -0.5412913222865096 -0.7719912698421666
  outer loop
    vertex 803.5013970493565 -2741.07144808629 3.5255516639593987
    vertex 811.8164223605845 -2733.070154002373 1.5043784526672175
    vertex 813.3121101261346 -2735.0320187228735 3.5255516639591957
  endloop
endfacet
facet normal 0.6530584336779771 -0.6996792838465015 0.28976470102156
  outer loop
    vertex 824.7698304118334 -2729.13995438495 21.208134979789317
    vertex 816.0125548579498 -2738.5741398600767 18.164660473417015
    vertex 825.4658390710696 -2729.750744450406 18.164660473417015
  endloop
endfacet
facet normal 0.6530584336779771 -0.6996792838465015 0.28976470102156
  outer loop
    vertex 816.0125548579498 -2738.5741398600767 18.164660473417015
    vertex 824.7698304118334 -2729.13995438495 21.208134979789317
    vertex 815.4511317000123 -2737.8377319598453 21.208134979789317
  endloop
endfacet
facet normal 0.6020529238626868 -0.6450325681172481 -0.4706009593450249
  outer loop
    vertex 824.7698304118417 -2729.139954384957 8.791865020488892
    vertex 814.5393449501662 -2736.641758910962 5.98612181152602
    vertex 823.6394682878329 -2728.147992652082 5.98612181152602
  endloop
endfacet
facet normal 0.6020529238626868 -0.6450325681172481 -0.4706009593450249
  outer loop
    vertex 814.5393449501662 -2736.641758910962 5.98612181152602
    vertex 824.7698304118417 -2729.139954384957 8.791865020488892
    vertex 815.4511317000188 -2737.8377319598544 8.791865020488892
  endloop
endfacet
facet normal 0.24801942740840321 -0.4028936002646794 -0.8810011977822577
  outer loop
    vertex 810.1095567923767 -2730.831291441594 2.471757021282883e-10
    vertex 802.2145430840662 -2738.9810262491455 1.5043784526674149
    vertex 800.7459967903435 -2736.595455450859 2.473674598491016e-10
  endloop
endfacet
facet normal 0.24801942740840321 -0.4028936002646794 -0.8810011977822577
  outer loop
    vertex 802.2145430840662 -2738.9810262491455 1.5043784526674149
    vertex 810.1095567923767 -2730.831291441594 2.471757021282883e-10
    vertex 811.8164223605845 -2733.070154002373 1.5043784526672175
  endloop
endfacet
facet normal 0.6790584059610854 -0.7275353546801929 0.09783654217088827
  outer loop
    vertex 825.4658390710696 -2729.750744450406 18.164660473417015
    vertex 816.2021155589856 -2738.8227829661582 15.000000000140199
    vertex 825.7008416489047 -2729.9569735511413 15.000000000140199
  endloop
endfacet
facet normal 0.6790584059610854 -0.7275353546801929 0.09783654217088827
  outer loop
    vertex 816.2021155589856 -2738.8227829661582 15.000000000140199
    vertex 825.4658390710696 -2729.750744450406 18.164660473417015
    vertex 816.0125548579498 -2738.5741398600767 18.164660473417015
  endloop
endfacet
facet normal 0.6790584059612109 -0.7275353546803244 -0.09783654216903837
  outer loop
    vertex 825.7008416489047 -2729.9569735511413 15.000000000140199
    vertex 816.0125548579534 -2738.5741398600812 11.835339526862827
    vertex 825.4658390710739 -2729.75074445041 11.835339526862827
  endloop
endfacet
facet normal 0.6790584059612109 -0.7275353546803244 -0.09783654216903837
  outer loop
    vertex 816.0125548579534 -2738.5741398600812 11.835339526862827
    vertex 825.7008416489047 -2729.9569735511413 15.000000000140199
    vertex 816.2021155589856 -2738.8227829661582 15.000000000140199
  endloop
endfacet
facet normal 0.43371275986659363 -0.4646748553716351 0.7719912698432884
  outer loop
    vertex 813.3121101261227 -2735.0320187228576 26.47444833631278
    vertex 820.2638011569109 -2725.185638778329 28.495621547600404
    vertex 811.8164223605704 -2733.0701540023542 28.495621547600404
  endloop
endfacet
facet normal 0.43371275986659363 -0.4646748553716351 0.7719912698432884
  outer loop
    vertex 820.2638011569109 -2725.185638778329 28.495621547600404
    vertex 813.3121101261227 -2735.0320187228576 26.47444833631278
    vertex 822.1180382356986 -2726.8128449512615 26.47444833631278
  endloop
endfacet
facet normal 0.6530584336782903 -0.6996792838468369 -0.2897647010200443
  outer loop
    vertex 825.4658390710739 -2729.75074445041 11.835339526862827
    vertex 815.4511317000188 -2737.8377319598544 8.791865020488892
    vertex 824.7698304118417 -2729.139954384957 8.791865020488892
  endloop
endfacet
facet normal 0.6530584336782903 -0.6996792838468369 -0.2897647010200443
  outer loop
    vertex 815.4511317000188 -2737.8377319598544 8.791865020488892
    vertex 825.4658390710739 -2729.75074445041 11.835339526862827
    vertex 816.0125548579534 -2738.5741398600812 11.835339526862827
  endloop
endfacet
facet normal 0.501737127844097 -0.81504372433972 -0.28976470101997387
  outer loop
    vertex 816.0125548579534 -2738.5741398600812 11.835339526862827
    vertex 805.3417600299157 -2744.0610141649595 8.791865020489096
    vertex 815.4511317000188 -2737.8377319598544 8.791865020488892
  endloop
endfacet
facet normal 0.501737127844097 -0.81504372433972 -0.28976470101997387
  outer loop
    vertex 805.3417600299157 -2744.0610141649595 8.791865020489096
    vertex 816.0125548579534 -2738.5741398600812 11.835339526862827
    vertex 805.8247950815046 -2744.845677419053 11.835339526863034
  endloop
endfacet
facet normal -0.9095510686586928 0.4155921720892128 -2.235040859839631e-12
  outer loop
    vertex 801.9142983510377 -2723.911426437423 29.999999999999996
    vertex 804.4619571729866 -2718.335705912262 1.48894230278529e-11
    vertex 801.9142983511128 -2723.911426437427 0.0
  endloop
endfacet
facet normal -0.9095510686586928 0.4155921720892128 -2.235040859839631e-12
  outer loop
    vertex 804.4619571729866 -2718.335705912262 1.48894230278529e-11
    vertex 801.9142983510377 -2723.911426437423 29.999999999999996
    vertex 804.4619571729181 -2718.335705912257 30.000000000009802
  endloop
endfacet
facet normal -0.9503618979326435 0.311146690417661 -4.627182116292701e-12
  outer loop
    vertex 805.8097755157335 -2714.2189492897555 30.000000000009308
    vertex 805.8097755157531 -2714.21894928976 10.000000000014388
    vertex 804.4619571729181 -2718.335705912257 30.000000000009802
  endloop
endfacet
facet normal -0.9503618979326435 0.311146690417661 -4.627182116292701e-12
  outer loop
    vertex 804.4619571729866 -2718.335705912262 1.48894230278529e-11
    vertex 805.8097755157531 -2714.21894928976 10.000000000014388
    vertex 807.1575938586168 -2710.1021926672593 1.3896794825996039e-11
  endloop
endfacet
facet normal -0.9503618979326435 0.311146690417661 -4.627182116292701e-12
  outer loop
    vertex 805.8097755157531 -2714.21894928976 10.000000000014388
    vertex 804.4619571729866 -2718.335705912262 1.48894230278529e-11
    vertex 804.4619571729181 -2718.335705912257 30.000000000009802
  endloop
endfacet
facet normal -0.9503618979326435 0.311146690417661 -4.627182116292701e-12
  outer loop
    vertex 807.1575938586168 -2710.1021926672593 1.3896794825996039e-11
    vertex 805.8097755157531 -2714.21894928976 10.000000000014388
    vertex 807.1575938585681 -2710.1021926672593 10.000000000013893
  endloop
endfacet
facet normal -0.8920382009560239 -0.4519600071191481 -4.323012765059943e-12
  outer loop
    vertex 799.3530038808412 -2651.490209541123 10.000000000014886
    vertex 803.268584580118 -2659.2184321883024 1.3896794825996039e-11
    vertex 803.2685845800694 -2659.2184321883024 10.000000000013893
  endloop
endfacet
facet normal -0.8920382009560239 -0.4519600071191481 -4.323012765059943e-12
  outer loop
    vertex 803.268584580118 -2659.2184321883024 1.3896794825996039e-11
    vertex 799.3530038808412 -2651.490209541123 10.000000000014886
    vertex 799.3530038808899 -2651.490209541123 1.48894230278529e-11
  endloop
endfacet
facet normal -0.9370308492642918 -0.34924659987899676 -4.548997541778394e-12
  outer loop
    vertex 803.2685845800694 -2659.2184321883024 10.000000000013893
    vertex 806.2943019538166 -2667.336451150528 1.3174883406463776e-11
    vertex 806.2943019537678 -2667.336451150528 10.000000000013177
  endloop
endfacet
facet normal -0.9370308492642918 -0.34924659987899676 -4.548997541778394e-12
  outer loop
    vertex 806.2943019538166 -2667.336451150528 1.3174883406463776e-11
    vertex 803.2685845800694 -2659.2184321883024 10.000000000013893
    vertex 803.268584580118 -2659.2184321883024 1.3896794825996039e-11
  endloop
endfacet
facet normal -0.9792225132582807 0.20278873126516836 -4.789745361094467e-12
  outer loop
    vertex 808.9144653287324 -2701.618643873631 10.000000000013177
    vertex 807.1575938586168 -2710.1021926672593 1.3896794825996039e-11
    vertex 807.1575938585681 -2710.1021926672593 10.000000000013893
  endloop
endfacet
facet normal -0.9792225132582807 0.20278873126516836 -4.789745361094467e-12
  outer loop
    vertex 807.1575938586168 -2710.1021926672593 1.3896794825996039e-11
    vertex 808.9144653287324 -2701.618643873631 10.000000000013177
    vertex 808.9144653287811 -2701.618643873631 1.3174883406463776e-11
  endloop
endfacet
facet normal 0.03951931120880926 -0.9992188068894527 2.409465444126375e-13
  outer loop
    vertex 753.552962416595 -2701.587047331552 29.9999999999586
    vertex 744.5175064803037 -2701.944401489223 9.999999999960176
    vertex 753.5529624166214 -2701.5870473315563 9.999999999958598
  endloop
endfacet
facet normal 0.03951931120880926 -0.9992188068894527 2.409465444126375e-13
  outer loop
    vertex 744.5175064803037 -2701.944401489223 9.999999999960176
    vertex 753.552962416595 -2701.587047331552 29.9999999999586
    vertex 744.5175064803235 -2701.9444014892174 29.99999999995509
  endloop
endfacet
facet normal 0.11831105238606208 -0.992976583250231 1.2391354053776152e-13
  outer loop
    vertex 744.5175064803235 -2701.9444014892174 29.99999999995509
    vertex 735.538495975431 -2703.014231533694 9.999999999964903
    vertex 744.5175064803037 -2701.944401489223 9.999999999960176
  endloop
endfacet
facet normal 0.11831105238606208 -0.992976583250231 1.2391354053776152e-13
  outer loop
    vertex 735.538495975431 -2703.014231533694 9.999999999964903
    vertex 744.5175064803235 -2701.9444014892174 29.99999999995509
    vertex 735.5384959754507 -2703.0142315336884 29.999999999959815
  endloop
endfacet
facet normal 0.19636369213428276 -0.9805311317910271 4.436476954309043e-14
  outer loop
    vertex 735.5384959754507 -2703.0142315336884 29.999999999959815
    vertex 726.6720237129248 -2704.7898541255963 9.999999999972744
    vertex 735.538495975431 -2703.014231533694 9.999999999964903
  endloop
endfacet
facet normal 0.19636369213428276 -0.9805311317910271 4.436476954309043e-14
  outer loop
    vertex 726.6720237129248 -2704.7898541255963 9.999999999972744
    vertex 735.5384959754507 -2703.0142315336884 29.999999999959815
    vertex 726.6720237129446 -2704.789854125591 29.999999999967656
  endloop
endfacet
facet normal 0.2731896275086141 -0.961960200539349 -3.5461152773515985e-14
  outer loop
    vertex 726.6720237129446 -2704.789854125591 29.999999999967656
    vertex 717.9734794656475 -2707.26017676623 9.999999999983654
    vertex 726.6720237129248 -2704.7898541255963 9.999999999972744
  endloop
endfacet
facet normal 0.2731896275086141 -0.961960200539349 -3.5461152773515985e-14
  outer loop
    vertex 717.9734794656475 -2707.26017676623 9.999999999983654
    vertex 726.6720237129446 -2704.789854125591 29.999999999967656
    vertex 717.9734794656673 -2707.2601767662245 29.999999999978563
  endloop
endfacet
facet normal 4.8781154629118e-12 -6.330633557900042e-14 -1.0
  outer loop
    vertex 792.9052550532339 -2634.0072649998333 2.4965727263293045e-10
    vertex 794.5967958652743 -2644.2489608360484 1.6141488146104167e-11
    vertex 791.9103646486051 -2641.016128970377 1.687467943156662e-11
  endloop
endfacet
facet normal 4.8781154629118e-12 -6.330633557900042e-14 -1.0
  outer loop
    vertex 794.5967958652743 -2644.2489608360484 1.6141488146104167e-11
    vertex 792.9052550532339 -2634.0072649998333 2.4965727263293045e-10
    vertex 803.0360419253233 -2638.2814900745893 2.471757021282883e-10
  endloop
endfacet
facet normal 4.8781154629118e-12 -6.330633557900042e-14 -1.0
  outer loop
    vertex 794.5967958652743 -2644.2489608360484 1.6141488146104167e-11
    vertex 803.0360419253233 -2638.2814900745893 2.471757021282883e-10
    vertex 799.3530038808899 -2651.490209541123 1.48894230278529e-11
  endloop
endfacet
facet normal 4.8781154629118e-12 -6.330633557900042e-14 -1.0
  outer loop
    vertex 799.3530038808899 -2651.490209541123 1.48894230278529e-11
    vertex 803.0360419253233 -2638.2814900745893 2.471757021282883e-10
    vertex 803.268584580118 -2659.2184321883024 1.3896794825996039e-11
  endloop
endfacet
facet normal 4.8781154629118e-12 -6.330633557900042e-14 -1.0
  outer loop
    vertex 803.268584580118 -2659.2184321883024 1.3896794825996039e-11
    vertex 803.0360419253233 -2638.2814900745893 2.471757021282883e-10
    vertex 812.1210607904555 -2644.475380197743 2.471757021282883e-10
  endloop
endfacet
facet normal 4.8781154629118e-12 -6.330633557900042e-14 -1.0
  outer loop
    vertex 803.268584580118 -2659.2184321883024 1.3896794825996039e-11
    vertex 812.1210607904555 -2644.475380197743 2.471757021282883e-10
    vertex 806.2943019538166 -2667.336451150528 1.3174883406463776e-11
  endloop
endfacet
facet normal 4.8781154629118e-12 -6.330633557900042e-14 -1.0
  outer loop
    vertex 806.2943019538166 -2667.336451150528 1.3174883406463776e-11
    vertex 812.1210607904555 -2644.475380197743 2.471757021282883e-10
    vertex 808.3921094746073 -2675.7421873528037 1.2746248501116497e-11
  endloop
endfacet
facet normal 4.8781154629118e-12 -6.330633557900042e-14 -1.0
  outer loop
    vertex 808.3921094746073 -2675.7421873528037 1.2746248501116497e-11
    vertex 812.1210607904555 -2644.475380197743 2.471757021282883e-10
    vertex 809.5356285084621 -2684.3299438535296 1.2599610244024006e-11
  endloop
endfacet
facet normal 4.8781154629118e-12 -6.330633557900042e-14 -1.0
  outer loop
    vertex 809.5356285084621 -2684.3299438535296 1.2599610244024006e-11
    vertex 812.1210607904555 -2644.475380197743 2.471757021282883e-10
    vertex 809.7104800097353 -2692.9917349182606 1.2746248501116497e-11
  endloop
endfacet
facet normal 4.8781154629118e-12 -6.330633557900042e-14 -1.0
  outer loop
    vertex 809.7104800097353 -2692.9917349182606 1.2746248501116497e-11
    vertex 812.1210607904555 -2644.475380197743 2.471757021282883e-10
    vertex 810.1095567923767 -2730.831291441594 2.471757021282883e-10
  endloop
endfacet
facet normal 4.8781154629118e-12 -6.330633557900042e-14 -1.0
  outer loop
    vertex 810.1095567923767 -2730.831291441594 2.471757021282883e-10
    vertex 812.1210607904555 -2644.475380197743 2.471757021282883e-10
    vertex 818.1477623031185 -2723.3286855739916 2.471757021282883e-10
  endloop
endfacet
facet normal 4.8781154629118e-12 -6.330633557900042e-14 -1.0
  outer loop
    vertex 818.1477623031185 -2723.3286855739916 2.471757021282883e-10
    vertex 812.1210607904555 -2644.475380197743 2.471757021282883e-10
    vertex 819.8012188167917 -2652.3441167753654 2.471757021282883e-10
  endloop
endfacet
facet normal 4.8781154629118e-12 -6.330633557900042e-14 -1.0
  outer loop
    vertex 818.1477623031185 -2723.3286855739916 2.471757021282883e-10
    vertex 819.8012188167917 -2652.3441167753654 2.471757021282883e-10
    vertex 824.5428966482712 -2714.3841845065776 2.471757021282883e-10
  endloop
endfacet
facet normal 4.8781154629118e-12 -6.330633557900042e-14 -1.0
  outer loop
    vertex 824.5428966482712 -2714.3841845065776 2.471757021282883e-10
    vertex 819.8012188167917 -2652.3441167753654 2.471757021282883e-10
    vertex 825.7729514509134 -2661.5766815319253 2.471757021282883e-10
  endloop
endfacet
facet normal 4.8781154629118e-12 -6.330633557900042e-14 -1.0
  outer loop
    vertex 824.5428966482712 -2714.3841845065776 2.471757021282883e-10
    vertex 825.7729514509134 -2661.5766815319253 2.471757021282883e-10
    vertex 829.0421868907563 -2704.351326989829 2.471757021282883e-10
  endloop
endfacet
facet normal 4.8781154629118e-12 -6.330633557900042e-14 -1.0
  outer loop
    vertex 829.0421868907563 -2704.351326989829 2.471757021282883e-10
    vertex 825.7729514509134 -2661.5766815319253 2.471757021282883e-10
    vertex 829.8002210560956 -2671.8081497630583 2.471757021282883e-10
  endloop
endfacet
facet normal 4.8781154629118e-12 -6.330633557900042e-14 -1.0
  outer loop
    vertex 829.0421868907563 -2704.351326989829 2.471757021282883e-10
    vertex 829.8002210560956 -2671.8081497630583 2.471757021282883e-10
    vertex 831.4677948886407 -2693.6266699567063 2.471757021282883e-10
  endloop
endfacet
facet normal 4.8781154629118e-12 -6.330633557900042e-14 -1.0
  outer loop
    vertex 831.4677948886407 -2693.6266699567063 2.471757021282883e-10
    vertex 829.8002210560956 -2671.8081497630583 2.471757021282883e-10
    vertex 831.7238464937462 -2682.634114284205 2.471757021282883e-10
  endloop
endfacet
facet normal 4.8781154629118e-12 -6.330633557900042e-14 -1.0
  outer loop
    vertex 800.8614512384444 -2726.215652264357 1.9881891688555696e-10
    vertex 800.7459967903435 -2736.595455450859 2.473674598491016e-10
    vertex 797.6080078051524 -2731.6335297180785 1.9834516251648892e-10
  endloop
endfacet
facet normal 4.8781154629118e-12 -6.330633557900042e-14 -1.0
  outer loop
    vertex 800.7459967903435 -2736.595455450859 2.473674598491016e-10
    vertex 800.8614512384444 -2726.215652264357 1.9881891688555696e-10
    vertex 810.1095567923767 -2730.831291441594 2.471757021282883e-10
  endloop
endfacet
facet normal 4.8781154629118e-12 -6.330633557900042e-14 -1.0
  outer loop
    vertex 810.1095567923767 -2730.831291441594 2.471757021282883e-10
    vertex 800.8614512384444 -2726.215652264357 1.9881891688555696e-10
    vertex 801.9142983511128 -2723.911426437427 0.0
  endloop
endfacet
facet normal 4.8781154629118e-12 -6.330633557900042e-14 -1.0
  outer loop
    vertex 810.1095567923767 -2730.831291441594 2.471757021282883e-10
    vertex 801.9142983511128 -2723.911426437427 0.0
    vertex 804.4619571729866 -2718.335705912262 1.48894230278529e-11
  endloop
endfacet
facet normal 4.8781154629118e-12 -6.330633557900042e-14 -1.0
  outer loop
    vertex 810.1095567923767 -2730.831291441594 2.471757021282883e-10
    vertex 804.4619571729866 -2718.335705912262 1.48894230278529e-11
    vertex 807.1575938586168 -2710.1021926672593 1.3896794825996039e-11
  endloop
endfacet
facet normal 4.8781154629118e-12 -6.330633557900042e-14 -1.0
  outer loop
    vertex 810.1095567923767 -2730.831291441594 2.471757021282883e-10
    vertex 807.1575938586168 -2710.1021926672593 1.3896794825996039e-11
    vertex 808.9144653287811 -2701.618643873631 1.3174883406463776e-11
  endloop
endfacet
facet normal 4.8781154629118e-12 -6.330633557900042e-14 -1.0
  outer loop
    vertex 810.1095567923767 -2730.831291441594 2.471757021282883e-10
    vertex 808.9144653287811 -2701.618643873631 1.3174883406463776e-11
    vertex 809.7104800097353 -2692.9917349182606 1.2746248501116497e-11
  endloop
endfacet
facet normal 0.4056508749136738 -0.6589570145864359 -0.6334216767755132
  outer loop
    vertex 814.5393449501662 -2736.641758910962 5.98612181152602
    vertex 803.5013970493565 -2741.07144808629 3.5255516639593987
    vertex 813.3121101261346 -2735.0320187228735 3.5255516639591957
  endloop
endfacet
facet normal 0.4056508749136738 -0.6589570145864359 -0.6334216767755132
  outer loop
    vertex 803.5013970493565 -2741.07144808629 3.5255516639593987
    vertex 814.5393449501662 -2736.641758910962 5.98612181152602
    vertex 804.5572805271933 -2742.786671366542 5.986121811526223
  endloop
endfacet
facet normal 0.43371275986754093 -0.4646748553726473 -0.7719912698421466
  outer loop
    vertex 820.2638011569285 -2725.1856387783446 1.5043784526672175
    vertex 813.3121101261346 -2735.0320187228735 3.5255516639591957
    vertex 811.8164223605845 -2733.070154002373 1.5043784526672175
  endloop
endfacet
facet normal 0.43371275986754093 -0.4646748553726473 -0.7719912698421466
  outer loop
    vertex 813.3121101261346 -2735.0320187228735 3.5255516639591957
    vertex 820.2638011569285 -2725.1856387783446 1.5043784526672175
    vertex 822.1180382357135 -2726.812844951274 3.5255516639591957
  endloop
endfacet
facet normal 0.183910598995922 0.4359057020539761 -0.8810011977822684
  outer loop
    vertex 793.9942069605676 -2631.426226450342 1.5043784526697612
    vertex 803.0360419253233 -2638.2814900745893 2.471757021282883e-10
    vertex 792.9052550532339 -2634.0072649998333 2.4965727263293045e-10
  endloop
endfacet
facet normal 0.183910598995922 0.4359057020539761 -0.8810011977822684
  outer loop
    vertex 803.0360419253233 -2638.2814900745893 2.471757021282883e-10
    vertex 793.9942069605676 -2631.426226450342 1.5043784526697612
    vertex 804.3828403970824 -2635.8092381637885 1.5043784526672175
  endloop
endfacet
facet normal -0.8515782052663718 -0.5242275844662369 1.4893178769520566e-14
  outer loop
    vertex 805.8247950815017 -2744.845677419048 18.164660473417225
    vertex 805.8247950815046 -2744.845677419053 11.835339526863034
    vertex 805.9878885729438 -2745.110613616319 15.000000000140407
  endloop
endfacet
facet normal -0.8515782052663718 -0.5242275844662369 1.4893178769520566e-14
  outer loop
    vertex 805.8247950815046 -2744.845677419053 11.835339526863034
    vertex 805.8247950815017 -2744.845677419048 18.164660473417225
    vertex 805.3417600299157 -2744.0610141649595 8.791865020489096
  endloop
endfacet
facet normal -0.8515782052663718 -0.5242275844662369 1.4893178769520566e-14
  outer loop
    vertex 805.3417600299157 -2744.0610141649595 8.791865020489096
    vertex 805.8247950815017 -2744.845677419048 18.164660473417225
    vertex 805.3417600299101 -2744.06101416495 21.208134979789527
  endloop
endfacet
facet normal -0.8515782052663718 -0.5242275844662369 1.4893178769520566e-14
  outer loop
    vertex 805.3417600299157 -2744.0610141649595 8.791865020489096
    vertex 805.3417600299101 -2744.06101416495 21.208134979789527
    vertex 804.5572805271933 -2742.786671366542 5.986121811526223
  endloop
endfacet
facet normal -0.8515782052663718 -0.5242275844662369 1.4893178769520566e-14
  outer loop
    vertex 804.5572805271933 -2742.786671366542 5.986121811526223
    vertex 805.3417600299101 -2744.06101416495 21.208134979789527
    vertex 804.5572805271854 -2742.7866713665285 24.013878188749736
  endloop
endfacet
facet normal -0.8515782052663718 -0.5242275844662369 1.4893178769520566e-14
  outer loop
    vertex 804.5572805271933 -2742.786671366542 5.986121811526223
    vertex 804.5572805271854 -2742.7866713665285 24.013878188749736
    vertex 803.5013970493565 -2741.07144808629 3.5255516639593987
  endloop
endfacet
facet normal -0.8515782052663718 -0.5242275844662369 1.4893178769520566e-14
  outer loop
    vertex 803.5013970493565 -2741.07144808629 3.5255516639593987
    vertex 804.5572805271854 -2742.7866713665285 24.013878188749736
    vertex 803.5013970493461 -2741.0714480862725 26.47444833631298
  endloop
endfacet
facet normal -0.8515782052663718 -0.5242275844662369 1.4893178769520566e-14
  outer loop
    vertex 803.5013970493565 -2741.07144808629 3.5255516639593987
    vertex 803.5013970493461 -2741.0714480862725 26.47444833631298
    vertex 802.2145430840662 -2738.9810262491455 1.5043784526674149
  endloop
endfacet
facet normal -0.8515782052663718 -0.5242275844662369 1.4893178769520566e-14
  outer loop
    vertex 802.2145430840662 -2738.9810262491455 1.5043784526674149
    vertex 803.5013970493461 -2741.0714480862725 26.47444833631298
    vertex 802.2145430840543 -2738.9810262491255 28.495621547600603
  endloop
endfacet
facet normal -0.8515782052663718 -0.5242275844662369 1.4893178769520566e-14
  outer loop
    vertex 802.2145430840662 -2738.9810262491455 1.5043784526674149
    vertex 802.2145430840543 -2738.9810262491255 28.495621547600603
    vertex 800.7459967903435 -2736.595455450859 2.473674598491016e-10
  endloop
endfacet
facet normal -0.8515782052663718 -0.5242275844662369 1.4893178769520566e-14
  outer loop
    vertex 800.7459967903435 -2736.595455450859 2.473674598491016e-10
    vertex 802.2145430840543 -2738.9810262491255 28.495621547600603
    vertex 800.7459967902873 -2736.595455450863 30.000000000015667
  endloop
endfacet
facet normal 0.34298878935060645 0.812953521083408 0.4706009593465514
  outer loop
    vertex 796.313091201659 -2625.929996931162 21.208134979791996
    vertex 806.5313563966225 -2631.8653127015755 24.01387818874953
    vertex 807.2507996990988 -2630.544665911015 21.208134979789317
  endloop
endfacet
facet normal 0.34298878935060645 0.812953521083408 0.4706009593465514
  outer loop
    vertex 806.5313563966225 -2631.8653127015755 24.01387818874953
    vertex 796.313091201659 -2625.929996931162 21.208134979791996
    vertex 795.7313863862188 -2627.3087562160913 24.013878188752177
  endloop
endfacet
facet normal 0.37204656378955897 0.8818263845077846 0.2897647010218994
  outer loop
    vertex 796.6712698596879 -2625.081040317234 18.164660473419712
    vertex 807.2507996990988 -2630.544665911015 21.208134979789317
    vertex 807.6937893903811 -2629.7314914578924 18.164660473417015
  endloop
endfacet
facet normal 0.37204656378955897 0.8818263845077846 0.2897647010218994
  outer loop
    vertex 807.2507996990988 -2630.544665911015 21.208134979789317
    vertex 796.6712698596879 -2625.081040317234 18.164660473419712
    vertex 796.313091201659 -2625.929996931162 21.208134979791996
  endloop
endfacet
facet normal 0.7408749312603247 0.47920671248649827 0.47060095934654866
  outer loop
    vertex 833.6097188911716 -2657.550801837127 21.208134979789317
    vertex 825.5113609867309 -2647.7857363903677 24.01387818874953
    vertex 832.2720121591158 -2658.238004361795 24.01387818874953
  endloop
endfacet
facet normal 0.7408749312603247 0.47920671248649827 0.47060095934654866
  outer loop
    vertex 825.5113609867309 -2647.7857363903677 24.01387818874953
    vertex 833.6097188911716 -2657.550801837127 21.208134979789317
    vertex 826.6866840010368 -2646.847481402137 21.208134979789317
  endloop
endfacet
facet normal 0.34298878935064264 0.8129535210840575 -0.4706009593454025
  outer loop
    vertex 795.7313863862212 -2627.308756216076 5.986121811528665
    vertex 807.2507996991033 -2630.544665911004 8.791865020488892
    vertex 806.531356396628 -2631.8653127015614 5.98612181152602
  endloop
endfacet
facet normal 0.34298878935064264 0.8129535210840575 -0.4706009593454025
  outer loop
    vertex 807.2507996991033 -2630.544665911004 8.791865020488892
    vertex 795.7313863862212 -2627.308756216076 5.986121811528665
    vertex 796.3130912016611 -2625.92999693115 8.79186502049157
  endloop
endfacet
facet normal 0.43589268860732194 0.6393547868030391 0.6334216767767905
  outer loop
    vertex 805.5630094943917 -2633.6428596245623 26.47444833631278
    vertex 816.8165863633369 -2638.877470326223 24.01387818874953
    vertex 806.5313563966225 -2631.8653127015755 24.01387818874953
  endloop
endfacet
facet normal 0.43589268860732194 0.6393547868030391 0.6334216767767905
  outer loop
    vertex 816.8165863633369 -2638.877470326223 24.01387818874953
    vertex 805.5630094943917 -2633.6428596245623 26.47444833631278
    vertex 815.5157312671264 -2640.428323254499 26.47444833631278
  endloop
endfacet
facet normal 0.3720465637896858 0.881826384508422 -0.2897647010197965
  outer loop
    vertex 796.3130912016611 -2625.92999693115 8.79186502049157
    vertex 807.6937893903829 -2629.7314914578874 11.835339526862827
    vertex 807.2507996991033 -2630.544665911004 8.791865020488892
  endloop
endfacet
facet normal 0.3720465637896858 0.881826384508422 -0.2897647010197965
  outer loop
    vertex 807.6937893903829 -2629.7314914578874 11.835339526862827
    vertex 796.3130912016611 -2625.92999693115 8.79186502049157
    vertex 796.6712698596886 -2625.0810403172286 11.835339526865525
  endloop
endfacet
facet normal 0.24708561081025185 0.5856433899704576 0.7719912698434065
  outer loop
    vertex 804.3828403970738 -2635.8092381638116 28.495621547600404
    vertex 794.9484309342677 -2629.1645206354515 26.47444833631538
    vertex 793.9942069605639 -2631.426226450367 28.495621547602948
  endloop
endfacet
facet normal 0.24708561081025185 0.5856433899704576 0.7719912698434065
  outer loop
    vertex 794.9484309342677 -2629.1645206354515 26.47444833631538
    vertex 804.3828403970738 -2635.8092381638116 28.495621547600404
    vertex 805.5630094943917 -2633.6428596245623 26.47444833631278
  endloop
endfacet
facet normal 0.3868587151189226 0.9169342100459703 0.09783654217064652
  outer loop
    vertex 796.7922064412157 -2624.7943959054223 15.000000000142906
    vertex 807.6937893903811 -2629.7314914578924 18.164660473417015
    vertex 807.8433618389762 -2629.456928648685 15.000000000140199
  endloop
endfacet
facet normal 0.3868587151189226 0.9169342100459703 0.09783654217064652
  outer loop
    vertex 807.6937893903811 -2629.7314914578924 18.164660473417015
    vertex 796.7922064412157 -2624.7943959054223 15.000000000142906
    vertex 796.6712698596879 -2625.081040317234 18.164660473419712
  endloop
endfacet
facet normal 0.3228207955849322 -0.34586648210564014 -0.881001197782262
  outer loop
    vertex 818.1477623031185 -2723.3286855739916 2.471757021282883e-10
    vertex 811.8164223605845 -2733.070154002373 1.5043784526672175
    vertex 810.1095567923767 -2730.831291441594 2.471757021282883e-10
  endloop
endfacet
facet normal 0.3228207955849322 -0.34586648210564014 -0.881001197782262
  outer loop
    vertex 811.8164223605845 -2733.070154002373 1.5043784526672175
    vertex 818.1477623031185 -2723.3286855739916 2.471757021282883e-10
    vertex 820.2638011569285 -2725.1856387783446 1.5043784526672175
  endloop
endfacet
facet normal 0.24708561081055924 0.5856433899720768 -0.7719912698420798
  outer loop
    vertex 794.9484309342703 -2629.164520635431 3.5255516639617954
    vertex 804.3828403970824 -2635.8092381637885 1.5043784526672175
    vertex 793.9942069605676 -2631.426226450342 1.5043784526697612
  endloop
endfacet
facet normal 0.24708561081055924 0.5856433899720768 -0.7719912698420798
  outer loop
    vertex 804.3828403970824 -2635.8092381637885 1.5043784526672175
    vertex 794.9484309342703 -2629.164520635431 3.5255516639617954
    vertex 805.5630094943988 -2633.6428596245437 3.5255516639591957
  endloop
endfacet
facet normal 0.6497382734372574 0.4202584388445425 0.6334216767767897
  outer loop
    vertex 832.2720121591158 -2658.238004361795 24.01387818874953
    vertex 823.9294150625611 -2649.048596588284 26.47444833631278
    vertex 830.4715031188338 -2659.1629562428902 26.47444833631278
  endloop
endfacet
facet normal 0.6497382734372574 0.4202584388445425 0.6334216767767897
  outer loop
    vertex 823.9294150625611 -2649.048596588284 26.47444833631278
    vertex 832.2720121591158 -2658.238004361795 24.01387818874953
    vertex 825.5113609867309 -2647.7857363903677 24.01387818874953
  endloop
endfacet
facet normal 0.26650960647637184 0.3909085815916725 -0.8810011977822712
  outer loop
    vertex 804.3828403970824 -2635.8092381637885 1.5043784526672175
    vertex 812.1210607904555 -2644.475380197743 2.471757021282883e-10
    vertex 803.0360419253233 -2638.2814900745893 2.471757021282883e-10
  endloop
endfacet
facet normal 0.26650960647637184 0.3909085815916725 -0.8810011977822712
  outer loop
    vertex 812.1210607904555 -2644.475380197743 2.471757021282883e-10
    vertex 804.3828403970824 -2635.8092381637885 1.5043784526672175
    vertex 813.9303190753949 -2642.318419351467 1.5043784526672175
  endloop
endfacet
facet normal 0.5337187121217246 0.3452156074349789 0.7719912698434007
  outer loop
    vertex 828.2771395866249 -2660.290237823551 28.495621547600404
    vertex 823.9294150625611 -2649.048596588284 26.47444833631278
    vertex 822.0014244953046 -2650.58770264251 28.495621547600404
  endloop
endfacet
facet normal 0.5337187121217246 0.3452156074349789 0.7719912698434007
  outer loop
    vertex 823.9294150625611 -2649.048596588284 26.47444833631278
    vertex 828.2771395866249 -2660.290237823551 28.495621547600404
    vertex 830.4715031188338 -2659.1629562428902 26.47444833631278
  endloop
endfacet
facet normal 0.38685871511895326 0.9169342100461304 -0.09783654216902594
  outer loop
    vertex 796.6712698596886 -2625.0810403172286 11.835339526865525
    vertex 807.8433618389762 -2629.456928648685 15.000000000140199
    vertex 807.6937893903829 -2629.7314914578874 11.835339526862827
  endloop
endfacet
facet normal 0.38685871511895326 0.9169342100461304 -0.09783654216902594
  outer loop
    vertex 807.8433618389762 -2629.456928648685 15.000000000140199
    vertex 796.6712698596886 -2625.0810403172286 11.835339526865525
    vertex 796.7922064412157 -2624.7943959054223 15.000000000142906
  endloop
endfacet
facet normal 0.521712601315458 -0.8474927566915907 0.09783654217083727
  outer loop
    vertex 816.0125548579498 -2738.5741398600767 18.164660473417015
    vertex 805.9878885729438 -2745.110613616319 15.000000000140407
    vertex 816.2021155589856 -2738.8227829661582 15.000000000140199
  endloop
endfacet
facet normal 0.521712601315458 -0.8474927566915907 0.09783654217083727
  outer loop
    vertex 805.9878885729438 -2745.110613616319 15.000000000140407
    vertex 816.0125548579498 -2738.5741398600767 18.164660473417015
    vertex 805.8247950815017 -2744.845677419048 18.164660473417225
  endloop
endfacet
facet normal -0.9213544101385511 0.3887236176491505 2.3033284681785463e-13
  outer loop
    vertex 793.9942069605639 -2631.426226450367 28.495621547602948
    vertex 792.9052550532339 -2634.0072649998333 2.4965727263293045e-10
    vertex 792.9052550531777 -2634.007264999837 30.000000000017966
  endloop
endfacet
facet normal -0.9213544101385511 0.3887236176491505 2.3033284681785463e-13
  outer loop
    vertex 792.9052550532339 -2634.0072649998333 2.4965727263293045e-10
    vertex 793.9942069605639 -2631.426226450367 28.495621547602948
    vertex 793.9942069605676 -2631.426226450342 1.5043784526697612
  endloop
endfacet
facet normal -0.9213544101385511 0.3887236176491505 2.3033284681785463e-13
  outer loop
    vertex 793.9942069605676 -2631.426226450342 1.5043784526697612
    vertex 793.9942069605639 -2631.426226450367 28.495621547602948
    vertex 794.9484309342677 -2629.1645206354515 26.47444833631538
  endloop
endfacet
facet normal -0.9213544101385511 0.3887236176491505 2.3033284681785463e-13
  outer loop
    vertex 793.9942069605676 -2631.426226450342 1.5043784526697612
    vertex 794.9484309342677 -2629.1645206354515 26.47444833631538
    vertex 794.9484309342703 -2629.164520635431 3.5255516639617954
  endloop
endfacet
facet normal -0.9213544101385511 0.3887236176491505 2.3033284681785463e-13
  outer loop
    vertex 794.9484309342703 -2629.164520635431 3.5255516639617954
    vertex 794.9484309342677 -2629.1645206354515 26.47444833631538
    vertex 795.7313863862188 -2627.3087562160913 24.013878188752177
  endloop
endfacet
facet normal -0.9213544101385511 0.3887236176491505 2.3033284681785463e-13
  outer loop
    vertex 794.9484309342703 -2629.164520635431 3.5255516639617954
    vertex 795.7313863862188 -2627.3087562160913 24.013878188752177
    vertex 795.7313863862212 -2627.308756216076 5.986121811528665
  endloop
endfacet
facet normal -0.9213544101385511 0.3887236176491505 2.3033284681785463e-13
  outer loop
    vertex 795.7313863862212 -2627.308756216076 5.986121811528665
    vertex 795.7313863862188 -2627.3087562160913 24.013878188752177
    vertex 796.313091201659 -2625.929996931162 21.208134979791996
  endloop
endfacet
facet normal -0.9213544101385511 0.3887236176491505 2.3033284681785463e-13
  outer loop
    vertex 795.7313863862212 -2627.308756216076 5.986121811528665
    vertex 796.313091201659 -2625.929996931162 21.208134979791996
    vertex 796.3130912016611 -2625.92999693115 8.79186502049157
  endloop
endfacet
facet normal -0.9213544101385511 0.3887236176491505 2.3033284681785463e-13
  outer loop
    vertex 796.3130912016611 -2625.92999693115 8.79186502049157
    vertex 796.313091201659 -2625.929996931162 21.208134979791996
    vertex 796.6712698596879 -2625.081040317234 18.164660473419712
  endloop
endfacet
facet normal -0.9213544101385511 0.3887236176491505 2.3033284681785463e-13
  outer loop
    vertex 796.3130912016611 -2625.92999693115 8.79186502049157
    vertex 796.6712698596879 -2625.081040317234 18.164660473419712
    vertex 796.6712698596886 -2625.0810403172286 11.835339526865525
  endloop
endfacet
facet normal -0.9213544101385511 0.3887236176491505 2.3033284681785463e-13
  outer loop
    vertex 796.6712698596886 -2625.0810403172286 11.835339526865525
    vertex 796.6712698596879 -2625.081040317234 18.164660473419712
    vertex 796.7922064412157 -2624.7943959054223 15.000000000142906
  endloop
endfacet
facet normal 0.5279930670653616 -0.5656856905738556 0.6334216767769263
  outer loop
    vertex 814.5393449501572 -2736.6417589109496 24.01387818874953
    vertex 822.1180382356986 -2726.8128449512615 26.47444833631278
    vertex 813.3121101261227 -2735.0320187228576 26.47444833631278
  endloop
endfacet
facet normal 0.5279930670653616 -0.5656856905738556 0.6334216767769263
  outer loop
    vertex 822.1180382356986 -2726.8128449512615 26.47444833631278
    vertex 814.5393449501572 -2736.6417589109496 24.01387818874953
    vertex 823.6394682878213 -2728.1479926520715 24.01387818874953
  endloop
endfacet
facet normal 0.46255019344491216 -0.7513867550111668 0.470600959346518
  outer loop
    vertex 814.5393449501572 -2736.6417589109496 24.01387818874953
    vertex 805.3417600299101 -2744.06101416495 21.208134979789527
    vertex 815.4511317000123 -2737.8377319598453 21.208134979789317
  endloop
endfacet
facet normal 0.46255019344491216 -0.7513867550111668 0.470600959346518
  outer loop
    vertex 805.3417600299101 -2744.06101416495 21.208134979789527
    vertex 814.5393449501572 -2736.6417589109496 24.01387818874953
    vertex 804.5572805271854 -2742.7866713665285 24.013878188749736
  endloop
endfacet
facet normal 0.24801942740761534 -0.4028936002633448 0.8810011977830899
  outer loop
    vertex 802.2145430840543 -2738.9810262491255 28.495621547600603
    vertex 810.1095567923206 -2730.8312914415983 30.000000000015483
    vertex 800.7459967902873 -2736.595455450863 30.000000000015667
  endloop
endfacet
facet normal 0.24801942740761534 -0.4028936002633448 0.8810011977830899
  outer loop
    vertex 810.1095567923206 -2730.8312914415983 30.000000000015483
    vertex 802.2145430840543 -2738.9810262491255 28.495621547600603
    vertex 811.8164223605704 -2733.0701540023542 28.495621547600404
  endloop
endfacet
facet normal 0.33321642172068594 -0.5412913222853319 0.7719912698432924
  outer loop
    vertex 803.5013970493461 -2741.0714480862725 26.47444833631298
    vertex 811.8164223605704 -2733.0701540023542 28.495621547600404
    vertex 802.2145430840543 -2738.9810262491255 28.495621547600603
  endloop
endfacet
facet normal 0.33321642172068594 -0.5412913222853319 0.7719912698432924
  outer loop
    vertex 811.8164223605704 -2733.0701540023542 28.495621547600404
    vertex 803.5013970493461 -2741.0714480862725 26.47444833631298
    vertex 813.3121101261227 -2735.0320187228576 26.47444833631278
  endloop
endfacet
facet normal 0.38486240669415334 -0.27516870719313624 0.8810011977830918
  outer loop
    vertex 820.2638011569109 -2725.185638778329 28.495621547600404
    vertex 824.5428966482148 -2714.3841845065817 30.000000000015483
    vertex 818.1477623030626 -2723.3286855739957 30.000000000015483
  endloop
endfacet
facet normal 0.38486240669415334 -0.27516870719313624 0.8810011977830918
  outer loop
    vertex 824.5428966482148 -2714.3841845065817 30.000000000015483
    vertex 820.2638011569109 -2725.185638778329 28.495621547600404
    vertex 826.9844706141421 -2715.7858307540446 28.495621547600404
  endloop
endfacet
facet normal 0.4056508749130889 -0.6589570145854525 0.633421676776911
  outer loop
    vertex 813.3121101261227 -2735.0320187228576 26.47444833631278
    vertex 804.5572805271854 -2742.7866713665285 24.013878188749736
    vertex 814.5393449501572 -2736.6417589109496 24.01387818874953
  endloop
endfacet
facet normal 0.4056508749130889 -0.6589570145854525 0.633421676776911
  outer loop
    vertex 804.5572805271854 -2742.7866713665285 24.013878188749736
    vertex 813.3121101261227 -2735.0320187228576 26.47444833631278
    vertex 803.5013970493461 -2741.0714480862725 26.47444833631298
  endloop
endfacet
facet normal 0.5017371278438463 -0.8150437243393065 0.2897647010215709
  outer loop
    vertex 815.4511317000123 -2737.8377319598453 21.208134979789317
    vertex 805.8247950815017 -2744.845677419048 18.164660473417225
    vertex 816.0125548579498 -2738.5741398600767 18.164660473417015
  endloop
endfacet
facet normal 0.5017371278438463 -0.8150437243393065 0.2897647010215709
  outer loop
    vertex 805.8247950815017 -2744.845677419048 18.164660473417225
    vertex 815.4511317000123 -2737.8377319598453 21.208134979789317
    vertex 805.3417600299101 -2744.06101416495 21.208134979789527
  endloop
endfacet
facet normal 0.4625501934453135 -0.7513867550118283 -0.47060095934506785
  outer loop
    vertex 815.4511317000188 -2737.8377319598544 8.791865020488892
    vertex 804.5572805271933 -2742.786671366542 5.986121811526223
    vertex 814.5393449501662 -2736.641758910962 5.98612181152602
  endloop
endfacet
facet normal 0.4625501934453135 -0.7513867550118283 -0.47060095934506785
  outer loop
    vertex 804.5572805271933 -2742.786671366542 5.986121811526223
    vertex 815.4511317000188 -2737.8377319598544 8.791865020488892
    vertex 805.3417600299157 -2744.0610141649595 8.791865020489096
  endloop
endfacet
facet normal 0.3228207955838822 -0.34586648210450277 0.8810011977830934
  outer loop
    vertex 811.8164223605704 -2733.0701540023542 28.495621547600404
    vertex 818.1477623030626 -2723.3286855739957 30.000000000015483
    vertex 810.1095567923206 -2730.8312914415983 30.000000000015483
  endloop
endfacet
facet normal 0.3228207955838822 -0.34586648210450277 0.8810011977830934
  outer loop
    vertex 818.1477623030626 -2723.3286855739957 30.000000000015483
    vertex 811.8164223605704 -2733.0701540023542 28.495621547600404
    vertex 820.2638011569109 -2725.185638778329 28.495621547600404
  endloop
endfacet
facet normal 0.5279930670661557 -0.5656856905746884 -0.6334216767755205
  outer loop
    vertex 822.1180382357135 -2726.812844951274 3.5255516639591957
    vertex 814.5393449501662 -2736.641758910962 5.98612181152602
    vertex 813.3121101261346 -2735.0320187228735 3.5255516639591957
  endloop
endfacet
facet normal 0.5279930670661557 -0.5656856905746884 -0.6334216767755205
  outer loop
    vertex 814.5393449501662 -2736.641758910962 5.98612181152602
    vertex 822.1180382357135 -2726.812844951274 3.5255516639591957
    vertex 823.6394682878329 -2728.147992652082 5.98612181152602
  endloop
endfacet
facet normal -0.9095510686498741 0.41559217210851324 -1.9889956837939567e-12
  outer loop
    vertex 801.9142983510377 -2723.911426437423 29.999999999999996
    vertex 800.8614512384444 -2726.215652264357 1.9881891688555696e-10
    vertex 800.8614512383882 -2726.215652264361 29.99999999996712
  endloop
endfacet
facet normal -0.9095510686498741 0.41559217210851324 -1.9889956837939567e-12
  outer loop
    vertex 800.8614512384444 -2726.215652264357 1.9881891688555696e-10
    vertex 801.9142983510377 -2723.911426437423 29.999999999999996
    vertex 801.9142983511128 -2723.911426437427 0.0
  endloop
endfacet
facet normal 0.7177590180203709 -0.5131829392259426 0.47060095934650975
  outer loop
    vertex 832.1837152776116 -2718.770586437911 21.208134979789317
    vertex 823.6394682878213 -2728.1479926520715 24.01387818874953
    vertex 824.7698304118334 -2729.13995438495 21.208134979789317
  endloop
endfacet
facet normal 0.7177590180203709 -0.5131829392259426 0.47060095934650975
  outer loop
    vertex 823.6394682878213 -2728.1479926520715 24.01387818874953
    vertex 832.1837152776116 -2718.770586437911 21.208134979789317
    vertex 830.8794562707184 -2718.0218441232028 24.01387818874953
  endloop
endfacet
facet normal 0.9260468469598572 0.36450685624842966 -0.09783654216903741
  outer loop
    vertex 834.4333978249017 -2657.127664067681 11.835339526862827
    vertex 839.4705211900299 -2669.07529330298 15.000000000140199
    vertex 839.1696445070465 -2669.160321975864 11.835339526862827
  endloop
endfacet
facet normal 0.9260468469598572 0.36450685624842966 -0.09783654216903741
  outer loop
    vertex 839.4705211900299 -2669.07529330298 15.000000000140199
    vertex 834.4333978249017 -2657.127664067681 11.835339526862827
    vertex 834.7115074003523 -2656.9847944851304 15.000000000140199
  endloop
endfacet
facet normal 0.13052619222032125 -0.991444861373775 3.6497585172501863e-13
  outer loop
    vertex 761.539305469065 -2648.3592213006286 29.99999999991186
    vertex 761.0216673788863 -2648.4273696480545 9.999999999911877
    vertex 761.5393054690913 -2648.3592213006327 9.99999999991186
  endloop
endfacet
facet normal 0.13052619222032125 -0.991444861373775 3.6497585172501863e-13
  outer loop
    vertex 761.0216673788863 -2648.4273696480545 9.999999999911877
    vertex 761.539305469065 -2648.3592213006286 29.99999999991186
    vertex 761.02166737886 -2648.4273696480504 29.99999999991188
  endloop
endfacet
facet normal -0.990075192456397 0.1405386540508647 -8.353585829488487e-13
  outer loop
    vertex 791.91036464853 -2641.016128970373 30.000000000016872
    vertex 791.9103646486051 -2641.016128970377 1.687467943156662e-11
    vertex 791.9103646485563 -2641.016128970377 10.00000000001687
  endloop
endfacet
facet normal -0.990075192456397 0.1405386540508647 -8.353585829488487e-13
  outer loop
    vertex 791.9103646486051 -2641.016128970377 1.687467943156662e-11
    vertex 791.91036464853 -2641.016128970373 30.000000000016872
    vertex 792.9052550532339 -2634.0072649998333 2.4965727263293045e-10
  endloop
endfacet
facet normal -0.990075192456397 0.1405386540508647 -8.353585829488487e-13
  outer loop
    vertex 792.9052550532339 -2634.0072649998333 2.4965727263293045e-10
    vertex 791.91036464853 -2641.016128970373 30.000000000016872
    vertex 792.9052550531777 -2634.007264999837 30.000000000017966
  endloop
endfacet
facet normal -0.3826834323656228 -0.9238795325110661 -3.238987132463715e-13
  outer loop
    vertex 762.539305469085 -2648.6271704930737 9.99999999991221
    vertex 762.0569435592639 -2648.42736964806 29.999999999911974
    vertex 762.0569435592903 -2648.427369648064 9.999999999911973
  endloop
endfacet
facet normal -0.3826834323656228 -0.9238795325110661 -3.238987132463715e-13
  outer loop
    vertex 762.0569435592639 -2648.42736964806 29.999999999911974
    vertex 762.539305469085 -2648.6271704930737 9.99999999991221
    vertex 762.5393054690586 -2648.6271704930696 29.99999999991221
  endloop
endfacet
facet normal 0.44023780172682414 0.17328464281906814 -0.881001197782274
  outer loop
    vertex 828.2771395866465 -2660.29023782354 1.5043784526672175
    vertex 829.8002210560956 -2671.8081497630583 2.471757021282883e-10
    vertex 825.7729514509134 -2661.5766815319253 2.471757021282883e-10
  endloop
endfacet
facet normal 0.44023780172682414 0.17328464281906814 -0.881001197782274
  outer loop
    vertex 829.8002210560956 -2671.8081497630583 2.471757021282883e-10
    vertex 828.2771395866465 -2660.29023782354 1.5043784526672175
    vertex 832.509411556368 -2671.0425242232395 1.5043784526672175
  endloop
endfacet
facet normal 0.6294658996211047 -0.4500551750655852 0.6334216767769154
  outer loop
    vertex 823.6394682878213 -2728.1479926520715 24.01387818874953
    vertex 829.1239667628101 -2717.014061719057 26.47444833631278
    vertex 822.1180382356986 -2726.8128449512615 26.47444833631278
  endloop
endfacet
facet normal 0.6294658996211047 -0.4500551750655852 0.6334216767769154
  outer loop
    vertex 829.1239667628101 -2717.014061719057 26.47444833631278
    vertex 823.6394682878213 -2728.1479926520715 24.01387818874953
    vertex 830.8794562707184 -2718.0218441232028 24.01387818874953
  endloop
endfacet
facet normal 0.8095638694260584 -0.5788215202771569 0.09783654217085277
  outer loop
    vertex 833.2579549090309 -2719.3872804104485 15.000000000140199
    vertex 825.4658390710696 -2729.750744450406 18.164660473417015
    vertex 825.7008416489047 -2729.9569735511413 15.000000000140199
  endloop
endfacet
facet normal 0.8095638694260584 -0.5788215202771569 0.09783654217085277
  outer loop
    vertex 825.4658390710696 -2729.750744450406 18.164660473417015
    vertex 833.2579549090309 -2719.3872804104485 15.000000000140199
    vertex 832.9867991242841 -2719.231616689635 18.164660473417015
  endloop
endfacet
facet normal 0.9080706560874366 -0.4072292899207239 -0.09783654216904429
  outer loop
    vertex 832.9867991242892 -2719.231616689638 11.835339526862827
    vertex 838.5747542313803 -2707.5314793459647 15.000000000140199
    vertex 833.2579549090309 -2719.3872804104485 15.000000000140199
  endloop
endfacet
facet normal 0.9080706560874366 -0.4072292899207239 -0.09783654216904429
  outer loop
    vertex 838.5747542313803 -2707.5314793459647 15.000000000140199
    vertex 832.9867991242892 -2719.231616689638 11.835339526862827
    vertex 838.2781628948098 -2707.4325337414803 11.835339526862827
  endloop
endfacet
facet normal 0.8210327814980043 0.32317163979688396 -0.47060095934522217
  outer loop
    vertex 832.2720121591291 -2658.2380043617877 5.98612181152602
    vertex 838.2785360832555 -2669.4121519479286 8.791865020488892
    vertex 836.8313195906475 -2669.8211397648715 5.98612181152602
  endloop
endfacet
facet normal 0.8210327814980043 0.32317163979688396 -0.47060095934522217
  outer loop
    vertex 838.2785360832555 -2669.4121519479286 8.791865020488892
    vertex 832.2720121591291 -2658.2380043617877 5.98612181152602
    vertex 833.6097188911817 -2657.5508018371224 8.791865020488892
  endloop
endfacet
facet normal -0.8573031964051848 0.5148118388629513 -2.2059346394115505e-13
  outer loop
    vertex 800.8614512383882 -2726.215652264361 29.99999999996712
    vertex 797.6080078051524 -2731.6335297180785 1.9834516251648892e-10
    vertex 797.6080078050962 -2731.6335297180826 29.999999999966647
  endloop
endfacet
facet normal -0.8573031964051848 0.5148118388629513 -2.2059346394115505e-13
  outer loop
    vertex 797.6080078051524 -2731.6335297180785 1.9834516251648892e-10
    vertex 800.8614512383882 -2726.215652264361 29.99999999996712
    vertex 800.8614512384444 -2726.215652264357 1.9881891688555696e-10
  endloop
endfacet
facet normal -0.991444861373775 -0.13052619222032125 -1.2799541452140085e-12
  outer loop
    vertex 763.539305469065 -2650.359221300629 29.999999999913953
    vertex 763.4711571216693 -2649.841583210428 9.999999999913456
    vertex 763.5393054690912 -2650.3592213006327 9.999999999913953
  endloop
endfacet
facet normal -0.991444861373775 -0.13052619222032125 -1.2799541452140085e-12
  outer loop
    vertex 763.4711571216693 -2649.841583210428 9.999999999913456
    vertex 763.539305469065 -2650.359221300629 29.999999999913953
    vertex 763.4711571216429 -2649.841583210424 29.999999999913456
  endloop
endfacet
facet normal -0.7933533402913866 0.6087614290085233 -1.1631411554127378e-12
  outer loop
    vertex 762.9535190314382 -2651.7734348630015 29.99999999991524
    vertex 763.2713562766602 -2651.3592213006327 9.999999999914879
    vertex 762.9535190314646 -2651.7734348630056 9.99999999991524
  endloop
endfacet
facet normal -0.7933533402913866 0.6087614290085233 -1.1631411554127378e-12
  outer loop
    vertex 763.2713562766602 -2651.3592213006327 9.999999999914879
    vertex 762.9535190314382 -2651.7734348630015 29.99999999991524
    vertex 763.2713562766338 -2651.3592213006286 29.999999999914877
  endloop
endfacet
facet normal 0.7060585755373974 -0.3166358591493132 0.6334216767769144
  outer loop
    vertex 835.9731424278901 -2706.663557661178 24.01387818874953
    vertex 829.1239667628101 -2717.014061719057 26.47444833631278
    vertex 830.8794562707184 -2718.0218441232028 24.01387818874953
  endloop
endfacet
facet normal 0.7060585755373974 -0.3166358591493132 0.6334216767769144
  outer loop
    vertex 829.1239667628101 -2717.014061719057 26.47444833631278
    vertex 835.9731424278901 -2706.663557661178 24.01387818874953
    vertex 834.0529806287155 -2706.0229739808733 26.47444833631278
  endloop
endfacet
facet normal 0.7200357298886181 0.2834175842721977 -0.6334216767754927
  outer loop
    vertex 830.471503118851 -2659.1629562428816 3.5255516639591957
    vertex 836.8313195906475 -2669.8211397648715 5.98612181152602
    vertex 834.8834140327648 -2670.3716238464153 3.5255516639591957
  endloop
endfacet
facet normal 0.7200357298886181 0.2834175842721977 -0.6334216767754927
  outer loop
    vertex 836.8313195906475 -2669.8211397648715 5.98612181152602
    vertex 830.471503118851 -2659.1629562428816 3.5255516639591957
    vertex 832.2720121591291 -2658.2380043617877 5.98612181152602
  endloop
endfacet
facet normal 0.5170662449868318 -0.36969173317908277 0.7719912698432952
  outer loop
    vertex 822.1180382356986 -2726.8128449512615 26.47444833631278
    vertex 826.9844706141421 -2715.7858307540446 28.495621547600404
    vertex 820.2638011569109 -2725.185638778329 28.495621547600404
  endloop
endfacet
facet normal 0.5170662449868318 -0.36969173317908277 0.7719912698432952
  outer loop
    vertex 826.9844706141421 -2715.7858307540446 28.495621547600404
    vertex 822.1180382356986 -2726.8128449512615 26.47444833631278
    vertex 829.1239667628101 -2717.014061719057 26.47444833631278
  endloop
endfacet
facet normal -0.9238795325114116 -0.38268343236478825 -1.1418780638994198e-12
  outer loop
    vertex 763.4711571216429 -2649.841583210424 29.999999999913456
    vertex 763.2713562766602 -2649.3592213006327 9.999999999912971
    vertex 763.4711571216693 -2649.841583210428 9.999999999913456
  endloop
endfacet
facet normal -0.9238795325114116 -0.38268343236478825 -1.1418780638994198e-12
  outer loop
    vertex 763.2713562766602 -2649.3592213006327 9.999999999912971
    vertex 763.4711571216429 -2649.841583210424 29.999999999913456
    vertex 763.2713562766338 -2649.3592213006286 29.999999999912973
  endloop
endfacet
facet normal 0.6849279936986804 0.668513321849836 -0.28976470101997953
  outer loop
    vertex 817.7830700525114 -2637.725248173385 8.791865020488892
    vertex 827.410376858383 -2646.2697607031578 11.835339526862827
    vertex 826.6866840010455 -2646.8474814021297 8.791865020488892
  endloop
endfacet
facet normal 0.6849279936986804 0.668513321849836 -0.28976470101997953
  outer loop
    vertex 827.410376858383 -2646.2697607031578 11.835339526862827
    vertex 817.7830700525114 -2637.725248173385 8.791865020488892
    vertex 818.3781722789372 -2637.0157794299685 11.835339526862827
  endloop
endfacet
facet normal 0.4970339272156263 0.7290349869921944 0.47060095934655993
  outer loop
    vertex 806.5313563966225 -2631.8653127015755 24.01387818874953
    vertex 817.7830700525042 -2637.7252481733935 21.208134979789317
    vertex 807.2507996990988 -2630.544665911015 21.208134979789317
  endloop
endfacet
facet normal 0.4970339272156263 0.7290349869921944 0.47060095934655993
  outer loop
    vertex 817.7830700525042 -2637.7252481733935 21.208134979789317
    vertex 806.5313563966225 -2631.8653127015755 24.01387818874953
    vertex 816.8165863633369 -2638.877470326223 24.01387818874953
  endloop
endfacet
facet normal 0.8356364198199037 0.5404995697380246 -0.09783654216898653
  outer loop
    vertex 827.410376858383 -2646.2697607031578 11.835339526862827
    vertex 834.7115074003523 -2656.9847944851304 15.000000000140199
    vertex 834.4333978249017 -2657.127664067681 11.835339526862827
  endloop
endfacet
facet normal 0.8356364198199037 0.5404995697380246 -0.09783654216898653
  outer loop
    vertex 834.7115074003523 -2656.9847944851304 15.000000000140199
    vertex 827.410376858383 -2646.2697607031578 11.835339526862827
    vertex 827.6547268169296 -2646.074697248524 15.000000000140199
  endloop
endfacet
facet normal 0.539142299833013 0.7907983298999115 0.28976470102184754
  outer loop
    vertex 807.2507996990988 -2630.544665911015 21.208134979789317
    vertex 818.3781722789337 -2637.0157794299726 18.164660473417015
    vertex 807.6937893903811 -2629.7314914578924 18.164660473417015
  endloop
endfacet
facet normal 0.539142299833013 0.7907983298999115 0.28976470102184754
  outer loop
    vertex 818.3781722789337 -2637.0157794299726 18.164660473417015
    vertex 807.2507996990988 -2630.544665911015 21.208134979789317
    vertex 817.7830700525042 -2637.7252481733935 21.208134979789317
  endloop
endfacet
facet normal 0.5606069714909685 0.8222820893901478 0.09783654217059073
  outer loop
    vertex 807.6937893903811 -2629.7314914578924 18.164660473417015
    vertex 818.5791044877936 -2636.7762321464947 15.000000000140199
    vertex 807.8433618389762 -2629.456928648685 15.000000000140199
  endloop
endfacet
facet normal 0.5606069714909685 0.8222820893901478 0.09783654217059073
  outer loop
    vertex 818.5791044877936 -2636.7762321464947 15.000000000140199
    vertex 807.6937893903811 -2629.7314914578924 18.164660473417015
    vertex 818.3781722789337 -2637.0157794299726 18.164660473417015
  endloop
endfacet
facet normal 0.8036413461068412 0.5198047757277495 0.2897647010217233
  outer loop
    vertex 834.4333978248966 -2657.127664067684 18.164660473417015
    vertex 826.6866840010368 -2646.847481402137 21.208134979789317
    vertex 833.6097188911716 -2657.550801837127 21.208134979789317
  endloop
endfacet
facet normal 0.8036413461068412 0.5198047757277495 0.2897647010217233
  outer loop
    vertex 826.6866840010368 -2646.847481402137 21.208134979789317
    vertex 834.4333978248966 -2657.127664067684 18.164660473417015
    vertex 827.4103768583782 -2646.269760703161 18.164660473417015
  endloop
endfacet
facet normal 0.5606069714910609 0.8222820893902776 -0.09783654216896923
  outer loop
    vertex 807.8433618389762 -2629.456928648685 15.000000000140199
    vertex 818.3781722789372 -2637.0157794299685 11.835339526862827
    vertex 807.6937893903829 -2629.7314914578874 11.835339526862827
  endloop
endfacet
facet normal 0.5606069714910609 0.8222820893902776 -0.09783654216896923
  outer loop
    vertex 818.3781722789372 -2637.0157794299685 11.835339526862827
    vertex 807.8433618389762 -2629.456928648685 15.000000000140199
    vertex 818.5791044877936 -2636.7762321464947 15.000000000140199
  endloop
endfacet
facet normal 0.7121967769093576 0.695128593841461 0.09783654217068377
  outer loop
    vertex 827.6547268169296 -2646.074697248524 15.000000000140199
    vertex 818.3781722789337 -2637.0157794299726 18.164660473417015
    vertex 827.4103768583782 -2646.269760703161 18.164660473417015
  endloop
endfacet
facet normal 0.7121967769093576 0.695128593841461 0.09783654217068377
  outer loop
    vertex 818.3781722789337 -2637.0157794299726 18.164660473417015
    vertex 827.6547268169296 -2646.074697248524 15.000000000140199
    vertex 818.5791044877936 -2636.7762321464947 15.000000000140199
  endloop
endfacet
facet normal 0.3972571600584783 0.25695065341123774 -0.8810011977822793
  outer loop
    vertex 822.0014244953237 -2650.5877026424946 1.5043784526672175
    vertex 825.7729514509134 -2661.5766815319253 2.471757021282883e-10
    vertex 819.8012188167917 -2652.3441167753654 2.471757021282883e-10
  endloop
endfacet
facet normal 0.3972571600584783 0.25695065341123774 -0.8810011977822793
  outer loop
    vertex 825.7729514509134 -2661.5766815319253 2.471757021282883e-10
    vertex 822.0014244953237 -2650.5877026424946 1.5043784526672175
    vertex 828.2771395866465 -2660.29023782354 1.5043784526672175
  endloop
endfacet
facet normal 0.539142299833352 0.7907983299003927 -0.28976470101990276
  outer loop
    vertex 807.6937893903829 -2629.7314914578874 11.835339526862827
    vertex 817.7830700525114 -2637.725248173385 8.791865020488892
    vertex 807.2507996991033 -2630.544665911004 8.791865020488892
  endloop
endfacet
facet normal 0.539142299833352 0.7907983299003927 -0.28976470101990276
  outer loop
    vertex 817.7830700525114 -2637.725248173385 8.791865020488892
    vertex 807.6937893903829 -2629.7314914578874 11.835339526862827
    vertex 818.3781722789372 -2637.0157794299685 11.835339526862827
  endloop
endfacet
facet normal 0.2665096064755584 0.39090858159047315 0.8810011977830493
  outer loop
    vertex 812.1210607903994 -2644.475380197747 30.000000000015483
    vertex 804.3828403970738 -2635.8092381638116 28.495621547600404
    vertex 803.0360419252672 -2638.281490074593 30.000000000015483
  endloop
endfacet
facet normal 0.2665096064755584 0.39090858159047315 0.8810011977830493
  outer loop
    vertex 804.3828403970738 -2635.8092381638116 28.495621547600404
    vertex 812.1210607903994 -2644.475380197747 30.000000000015483
    vertex 813.9303190753798 -2642.3184193514853 28.495621547600404
  endloop
endfacet
facet normal 0.5337187121230768 0.3452156074358493 -0.7719912698420767
  outer loop
    vertex 823.9294150625763 -2649.048596588272 3.5255516639591957
    vertex 828.2771395866465 -2660.29023782354 1.5043784526672175
    vertex 822.0014244953237 -2650.5877026424946 1.5043784526672175
  endloop
endfacet
facet normal 0.5337187121230768 0.3452156074358493 -0.7719912698420767
  outer loop
    vertex 828.2771395866465 -2660.29023782354 1.5043784526672175
    vertex 823.9294150625763 -2649.048596588272 3.5255516639591957
    vertex 830.471503118851 -2659.1629562428816 3.5255516639591957
  endloop
endfacet
facet normal 0.3385746028863035 0.33046047840334963 -0.8810011977822795
  outer loop
    vertex 813.9303190753949 -2642.318419351467 1.5043784526672175
    vertex 819.8012188167917 -2652.3441167753654 2.471757021282883e-10
    vertex 812.1210607904555 -2644.475380197743 2.471757021282883e-10
  endloop
endfacet
facet normal 0.3385746028863035 0.33046047840334963 -0.8810011977822795
  outer loop
    vertex 819.8012188167917 -2652.3441167753654 2.471757021282883e-10
    vertex 813.9303190753949 -2642.318419351467 1.5043784526672175
    vertex 822.0014244953237 -2650.5877026424946 1.5043784526672175
  endloop
endfacet
facet normal 0.5537593781241901 0.5404882334801318 -0.6334216767754611
  outer loop
    vertex 816.8165863633467 -2638.8774703262116 5.98612181152602
    vertex 823.9294150625763 -2649.048596588272 3.5255516639591957
    vertex 815.5157312671382 -2640.428323254484 3.5255516639591957
  endloop
endfacet
facet normal 0.5537593781241901 0.5404882334801318 -0.6334216767754611
  outer loop
    vertex 823.9294150625763 -2649.048596588272 3.5255516639591957
    vertex 816.8165863633467 -2638.8774703262116 5.98612181152602
    vertex 825.5113609867424 -2647.785736390358 5.98612181152602
  endloop
endfacet
facet normal 0.803641346107277 0.5198047757280378 -0.28976470101999663
  outer loop
    vertex 826.6866840010455 -2646.8474814021297 8.791865020488892
    vertex 834.4333978249017 -2657.127664067681 11.835339526862827
    vertex 833.6097188911817 -2657.5508018371224 8.791865020488892
  endloop
endfacet
facet normal 0.803641346107277 0.5198047757280378 -0.28976470101999663
  outer loop
    vertex 834.4333978249017 -2657.127664067681 11.835339526862827
    vertex 826.6866840010455 -2646.8474814021297 8.791865020488892
    vertex 827.410376858383 -2646.2697607031578 11.835339526862827
  endloop
endfacet
facet normal 0.7408749312608868 0.4792067124868666 -0.4706009593452885
  outer loop
    vertex 825.5113609867424 -2647.785736390358 5.98612181152602
    vertex 833.6097188911817 -2657.5508018371224 8.791865020488892
    vertex 832.2720121591291 -2658.2380043617877 5.98612181152602
  endloop
endfacet
facet normal 0.7408749312608868 0.4792067124868666 -0.4706009593452885
  outer loop
    vertex 833.6097188911817 -2657.5508018371224 8.791865020488892
    vertex 825.5113609867424 -2647.785736390358 5.98612181152602
    vertex 826.6866840010455 -2646.8474814021297 8.791865020488892
  endloop
endfacet
facet normal 0.4358926886079481 0.6393547868039698 -0.6334216767754202
  outer loop
    vertex 806.531356396628 -2631.8653127015614 5.98612181152602
    vertex 815.5157312671382 -2640.428323254484 3.5255516639591957
    vertex 805.5630094943988 -2633.6428596245437 3.5255516639591957
  endloop
endfacet
facet normal 0.4358926886079481 0.6393547868039698 -0.6334216767754202
  outer loop
    vertex 815.5157312671382 -2640.428323254484 3.5255516639591957
    vertex 806.531356396628 -2631.8653127015614 5.98612181152602
    vertex 816.8165863633467 -2638.8774703262116 5.98612181152602
  endloop
endfacet
facet normal 0.18391059899571424 0.43590570205245266 0.8810011977830654
  outer loop
    vertex 803.0360419252672 -2638.281490074593 30.000000000015483
    vertex 793.9942069605639 -2631.426226450367 28.495621547602948
    vertex 792.9052550531777 -2634.007264999837 30.000000000017966
  endloop
endfacet
facet normal 0.18391059899571424 0.43590570205245266 0.8810011977830654
  outer loop
    vertex 793.9942069605639 -2631.426226450367 28.495621547602948
    vertex 803.0360419252672 -2638.281490074593 30.000000000015483
    vertex 804.3828403970738 -2635.8092381638116 28.495621547600404
  endloop
endfacet
facet normal 0.35805815033188776 0.5251893375407538 0.7719912698433912
  outer loop
    vertex 813.9303190753798 -2642.3184193514853 28.495621547600404
    vertex 805.5630094943917 -2633.6428596245623 26.47444833631278
    vertex 804.3828403970738 -2635.8092381638116 28.495621547600404
  endloop
endfacet
facet normal 0.35805815033188776 0.5251893375407538 0.7719912698433912
  outer loop
    vertex 805.5630094943917 -2633.6428596245623 26.47444833631278
    vertex 813.9303190753798 -2642.3184193514853 28.495621547600404
    vertex 815.5157312671264 -2640.428323254499 26.47444833631278
  endloop
endfacet
facet normal 0.6314333909122222 0.6163007463107483 0.47060095934656526
  outer loop
    vertex 826.6866840010368 -2646.847481402137 21.208134979789317
    vertex 816.8165863633369 -2638.877470326223 24.01387818874953
    vertex 825.5113609867309 -2647.7857363903677 24.01387818874953
  endloop
endfacet
facet normal 0.6314333909122222 0.6163007463107483 0.47060095934656526
  outer loop
    vertex 816.8165863633369 -2638.877470326223 24.01387818874953
    vertex 826.6866840010368 -2646.847481402137 21.208134979789317
    vertex 817.7830700525042 -2637.7252481733935 21.208134979789317
  endloop
endfacet
facet normal 0.3385746028852692 0.33046047840232545 0.8810011977830613
  outer loop
    vertex 819.8012188167357 -2652.344116775369 30.000000000015483
    vertex 813.9303190753798 -2642.3184193514853 28.495621547600404
    vertex 812.1210607903994 -2644.475380197747 30.000000000015483
  endloop
endfacet
facet normal 0.3385746028852692 0.33046047840232545 0.8810011977830613
  outer loop
    vertex 813.9303190753798 -2642.3184193514853 28.495621547600404
    vertex 819.8012188167357 -2652.344116775369 30.000000000015483
    vertex 822.0014244953046 -2650.58770264251 28.495621547600404
  endloop
endfacet
facet normal 0.30079698259182075 0.71295031709995 0.6334216767768028
  outer loop
    vertex 795.7313863862188 -2627.3087562160913 24.013878188752177
    vertex 805.5630094943917 -2633.6428596245623 26.47444833631278
    vertex 806.5313563966225 -2631.8653127015755 24.01387818874953
  endloop
endfacet
facet normal 0.30079698259182075 0.71295031709995 0.6334216767768028
  outer loop
    vertex 805.5630094943917 -2633.6428596245623 26.47444833631278
    vertex 795.7313863862188 -2627.3087562160913 24.013878188752177
    vertex 794.9484309342677 -2629.1645206354515 26.47444833631538
  endloop
endfacet
facet normal 0.49703392721597794 0.7290349869927157 -0.4706009593453807
  outer loop
    vertex 807.2507996991033 -2630.544665911004 8.791865020488892
    vertex 816.8165863633467 -2638.8774703262116 5.98612181152602
    vertex 806.531356396628 -2631.8653127015614 5.98612181152602
  endloop
endfacet
facet normal 0.49703392721597794 0.7290349869927157 -0.4706009593453807
  outer loop
    vertex 816.8165863633467 -2638.8774703262116 5.98612181152602
    vertex 807.2507996991033 -2630.544665911004 8.791865020488892
    vertex 817.7830700525114 -2637.725248173385 8.791865020488892
  endloop
endfacet
facet normal 0.3007969825920087 0.7129503171011211 -0.6334216767753957
  outer loop
    vertex 794.9484309342703 -2629.164520635431 3.5255516639617954
    vertex 806.531356396628 -2631.8653127015614 5.98612181152602
    vertex 805.5630094943988 -2633.6428596245437 3.5255516639591957
  endloop
endfacet
facet normal 0.3007969825920087 0.7129503171011211 -0.6334216767753957
  outer loop
    vertex 806.531356396628 -2631.8653127015614 5.98612181152602
    vertex 794.9484309342703 -2629.164520635431 3.5255516639617954
    vertex 795.7313863862212 -2627.308756216076 5.986121811528665
  endloop
endfacet
facet normal 0.35805815033276817 0.5251893375420474 -0.7719912698421029
  outer loop
    vertex 805.5630094943988 -2633.6428596245437 3.5255516639591957
    vertex 813.9303190753949 -2642.318419351467 1.5043784526672175
    vertex 804.3828403970824 -2635.8092381637885 1.5043784526672175
  endloop
endfacet
facet normal 0.35805815033276817 0.5251893375420474 -0.7719912698421029
  outer loop
    vertex 813.9303190753949 -2642.318419351467 1.5043784526672175
    vertex 805.5630094943988 -2633.6428596245437 3.5255516639591957
    vertex 815.5157312671382 -2640.428323254484 3.5255516639591957
  endloop
endfacet
facet normal 0.4548781474032315 0.44397674522733954 -0.7719912698420508
  outer loop
    vertex 815.5157312671382 -2640.428323254484 3.5255516639591957
    vertex 822.0014244953237 -2650.5877026424946 1.5043784526672175
    vertex 813.9303190753949 -2642.318419351467 1.5043784526672175
  endloop
endfacet
facet normal 0.4548781474032315 0.44397674522733954 -0.7719912698420508
  outer loop
    vertex 822.0014244953237 -2650.5877026424946 1.5043784526672175
    vertex 815.5157312671382 -2640.428323254484 3.5255516639591957
    vertex 823.9294150625763 -2649.048596588272 3.5255516639591957
  endloop
endfacet
facet normal 0.6497382734381664 0.4202584388451338 -0.6334216767754648
  outer loop
    vertex 823.9294150625763 -2649.048596588272 3.5255516639591957
    vertex 832.2720121591291 -2658.2380043617877 5.98612181152602
    vertex 830.471503118851 -2659.1629562428816 3.5255516639591957
  endloop
endfacet
facet normal 0.6497382734381664 0.4202584388451338 -0.6334216767754648
  outer loop
    vertex 832.2720121591291 -2658.2380043617877 5.98612181152602
    vertex 823.9294150625763 -2649.048596588272 3.5255516639591957
    vertex 825.5113609867424 -2647.785736390358 5.98612181152602
  endloop
endfacet
facet normal 0.5537593781234138 0.5404882334793816 0.6334216767767801
  outer loop
    vertex 823.9294150625611 -2649.048596588284 26.47444833631278
    vertex 816.8165863633369 -2638.877470326223 24.01387818874953
    vertex 815.5157312671264 -2640.428323254499 26.47444833631278
  endloop
endfacet
facet normal 0.5537593781234138 0.5404882334793816 0.6334216767767801
  outer loop
    vertex 816.8165863633369 -2638.877470326223 24.01387818874953
    vertex 823.9294150625611 -2649.048596588284 26.47444833631278
    vertex 825.5113609867309 -2647.7857363903677 24.01387818874953
  endloop
endfacet
facet normal 0.6314333909126812 0.6163007463112119 -0.47060095934534213
  outer loop
    vertex 816.8165863633467 -2638.8774703262116 5.98612181152602
    vertex 826.6866840010455 -2646.8474814021297 8.791865020488892
    vertex 825.5113609867424 -2647.785736390358 5.98612181152602
  endloop
endfacet
facet normal 0.6314333909126812 0.6163007463112119 -0.47060095934534213
  outer loop
    vertex 826.6866840010455 -2646.8474814021297 8.791865020488892
    vertex 816.8165863633467 -2638.8774703262116 5.98612181152602
    vertex 817.7830700525114 -2637.725248173385 8.791865020488892
  endloop
endfacet
facet normal 0.8356364198197613 0.5404995697379228 0.09783654217076636
  outer loop
    vertex 834.7115074003523 -2656.9847944851304 15.000000000140199
    vertex 827.4103768583782 -2646.269760703161 18.164660473417015
    vertex 834.4333978248966 -2657.127664067684 18.164660473417015
  endloop
endfacet
facet normal 0.8356364198197613 0.5404995697379228 0.09783654217076636
  outer loop
    vertex 827.4103768583782 -2646.269760703161 18.164660473417015
    vertex 834.7115074003523 -2656.9847944851304 15.000000000140199
    vertex 827.6547268169296 -2646.074697248524 15.000000000140199
  endloop
endfacet
facet normal 0.45487814740208077 0.4439767452262078 0.77199126984338
  outer loop
    vertex 822.0014244953046 -2650.58770264251 28.495621547600404
    vertex 815.5157312671264 -2640.428323254499 26.47444833631278
    vertex 813.9303190753798 -2642.3184193514853 28.495621547600404
  endloop
endfacet
facet normal 0.45487814740208077 0.4439767452262078 0.77199126984338
  outer loop
    vertex 815.5157312671264 -2640.428323254499 26.47444833631278
    vertex 822.0014244953046 -2650.58770264251 28.495621547600404
    vertex 823.9294150625611 -2649.048596588284 26.47444833631278
  endloop
endfacet
facet normal 0.712196776909476 0.6951285938415772 -0.0978365421689966
  outer loop
    vertex 818.3781722789372 -2637.0157794299685 11.835339526862827
    vertex 827.6547268169296 -2646.074697248524 15.000000000140199
    vertex 827.410376858383 -2646.2697607031578 11.835339526862827
  endloop
endfacet
facet normal 0.712196776909476 0.6951285938415772 -0.0978365421689966
  outer loop
    vertex 827.6547268169296 -2646.074697248524 15.000000000140199
    vertex 818.3781722789372 -2637.0157794299685 11.835339526862827
    vertex 818.5791044877936 -2636.7762321464947 15.000000000140199
  endloop
endfacet
facet normal 0.6849279936982912 0.6685133218494405 0.2897647010218119
  outer loop
    vertex 827.4103768583782 -2646.269760703161 18.164660473417015
    vertex 817.7830700525042 -2637.7252481733935 21.208134979789317
    vertex 826.6866840010368 -2646.847481402137 21.208134979789317
  endloop
endfacet
facet normal 0.6849279936982912 0.6685133218494405 0.2897647010218119
  outer loop
    vertex 817.7830700525042 -2637.7252481733935 21.208134979789317
    vertex 827.4103768583782 -2646.269760703161 18.164660473417015
    vertex 818.3781722789337 -2637.0157794299726 18.164660473417015
  endloop
endfacet
facet normal -0.9238795325113104 0.38268343236503266 -1.290960731296969e-12
  outer loop
    vertex 799.2652810988565 -2706.357240033598 29.99999999997915
    vertex 799.4650819438918 -2705.874878123807 9.999999999978451
    vertex 799.2652810988827 -2706.357240033602 9.999999999979151
  endloop
endfacet
facet normal -0.9238795325113104 0.38268343236503266 -1.290960731296969e-12
  outer loop
    vertex 799.4650819438918 -2705.874878123807 9.999999999978451
    vertex 799.2652810988565 -2706.357240033598 29.99999999997915
    vertex 799.4650819438656 -2705.8748781238032 29.999999999978453
  endloop
endfacet
facet normal -0.9914448613737867 0.13052619222023176 -1.3308034667569173e-12
  outer loop
    vertex 799.4650819438656 -2705.8748781238032 29.999999999978453
    vertex 799.5332302913139 -2705.3572400336016 9.999999999977932
    vertex 799.4650819438918 -2705.874878123807 9.999999999978451
  endloop
endfacet
facet normal -0.9914448613737867 0.13052619222023176 -1.3308034667569173e-12
  outer loop
    vertex 799.5332302913139 -2705.3572400336016 9.999999999977932
    vertex 799.4650819438656 -2705.8748781238032 29.999999999978453
    vertex 799.5332302912875 -2705.3572400335975 29.999999999977934
  endloop
endfacet
facet normal -1.0 -9.506655396538472e-27 -1.3753999160594056e-12
  outer loop
    vertex 792.2893054690584 -2676.3009739654 27.999999999913758
    vertex 792.2893054690848 -2667.300973965403 9.999999999913761
    vertex 792.2893054690848 -2676.3009739654035 9.999999999913761
  endloop
endfacet
facet normal -1.0 -9.506655396538472e-27 -1.3753999160594056e-12
  outer loop
    vertex 792.2893054690848 -2667.300973965403 9.999999999913761
    vertex 792.2893054690584 -2676.3009739654 27.999999999913758
    vertex 792.2893054690584 -2667.300973965399 27.999999999913758
  endloop
endfacet
facet normal -0.9912507970964899 -0.13199188329429068 -4.827242237109017e-12
  outer loop
    vertex 808.3921094745585 -2675.7421873528037 10.000000000012742
    vertex 809.5356285084621 -2684.3299438535296 1.2599610244024006e-11
    vertex 809.5356285084133 -2684.3299438535296 10.000000000012596
  endloop
endfacet
facet normal -0.9912507970964899 -0.13199188329429068 -4.827242237109017e-12
  outer loop
    vertex 809.5356285084621 -2684.3299438535296 1.2599610244024006e-11
    vertex 808.3921094745585 -2675.7421873528037 10.000000000012742
    vertex 808.3921094746073 -2675.7421873528037 1.2746248501116497e-11
  endloop
endfacet
facet normal 1.0313020279035156e-13 1.0 -2.072520421457959e-13
  outer loop
    vertex 785.2893054690593 -2676.300973965399 27.999999999913758
    vertex 792.2893054690848 -2676.3009739654035 9.999999999913761
    vertex 785.2893054690855 -2676.300973965403 9.999999999913761
  endloop
endfacet
facet normal 1.0313020279035156e-13 1.0 -2.072520421457959e-13
  outer loop
    vertex 792.2893054690848 -2676.3009739654035 9.999999999913761
    vertex 785.2893054690593 -2676.300973965399 27.999999999913758
    vertex 792.2893054690584 -2676.3009739654 27.999999999913758
  endloop
endfacet
facet normal 0.8210327814973432 0.32317163979661895 0.47060095934655766
  outer loop
    vertex 838.2785360832451 -2669.4121519479318 21.208134979789317
    vertex 832.2720121591158 -2658.238004361795 24.01387818874953
    vertex 836.8313195906327 -2669.8211397648756 24.01387818874953
  endloop
endfacet
facet normal 0.8210327814973432 0.32317163979661895 0.47060095934655766
  outer loop
    vertex 832.2720121591158 -2658.238004361795 24.01387818874953
    vertex 838.2785360832451 -2669.4121519479318 21.208134979789317
    vertex 833.6097188911716 -2657.550801837127 21.208134979789317
  endloop
endfacet
facet normal -0.7691092153698831 -0.6391173717190942 -3.7114907169402045e-12
  outer loop
    vertex 791.9103646485563 -2641.016128970377 10.00000000001687
    vertex 794.5967958652743 -2644.2489608360484 1.6141488146104167e-11
    vertex 794.5967958652255 -2644.2489608360484 10.000000000016144
  endloop
endfacet
facet normal -0.7691092153698831 -0.6391173717190942 -3.7114907169402045e-12
  outer loop
    vertex 794.5967958652743 -2644.2489608360484 1.6141488146104167e-11
    vertex 791.9103646485563 -2641.016128970377 10.00000000001687
    vertex 791.9103646486051 -2641.016128970377 1.687467943156662e-11
  endloop
endfacet
facet normal 0.7200357298876164 0.28341758427180436 0.6334216767768075
  outer loop
    vertex 836.8313195906327 -2669.8211397648756 24.01387818874953
    vertex 830.4715031188338 -2659.1629562428902 26.47444833631278
    vertex 834.883414032746 -2670.3716238464203 26.47444833631278
  endloop
endfacet
facet normal 0.7200357298876164 0.28341758427180436 0.6334216767768075
  outer loop
    vertex 830.4715031188338 -2659.1629562428902 26.47444833631278
    vertex 836.8313195906327 -2669.8211397648756 24.01387818874953
    vertex 832.2720121591158 -2658.238004361795 24.01387818874953
  endloop
endfacet
facet normal -1.0 -1.145209826174455e-26 -1.3753999160594056e-12
  outer loop
    vertex 785.2893054690593 -2684.500973965399 27.999999999913758
    vertex 785.2893054690855 -2676.300973965403 9.999999999913761
    vertex 785.2893054690855 -2684.5009739654033 9.999999999913761
  endloop
endfacet
facet normal -1.0 -1.145209826174455e-26 -1.3753999160594056e-12
  outer loop
    vertex 785.2893054690855 -2676.300973965403 9.999999999913761
    vertex 785.2893054690593 -2684.500973965399 27.999999999913758
    vertex 785.2893054690593 -2676.300973965399 27.999999999913758
  endloop
endfacet
facet normal -0.13052619222028752 0.9914448613737795 -3.6497585172497506e-13
  outer loop
    vertex 797.5332302912876 -2707.357240033598 29.9999999999813
    vertex 797.9634638443605 -2707.300598711797 9.999999999987153
    vertex 797.533230291314 -2707.357240033602 9.999999999981299
  endloop
endfacet
facet normal -0.13052619222028752 0.9914448613737795 -3.6497585172497506e-13
  outer loop
    vertex 797.9634638443605 -2707.300598711797 9.999999999987153
    vertex 797.5332302912876 -2707.357240033598 29.9999999999813
    vertex 797.9634638443342 -2707.3005987117936 29.999999999987153
  endloop
endfacet
facet normal -0.9997963142611146 -0.020182417840551293 -4.8760034005133465e-12
  outer loop
    vertex 809.5356285084133 -2684.3299438535296 10.000000000012596
    vertex 809.7104800097353 -2692.9917349182606 1.2746248501116497e-11
    vertex 809.7104800096865 -2692.9917349182606 10.000000000012742
  endloop
endfacet
facet normal -0.9997963142611146 -0.020182417840551293 -4.8760034005133465e-12
  outer loop
    vertex 809.7104800097353 -2692.9917349182606 1.2746248501116497e-11
    vertex 809.5356285084133 -2684.3299438535296 10.000000000012596
    vertex 809.5356285084621 -2684.3299438535296 1.2599610244024006e-11
  endloop
endfacet
facet normal 0.9914448613737632 -0.1305261922204107 1.3308034667569212e-12
  outer loop
    vertex 795.6013786387362 -2704.839601943397 9.999999999983821
    vertex 795.5332302912877 -2705.3572400335975 29.99999999998434
    vertex 795.5332302913141 -2705.3572400336016 9.99999999998434
  endloop
endfacet
facet normal 0.9914448613737632 -0.1305261922204107 1.3308034667569212e-12
  outer loop
    vertex 795.5332302912877 -2705.3572400335975 29.99999999998434
    vertex 795.6013786387362 -2704.839601943397 9.999999999983821
    vertex 795.6013786387098 -2704.839601943393 29.99999999998382
  endloop
endfacet
facet normal 0.5914636064214491 0.23280953924718767 0.771991269843413
  outer loop
    vertex 832.509411556345 -2671.0425242232463 28.495621547600404
    vertex 830.4715031188338 -2659.1629562428902 26.47444833631278
    vertex 828.2771395866249 -2660.290237823551 28.495621547600404
  endloop
endfacet
facet normal 0.5914636064214491 0.23280953924718767 0.771991269843413
  outer loop
    vertex 830.4715031188338 -2659.1629562428902 26.47444833631278
    vertex 832.509411556345 -2671.0425242232463 28.495621547600404
    vertex 834.883414032746 -2670.3716238464203 26.47444833631278
  endloop
endfacet
facet normal 0.13052619222032125 0.991444861373775 -2.12630915130183e-14
  outer loop
    vertex 797.0155922010825 -2707.289091686176 29.99999999998102
    vertex 797.533230291314 -2707.357240033602 9.999999999981299
    vertex 797.0155922011089 -2707.2890916861797 9.999999999981023
  endloop
endfacet
facet normal 0.13052619222032125 0.991444861373775 -2.12630915130183e-14
  outer loop
    vertex 797.533230291314 -2707.357240033602 9.999999999981299
    vertex 797.0155922010825 -2707.289091686176 29.99999999998102
    vertex 797.5332302912876 -2707.357240033598 29.9999999999813
  endloop
endfacet
facet normal -0.38268343237019387 0.9238795325091728 -6.838161107983458e-13
  outer loop
    vertex 798.0508683815191 -2707.2890916861797 9.99999999998183
    vertex 798.5332302912684 -2707.0892908411715 29.9999999999809
    vertex 798.5332302912948 -2707.0892908411756 9.999999999980899
  endloop
endfacet
facet normal -0.38268343237019387 0.9238795325091728 -6.838161107983458e-13
  outer loop
    vertex 798.5332302912684 -2707.0892908411715 29.9999999999809
    vertex 798.0508683815191 -2707.2890916861797 9.99999999998183
    vertex 798.0508683814927 -2707.289091686176 29.999999999981828
  endloop
endfacet
facet normal 0.4402378017254788 0.17328464281854034 0.8810011977830501
  outer loop
    vertex 829.8002210560393 -2671.8081497630624 30.000000000015483
    vertex 828.2771395866249 -2660.290237823551 28.495621547600404
    vertex 825.7729514508575 -2661.5766815319294 30.000000000015483
  endloop
endfacet
facet normal 0.4402378017254788 0.17328464281854034 0.8810011977830501
  outer loop
    vertex 828.2771395866249 -2660.290237823551 28.495621547600404
    vertex 829.8002210560393 -2671.8081497630624 30.000000000015483
    vertex 832.509411556345 -2671.0425242232463 28.495621547600404
  endloop
endfacet
facet normal 0.8905901143097836 0.35055051894913264 0.2897647010216744
  outer loop
    vertex 839.1696445070412 -2669.1603219758654 18.164660473417015
    vertex 833.6097188911716 -2657.550801837127 21.208134979789317
    vertex 838.2785360832451 -2669.4121519479318 21.208134979789317
  endloop
endfacet
facet normal 0.8905901143097836 0.35055051894913264 0.2897647010216744
  outer loop
    vertex 833.6097188911716 -2657.550801837127 21.208134979789317
    vertex 839.1696445070412 -2669.1603219758654 18.164660473417015
    vertex 834.4333978248966 -2657.127664067684 18.164660473417015
  endloop
endfacet
facet normal 0.9260468469596963 0.3645068562483688 0.09783654217078663
  outer loop
    vertex 839.4705211900299 -2669.07529330298 15.000000000140199
    vertex 834.4333978248966 -2657.127664067684 18.164660473417015
    vertex 839.1696445070412 -2669.1603219758654 18.164660473417015
  endloop
endfacet
facet normal 0.9260468469596963 0.3645068562483688 0.09783654217078663
  outer loop
    vertex 834.4333978248966 -2657.127664067684 18.164660473417015
    vertex 839.4705211900299 -2669.07529330298 15.000000000140199
    vertex 834.7115074003523 -2656.9847944851304 15.000000000140199
  endloop
endfacet
facet normal -0.13052619223394213 -0.9914448613719818 2.1263091494735172e-14
  outer loop
    vertex 798.0508683814734 -2703.4253883810247 29.99999999997879
    vertex 797.533230291314 -2703.357240033602 9.999999999979556
    vertex 798.0508683814998 -2703.425388381029 9.99999999997879
  endloop
endfacet
facet normal -0.13052619223394213 -0.9914448613719818 2.1263091494735172e-14
  outer loop
    vertex 797.533230291314 -2703.357240033602 9.999999999979556
    vertex 798.0508683814734 -2703.4253883810247 29.99999999997879
    vertex 797.5332302912876 -2703.357240033598 29.999999999979558
  endloop
endfacet
facet normal -0.9957700102194487 0.09188082905350327 -4.863451832436146e-12
  outer loop
    vertex 809.7104800096865 -2692.9917349182606 10.000000000012742
    vertex 808.9144653287811 -2701.618643873631 1.3174883406463776e-11
    vertex 808.9144653287324 -2701.618643873631 10.000000000013177
  endloop
endfacet
facet normal -0.9957700102194487 0.09188082905350327 -4.863451832436146e-12
  outer loop
    vertex 808.9144653287811 -2701.618643873631 1.3174883406463776e-11
    vertex 809.7104800096865 -2692.9917349182606 10.000000000012742
    vertex 809.7104800097353 -2692.9917349182606 1.2746248501116497e-11
  endloop
endfacet
facet normal 0.38268343236478825 -0.9238795325114116 6.838161107916647e-13
  outer loop
    vertex 797.0155922010825 -2703.4253883810197 29.999999999980442
    vertex 796.5332302913139 -2703.625189226033 9.999999999981373
    vertex 797.0155922011089 -2703.425388381024 9.999999999980442
  endloop
endfacet
facet normal 0.38268343236478825 -0.9238795325114116 6.838161107916647e-13
  outer loop
    vertex 796.5332302913139 -2703.625189226033 9.999999999981373
    vertex 797.0155922010825 -2703.4253883810197 29.999999999980442
    vertex 796.5332302912875 -2703.625189226029 29.999999999981373
  endloop
endfacet
facet normal -0.8358287231679595 -0.5489902963873029 -4.042668772589643e-12
  outer loop
    vertex 794.5967958652255 -2644.2489608360484 10.000000000016144
    vertex 799.3530038808899 -2651.490209541123 1.48894230278529e-11
    vertex 799.3530038808412 -2651.490209541123 10.000000000014886
  endloop
endfacet
facet normal -0.8358287231679595 -0.5489902963873029 -4.042668772589643e-12
  outer loop
    vertex 799.3530038808899 -2651.490209541123 1.48894230278529e-11
    vertex 794.5967958652255 -2644.2489608360484 10.000000000016144
    vertex 794.5967958652743 -2644.2489608360484 1.6141488146104167e-11
  endloop
endfacet
facet normal -0.9702409133264427 -0.24214163233006905 -4.717781483739411e-12
  outer loop
    vertex 806.2943019537678 -2667.336451150528 10.000000000013177
    vertex 808.3921094746073 -2675.7421873528037 1.2746248501116497e-11
    vertex 808.3921094745585 -2675.7421873528037 10.000000000012742
  endloop
endfacet
facet normal -0.9702409133264427 -0.24214163233006905 -4.717781483739411e-12
  outer loop
    vertex 808.3921094746073 -2675.7421873528037 1.2746248501116497e-11
    vertex 806.2943019537678 -2667.336451150528 10.000000000013177
    vertex 806.2943019538166 -2667.336451150528 1.3174883406463776e-11
  endloop
endfacet
facet normal 0.9914448613738006 0.13052619222012657 1.2799541452140802e-12
  outer loop
    vertex 795.5332302913141 -2705.3572400336016 9.99999999998434
    vertex 795.5523440341179 -2705.5024233243093 29.99999999998888
    vertex 795.5523440341443 -2705.5024233243134 9.99999999998888
  endloop
endfacet
facet normal 0.9914448613738006 0.13052619222012657 1.2799541452140802e-12
  outer loop
    vertex 795.5523440341179 -2705.5024233243093 29.99999999998888
    vertex 795.5332302913141 -2705.3572400336016 9.99999999998434
    vertex 795.5332302912877 -2705.3572400335975 29.99999999998434
  endloop
endfacet
facet normal -0.9238795325114116 0.38268343236478825 -1.2909607312970546e-12
  outer loop
    vertex 766.7657216851418 -2689.0009739654006 29.999999999931077
    vertex 766.9655225301772 -2688.5186120556095 9.999999999930884
    vertex 766.765721685168 -2689.0009739654042 9.999999999931076
  endloop
endfacet
facet normal -0.9238795325114116 0.38268343236478825 -1.2909607312970546e-12
  outer loop
    vertex 766.9655225301772 -2688.5186120556095 9.999999999930884
    vertex 766.7657216851418 -2689.0009739654006 29.999999999931077
    vertex 766.9655225301509 -2688.5186120556054 29.999999999930886
  endloop
endfacet
facet normal -0.6087614290085233 0.7933533402913866 -9.560554319682505e-13
  outer loop
    vertex 766.0336708775994 -2689.733024772973 9.999999999931353
    vertex 766.4478844399462 -2689.4151875277735 29.999999999931234
    vertex 766.4478844399725 -2689.4151875277776 9.999999999931234
  endloop
endfacet
facet normal -0.6087614290085233 0.7933533402913866 -9.560554319682505e-13
  outer loop
    vertex 766.4478844399462 -2689.4151875277735 29.999999999931234
    vertex 766.0336708775994 -2689.733024772973 9.999999999931353
    vertex 766.0336708775731 -2689.733024772969 29.99999999993135
  endloop
endfacet
facet normal 0.38268343236550056 0.9238795325111167 3.238987132462007e-13
  outer loop
    vertex 796.5332302912877 -2707.0892908411665 29.99999999998076
    vertex 797.0155922011089 -2707.2890916861797 9.999999999981023
    vertex 796.533230291314 -2707.0892908411706 9.999999999980759
  endloop
endfacet
facet normal 0.38268343236550056 0.9238795325111167 3.238987132462007e-13
  outer loop
    vertex 797.0155922011089 -2707.2890916861797 9.999999999981023
    vertex 796.5332302912877 -2707.0892908411665 29.99999999998076
    vertex 797.0155922010825 -2707.289091686176 29.99999999998102
  endloop
endfacet
facet normal -0.38268343234369434 -0.9238795325201491 -3.238987132157303e-13
  outer loop
    vertex 798.5332302912874 -2703.625189226029 29.99999999997817
    vertex 798.0508683814998 -2703.425388381029 9.99999999997879
    vertex 798.5332302913138 -2703.625189226033 9.999999999978169
  endloop
endfacet
facet normal -0.38268343234369434 -0.9238795325201491 -3.238987132157303e-13
  outer loop
    vertex 798.0508683814998 -2703.425388381029 9.99999999997879
    vertex 798.5332302912874 -2703.625189226029 29.99999999997817
    vertex 798.0508683814734 -2703.4253883810247 29.99999999997879
  endloop
endfacet
facet normal 0.9914448613738435 0.13052619221980055 1.2799541452142001e-12
  outer loop
    vertex 795.5523440341443 -2705.5024233243134 9.99999999998888
    vertex 795.6013786387095 -2705.8748781238032 29.999999999980176
    vertex 795.6013786387359 -2705.874878123807 9.999999999980178
  endloop
endfacet
facet normal 0.9914448613738435 0.13052619221980055 1.2799541452142001e-12
  outer loop
    vertex 795.6013786387095 -2705.8748781238032 29.999999999980176
    vertex 795.5523440341443 -2705.5024233243134 9.99999999998888
    vertex 795.5523440341179 -2705.5024233243093 29.99999999998888
  endloop
endfacet
facet normal 0.9238795325114116 -0.38268343236478825 1.2909607312970546e-12
  outer loop
    vertex 795.8011794837453 -2704.357240033602 9.999999999983121
    vertex 795.6013786387098 -2704.839601943393 29.99999999998382
    vertex 795.6013786387362 -2704.839601943397 9.999999999983821
  endloop
endfacet
facet normal 0.9238795325114116 -0.38268343236478825 1.2909607312970546e-12
  outer loop
    vertex 795.6013786387098 -2704.839601943393 29.99999999998382
    vertex 795.8011794837453 -2704.357240033602 9.999999999983121
    vertex 795.8011794837189 -2704.357240033598 29.99999999998312
  endloop
endfacet
facet normal 0.13052619222032125 -0.991444861373775 3.6497585172501863e-13
  outer loop
    vertex 765.033670877573 -2686.0009739654006 29.999999999929734
    vertex 764.5160327873942 -2686.0691223128265 9.99999999992974
    vertex 765.0336708775993 -2686.0009739654042 9.999999999929733
  endloop
endfacet
facet normal 0.13052619222032125 -0.991444861373775 3.6497585172501863e-13
  outer loop
    vertex 764.5160327873942 -2686.0691223128265 9.99999999992974
    vertex 765.033670877573 -2686.0009739654006 29.999999999929734
    vertex 764.5160327873679 -2686.0691223128224 29.999999999929738
  endloop
endfacet
facet normal -0.13052619221377681 0.9914448613746365 -3.649758517165697e-13
  outer loop
    vertex 765.033670877573 -2690.0009739654 29.999999999931415
    vertex 765.5513089677979 -2689.9328256179865 9.999999999931415
    vertex 765.0336708775993 -2690.0009739654042 9.999999999931415
  endloop
endfacet
facet normal -0.13052619221377681 0.9914448613746365 -3.649758517165697e-13
  outer loop
    vertex 765.5513089677979 -2689.9328256179865 9.999999999931415
    vertex 765.033670877573 -2690.0009739654 29.999999999931415
    vertex 765.5513089677715 -2689.9328256179824 29.999999999931415
  endloop
endfacet
facet normal -0.6087614290086245 -0.7933533402913089 -6.469873559647352e-13
  outer loop
    vertex 798.9474438536608 -2703.943026471225 29.999999999977756
    vertex 798.5332302913138 -2703.625189226033 9.999999999978169
    vertex 798.9474438536872 -2703.9430264712287 9.999999999977758
  endloop
endfacet
facet normal -0.6087614290086245 -0.7933533402913089 -6.469873559647352e-13
  outer loop
    vertex 798.5332302913138 -2703.625189226033 9.999999999978169
    vertex 798.9474438536608 -2703.943026471225 29.999999999977756
    vertex 798.5332302912874 -2703.625189226029 29.99999999997817
  endloop
endfacet
facet normal -0.9914448613737632 -0.1305261922204107 -1.2799541452139756e-12
  outer loop
    vertex 799.5332302912875 -2705.3572400335975 29.999999999977934
    vertex 799.4650819438918 -2704.839601943397 9.99999999997764
    vertex 799.5332302913139 -2705.3572400336016 9.999999999977932
  endloop
endfacet
facet normal -0.9914448613737632 -0.1305261922204107 -1.2799541452139756e-12
  outer loop
    vertex 799.4650819438918 -2704.839601943397 9.99999999997764
    vertex 799.5332302912875 -2705.3572400335975 29.999999999977934
    vertex 799.4650819438656 -2704.839601943393 29.99999999997764
  endloop
endfacet
facet normal 0.6087614290089585 -0.7933533402910529 9.560554319687586e-13
  outer loop
    vertex 796.5332302912875 -2703.625189226029 29.999999999981373
    vertex 796.1190167289408 -2703.9430264712287 9.999999999982286
    vertex 796.5332302913139 -2703.625189226033 9.999999999981373
  endloop
endfacet
facet normal 0.6087614290089585 -0.7933533402910529 9.560554319687586e-13
  outer loop
    vertex 796.1190167289408 -2703.9430264712287 9.999999999982286
    vertex 796.5332302912875 -2703.625189226029 29.999999999981373
    vertex 796.1190167289144 -2703.943026471225 29.999999999982286
  endloop
endfacet
facet normal 0.9914448613725603 -0.13052619222954776 1.3308034667571173e-12
  outer loop
    vertex 759.6074538165135 -2649.841583210428 9.999999999913085
    vertex 759.539305469059 -2650.359221300638 29.99999999991357
    vertex 759.5393054690853 -2650.3592213006423 9.99999999991357
  endloop
endfacet
facet normal 0.9914448613725603 -0.13052619222954776 1.3308034667571173e-12
  outer loop
    vertex 759.539305469059 -2650.359221300638 29.99999999991357
    vertex 759.6074538165135 -2649.841583210428 9.999999999913085
    vertex 759.6074538164871 -2649.841583210424 29.999999999913083
  endloop
endfacet
facet normal -0.6087614290081894 -0.7933533402916428 -6.469873559640974e-13
  outer loop
    vertex 766.4478844399725 -2686.586760403031 9.999999999930049
    vertex 766.0336708775727 -2686.2689231578315 29.999999999929898
    vertex 766.0336708775991 -2686.2689231578356 9.999999999929898
  endloop
endfacet
facet normal -0.6087614290081894 -0.7933533402916428 -6.469873559640974e-13
  outer loop
    vertex 766.0336708775727 -2686.2689231578315 29.999999999929898
    vertex 766.4478844399725 -2686.586760403031 9.999999999930049
    vertex 766.4478844399462 -2686.5867604030273 29.99999999993005
  endloop
endfacet
facet normal 0.7933533402912196 0.6087614290087409 9.25984879572254e-13
  outer loop
    vertex 795.8011794837453 -2706.357240033602 9.999999999980318
    vertex 796.1190167289146 -2706.771453595971 29.999999999980517
    vertex 796.119016728941 -2706.771453595975 9.999999999980515
  endloop
endfacet
facet normal 0.7933533402912196 0.6087614290087409 9.25984879572254e-13
  outer loop
    vertex 796.1190167289146 -2706.771453595971 29.999999999980517
    vertex 795.8011794837453 -2706.357240033602 9.999999999980318
    vertex 795.8011794837189 -2706.357240033598 29.999999999980318
  endloop
endfacet
facet normal 0.9238795325114116 0.38268343236478825 1.1418780638994198e-12
  outer loop
    vertex 763.1018192250215 -2688.5186120556095 9.999999999930704
    vertex 763.3016200700042 -2689.0009739654006 29.999999999930917
    vertex 763.3016200700306 -2689.0009739654042 9.999999999930917
  endloop
endfacet
facet normal 0.9238795325114116 0.38268343236478825 1.1418780638994198e-12
  outer loop
    vertex 763.3016200700042 -2689.0009739654006 29.999999999930917
    vertex 763.1018192250215 -2688.5186120556095 9.999999999930704
    vertex 763.1018192249951 -2688.5186120556054 29.999999999930704
  endloop
endfacet
facet normal -1.5637049137835223e-26 -1.0 2.0725204214593778e-13
  outer loop
    vertex 792.2893054690584 -2667.300973965399 27.999999999913758
    vertex 785.2893054690849 -2667.300973965403 9.999999999913761
    vertex 792.2893054690848 -2667.300973965403 9.999999999913761
  endloop
endfacet
facet normal -1.5637049137835223e-26 -1.0 2.0725204214593778e-13
  outer loop
    vertex 785.2893054690849 -2667.300973965403 9.999999999913761
    vertex 792.2893054690584 -2667.300973965399 27.999999999913758
    vertex 785.2893054690585 -2667.300973965399 27.999999999913758
  endloop
endfacet
facet normal 0.7933533402913866 -0.6087614290085233 1.1631411554127378e-12
  outer loop
    vertex 763.6194573152261 -2686.586760403031 9.999999999929914
    vertex 763.3016200700042 -2687.0009739654 29.99999999993008
    vertex 763.3016200700306 -2687.0009739654042 9.999999999930077
  endloop
endfacet
facet normal 0.7933533402913866 -0.6087614290085233 1.1631411554127378e-12
  outer loop
    vertex 763.3016200700042 -2687.0009739654 29.99999999993008
    vertex 763.6194573152261 -2686.586760403031 9.999999999929914
    vertex 763.6194573151998 -2686.5867604030273 29.999999999929916
  endloop
endfacet
facet normal 0.6087614290085233 0.7933533402913866 6.469873559645868e-13
  outer loop
    vertex 796.1190167289146 -2706.771453595971 29.999999999980517
    vertex 796.533230291314 -2707.0892908411706 9.999999999980759
    vertex 796.119016728941 -2706.771453595975 9.999999999980515
  endloop
endfacet
facet normal 0.6087614290085233 0.7933533402913866 6.469873559645868e-13
  outer loop
    vertex 796.533230291314 -2707.0892908411706 9.999999999980759
    vertex 796.1190167289146 -2706.771453595971 29.999999999980517
    vertex 796.5332302912877 -2707.0892908411665 29.99999999998076
  endloop
endfacet
facet normal -0.13052619222048725 0.991444861373753 -3.6497585172523285e-13
  outer loop
    vertex 797.9634638443605 -2707.300598711797 9.999999999987153
    vertex 798.0508683814927 -2707.289091686176 29.999999999981828
    vertex 798.0508683815191 -2707.2890916861797 9.99999999998183
  endloop
endfacet
facet normal -0.13052619222048725 0.991444861373753 -3.6497585172523285e-13
  outer loop
    vertex 798.0508683814927 -2707.289091686176 29.999999999981828
    vertex 797.9634638443605 -2707.300598711797 9.999999999987153
    vertex 797.9634638443342 -2707.3005987117936 29.999999999987153
  endloop
endfacet
facet normal -0.38268343236503266 -0.9238795325113104 -3.2389871324554694e-13
  outer loop
    vertex 766.0336708775991 -2686.2689231578356 9.999999999929898
    vertex 765.551308967778 -2686.0691223128224 29.99999999992979
    vertex 765.5513089678044 -2686.0691223128265 9.99999999992979
  endloop
endfacet
facet normal -0.38268343236503266 -0.9238795325113104 -3.2389871324554694e-13
  outer loop
    vertex 765.551308967778 -2686.0691223128224 29.99999999992979
    vertex 766.0336708775991 -2686.2689231578356 9.999999999929898
    vertex 766.0336708775727 -2686.2689231578315 29.999999999929898
  endloop
endfacet
facet normal -1.0 -9.57957379473448e-27 -1.3753999160594058e-12
  outer loop
    vertex 785.2893054690585 -2667.300973965399 27.999999999913758
    vertex 785.2893054690849 -2658.3592213006423 9.999999999913761
    vertex 785.2893054690849 -2667.300973965403 9.999999999913761
  endloop
endfacet
facet normal -1.0 -9.57957379473448e-27 -1.3753999160594058e-12
  outer loop
    vertex 785.2893054690849 -2658.3592213006423 9.999999999913761
    vertex 785.2893054690585 -2667.300973965399 27.999999999913758
    vertex 785.2893054690585 -2658.359221300638 27.999999999913758
  endloop
endfacet
facet normal 0.38268343236478825 -0.9238795325114116 6.838161107916647e-13
  outer loop
    vertex 764.5160327873679 -2686.0691223128224 29.999999999929738
    vertex 764.0336708775992 -2686.2689231578356 9.999999999929802
    vertex 764.5160327873942 -2686.0691223128265 9.99999999992974
  endloop
endfacet
facet normal 0.38268343236478825 -0.9238795325114116 6.838161107916647e-13
  outer loop
    vertex 764.0336708775992 -2686.2689231578356 9.999999999929802
    vertex 764.5160327873679 -2686.0691223128224 29.999999999929738
    vertex 764.0336708775728 -2686.2689231578315 29.999999999929802
  endloop
endfacet
facet normal -0.7933533402913866 0.6087614290085233 -1.1631411554127378e-12
  outer loop
    vertex 798.9474438536608 -2706.771453595971 29.999999999979984
    vertex 799.2652810988827 -2706.357240033602 9.999999999979151
    vertex 798.9474438536872 -2706.771453595975 9.999999999979986
  endloop
endfacet
facet normal -0.7933533402913866 0.6087614290085233 -1.1631411554127378e-12
  outer loop
    vertex 799.2652810988827 -2706.357240033602 9.999999999979151
    vertex 798.9474438536608 -2706.771453595971 29.999999999979984
    vertex 799.2652810988565 -2706.357240033598 29.99999999997915
  endloop
endfacet
facet normal -0.7933533402913866 -0.6087614290085233 -9.259848795725163e-13
  outer loop
    vertex 799.2652810988565 -2704.357240033598 29.99999999997758
    vertex 798.9474438536872 -2703.9430264712287 9.999999999977758
    vertex 799.2652810988827 -2704.357240033602 9.999999999977577
  endloop
endfacet
facet normal -0.7933533402913866 -0.6087614290085233 -9.259848795725163e-13
  outer loop
    vertex 798.9474438536872 -2703.9430264712287 9.999999999977758
    vertex 799.2652810988565 -2704.357240033598 29.99999999997758
    vertex 798.9474438536608 -2703.943026471225 29.999999999977756
  endloop
endfacet
facet normal 0.9238795325111883 0.38268343236532776 1.1418780638990208e-12
  outer loop
    vertex 795.6013786387359 -2705.874878123807 9.999999999980178
    vertex 795.8011794837189 -2706.357240033598 29.999999999980318
    vertex 795.8011794837453 -2706.357240033602 9.999999999980318
  endloop
endfacet
facet normal 0.9238795325111883 0.38268343236532776 1.1418780638990208e-12
  outer loop
    vertex 795.8011794837189 -2706.357240033598 29.999999999980318
    vertex 795.6013786387359 -2705.874878123807 9.999999999980178
    vertex 795.6013786387095 -2705.8748781238032 29.999999999980176
  endloop
endfacet
facet normal 0.9238795325114116 -0.38268343236478825 1.2909607312970546e-12
  outer loop
    vertex 763.3016200700306 -2687.0009739654042 9.999999999930077
    vertex 763.1018192249951 -2687.4833358751953 29.99999999993027
    vertex 763.1018192250215 -2687.4833358751994 9.99999999993027
  endloop
endfacet
facet normal 0.9238795325114116 -0.38268343236478825 1.2909607312970546e-12
  outer loop
    vertex 763.1018192249951 -2687.4833358751953 29.99999999993027
    vertex 763.3016200700306 -2687.0009739654042 9.999999999930077
    vertex 763.3016200700042 -2687.0009739654 29.99999999993008
  endloop
endfacet
facet normal -0.7933533402913866 -0.6087614290085233 -9.259848795725163e-13
  outer loop
    vertex 766.7657216851418 -2687.0009739654 29.999999999930235
    vertex 766.4478844399725 -2686.586760403031 9.999999999930049
    vertex 766.765721685168 -2687.0009739654042 9.999999999930235
  endloop
endfacet
facet normal -0.7933533402913866 -0.6087614290085233 -9.259848795725163e-13
  outer loop
    vertex 766.4478844399725 -2686.586760403031 9.999999999930049
    vertex 766.7657216851418 -2687.0009739654 29.999999999930235
    vertex 766.4478844399462 -2686.5867604030273 29.99999999993005
  endloop
endfacet
facet normal 0.7933533402913866 -0.6087614290085233 1.1631411554127378e-12
  outer loop
    vertex 796.1190167289408 -2703.9430264712287 9.999999999982286
    vertex 795.8011794837189 -2704.357240033598 29.99999999998312
    vertex 795.8011794837453 -2704.357240033602 9.999999999983121
  endloop
endfacet
facet normal 0.7933533402913866 -0.6087614290085233 1.1631411554127378e-12
  outer loop
    vertex 795.8011794837189 -2704.357240033598 29.99999999998312
    vertex 796.1190167289408 -2703.9430264712287 9.999999999982286
    vertex 796.1190167289144 -2703.943026471225 29.999999999982286
  endloop
endfacet
facet normal -0.9238795325114116 -0.38268343236478825 -1.1418780638994198e-12
  outer loop
    vertex 799.4650819438656 -2704.839601943393 29.99999999997764
    vertex 799.2652810988827 -2704.357240033602 9.999999999977577
    vertex 799.4650819438918 -2704.839601943397 9.99999999997764
  endloop
endfacet
facet normal -0.9238795325114116 -0.38268343236478825 -1.1418780638994198e-12
  outer loop
    vertex 799.2652810988827 -2704.357240033602 9.999999999977577
    vertex 799.4650819438656 -2704.839601943393 29.99999999997764
    vertex 799.2652810988565 -2704.357240033598 29.99999999997758
  endloop
endfacet
facet normal 0.13052619221964165 -0.9914448613738645 3.649758517241412e-13
  outer loop
    vertex 797.5332302912876 -2703.357240033598 29.999999999979558
    vertex 797.0155922011089 -2703.425388381024 9.999999999980442
    vertex 797.533230291314 -2703.357240033602 9.999999999979556
  endloop
endfacet
facet normal 0.13052619221964165 -0.9914448613738645 3.649758517241412e-13
  outer loop
    vertex 797.0155922011089 -2703.425388381024 9.999999999980442
    vertex 797.5332302912876 -2703.357240033598 29.999999999979558
    vertex 797.0155922010825 -2703.4253883810197 29.999999999980442
  endloop
endfacet
facet normal -0.6087614289967519 0.7933533403004193 -9.560554319545114e-13
  outer loop
    vertex 798.5332302912948 -2707.0892908411756 9.999999999980899
    vertex 798.9474438536608 -2706.771453595971 29.999999999979984
    vertex 798.9474438536872 -2706.771453595975 9.999999999979986
  endloop
endfacet
facet normal -0.6087614289967519 0.7933533403004193 -9.560554319545114e-13
  outer loop
    vertex 798.9474438536608 -2706.771453595971 29.999999999979984
    vertex 798.5332302912948 -2707.0892908411756 9.999999999980899
    vertex 798.5332302912684 -2707.0892908411715 29.9999999999809
  endloop
endfacet
facet normal 0.6087614290081894 0.7933533402916428 6.469873559640974e-13
  outer loop
    vertex 763.6194573151998 -2689.4151875277735 29.999999999931106
    vertex 764.0336708775995 -2689.733024772973 9.999999999931257
    vertex 763.6194573152261 -2689.4151875277776 9.999999999931104
  endloop
endfacet
facet normal 0.6087614290081894 0.7933533402916428 6.469873559640974e-13
  outer loop
    vertex 764.0336708775995 -2689.733024772973 9.999999999931257
    vertex 763.6194573151998 -2689.4151875277735 29.999999999931106
    vertex 764.0336708775732 -2689.733024772969 29.999999999931255
  endloop
endfacet
facet normal -0.7933533402913866 -0.6087614290085233 -9.259848795725163e-13
  outer loop
    vertex 763.2713562766338 -2649.3592213006286 29.999999999912973
    vertex 762.9535190314646 -2648.94500773826 9.999999999912554
    vertex 763.2713562766602 -2649.3592213006327 9.999999999912971
  endloop
endfacet
facet normal -0.7933533402913866 -0.6087614290085233 -9.259848795725163e-13
  outer loop
    vertex 762.9535190314646 -2648.94500773826 9.999999999912554
    vertex 763.2713562766338 -2649.3592213006286 29.999999999912973
    vertex 762.9535190314382 -2648.9450077382558 29.999999999912554
  endloop
endfacet
facet normal -0.9238795325114116 -0.38268343236478825 -1.1418780638994198e-12
  outer loop
    vertex 766.9655225301509 -2687.4833358751953 29.99999999993045
    vertex 766.765721685168 -2687.0009739654042 9.999999999930235
    vertex 766.9655225301772 -2687.4833358751994 9.99999999993045
  endloop
endfacet
facet normal -0.9238795325114116 -0.38268343236478825 -1.1418780638994198e-12
  outer loop
    vertex 766.765721685168 -2687.0009739654042 9.999999999930235
    vertex 766.9655225301509 -2687.4833358751953 29.99999999993045
    vertex 766.7657216851418 -2687.0009739654 29.999999999930235
  endloop
endfacet
facet normal -0.38268343236478825 0.9238795325114116 -6.838161107916647e-13
  outer loop
    vertex 762.0569435592964 -2652.291072953211 9.999999999915644
    vertex 762.5393054690652 -2652.0912721081977 29.9999999999155
    vertex 762.5393054690915 -2652.091272108202 9.999999999915499
  endloop
endfacet
facet normal -0.38268343236478825 0.9238795325114116 -6.838161107916647e-13
  outer loop
    vertex 762.5393054690652 -2652.0912721081977 29.9999999999155
    vertex 762.0569435592964 -2652.291072953211 9.999999999915644
    vertex 762.05694355927 -2652.291072953207 29.999999999915644
  endloop
endfacet
facet normal -0.13052619223646908 0.991444861371649 -3.6497585174586536e-13
  outer loop
    vertex 761.5393054690852 -2652.3592213006423 9.999999999915657
    vertex 762.05694355927 -2652.291072953207 29.999999999915644
    vertex 762.0569435592964 -2652.291072953211 9.999999999915644
  endloop
endfacet
facet normal -0.13052619223646908 0.991444861371649 -3.6497585174586536e-13
  outer loop
    vertex 762.05694355927 -2652.291072953207 29.999999999915644
    vertex 761.5393054690852 -2652.3592213006423 9.999999999915657
    vertex 761.5393054690588 -2652.359221300638 29.999999999915655
  endloop
endfacet
facet normal 0.991444861373775 -0.13052619222032125 1.3308034667569193e-12
  outer loop
    vertex 763.1018192250215 -2687.4833358751994 9.99999999993027
    vertex 763.0336708775731 -2688.0009739654 29.999999999930484
    vertex 763.0336708775994 -2688.0009739654042 9.999999999930484
  endloop
endfacet
facet normal 0.991444861373775 -0.13052619222032125 1.3308034667569193e-12
  outer loop
    vertex 763.0336708775731 -2688.0009739654 29.999999999930484
    vertex 763.1018192250215 -2687.4833358751994 9.99999999993027
    vertex 763.1018192249951 -2687.4833358751953 29.99999999993027
  endloop
endfacet
facet normal 0.13052619222032125 0.991444861373775 -2.12630915130183e-14
  outer loop
    vertex 764.5160327873679 -2689.9328256179783 29.999999999931365
    vertex 765.0336708775993 -2690.0009739654042 9.999999999931415
    vertex 764.5160327873942 -2689.932825617982 9.999999999931363
  endloop
endfacet
facet normal 0.13052619222032125 0.991444861373775 -2.12630915130183e-14
  outer loop
    vertex 765.0336708775993 -2690.0009739654042 9.999999999931415
    vertex 764.5160327873679 -2689.9328256179783 29.999999999931365
    vertex 765.033670877573 -2690.0009739654 29.999999999931415
  endloop
endfacet
facet normal 0.38268343236503266 0.9238795325113104 3.2389871324554694e-13
  outer loop
    vertex 764.0336708775732 -2689.733024772969 29.999999999931255
    vertex 764.5160327873942 -2689.932825617982 9.999999999931363
    vertex 764.0336708775995 -2689.733024772973 9.999999999931257
  endloop
endfacet
facet normal 0.38268343236503266 0.9238795325113104 3.2389871324554694e-13
  outer loop
    vertex 764.5160327873942 -2689.932825617982 9.999999999931363
    vertex 764.0336708775732 -2689.733024772969 29.999999999931255
    vertex 764.5160327873679 -2689.9328256179783 29.999999999931365
  endloop
endfacet
facet normal -0.38268343236746977 0.923879532510301 -6.83816110794979e-13
  outer loop
    vertex 765.5513089677979 -2689.9328256179865 9.999999999931415
    vertex 766.0336708775731 -2689.733024772969 29.99999999993135
    vertex 766.0336708775994 -2689.733024772973 9.999999999931353
  endloop
endfacet
facet normal -0.38268343236746977 0.923879532510301 -6.83816110794979e-13
  outer loop
    vertex 766.0336708775731 -2689.733024772969 29.99999999993135
    vertex 765.5513089677979 -2689.9328256179865 9.999999999931415
    vertex 765.5513089677715 -2689.9328256179824 29.999999999931415
  endloop
endfacet
facet normal 0.7933533402913866 0.6087614290085233 9.259848795725163e-13
  outer loop
    vertex 763.3016200700306 -2689.0009739654042 9.999999999930917
    vertex 763.6194573151998 -2689.4151875277735 29.999999999931106
    vertex 763.6194573152261 -2689.4151875277776 9.999999999931104
  endloop
endfacet
facet normal 0.7933533402913866 0.6087614290085233 9.259848795725163e-13
  outer loop
    vertex 763.6194573151998 -2689.4151875277735 29.999999999931106
    vertex 763.3016200700306 -2689.0009739654042 9.999999999930917
    vertex 763.3016200700042 -2689.0009739654006 29.999999999930917
  endloop
endfacet
facet normal 0.13052619223951095 0.9914448613712485 -2.12630914872602e-14
  outer loop
    vertex 761.02166737886 -2652.291072953207 29.999999999915545
    vertex 761.5393054690852 -2652.3592213006423 9.999999999915657
    vertex 761.0216673788863 -2652.291072953211 9.999999999915543
  endloop
endfacet
facet normal 0.13052619223951095 0.9914448613712485 -2.12630914872602e-14
  outer loop
    vertex 761.5393054690852 -2652.3592213006423 9.999999999915657
    vertex 761.02166737886 -2652.291072953207 29.999999999915545
    vertex 761.5393054690588 -2652.359221300638 29.999999999915655
  endloop
endfacet
facet normal 0.9238795325114116 -0.38268343236478825 1.2909607312970546e-12
  outer loop
    vertex 759.8072546615226 -2649.3592213006327 9.999999999912644
    vertex 759.6074538164871 -2649.841583210424 29.999999999913083
    vertex 759.6074538165135 -2649.841583210428 9.999999999913085
  endloop
endfacet
facet normal 0.9238795325114116 -0.38268343236478825 1.2909607312970546e-12
  outer loop
    vertex 759.6074538164871 -2649.841583210424 29.999999999913083
    vertex 759.8072546615226 -2649.3592213006327 9.999999999912644
    vertex 759.8072546614962 -2649.3592213006286 29.999999999912646
  endloop
endfacet
facet normal 0.991444861371936 0.13052619223428952 1.2799541452088665e-12
  outer loop
    vertex 759.5393054690853 -2650.3592213006423 9.99999999991357
    vertex 759.6074538164871 -2650.8768593908335 29.999999999914067
    vertex 759.6074538165135 -2650.8768593908376 9.999999999914065
  endloop
endfacet
facet normal 0.991444861371936 0.13052619223428952 1.2799541452088665e-12
  outer loop
    vertex 759.6074538164871 -2650.8768593908335 29.999999999914067
    vertex 759.5393054690853 -2650.3592213006423 9.99999999991357
    vertex 759.539305469059 -2650.359221300638 29.99999999991357
  endloop
endfacet
facet normal -0.991444861373775 0.13052619222032125 -1.3308034667569193e-12
  outer loop
    vertex 766.9655225301509 -2688.5186120556054 29.999999999930886
    vertex 767.0336708775992 -2688.0009739654042 9.99999999993067
    vertex 766.9655225301772 -2688.5186120556095 9.999999999930884
  endloop
endfacet
facet normal -0.991444861373775 0.13052619222032125 -1.3308034667569193e-12
  outer loop
    vertex 767.0336708775992 -2688.0009739654042 9.99999999993067
    vertex 766.9655225301509 -2688.5186120556054 29.999999999930886
    vertex 767.0336708775728 -2688.0009739654 29.99999999993067
  endloop
endfacet
facet normal 0.991444861373775 0.13052619222032125 1.2799541452140085e-12
  outer loop
    vertex 763.0336708775994 -2688.0009739654042 9.999999999930484
    vertex 763.1018192249951 -2688.5186120556054 29.999999999930704
    vertex 763.1018192250215 -2688.5186120556095 9.999999999930704
  endloop
endfacet
facet normal 0.991444861373775 0.13052619222032125 1.2799541452140085e-12
  outer loop
    vertex 763.1018192249951 -2688.5186120556054 29.999999999930704
    vertex 763.0336708775994 -2688.0009739654042 9.999999999930484
    vertex 763.0336708775731 -2688.0009739654 29.999999999930484
  endloop
endfacet
facet normal -0.991444861373775 -0.13052619222032125 -1.2799541452140085e-12
  outer loop
    vertex 767.0336708775728 -2688.0009739654 29.99999999993067
    vertex 766.9655225301772 -2687.4833358751994 9.99999999993045
    vertex 767.0336708775992 -2688.0009739654042 9.99999999993067
  endloop
endfacet
facet normal -0.991444861373775 -0.13052619222032125 -1.2799541452140085e-12
  outer loop
    vertex 766.9655225301772 -2687.4833358751994 9.99999999993045
    vertex 767.0336708775728 -2688.0009739654 29.99999999993067
    vertex 766.9655225301509 -2687.4833358751953 29.99999999993045
  endloop
endfacet
facet normal -0.9238795325114116 0.38268343236478825 -1.2909607312970546e-12
  outer loop
    vertex 763.2713562766338 -2651.3592213006286 29.999999999914877
    vertex 763.4711571216693 -2650.8768593908376 9.999999999914438
    vertex 763.2713562766602 -2651.3592213006327 9.999999999914879
  endloop
endfacet
facet normal -0.9238795325114116 0.38268343236478825 -1.2909607312970546e-12
  outer loop
    vertex 763.4711571216693 -2650.8768593908376 9.999999999914438
    vertex 763.2713562766338 -2651.3592213006286 29.999999999914877
    vertex 763.4711571216429 -2650.8768593908335 29.999999999914436
  endloop
endfacet
facet normal -0.9914448613737632 0.1305261922204107 -1.3308034667569212e-12
  outer loop
    vertex 763.4711571216429 -2650.8768593908335 29.999999999914436
    vertex 763.5393054690912 -2650.3592213006327 9.999999999913953
    vertex 763.4711571216693 -2650.8768593908376 9.999999999914438
  endloop
endfacet
facet normal -0.9914448613737632 0.1305261922204107 -1.3308034667569212e-12
  outer loop
    vertex 763.5393054690912 -2650.3592213006327 9.999999999913953
    vertex 763.4711571216429 -2650.8768593908335 29.999999999914436
    vertex 763.539305469065 -2650.359221300629 29.999999999913953
  endloop
endfacet
facet normal 0.6087614290085233 -0.7933533402913866 9.560554319682505e-13
  outer loop
    vertex 760.5393054690649 -2648.62717049306 29.999999999912017
    vertex 760.1250919067181 -2648.94500773826 9.999999999912278
    vertex 760.5393054690912 -2648.627170493064 9.999999999912019
  endloop
endfacet
facet normal 0.6087614290085233 -0.7933533402913866 9.560554319682505e-13
  outer loop
    vertex 760.1250919067181 -2648.94500773826 9.999999999912278
    vertex 760.5393054690649 -2648.62717049306 29.999999999912017
    vertex 760.1250919066919 -2648.9450077382558 29.999999999912276
  endloop
endfacet
facet normal 0.9238795325114116 0.38268343236478825 1.1418780638994198e-12
  outer loop
    vertex 759.6074538165135 -2650.8768593908376 9.999999999914065
    vertex 759.8072546614962 -2651.3592213006286 29.99999999991454
    vertex 759.8072546615226 -2651.3592213006327 9.99999999991454
  endloop
endfacet
facet normal 0.9238795325114116 0.38268343236478825 1.1418780638994198e-12
  outer loop
    vertex 759.8072546614962 -2651.3592213006286 29.99999999991454
    vertex 759.6074538165135 -2650.8768593908376 9.999999999914065
    vertex 759.6074538164871 -2650.8768593908335 29.999999999914067
  endloop
endfacet
facet normal -0.7933533402913866 0.6087614290085233 -1.1631411554127378e-12
  outer loop
    vertex 766.4478844399462 -2689.4151875277735 29.999999999931234
    vertex 766.765721685168 -2689.0009739654042 9.999999999931076
    vertex 766.4478844399725 -2689.4151875277776 9.999999999931234
  endloop
endfacet
facet normal -0.7933533402913866 0.6087614290085233 -1.1631411554127378e-12
  outer loop
    vertex 766.765721685168 -2689.0009739654042 9.999999999931076
    vertex 766.4478844399462 -2689.4151875277735 29.999999999931234
    vertex 766.7657216851418 -2689.0009739654006 29.999999999931077
  endloop
endfacet
facet normal -0.6087614290089585 0.7933533402910529 -9.560554319687586e-13
  outer loop
    vertex 762.5393054690915 -2652.091272108202 9.999999999915499
    vertex 762.9535190314382 -2651.7734348630015 29.99999999991524
    vertex 762.9535190314646 -2651.7734348630056 9.99999999991524
  endloop
endfacet
facet normal -0.6087614290089585 0.7933533402910529 -9.560554319687586e-13
  outer loop
    vertex 762.9535190314382 -2651.7734348630015 29.99999999991524
    vertex 762.5393054690915 -2652.091272108202 9.999999999915499
    vertex 762.5393054690652 -2652.0912721081977 29.9999999999155
  endloop
endfacet
facet normal -0.13052619223951095 -0.9914448613712485 2.12630914872602e-14
  outer loop
    vertex 762.0569435592903 -2648.427369648064 9.999999999911973
    vertex 761.539305469065 -2648.3592213006286 29.99999999991186
    vertex 761.5393054690913 -2648.3592213006327 9.99999999991186
  endloop
endfacet
facet normal -0.13052619223951095 -0.9914448613712485 2.12630914872602e-14
  outer loop
    vertex 761.539305469065 -2648.3592213006286 29.99999999991186
    vertex 762.0569435592903 -2648.427369648064 9.999999999911973
    vertex 762.0569435592639 -2648.42736964806 29.999999999911974
  endloop
endfacet
facet normal 0.38268343236503266 0.9238795325113104 3.2389871324554694e-13
  outer loop
    vertex 760.5393054690652 -2652.0912721081977 29.999999999915307
    vertex 761.0216673788863 -2652.291072953211 9.999999999915543
    vertex 760.5393054690916 -2652.091272108202 9.999999999915307
  endloop
endfacet
facet normal 0.38268343236503266 0.9238795325113104 3.2389871324554694e-13
  outer loop
    vertex 761.0216673788863 -2652.291072953211 9.999999999915543
    vertex 760.5393054690652 -2652.0912721081977 29.999999999915307
    vertex 761.02166737886 -2652.291072953207 29.999999999915545
  endloop
endfacet
facet normal -0.13052619222032125 -0.991444861373775 2.12630915130183e-14
  outer loop
    vertex 765.5513089678044 -2686.0691223128265 9.99999999992979
    vertex 765.033670877573 -2686.0009739654006 29.999999999929734
    vertex 765.0336708775993 -2686.0009739654042 9.999999999929733
  endloop
endfacet
facet normal -0.13052619222032125 -0.991444861373775 2.12630915130183e-14
  outer loop
    vertex 765.033670877573 -2686.0009739654006 29.999999999929734
    vertex 765.5513089678044 -2686.0691223128265 9.99999999992979
    vertex 765.551308967778 -2686.0691223128224 29.99999999992979
  endloop
endfacet
facet normal 0.805095097523225 -0.36104933320460114 -0.4706009593451566
  outer loop
    vertex 830.8794562707313 -2718.0218441232105 5.98612181152602
    vertex 837.3997464092885 -2707.1394859028155 8.791865020488892
    vertex 832.1837152776212 -2718.7705864379163 8.791865020488892
  endloop
endfacet
facet normal 0.805095097523225 -0.36104933320460114 -0.4706009593451566
  outer loop
    vertex 837.3997464092885 -2707.1394859028155 8.791865020488892
    vertex 830.8794562707313 -2718.0218441232105 5.98612181152602
    vertex 835.9731424279046 -2706.6635576611825 5.98612181152602
  endloop
endfacet
facet normal 0.43169201510807875 -0.1935946631447786 -0.8810011977822653
  outer loop
    vertex 829.0421868907563 -2704.351326989829 2.471757021282883e-10
    vertex 826.9844706141627 -2715.7858307540564 1.5043784526672175
    vertex 824.5428966482712 -2714.3841845065776 2.471757021282883e-10
  endloop
endfacet
facet normal 0.43169201510807875 -0.1935946631447786 -0.8810011977822653
  outer loop
    vertex 826.9844706141627 -2715.7858307540564 1.5043784526672175
    vertex 829.0421868907563 -2704.351326989829 2.471757021282883e-10
    vertex 831.7127907525537 -2705.2422650613817 1.5043784526672175
  endloop
endfacet
facet normal 0.7933533402913866 0.6087614290085233 9.259848795725163e-13
  outer loop
    vertex 759.8072546615226 -2651.3592213006327 9.99999999991454
    vertex 760.1250919066919 -2651.7734348630015 29.99999999991497
    vertex 760.1250919067181 -2651.7734348630056 9.999999999914968
  endloop
endfacet
facet normal 0.7933533402913866 0.6087614290085233 9.259848795725163e-13
  outer loop
    vertex 760.1250919066919 -2651.7734348630015 29.99999999991497
    vertex 759.8072546615226 -2651.3592213006327 9.99999999991454
    vertex 759.8072546614962 -2651.3592213006286 29.99999999991454
  endloop
endfacet
facet normal 0.4614586420910418 -0.10436863104264793 -0.8810011977822593
  outer loop
    vertex 831.4677948886407 -2693.6266699567063 2.471757021282883e-10
    vertex 831.7127907525537 -2705.2422650613817 1.5043784526672175
    vertex 829.0421868907563 -2704.351326989829 2.471757021282883e-10
  endloop
endfacet
facet normal 0.4614586420910418 -0.10436863104264793 -0.8810011977822593
  outer loop
    vertex 831.7127907525537 -2705.2422650613817 1.5043784526672175
    vertex 831.4677948886407 -2693.6266699567063 2.471757021282883e-10
    vertex 834.2618708354391 -2693.971684793361 1.5043784526672175
  endloop
endfacet
facet normal 0.6087614290086245 0.7933533402913089 6.469873559647352e-13
  outer loop
    vertex 760.1250919066919 -2651.7734348630015 29.99999999991497
    vertex 760.5393054690916 -2652.091272108202 9.999999999915307
    vertex 760.1250919067181 -2651.7734348630056 9.999999999914968
  endloop
endfacet
facet normal 0.6087614290086245 0.7933533402913089 6.469873559647352e-13
  outer loop
    vertex 760.5393054690916 -2652.091272108202 9.999999999915307
    vertex 760.1250919066919 -2651.7734348630015 29.99999999991497
    vertex 760.5393054690652 -2652.0912721081977 29.999999999915307
  endloop
endfacet
facet normal 0.6087614290085233 -0.7933533402913866 9.560554319682505e-13
  outer loop
    vertex 764.0336708775728 -2686.2689231578315 29.999999999929802
    vertex 763.6194573152261 -2686.586760403031 9.999999999929914
    vertex 764.0336708775992 -2686.2689231578356 9.999999999929802
  endloop
endfacet
facet normal 0.6087614290085233 -0.7933533402913866 9.560554319682505e-13
  outer loop
    vertex 763.6194573152261 -2686.586760403031 9.999999999929914
    vertex 764.0336708775728 -2686.2689231578315 29.999999999929802
    vertex 763.6194573151998 -2686.5867604030273 29.999999999929916
  endloop
endfacet
facet normal 0.8606091321005608 -0.19464495577139462 0.470600959346527
  outer loop
    vertex 840.2117558926218 -2694.7063815804922 21.208134979789317
    vertex 835.9731424278901 -2706.663557661178 24.01387818874953
    vertex 837.399746409278 -2707.1394859028123 21.208134979789317
  endloop
endfacet
facet normal 0.8606091321005608 -0.19464495577139462 0.470600959346527
  outer loop
    vertex 835.9731424278901 -2706.663557661178 24.01387818874953
    vertex 840.2117558926218 -2694.7063815804922 21.208134979789317
    vertex 838.7191946307205 -2694.5220788665442 24.01387818874953
  endloop
endfacet
facet normal 0.9080706560872778 -0.40722928992065044 0.09783654217082739
  outer loop
    vertex 838.5747542313803 -2707.5314793459647 15.000000000140199
    vertex 832.9867991242841 -2719.231616689635 18.164660473417015
    vertex 833.2579549090309 -2719.3872804104485 15.000000000140199
  endloop
endfacet
facet normal 0.9080706560872778 -0.40722928992065044 0.09783654217082739
  outer loop
    vertex 832.9867991242841 -2719.231616689635 18.164660473417015
    vertex 838.5747542313803 -2707.5314793459647 15.000000000140199
    vertex 838.278162894804 -2707.432533741479 18.164660473417015
  endloop
endfacet
facet normal 0.8733022007058069 -0.3916371845027286 -0.28976470101993146
  outer loop
    vertex 832.1837152776212 -2718.7705864379163 8.791865020488892
    vertex 838.2781628948098 -2707.4325337414803 11.835339526862827
    vertex 832.9867991242892 -2719.231616689638 11.835339526862827
  endloop
endfacet
facet normal 0.8733022007058069 -0.3916371845027286 -0.28976470101993146
  outer loop
    vertex 838.2781628948098 -2707.4325337414803 11.835339526862827
    vertex 832.1837152776212 -2718.7705864379163 8.791865020488892
    vertex 837.3997464092885 -2707.1394859028155 8.791865020488892
  endloop
endfacet
facet normal 0.7547437063960126 -0.17070125085893795 0.6334216767768557
  outer loop
    vertex 838.7191946307205 -2694.5220788665442 24.01387818874953
    vertex 834.0529806287155 -2706.0229739808733 26.47444833631278
    vertex 835.9731424278901 -2706.663557661178 24.01387818874953
  endloop
endfacet
facet normal 0.7547437063960126 -0.17070125085893795 0.6334216767768557
  outer loop
    vertex 834.0529806287155 -2706.0229739808733 26.47444833631278
    vertex 838.7191946307205 -2694.5220788665442 24.01387818874953
    vertex 836.7102565123491 -2694.2740135061335 26.47444833631278
  endloop
endfacet
facet normal 0.9949326226293514 -0.02317514712556289 -0.09783654216901455
  outer loop
    vertex 841.1307848840062 -2694.81986404961 11.835339526862827
    vertex 841.7436642575257 -2681.8683068068212 15.000000000140199
    vertex 841.4410887562484 -2694.8581806314896 15.000000000140199
  endloop
endfacet
facet normal 0.9949326226293514 -0.02317514712556289 -0.09783654216901455
  outer loop
    vertex 841.7436642575257 -2681.8683068068212 15.000000000140199
    vertex 841.1307848840062 -2694.81986404961 11.835339526862827
    vertex 841.4319128650033 -2681.8921337419115 11.835339526862827
  endloop
endfacet
facet normal 0.46145864208954435 -0.10436863104230834 0.8810011977830841
  outer loop
    vertex 831.7127907525314 -2705.2422650613744 28.495621547600404
    vertex 831.4677948885844 -2693.6266699567104 30.000000000015483
    vertex 829.0421868907 -2704.351326989833 30.000000000015483
  endloop
endfacet
facet normal 0.46145864208954435 -0.10436863104230834 0.8810011977830841
  outer loop
    vertex 831.4677948885844 -2693.6266699567104 30.000000000015483
    vertex 831.7127907525314 -2705.2422650613744 28.495621547600404
    vertex 834.2618708354157 -2693.971684793358 28.495621547600404
  endloop
endfacet
facet normal 0.9706852043022257 -0.21954098743779624 -0.09783654216898632
  outer loop
    vertex 838.2781628948098 -2707.4325337414803 11.835339526862827
    vertex 841.4410887562484 -2694.8581806314896 15.000000000140199
    vertex 838.5747542313803 -2707.5314793459647 15.000000000140199
  endloop
endfacet
facet normal 0.9706852043022257 -0.21954098743779624 -0.09783654216898632
  outer loop
    vertex 841.4410887562484 -2694.8581806314896 15.000000000140199
    vertex 838.2781628948098 -2707.4325337414803 11.835339526862827
    vertex 841.1307848840062 -2694.81986404961 11.835339526862827
  endloop
endfacet
facet normal 0.5799822621266896 -0.2600962416185883 0.7719912698433145
  outer loop
    vertex 829.1239667628101 -2717.014061719057 26.47444833631278
    vertex 831.7127907525314 -2705.2422650613744 28.495621547600404
    vertex 826.9844706141421 -2715.7858307540446 28.495621547600404
  endloop
endfacet
facet normal 0.5799822621266896 -0.2600962416185883 0.7719912698433145
  outer loop
    vertex 831.7127907525314 -2705.2422650613744 28.495621547600404
    vertex 829.1239667628101 -2717.014061719057 26.47444833631278
    vertex 834.0529806287155 -2706.0229739808733 26.47444833631278
  endloop
endfacet
facet normal 0.8050950975225744 -0.36104933320431293 0.4706009593464909
  outer loop
    vertex 837.399746409278 -2707.1394859028123 21.208134979789317
    vertex 830.8794562707184 -2718.0218441232028 24.01387818874953
    vertex 832.1837152776116 -2718.770586437911 21.208134979789317
  endloop
endfacet
facet normal 0.8050950975225744 -0.36104933320431293 0.4706009593464909
  outer loop
    vertex 830.8794562707184 -2718.0218441232028 24.01387818874953
    vertex 837.399746409278 -2707.1394859028123 21.208134979789317
    vertex 835.9731424278901 -2706.663557661178 24.01387818874953
  endloop
endfacet
facet normal 0.8095638694262105 -0.5788215202772639 -0.09783654216896027
  outer loop
    vertex 825.4658390710739 -2729.75074445041 11.835339526862827
    vertex 833.2579549090309 -2719.3872804104485 15.000000000140199
    vertex 825.7008416489047 -2729.9569735511413 15.000000000140199
  endloop
endfacet
facet normal 0.8095638694262105 -0.5788215202772639 -0.09783654216896027
  outer loop
    vertex 833.2579549090309 -2719.3872804104485 15.000000000140199
    vertex 825.4658390710739 -2729.75074445041 11.835339526862827
    vertex 832.9867991242892 -2719.231616689638 11.835339526862827
  endloop
endfacet
facet normal 0.9423375768361388 0.16744046501494278 0.28976470102166363
  outer loop
    vertex 841.4319128649975 -2681.8921337419115 18.164660473417015
    vertex 838.2785360832451 -2669.4121519479318 21.208134979789317
    vertex 840.5085967434146 -2681.962702130137 21.208134979789317
  endloop
endfacet
facet normal 0.9423375768361388 0.16744046501494278 0.28976470102166363
  outer loop
    vertex 838.2785360832451 -2669.4121519479318 21.208134979789317
    vertex 841.4319128649975 -2681.8921337419115 18.164660473417015
    vertex 839.1696445070412 -2669.1603219758654 18.164660473417015
  endloop
endfacet
facet normal 0.8733022007053413 -0.391637184502527 0.28976470102160756
  outer loop
    vertex 838.278162894804 -2707.432533741479 18.164660473417015
    vertex 832.1837152776116 -2718.770586437911 21.208134979789317
    vertex 832.9867991242841 -2719.231616689635 18.164660473417015
  endloop
endfacet
facet normal 0.8733022007053413 -0.391637184502527 0.28976470102160756
  outer loop
    vertex 832.1837152776116 -2718.770586437911 21.208134979789317
    vertex 838.278162894804 -2707.432533741479 18.164660473417015
    vertex 837.399746409278 -2707.1394859028123 21.208134979789317
  endloop
endfacet
facet normal 0.9706852043020466 -0.21954098743776826 0.09783654217082698
  outer loop
    vertex 841.4410887562484 -2694.8581806314896 15.000000000140199
    vertex 838.278162894804 -2707.432533741479 18.164660473417015
    vertex 838.5747542313803 -2707.5314793459647 15.000000000140199
  endloop
endfacet
facet normal 0.9706852043020466 -0.21954098743776826 0.09783654217082698
  outer loop
    vertex 838.278162894804 -2707.432533741479 18.164660473417015
    vertex 841.4410887562484 -2694.8581806314896 15.000000000140199
    vertex 841.1307848840004 -2694.8198640496084 18.164660473417015
  endloop
endfacet
facet normal 0.9949326226291781 -0.023175147125559504 0.0978365421707763
  outer loop
    vertex 841.7436642575257 -2681.8683068068212 15.000000000140199
    vertex 841.1307848840004 -2694.8198640496084 18.164660473417015
    vertex 841.4410887562484 -2694.8581806314896 15.000000000140199
  endloop
endfacet
facet normal 0.9949326226291781 -0.023175147125559504 0.0978365421707763
  outer loop
    vertex 841.1307848840004 -2694.8198640496084 18.164660473417015
    vertex 841.7436642575257 -2681.8683068068212 15.000000000140199
    vertex 841.4319128649975 -2681.8921337419115 18.164660473417015
  endloop
endfacet
facet normal 0.6354607642784467 -0.014801903535690072 0.7719912698433661
  outer loop
    vertex 836.7102565123491 -2694.2740135061335 26.47444833631278
    vertex 834.5309563790541 -2682.4195688911964 28.495621547600404
    vertex 834.2618708354157 -2693.971684793358 28.495621547600404
  endloop
endfacet
facet normal 0.6354607642784467 -0.014801903535690072 0.7719912698433661
  outer loop
    vertex 834.5309563790541 -2682.4195688911964 28.495621547600404
    vertex 836.7102565123491 -2694.2740135061335 26.47444833631278
    vertex 836.9907634020882 -2682.231567606585 26.47444833631278
  endloop
endfacet
facet normal 0.7785670685891231 -0.5566594450391847 -0.28976470101999496
  outer loop
    vertex 824.7698304118417 -2729.139954384957 8.791865020488892
    vertex 832.9867991242892 -2719.231616689638 11.835339526862827
    vertex 825.4658390710739 -2729.75074445041 11.835339526862827
  endloop
endfacet
facet normal 0.7785670685891231 -0.5566594450391847 -0.28976470101999496
  outer loop
    vertex 832.9867991242892 -2719.231616689638 11.835339526862827
    vertex 824.7698304118417 -2729.139954384957 8.791865020488892
    vertex 832.1837152776212 -2718.7705864379163 8.791865020488892
  endloop
endfacet
facet normal 0.629465899622066 -0.4500551750662699 -0.6334216767754733
  outer loop
    vertex 829.1239667628274 -2717.0140617190664 3.5255516639591957
    vertex 823.6394682878329 -2728.147992652082 5.98612181152602
    vertex 822.1180382357135 -2726.812844951274 3.5255516639591957
  endloop
endfacet
facet normal 0.629465899622066 -0.4500551750662699 -0.6334216767754733
  outer loop
    vertex 823.6394682878329 -2728.147992652082 5.98612181152602
    vertex 829.1239667628274 -2717.0140617190664 3.5255516639591957
    vertex 830.8794562707313 -2718.0218441232105 5.98612181152602
  endloop
endfacet
facet normal 0.7735969724164139 -0.018019535437741135 0.6334216767768265
  outer loop
    vertex 839.0090729106614 -2682.0773096600055 24.01387818874953
    vertex 836.7102565123491 -2694.2740135061335 26.47444833631278
    vertex 838.7191946307205 -2694.5220788665442 24.01387818874953
  endloop
endfacet
facet normal 0.7735969724164139 -0.018019535437741135 0.6334216767768265
  outer loop
    vertex 836.7102565123491 -2694.2740135061335 26.47444833631278
    vertex 839.0090729106614 -2682.0773096600055 24.01387818874953
    vertex 836.9907634020882 -2682.231567606585 26.47444833631278
  endloop
endfacet
facet normal 0.7785670685887375 -0.5566594450389121 0.28976470102155455
  outer loop
    vertex 832.9867991242841 -2719.231616689635 18.164660473417015
    vertex 824.7698304118334 -2729.13995438495 21.208134979789317
    vertex 825.4658390710696 -2729.750744450406 18.164660473417015
  endloop
endfacet
facet normal 0.7785670685887375 -0.5566594450389121 0.28976470102155455
  outer loop
    vertex 824.7698304118334 -2729.13995438495 21.208134979789317
    vertex 832.9867991242841 -2719.231616689635 18.164660473417015
    vertex 832.1837152776116 -2718.770586437911 21.208134979789317
  endloop
endfacet
facet normal 0.5170662449879648 -0.3696917331798872 -0.7719912698421512
  outer loop
    vertex 826.9844706141627 -2715.7858307540564 1.5043784526672175
    vertex 822.1180382357135 -2726.812844951274 3.5255516639591957
    vertex 820.2638011569285 -2725.1856387783446 1.5043784526672175
  endloop
endfacet
facet normal 0.5170662449879648 -0.3696917331798872 -0.7719912698421512
  outer loop
    vertex 822.1180382357135 -2726.812844951274 3.5255516639591957
    vertex 826.9844706141627 -2715.7858307540564 1.5043784526672175
    vertex 829.1239667628274 -2717.0140617190664 3.5255516639591957
  endloop
endfacet
facet normal 0.4658176827310235 0.08276941440724242 -0.8810011977822629
  outer loop
    vertex 832.509411556368 -2671.0425242232395 1.5043784526672175
    vertex 831.7238464937462 -2682.634114284205 2.471757021282883e-10
    vertex 829.8002210560956 -2671.8081497630583 2.471757021282883e-10
  endloop
endfacet
facet normal 0.4658176827310235 0.08276941440724242 -0.8810011977822629
  outer loop
    vertex 831.7238464937462 -2682.634114284205 2.471757021282883e-10
    vertex 832.509411556368 -2671.0425242232395 1.5043784526672175
    vertex 834.530956379078 -2682.4195688911946 1.5043784526672175
  endloop
endfacet
facet normal 0.7177590180209618 -0.5131829392263669 -0.47060095934514606
  outer loop
    vertex 823.6394682878329 -2728.147992652082 5.98612181152602
    vertex 832.1837152776212 -2718.7705864379163 8.791865020488892
    vertex 824.7698304118417 -2729.139954384957 8.791865020488892
  endloop
endfacet
facet normal 0.7177590180209618 -0.5131829392263669 -0.47060095934514606
  outer loop
    vertex 832.1837152776212 -2718.7705864379163 8.791865020488892
    vertex 823.6394682878329 -2728.147992652082 5.98612181152602
    vertex 830.8794562707313 -2718.0218441232105 5.98612181152602
  endloop
endfacet
facet normal 0.9335193461285175 -0.21113514261163982 0.28976470102161855
  outer loop
    vertex 841.1307848840004 -2694.8198640496084 18.164660473417015
    vertex 837.399746409278 -2707.1394859028123 21.208134979789317
    vertex 838.278162894804 -2707.432533741479 18.164660473417015
  endloop
endfacet
facet normal 0.9335193461285175 -0.21113514261163982 0.28976470102161855
  outer loop
    vertex 837.399746409278 -2707.1394859028123 21.208134979789317
    vertex 841.1307848840004 -2694.8198640496084 18.164660473417015
    vertex 840.2117558926218 -2694.7063815804922 21.208134979789317
  endloop
endfacet
facet normal 0.384862406695404 -0.2751687071940249 -0.8810011977822679
  outer loop
    vertex 824.5428966482712 -2714.3841845065776 2.471757021282883e-10
    vertex 820.2638011569285 -2725.1856387783446 1.5043784526672175
    vertex 818.1477623031185 -2723.3286855739916 2.471757021282883e-10
  endloop
endfacet
facet normal 0.384862406695404 -0.2751687071940249 -0.8810011977822679
  outer loop
    vertex 820.2638011569285 -2725.1856387783446 1.5043784526672175
    vertex 824.5428966482712 -2714.3841845065776 2.471757021282883e-10
    vertex 826.9844706141627 -2715.7858307540564 1.5043784526672175
  endloop
endfacet
facet normal 0.8821068839468219 -0.020547076606964573 -0.47060095934510776
  outer loop
    vertex 838.7191946307356 -2694.522078866546 5.98612181152602
    vertex 840.5085967434254 -2681.962702130136 8.791865020488892
    vertex 840.2117558926326 -2694.706381580494 8.791865020488892
  endloop
endfacet
facet normal 0.8821068839468219 -0.020547076606964573 -0.47060095934510776
  outer loop
    vertex 840.5085967434254 -2681.962702130136 8.791865020488892
    vertex 838.7191946307356 -2694.522078866546 5.98612181152602
    vertex 839.009072910677 -2682.0773096600046 5.98612181152602
  endloop
endfacet
facet normal 0.635460764279903 -0.014801903535728729 -0.7719912698421664
  outer loop
    vertex 834.530956379078 -2682.4195688911946 1.5043784526672175
    vertex 836.7102565123686 -2694.2740135061354 3.5255516639591957
    vertex 834.2618708354391 -2693.971684793361 1.5043784526672175
  endloop
endfacet
facet normal 0.635460764279903 -0.014801903535728729 -0.7719912698421664
  outer loop
    vertex 836.7102565123686 -2694.2740135061354 3.5255516639591957
    vertex 834.530956379078 -2682.4195688911946 1.5043784526672175
    vertex 836.9907634021077 -2682.2315676065837 3.5255516639591957
  endloop
endfacet
facet normal 0.6258304159318546 0.11120148282312582 -0.771991269842153
  outer loop
    vertex 834.8834140327648 -2670.3716238464153 3.5255516639591957
    vertex 834.530956379078 -2682.4195688911946 1.5043784526672175
    vertex 832.509411556368 -2671.0425242232395 1.5043784526672175
  endloop
endfacet
facet normal 0.6258304159318546 0.11120148282312582 -0.771991269842153
  outer loop
    vertex 834.530956379078 -2682.4195688911946 1.5043784526672175
    vertex 834.8834140327648 -2670.3716238464153 3.5255516639591957
    vertex 836.9907634021077 -2682.2315676065837 3.5255516639591957
  endloop
endfacet
facet normal 0.8606091321012732 -0.19464495577155078 -0.4706009593451597
  outer loop
    vertex 835.9731424279046 -2706.6635576611825 5.98612181152602
    vertex 840.2117558926326 -2694.706381580494 8.791865020488892
    vertex 837.3997464092885 -2707.1394859028155 8.791865020488892
  endloop
endfacet
facet normal 0.8606091321012732 -0.19464495577155078 -0.4706009593451597
  outer loop
    vertex 840.2117558926326 -2694.706381580494 8.791865020488892
    vertex 835.9731424279046 -2706.6635576611825 5.98612181152602
    vertex 838.7191946307356 -2694.522078866546 5.98612181152602
  endloop
endfacet
facet normal 0.8821068839460477 -0.02054707660693831 0.47060095934656004
  outer loop
    vertex 840.5085967434146 -2681.962702130137 21.208134979789317
    vertex 838.7191946307205 -2694.5220788665442 24.01387818874953
    vertex 840.2117558926218 -2694.7063815804922 21.208134979789317
  endloop
endfacet
facet normal 0.8821068839460477 -0.02054707660693831 0.47060095934656004
  outer loop
    vertex 838.7191946307205 -2694.5220788665442 24.01387818874953
    vertex 840.5085967434146 -2681.962702130137 21.208134979789317
    vertex 839.0090729106614 -2682.0773096600055 24.01387818874953
  endloop
endfacet
facet normal 0.6199740040381602 -0.1402202325007626 0.7719912698433342
  outer loop
    vertex 834.0529806287155 -2706.0229739808733 26.47444833631278
    vertex 834.2618708354157 -2693.971684793358 28.495621547600404
    vertex 831.7127907525314 -2705.2422650613744 28.495621547600404
  endloop
endfacet
facet normal 0.6199740040381602 -0.1402202325007626 0.7719912698433342
  outer loop
    vertex 834.2618708354157 -2693.971684793358 28.495621547600404
    vertex 834.0529806287155 -2706.0229739808733 26.47444833631278
    vertex 836.7102565123491 -2694.2740135061335 26.47444833631278
  endloop
endfacet
facet normal 0.7618731827756725 0.13537441692040064 0.6334216767767964
  outer loop
    vertex 839.0090729106614 -2682.0773096600055 24.01387818874953
    vertex 834.883414032746 -2670.3716238464203 26.47444833631278
    vertex 836.9907634020882 -2682.231567606585 26.47444833631278
  endloop
endfacet
facet normal 0.7618731827756725 0.13537441692040064 0.6334216767767964
  outer loop
    vertex 834.883414032746 -2670.3716238464203 26.47444833631278
    vertex 839.0090729106614 -2682.0773096600055 24.01387818874953
    vertex 836.8313195906327 -2669.8211397648756 24.01387818874953
  endloop
endfacet
facet normal 0.7618731827767421 0.1353744169205941 -0.6334216767754688
  outer loop
    vertex 834.8834140327648 -2670.3716238464153 3.5255516639591957
    vertex 839.009072910677 -2682.0773096600046 5.98612181152602
    vertex 836.9907634021077 -2682.2315676065837 3.5255516639591957
  endloop
endfacet
facet normal 0.7618731827767421 0.1353744169205941 -0.6334216767754688
  outer loop
    vertex 839.009072910677 -2682.0773096600046 5.98612181152602
    vertex 834.8834140327648 -2670.3716238464153 3.5255516639591957
    vertex 836.8313195906475 -2669.8211397648715 5.98612181152602
  endloop
endfacet
facet normal 0.4729857372665592 -0.01101734308447471 -0.8810011977822554
  outer loop
    vertex 831.7238464937462 -2682.634114284205 2.471757021282883e-10
    vertex 834.2618708354391 -2693.971684793361 1.5043784526672175
    vertex 831.4677948886407 -2693.6266699567063 2.471757021282883e-10
  endloop
endfacet
facet normal 0.4729857372665592 -0.01101734308447471 -0.8810011977822554
  outer loop
    vertex 834.2618708354391 -2693.971684793361 1.5043784526672175
    vertex 831.7238464937462 -2682.634114284205 2.471757021282883e-10
    vertex 834.530956379078 -2682.4195688911946 1.5043784526672175
  endloop
endfacet
facet normal -8.920284519985416e-29 1.0 -2.2559731860360984e-13
  outer loop
    vertex 715.1955601846599 -2641.016128970373 30.000000000016872
    vertex 791.9103646485563 -2641.016128970377 10.00000000001687
    vertex 715.1955601846354 -2641.016128970377 10.00000000001687
  endloop
endfacet
facet normal -8.920284519985416e-29 1.0 -2.2559731860360984e-13
  outer loop
    vertex 791.9103646485563 -2641.016128970377 10.00000000001687
    vertex 715.1955601846599 -2641.016128970373 30.000000000016872
    vertex 791.91036464853 -2641.016128970373 30.000000000016872
  endloop
endfacet
facet normal -1.3278305550876003e-30 -1.0 2.2058404485708002e-13
  outer loop
    vertex 785.2893054690585 -2658.359221300638 27.999999999913758
    vertex 721.8166193641052 -2658.3592213006423 9.999999999913761
    vertex 785.2893054690849 -2658.3592213006423 9.999999999913761
  endloop
endfacet
facet normal -1.3278305550876003e-30 -1.0 2.2058404485708002e-13
  outer loop
    vertex 721.8166193641052 -2658.3592213006423 9.999999999913761
    vertex 785.2893054690585 -2658.359221300638 27.999999999913758
    vertex 721.8166193641313 -2658.359221300638 27.999999999913758
  endloop
endfacet
facet normal 0.9335193461290027 -0.2111351426117326 -0.2897647010199876
  outer loop
    vertex 837.3997464092885 -2707.1394859028155 8.791865020488892
    vertex 841.1307848840062 -2694.81986404961 11.835339526862827
    vertex 838.2781628948098 -2707.4325337414803 11.835339526862827
  endloop
endfacet
facet normal 0.9335193461290027 -0.2111351426117326 -0.2897647010199876
  outer loop
    vertex 841.1307848840062 -2694.81986404961 11.835339526862827
    vertex 837.3997464092885 -2707.1394859028155 8.791865020488892
    vertex 840.2117558926326 -2694.706381580494 8.791865020488892
  endloop
endfacet
facet normal 0.6258304159303735 0.11120148282286524 0.7719912698433913
  outer loop
    vertex 834.5309563790541 -2682.4195688911964 28.495621547600404
    vertex 834.883414032746 -2670.3716238464203 26.47444833631278
    vertex 832.509411556345 -2671.0425242232463 28.495621547600404
  endloop
endfacet
facet normal 0.6258304159303735 0.11120148282286524 0.7719912698433913
  outer loop
    vertex 834.883414032746 -2670.3716238464203 26.47444833631278
    vertex 834.5309563790541 -2682.4195688911964 28.495621547600404
    vertex 836.9907634020882 -2682.231567606585 26.47444833631278
  endloop
endfacet
facet normal 0.8687386367620332 0.15436294263491554 0.47060095934659335
  outer loop
    vertex 840.5085967434146 -2681.962702130137 21.208134979789317
    vertex 836.8313195906327 -2669.8211397648756 24.01387818874953
    vertex 839.0090729106614 -2682.0773096600055 24.01387818874953
  endloop
endfacet
facet normal 0.8687386367620332 0.15436294263491554 0.47060095934659335
  outer loop
    vertex 836.8313195906327 -2669.8211397648756 24.01387818874953
    vertex 840.5085967434146 -2681.962702130137 21.208134979789317
    vertex 838.2785360832451 -2669.4121519479318 21.208134979789317
  endloop
endfacet
facet normal -3.315365815549441e-29 1.0 -2.3061059235058363e-13
  outer loop
    vertex 721.8166193641313 -2684.500973965399 27.999999999913758
    vertex 785.2893054690855 -2684.5009739654033 9.999999999913761
    vertex 721.816619364104 -2684.5009739654033 9.999999999913761
  endloop
endfacet
facet normal -3.315365815549441e-29 1.0 -2.3061059235058363e-13
  outer loop
    vertex 785.2893054690855 -2684.5009739654033 9.999999999913761
    vertex 721.8166193641313 -2684.500973965399 27.999999999913758
    vertex 785.2893054690593 -2684.500973965399 27.999999999913758
  endloop
endfacet
facet normal 0.7547437063971011 -0.17070125085917814 -0.6334216767754941
  outer loop
    vertex 834.0529806287343 -2706.0229739808797 3.5255516639591957
    vertex 838.7191946307356 -2694.522078866546 5.98612181152602
    vertex 835.9731424279046 -2706.6635576611825 5.98612181152602
  endloop
endfacet
facet normal 0.7547437063971011 -0.17070125085917814 -0.6334216767754941
  outer loop
    vertex 838.7191946307356 -2694.522078866546 5.98612181152602
    vertex 834.0529806287343 -2706.0229739808797 3.5255516639591957
    vertex 836.7102565123686 -2694.2740135061354 3.5255516639591957
  endloop
endfacet
facet normal 0.956838372731292 -0.022287810811574722 0.2897647010216405
  outer loop
    vertex 841.4319128649975 -2681.8921337419115 18.164660473417015
    vertex 840.2117558926218 -2694.7063815804922 21.208134979789317
    vertex 841.1307848840004 -2694.8198640496084 18.164660473417015
  endloop
endfacet
facet normal 0.956838372731292 -0.022287810811574722 0.2897647010216405
  outer loop
    vertex 840.2117558926218 -2694.7063815804922 21.208134979789317
    vertex 841.4319128649975 -2681.8921337419115 18.164660473417015
    vertex 840.5085967434146 -2681.962702130137 21.208134979789317
  endloop
endfacet
facet normal 0.979854511945784 0.17410670990966592 0.09783654217070993
  outer loop
    vertex 841.7436642575257 -2681.8683068068212 15.000000000140199
    vertex 839.1696445070412 -2669.1603219758654 18.164660473417015
    vertex 841.4319128649975 -2681.8921337419115 18.164660473417015
  endloop
endfacet
facet normal 0.979854511945784 0.17410670990966592 0.09783654217070993
  outer loop
    vertex 839.1696445070412 -2669.1603219758654 18.164660473417015
    vertex 841.7436642575257 -2681.8683068068212 15.000000000140199
    vertex 839.4705211900299 -2669.07529330298 15.000000000140199
  endloop
endfacet
facet normal 0.5799822621279944 -0.26009624161916994 -0.7719912698421383
  outer loop
    vertex 831.7127907525537 -2705.2422650613817 1.5043784526672175
    vertex 829.1239667628274 -2717.0140617190664 3.5255516639591957
    vertex 826.9844706141627 -2715.7858307540564 1.5043784526672175
  endloop
endfacet
facet normal 0.5799822621279944 -0.26009624161916994 -0.7719912698421383
  outer loop
    vertex 829.1239667628274 -2717.0140617190664 3.5255516639591957
    vertex 831.7127907525537 -2705.2422650613817 1.5043784526672175
    vertex 834.0529806287343 -2706.0229739808797 3.5255516639591957
  endloop
endfacet
facet normal 0.46581768272956925 0.08276941440698384 0.881001197783056
  outer loop
    vertex 831.72384649369 -2682.6341142842093 30.000000000015483
    vertex 832.509411556345 -2671.0425242232463 28.495621547600404
    vertex 829.8002210560393 -2671.8081497630624 30.000000000015483
  endloop
endfacet
facet normal 0.46581768272956925 0.08276941440698384 0.881001197783056
  outer loop
    vertex 832.509411556345 -2671.0425242232463 28.495621547600404
    vertex 831.72384649369 -2682.6341142842093 30.000000000015483
    vertex 834.5309563790541 -2682.4195688911964 28.495621547600404
  endloop
endfacet
facet normal 0.7060585755384529 -0.3166358591497915 -0.6334216767754988
  outer loop
    vertex 829.1239667628274 -2717.0140617190664 3.5255516639591957
    vertex 835.9731424279046 -2706.6635576611825 5.98612181152602
    vertex 830.8794562707313 -2718.0218441232105 5.98612181152602
  endloop
endfacet
facet normal 0.7060585755384529 -0.3166358591497915 -0.6334216767754988
  outer loop
    vertex 835.9731424279046 -2706.6635576611825 5.98612181152602
    vertex 829.1239667628274 -2717.0140617190664 3.5255516639591957
    vertex 834.0529806287343 -2706.0229739808797 3.5255516639591957
  endloop
endfacet
facet normal 0.4729857372650385 -0.011017343084436304 0.8810011977830722
  outer loop
    vertex 834.2618708354157 -2693.971684793358 28.495621547600404
    vertex 831.72384649369 -2682.6341142842093 30.000000000015483
    vertex 831.4677948885844 -2693.6266699567104 30.000000000015483
  endloop
endfacet
facet normal 0.4729857372650385 -0.011017343084436304 0.8810011977830722
  outer loop
    vertex 831.72384649369 -2682.6341142842093 30.000000000015483
    vertex 834.2618708354157 -2693.971684793358 28.495621547600404
    vertex 834.5309563790541 -2682.4195688911964 28.495621547600404
  endloop
endfacet
facet normal 0.9798545119459539 0.17410670990970506 -0.09783654216893785
  outer loop
    vertex 839.1696445070465 -2669.160321975864 11.835339526862827
    vertex 841.7436642575257 -2681.8683068068212 15.000000000140199
    vertex 841.4319128650033 -2681.8921337419115 11.835339526862827
  endloop
endfacet
facet normal 0.9798545119459539 0.17410670990970506 -0.09783654216893785
  outer loop
    vertex 841.7436642575257 -2681.8683068068212 15.000000000140199
    vertex 839.1696445070465 -2669.160321975864 11.835339526862827
    vertex 839.4705211900299 -2669.07529330298 15.000000000140199
  endloop
endfacet
facet normal 0.8687386367627913 0.1543629426350504 -0.4706009593451498
  outer loop
    vertex 836.8313195906475 -2669.8211397648715 5.98612181152602
    vertex 840.5085967434254 -2681.962702130136 8.791865020488892
    vertex 839.009072910677 -2682.0773096600046 5.98612181152602
  endloop
endfacet
facet normal 0.8687386367627913 0.1543629426350504 -0.4706009593451498
  outer loop
    vertex 840.5085967434254 -2681.962702130136 8.791865020488892
    vertex 836.8313195906475 -2669.8211397648715 5.98612181152602
    vertex 838.2785360832555 -2669.4121519479286 8.791865020488892
  endloop
endfacet
facet normal 0.9568383727317915 -0.022287810811583843 -0.28976470101999086
  outer loop
    vertex 840.2117558926326 -2694.706381580494 8.791865020488892
    vertex 841.4319128650033 -2681.8921337419115 11.835339526862827
    vertex 841.1307848840062 -2694.81986404961 11.835339526862827
  endloop
endfacet
facet normal 0.9568383727317915 -0.022287810811583843 -0.28976470101999086
  outer loop
    vertex 841.4319128650033 -2681.8921337419115 11.835339526862827
    vertex 840.2117558926326 -2694.706381580494 8.791865020488892
    vertex 840.5085967434254 -2681.962702130136 8.791865020488892
  endloop
endfacet
facet normal 0.6199740040395673 -0.14022023250107893 -0.7719912698421468
  outer loop
    vertex 834.2618708354391 -2693.971684793361 1.5043784526672175
    vertex 834.0529806287343 -2706.0229739808797 3.5255516639591957
    vertex 831.7127907525537 -2705.2422650613817 1.5043784526672175
  endloop
endfacet
facet normal 0.6199740040395673 -0.14022023250107893 -0.7719912698421468
  outer loop
    vertex 834.0529806287343 -2706.0229739808797 3.5255516639591957
    vertex 834.2618708354391 -2693.971684793361 1.5043784526672175
    vertex 836.7102565123686 -2694.2740135061354 3.5255516639591957
  endloop
endfacet
facet normal 0.9423375768366233 0.16744046501503668 -0.2897647010200333
  outer loop
    vertex 838.2785360832555 -2669.4121519479286 8.791865020488892
    vertex 841.4319128650033 -2681.8921337419115 11.835339526862827
    vertex 840.5085967434254 -2681.962702130136 8.791865020488892
  endloop
endfacet
facet normal 0.9423375768366233 0.16744046501503668 -0.2897647010200333
  outer loop
    vertex 841.4319128650033 -2681.8921337419115 11.835339526862827
    vertex 838.2785360832555 -2669.4121519479286 8.791865020488892
    vertex 839.1696445070465 -2669.160321975864 11.835339526862827
  endloop
endfacet
facet normal 0.7735969724175035 -0.01801953543777287 -0.6334216767754949
  outer loop
    vertex 836.7102565123686 -2694.2740135061354 3.5255516639591957
    vertex 839.009072910677 -2682.0773096600046 5.98612181152602
    vertex 838.7191946307356 -2694.522078866546 5.98612181152602
  endloop
endfacet
facet normal 0.7735969724175035 -0.01801953543777287 -0.6334216767754949
  outer loop
    vertex 839.009072910677 -2682.0773096600046 5.98612181152602
    vertex 836.7102565123686 -2694.2740135061354 3.5255516639591957
    vertex 836.9907634021077 -2682.2315676065837 3.5255516639591957
  endloop
endfacet
facet normal -0.5217126013154735 -0.8474927566915823 0.09783654217082995
  outer loop
    vertex 701.1180362602469 -2745.110613616319 15.000000000140407
    vertex 691.0933699752411 -2738.5741398600767 18.164660473417015
    vertex 690.9038092742056 -2738.8227829661582 15.000000000140199
  endloop
endfacet
facet normal -0.5217126013154735 -0.8474927566915823 0.09783654217082995
  outer loop
    vertex 691.0933699752411 -2738.5741398600767 18.164660473417015
    vertex 701.1180362602469 -2745.110613616319 15.000000000140407
    vertex 701.2811297516889 -2744.845677419048 18.164660473417225
  endloop
endfacet
facet normal -4.878115462911677e-12 -6.330633557902416e-14 -1.0
  outer loop
    vertex 677.3057037770956 -2671.8081497630583 2.471757021282883e-10
    vertex 675.6381299445502 -2693.6266699567063 2.471757021282883e-10
    vertex 675.382078339444 -2682.634114284205 2.471757021282883e-10
  endloop
endfacet
facet normal -4.878115462911677e-12 -6.330633557902416e-14 -1.0
  outer loop
    vertex 675.6381299445502 -2693.6266699567063 2.471757021282883e-10
    vertex 677.3057037770956 -2671.8081497630583 2.471757021282883e-10
    vertex 678.0637379424353 -2704.351326989829 2.471757021282883e-10
  endloop
endfacet
facet normal -4.878115462911677e-12 -6.330633557902416e-14 -1.0
  outer loop
    vertex 678.0637379424353 -2704.351326989829 2.471757021282883e-10
    vertex 677.3057037770956 -2671.8081497630583 2.471757021282883e-10
    vertex 681.3329733822766 -2661.5766815319253 2.471757021282883e-10
  endloop
endfacet
facet normal -4.878115462911677e-12 -6.330633557902416e-14 -1.0
  outer loop
    vertex 678.0637379424353 -2704.351326989829 2.471757021282883e-10
    vertex 681.3329733822766 -2661.5766815319253 2.471757021282883e-10
    vertex 682.5630281849204 -2714.3841845065776 2.471757021282883e-10
  endloop
endfacet
facet normal -4.878115462911677e-12 -6.330633557902416e-14 -1.0
  outer loop
    vertex 682.5630281849204 -2714.3841845065776 2.471757021282883e-10
    vertex 681.3329733822766 -2661.5766815319253 2.471757021282883e-10
    vertex 687.3047060163996 -2652.3441167753654 2.471757021282883e-10
  endloop
endfacet
facet normal -4.878115462911677e-12 -6.330633557902416e-14 -1.0
  outer loop
    vertex 682.5630281849204 -2714.3841845065776 2.471757021282883e-10
    vertex 687.3047060163996 -2652.3441167753654 2.471757021282883e-10
    vertex 688.9581625300718 -2723.3286855739916 2.471757021282883e-10
  endloop
endfacet
facet normal -4.878115462911677e-12 -6.330633557902416e-14 -1.0
  outer loop
    vertex 688.9581625300718 -2723.3286855739916 2.471757021282883e-10
    vertex 687.3047060163996 -2652.3441167753654 2.471757021282883e-10
    vertex 694.9848640427343 -2644.475380197743 2.471757021282883e-10
  endloop
endfacet
facet normal -4.878115462911677e-12 -6.330633557902416e-14 -1.0
  outer loop
    vertex 688.9581625300718 -2723.3286855739916 2.471757021282883e-10
    vertex 694.9848640427343 -2644.475380197743 2.471757021282883e-10
    vertex 696.9963680408129 -2730.831291441594 2.471757021282883e-10
  endloop
endfacet
facet normal -4.878115462911677e-12 -6.330633557902416e-14 -1.0
  outer loop
    vertex 696.9963680408129 -2730.831291441594 2.471757021282883e-10
    vertex 694.9848640427343 -2644.475380197743 2.471757021282883e-10
    vertex 697.3954448234551 -2692.9917349182606 1.2746248501116497e-11
  endloop
endfacet
facet normal -4.878115462911677e-12 -6.330633557902416e-14 -1.0
  outer loop
    vertex 697.3954448234551 -2692.9917349182606 1.2746248501116497e-11
    vertex 694.9848640427343 -2644.475380197743 2.471757021282883e-10
    vertex 697.5702963247277 -2684.3299438535296 1.2599610244024006e-11
  endloop
endfacet
facet normal -4.878115462911677e-12 -6.330633557902416e-14 -1.0
  outer loop
    vertex 697.5702963247277 -2684.3299438535296 1.2599610244024006e-11
    vertex 694.9848640427343 -2644.475380197743 2.471757021282883e-10
    vertex 698.7138153585834 -2675.7421873528037 1.2746248501116497e-11
  endloop
endfacet
facet normal -4.878115462911677e-12 -6.330633557902416e-14 -1.0
  outer loop
    vertex 698.7138153585834 -2675.7421873528037 1.2746248501116497e-11
    vertex 694.9848640427343 -2644.475380197743 2.471757021282883e-10
    vertex 704.069882907868 -2638.2814900745893 2.471757021282883e-10
  endloop
endfacet
facet normal -4.878115462911677e-12 -6.330633557902416e-14 -1.0
  outer loop
    vertex 698.7138153585834 -2675.7421873528037 1.2746248501116497e-11
    vertex 704.069882907868 -2638.2814900745893 2.471757021282883e-10
    vertex 700.8116228793731 -2667.336451150528 1.3174883406463776e-11
  endloop
endfacet
facet normal -4.878115462911677e-12 -6.330633557902416e-14 -1.0
  outer loop
    vertex 700.8116228793731 -2667.336451150528 1.3174883406463776e-11
    vertex 704.069882907868 -2638.2814900745893 2.471757021282883e-10
    vertex 703.837340253072 -2659.2184321883024 1.3896794825996039e-11
  endloop
endfacet
facet normal -4.878115462911677e-12 -6.330633557902416e-14 -1.0
  outer loop
    vertex 703.837340253072 -2659.2184321883024 1.3896794825996039e-11
    vertex 704.069882907868 -2638.2814900745893 2.471757021282883e-10
    vertex 707.7529209523008 -2651.490209541123 1.48894230278529e-11
  endloop
endfacet
facet normal -4.878115462911677e-12 -6.330633557902416e-14 -1.0
  outer loop
    vertex 707.7529209523008 -2651.490209541123 1.48894230278529e-11
    vertex 704.069882907868 -2638.2814900745893 2.471757021282883e-10
    vertex 714.2006697799567 -2634.0072649998333 2.4965727263293045e-10
  endloop
endfacet
facet normal -4.878115462911677e-12 -6.330633557902416e-14 -1.0
  outer loop
    vertex 707.7529209523008 -2651.490209541123 1.48894230278529e-11
    vertex 714.2006697799567 -2634.0072649998333 2.4965727263293045e-10
    vertex 712.509128967915 -2644.2489608360484 1.6141488146104167e-11
  endloop
endfacet
facet normal -4.878115462911677e-12 -6.330633557902416e-14 -1.0
  outer loop
    vertex 712.509128967915 -2644.2489608360484 1.6141488146104167e-11
    vertex 714.2006697799567 -2634.0072649998333 2.4965727263293045e-10
    vertex 715.1955601845864 -2641.016128970377 1.687467943156662e-11
  endloop
endfacet
facet normal -4.878115462911677e-12 -6.330633557902416e-14 -1.0
  outer loop
    vertex 696.9963680408129 -2730.831291441594 2.471757021282883e-10
    vertex 699.9483309745742 -2710.1021926672593 1.3896794825996039e-11
    vertex 706.3599280428483 -2736.595455450859 2.473674598491016e-10
  endloop
endfacet
facet normal -4.878115462911677e-12 -6.330633557902416e-14 -1.0
  outer loop
    vertex 699.9483309745742 -2710.1021926672593 1.3896794825996039e-11
    vertex 696.9963680408129 -2730.831291441594 2.471757021282883e-10
    vertex 698.1914595044092 -2701.618643873631 1.3174883406463776e-11
  endloop
endfacet
facet normal -4.878115462911677e-12 -6.330633557902416e-14 -1.0
  outer loop
    vertex 698.1914595044092 -2701.618643873631 1.3174883406463776e-11
    vertex 696.9963680408129 -2730.831291441594 2.471757021282883e-10
    vertex 697.3954448234551 -2692.9917349182606 1.2746248501116497e-11
  endloop
endfacet
facet normal -4.878115462911677e-12 -6.330633557902416e-14 -1.0
  outer loop
    vertex 706.3599280428483 -2736.595455450859 2.473674598491016e-10
    vertex 699.9483309745742 -2710.1021926672593 1.3896794825996039e-11
    vertex 702.6439676602042 -2718.335705912262 1.48894230278529e-11
  endloop
endfacet
facet normal -4.878115462911677e-12 -6.330633557902416e-14 -1.0
  outer loop
    vertex 706.3599280428483 -2736.595455450859 2.473674598491016e-10
    vertex 702.6439676602042 -2718.335705912262 1.48894230278529e-11
    vertex 705.191626482077 -2723.911426437427 0.0
  endloop
endfacet
facet normal -4.878115462911677e-12 -6.330633557902416e-14 -1.0
  outer loop
    vertex 706.3599280428483 -2736.595455450859 2.473674598491016e-10
    vertex 705.191626482077 -2723.911426437427 0.0
    vertex 706.2444735947463 -2726.215652264357 1.9881891688555696e-10
  endloop
endfacet
facet normal -4.878115462911677e-12 -6.330633557902416e-14 -1.0
  outer loop
    vertex 706.3599280428483 -2736.595455450859 2.473674598491016e-10
    vertex 706.2444735947463 -2726.215652264357 1.9881891688555696e-10
    vertex 709.4979170280388 -2731.6335297180785 1.9834516251648892e-10
  endloop
endfacet
facet normal -0.5279930670652407 -0.5656856905737366 0.6334216767771332
  outer loop
    vertex 692.5665798830327 -2736.6417589109496 24.01387818874953
    vertex 684.9878865974927 -2726.8128449512615 26.47444833631278
    vertex 683.4664565453681 -2728.1479926520715 24.01387818874953
  endloop
endfacet
facet normal -0.5279930670652407 -0.5656856905737366 0.6334216767771332
  outer loop
    vertex 684.9878865974927 -2726.8128449512615 26.47444833631278
    vertex 692.5665798830327 -2736.6417589109496 24.01387818874953
    vertex 693.7938147070688 -2735.0320187228576 26.47444833631278
  endloop
endfacet
facet normal -0.33321642172069177 -0.541291322285285 0.7719912698433229
  outer loop
    vertex 703.6045277838429 -2741.0714480862725 26.47444833631298
    vertex 695.28950247262 -2733.0701540023542 28.495621547600404
    vertex 693.7938147070688 -2735.0320187228576 26.47444833631278
  endloop
endfacet
facet normal -0.33321642172069177 -0.541291322285285 0.7719912698433229
  outer loop
    vertex 695.28950247262 -2733.0701540023542 28.495621547600404
    vertex 703.6045277838429 -2741.0714480862725 26.47444833631298
    vertex 704.8913817491365 -2738.9810262491255 28.495621547600603
  endloop
endfacet
facet normal -0.38486240669222466 -0.27516870719174136 0.8810011977843698
  outer loop
    vertex 686.8421236762787 -2725.185638778329 28.495621547600404
    vertex 682.5630281849758 -2714.3841845065817 30.000000000015483
    vertex 680.1214542190478 -2715.7858307540446 28.495621547600404
  endloop
endfacet
facet normal -0.38486240669222466 -0.27516870719174136 0.8810011977843698
  outer loop
    vertex 682.5630281849758 -2714.3841845065817 30.000000000015483
    vertex 686.8421236762787 -2725.185638778329 28.495621547600404
    vertex 688.9581625301282 -2723.3286855739957 30.000000000015483
  endloop
endfacet
facet normal -0.3228207955829427 -0.34586648210354554 0.8810011977838133
  outer loop
    vertex 695.28950247262 -2733.0701540023542 28.495621547600404
    vertex 688.9581625301282 -2723.3286855739957 30.000000000015483
    vertex 686.8421236762787 -2725.185638778329 28.495621547600404
  endloop
endfacet
facet normal -0.3228207955829427 -0.34586648210354554 0.8810011977838133
  outer loop
    vertex 688.9581625301282 -2723.3286855739957 30.000000000015483
    vertex 695.28950247262 -2733.0701540023542 28.495621547600404
    vertex 696.9963680408711 -2730.8312914415983 30.000000000015483
  endloop
endfacet
facet normal -0.46255019344532466 -0.7513867550117883 -0.47060095934512053
  outer loop
    vertex 702.5486443059971 -2742.786671366542 5.986121811526223
    vertex 691.6547931331718 -2737.8377319598544 8.791865020488892
    vertex 692.5665798830239 -2736.641758910962 5.98612181152602
  endloop
endfacet
facet normal -0.46255019344532466 -0.7513867550117883 -0.47060095934512053
  outer loop
    vertex 691.6547931331718 -2737.8377319598544 8.791865020488892
    vertex 702.5486443059971 -2742.786671366542 5.986121811526223
    vertex 701.7641648032734 -2744.0610141649595 8.791865020489096
  endloop
endfacet
facet normal -0.24801942740759267 -0.40289360026329923 0.8810011977831169
  outer loop
    vertex 704.8913817491365 -2738.9810262491255 28.495621547600603
    vertex 696.9963680408711 -2730.8312914415983 30.000000000015483
    vertex 695.28950247262 -2733.0701540023542 28.495621547600404
  endloop
endfacet
facet normal -0.24801942740759267 -0.40289360026329923 0.8810011977831169
  outer loop
    vertex 696.9963680408711 -2730.8312914415983 30.000000000015483
    vertex 704.8913817491365 -2738.9810262491255 28.495621547600603
    vertex 706.3599280429036 -2736.595455450863 30.000000000015667
  endloop
endfacet
facet normal -0.5279930670662015 -0.565685690574698 -0.6334216767754739
  outer loop
    vertex 684.9878865974772 -2726.812844951274 3.5255516639591957
    vertex 692.5665798830239 -2736.641758910962 5.98612181152602
    vertex 683.4664565453581 -2728.147992652082 5.98612181152602
  endloop
endfacet
facet normal -0.5279930670662015 -0.565685690574698 -0.6334216767754739
  outer loop
    vertex 692.5665798830239 -2736.641758910962 5.98612181152602
    vertex 684.9878865974772 -2726.812844951274 3.5255516639591957
    vertex 693.7938147070552 -2735.0320187228735 3.5255516639591957
  endloop
endfacet
facet normal -0.4625501934449176 -0.7513867550112329 0.4706009593464075
  outer loop
    vertex 701.7641648032813 -2744.06101416495 21.208134979789527
    vertex 692.5665798830327 -2736.6417589109496 24.01387818874953
    vertex 691.6547931331786 -2737.8377319598453 21.208134979789317
  endloop
endfacet
facet normal -0.4625501934449176 -0.7513867550112329 0.4706009593464075
  outer loop
    vertex 692.5665798830327 -2736.6417589109496 24.01387818874953
    vertex 701.7641648032813 -2744.06101416495 21.208134979789527
    vertex 702.5486443060055 -2742.7866713665285 24.013878188749736
  endloop
endfacet
facet normal -0.40565087491311125 -0.6589570145854508 0.6334216767768982
  outer loop
    vertex 702.5486443060055 -2742.7866713665285 24.013878188749736
    vertex 693.7938147070688 -2735.0320187228576 26.47444833631278
    vertex 692.5665798830327 -2736.6417589109496 24.01387818874953
  endloop
endfacet
facet normal -0.40565087491311125 -0.6589570145854508 0.6334216767768982
  outer loop
    vertex 693.7938147070688 -2735.0320187228576 26.47444833631278
    vertex 702.5486443060055 -2742.7866713665285 24.013878188749736
    vertex 703.6045277838429 -2741.0714480862725 26.47444833631298
  endloop
endfacet
facet normal -0.5217126013155661 -0.8474927566917445 -0.0978365421689311
  outer loop
    vertex 701.2811297516856 -2744.845677419053 11.835339526863034
    vertex 690.9038092742056 -2738.8227829661582 15.000000000140199
    vertex 691.0933699752371 -2738.5741398600812 11.835339526862827
  endloop
endfacet
facet normal -0.5217126013155661 -0.8474927566917445 -0.0978365421689311
  outer loop
    vertex 690.9038092742056 -2738.8227829661582 15.000000000140199
    vertex 701.2811297516856 -2744.845677419053 11.835339526863034
    vertex 701.1180362602469 -2745.110613616319 15.000000000140407
  endloop
endfacet
facet normal -0.5017371278438377 -0.8150437243392924 0.28976470102162544
  outer loop
    vertex 701.2811297516889 -2744.845677419048 18.164660473417225
    vertex 691.6547931331786 -2737.8377319598453 21.208134979789317
    vertex 691.0933699752411 -2738.5741398600767 18.164660473417015
  endloop
endfacet
facet normal -0.5017371278438377 -0.8150437243392924 0.28976470102162544
  outer loop
    vertex 691.6547931331786 -2737.8377319598453 21.208134979789317
    vertex 701.2811297516889 -2744.845677419048 18.164660473417225
    vertex 701.7641648032813 -2744.06101416495 21.208134979789527
  endloop
endfacet
facet normal -0.6530584336783194 -0.6996792838468403 -0.2897647010199708
  outer loop
    vertex 691.0933699752371 -2738.5741398600812 11.835339526862827
    vertex 682.3360944213487 -2729.139954384957 8.791865020488892
    vertex 691.6547931331718 -2737.8377319598544 8.791865020488892
  endloop
endfacet
facet normal -0.6530584336783194 -0.6996792838468403 -0.2897647010199708
  outer loop
    vertex 682.3360944213487 -2729.139954384957 8.791865020488892
    vertex 691.0933699752371 -2738.5741398600812 11.835339526862827
    vertex 681.640085762117 -2729.75074445041 11.835339526862827
  endloop
endfacet
facet normal 0.9503618979326343 0.3111466904176892 -4.559913164598973e-12
  outer loop
    vertex 702.6439676602042 -2718.335705912262 1.48894230278529e-11
    vertex 701.2961493174386 -2714.218949289765 10.000000000014388
    vertex 702.6439676602726 -2718.3357059122563 30.0000000000098
  endloop
endfacet
facet normal 0.9503618979326343 0.3111466904176892 -4.559913164598973e-12
  outer loop
    vertex 701.2961493174386 -2714.218949289765 10.000000000014388
    vertex 702.6439676602042 -2718.335705912262 1.48894230278529e-11
    vertex 699.9483309745742 -2710.1021926672593 1.3896794825996039e-11
  endloop
endfacet
facet normal 0.9503618979326343 0.3111466904176892 -4.559913164598973e-12
  outer loop
    vertex 701.2961493174386 -2714.218949289765 10.000000000014388
    vertex 699.9483309745742 -2710.1021926672593 1.3896794825996039e-11
    vertex 699.9483309746216 -2710.1021926672593 10.000000000013893
  endloop
endfacet
facet normal 0.9503618979326343 0.3111466904176892 -4.559913164598973e-12
  outer loop
    vertex 701.2961493174583 -2714.2189492897596 30.0000000000093
    vertex 702.6439676602726 -2718.3357059122563 30.0000000000098
    vertex 701.2961493174386 -2714.218949289765 10.000000000014388
  endloop
endfacet
facet normal -0.40565087491366075 -0.6589570145864444 -0.6334216767755129
  outer loop
    vertex 703.6045277838342 -2741.07144808629 3.5255516639593987
    vertex 692.5665798830239 -2736.641758910962 5.98612181152602
    vertex 693.7938147070552 -2735.0320187228735 3.5255516639591957
  endloop
endfacet
facet normal -0.40565087491366075 -0.6589570145864444 -0.6334216767755129
  outer loop
    vertex 692.5665798830239 -2736.641758910962 5.98612181152602
    vertex 703.6045277838342 -2741.07144808629 3.5255516639593987
    vertex 702.5486443059971 -2742.786671366542 5.986121811526223
  endloop
endfacet
facet normal -0.6020529238622612 -0.6450325681167726 0.4706009593462212
  outer loop
    vertex 692.5665798830327 -2736.6417589109496 24.01387818874953
    vertex 682.3360944213582 -2729.13995438495 21.208134979789317
    vertex 691.6547931331786 -2737.8377319598453 21.208134979789317
  endloop
endfacet
facet normal -0.6020529238622612 -0.6450325681167726 0.4706009593462212
  outer loop
    vertex 682.3360944213582 -2729.13995438495 21.208134979789317
    vertex 692.5665798830327 -2736.6417589109496 24.01387818874953
    vertex 683.4664565453681 -2728.1479926520715 24.01387818874953
  endloop
endfacet
facet normal -0.6790584059610868 -0.7275353546801867 0.09783654217092402
  outer loop
    vertex 691.0933699752411 -2738.5741398600767 18.164660473417015
    vertex 681.405083184286 -2729.9569735511413 15.000000000140199
    vertex 690.9038092742056 -2738.8227829661582 15.000000000140199
  endloop
endfacet
facet normal -0.6790584059610868 -0.7275353546801867 0.09783654217092402
  outer loop
    vertex 681.405083184286 -2729.9569735511413 15.000000000140199
    vertex 691.0933699752411 -2738.5741398600767 18.164660473417015
    vertex 681.6400857621218 -2729.750744450406 18.164660473417015
  endloop
endfacet
facet normal -0.5017371278441422 -0.815043724339721 -0.28976470101989277
  outer loop
    vertex 701.7641648032734 -2744.0610141649595 8.791865020489096
    vertex 691.0933699752371 -2738.5741398600812 11.835339526862827
    vertex 691.6547931331718 -2737.8377319598544 8.791865020488892
  endloop
endfacet
facet normal -0.5017371278441422 -0.815043724339721 -0.28976470101989277
  outer loop
    vertex 691.0933699752371 -2738.5741398600812 11.835339526862827
    vertex 701.7641648032734 -2744.0610141649595 8.791865020489096
    vertex 701.2811297516856 -2744.845677419053 11.835339526863034
  endloop
endfacet
facet normal 0.8920382009560154 -0.4519600071191646 -4.395112577121245e-12
  outer loop
    vertex 707.7529209523008 -2651.490209541123 1.48894230278529e-11
    vertex 703.8373402531217 -2659.2184321883024 10.000000000013893
    vertex 703.837340253072 -2659.2184321883024 1.3896794825996039e-11
  endloop
endfacet
facet normal 0.8920382009560154 -0.4519600071191646 -4.395112577121245e-12
  outer loop
    vertex 703.8373402531217 -2659.2184321883024 10.000000000013893
    vertex 707.7529209523008 -2651.490209541123 1.48894230278529e-11
    vertex 707.7529209523497 -2651.490209541123 10.000000000014886
  endloop
endfacet
facet normal -0.33321642172134147 -0.5412913222864527 -0.7719912698422234
  outer loop
    vertex 695.2895024726068 -2733.070154002373 1.5043784526672175
    vertex 703.6045277838342 -2741.07144808629 3.5255516639593987
    vertex 693.7938147070552 -2735.0320187228735 3.5255516639591957
  endloop
endfacet
facet normal -0.33321642172134147 -0.5412913222864527 -0.7719912698422234
  outer loop
    vertex 703.6045277838342 -2741.07144808629 3.5255516639593987
    vertex 695.2895024726068 -2733.070154002373 1.5043784526672175
    vertex 704.8913817491245 -2738.9810262491455 1.5043784526674149
  endloop
endfacet
facet normal -0.6020529238626923 -0.645032568117225 -0.47060095934504953
  outer loop
    vertex 691.6547931331718 -2737.8377319598544 8.791865020488892
    vertex 683.4664565453581 -2728.147992652082 5.98612181152602
    vertex 692.5665798830239 -2736.641758910962 5.98612181152602
  endloop
endfacet
facet normal -0.6020529238626923 -0.645032568117225 -0.47060095934504953
  outer loop
    vertex 683.4664565453581 -2728.147992652082 5.98612181152602
    vertex 691.6547931331718 -2737.8377319598544 8.791865020488892
    vertex 682.3360944213487 -2729.139954384957 8.791865020488892
  endloop
endfacet
facet normal 0.9792225132582858 0.20278873126514338 -4.740721552275529e-12
  outer loop
    vertex 698.1914595044092 -2701.618643873631 1.3174883406463776e-11
    vertex 699.9483309746216 -2710.1021926672593 10.000000000013893
    vertex 699.9483309745742 -2710.1021926672593 1.3896794825996039e-11
  endloop
endfacet
facet normal 0.9792225132582858 0.20278873126514338 -4.740721552275529e-12
  outer loop
    vertex 699.9483309746216 -2710.1021926672593 10.000000000013893
    vertex 698.1914595044092 -2701.618643873631 1.3174883406463776e-11
    vertex 698.1914595044585 -2701.618643873631 10.000000000013177
  endloop
endfacet
facet normal -0.2480194274084047 -0.40289360026471577 -0.8810011977822407
  outer loop
    vertex 696.9963680408129 -2730.831291441594 2.471757021282883e-10
    vertex 704.8913817491245 -2738.9810262491455 1.5043784526674149
    vertex 695.2895024726068 -2733.070154002373 1.5043784526672175
  endloop
endfacet
facet normal -0.2480194274084047 -0.40289360026471577 -0.8810011977822407
  outer loop
    vertex 704.8913817491245 -2738.9810262491455 1.5043784526674149
    vertex 696.9963680408129 -2730.831291441594 2.471757021282883e-10
    vertex 706.3599280428483 -2736.595455450859 2.473674598491016e-10
  endloop
endfacet
facet normal 0.9370308492642714 -0.3492465998790516 -4.6506198555522105e-12
  outer loop
    vertex 703.837340253072 -2659.2184321883024 1.3896794825996039e-11
    vertex 700.8116228794227 -2667.336451150528 10.000000000013177
    vertex 700.8116228793731 -2667.336451150528 1.3174883406463776e-11
  endloop
endfacet
facet normal 0.9370308492642714 -0.3492465998790516 -4.6506198555522105e-12
  outer loop
    vertex 700.8116228794227 -2667.336451150528 10.000000000013177
    vertex 703.837340253072 -2659.2184321883024 1.3896794825996039e-11
    vertex 703.8373402531217 -2659.2184321883024 10.000000000013893
  endloop
endfacet
facet normal -0.4337127598675113 -0.46467485537265507 -0.7719912698421586
  outer loop
    vertex 686.8421236762606 -2725.1856387783446 1.5043784526672175
    vertex 693.7938147070552 -2735.0320187228735 3.5255516639591957
    vertex 684.9878865974772 -2726.812844951274 3.5255516639591957
  endloop
endfacet
facet normal -0.4337127598675113 -0.46467485537265507 -0.7719912698421586
  outer loop
    vertex 693.7938147070552 -2735.0320187228735 3.5255516639591957
    vertex 686.8421236762606 -2725.1856387783446 1.5043784526672175
    vertex 695.2895024726068 -2733.070154002373 1.5043784526672175
  endloop
endfacet
facet normal -0.43371275986667385 -0.46467485537175407 0.7719912698431715
  outer loop
    vertex 693.7938147070688 -2735.0320187228576 26.47444833631278
    vertex 686.8421236762787 -2725.185638778329 28.495621547600404
    vertex 684.9878865974927 -2726.8128449512615 26.47444833631278
  endloop
endfacet
facet normal -0.43371275986667385 -0.46467485537175407 0.7719912698431715
  outer loop
    vertex 686.8421236762787 -2725.185638778329 28.495621547600404
    vertex 693.7938147070688 -2735.0320187228576 26.47444833631278
    vertex 695.28950247262 -2733.0701540023542 28.495621547600404
  endloop
endfacet
facet normal -0.6790584059612168 -0.7275353546803239 -0.09783654216900003
  outer loop
    vertex 690.9038092742056 -2738.8227829661582 15.000000000140199
    vertex 681.640085762117 -2729.75074445041 11.835339526862827
    vertex 691.0933699752371 -2738.5741398600812 11.835339526862827
  endloop
endfacet
facet normal -0.6790584059612168 -0.7275353546803239 -0.09783654216900003
  outer loop
    vertex 681.640085762117 -2729.75074445041 11.835339526862827
    vertex 690.9038092742056 -2738.8227829661582 15.000000000140199
    vertex 681.405083184286 -2729.9569735511413 15.000000000140199
  endloop
endfacet
facet normal -0.6530584336779968 -0.6996792838464709 0.28976470102158935
  outer loop
    vertex 691.6547931331786 -2737.8377319598453 21.208134979789317
    vertex 681.6400857621218 -2729.750744450406 18.164660473417015
    vertex 691.0933699752411 -2738.5741398600767 18.164660473417015
  endloop
endfacet
facet normal -0.6530584336779968 -0.6996792838464709 0.28976470102158935
  outer loop
    vertex 681.6400857621218 -2729.750744450406 18.164660473417015
    vertex 691.6547931331786 -2737.8377319598453 21.208134979789317
    vertex 682.3360944213582 -2729.13995438495 21.208134979789317
  endloop
endfacet
facet normal 0.9238795325107909 0.3826834323662866 -1.3119315402048908e-12
  outer loop
    vertex 707.6408428892977 -2705.874878123807 9.999999999978451
    vertex 707.8406437343343 -2706.357240033598 29.99999999997915
    vertex 707.8406437343083 -2706.357240033602 9.999999999979151
  endloop
endfacet
facet normal 0.9238795325107909 0.3826834323662866 -1.3119315402048908e-12
  outer loop
    vertex 707.8406437343343 -2706.357240033598 29.99999999997915
    vertex 707.6408428892977 -2705.874878123807 9.999999999978451
    vertex 707.6408428893251 -2705.8748781238032 29.999999999978453
  endloop
endfacet
facet normal 1.0 2.7779387228723365e-29 -1.5140086715190495e-12
  outer loop
    vertex 721.816619364104 -2676.300973965403 9.999999999913761
    vertex 721.8166193641313 -2684.500973965399 27.999999999913758
    vertex 721.816619364104 -2684.5009739654033 9.999999999913761
  endloop
endfacet
facet normal 1.0 2.7779387228723365e-29 -1.5140086715190495e-12
  outer loop
    vertex 721.8166193641313 -2684.500973965399 27.999999999913758
    vertex 721.816619364104 -2676.300973965403 9.999999999913761
    vertex 721.8166193641313 -2676.300973965399 27.999999999913758
  endloop
endfacet
facet normal -1.0313020279035189e-13 1.0 -2.2058404485692701e-13
  outer loop
    vertex 714.8166193641326 -2676.3009739654 27.999999999913758
    vertex 721.816619364104 -2676.300973965403 9.999999999913761
    vertex 714.8166193641065 -2676.3009739654035 9.999999999913761
  endloop
endfacet
facet normal -1.0313020279035189e-13 1.0 -2.2058404485692701e-13
  outer loop
    vertex 721.816619364104 -2676.300973965403 9.999999999913761
    vertex 714.8166193641326 -2676.3009739654 27.999999999913758
    vertex 721.8166193641313 -2676.300973965399 27.999999999913758
  endloop
endfacet
facet normal 0.13052619222023368 0.9914448613737865 -3.664380691621348e-13
  outer loop
    vertex 709.1424609888302 -2707.300598711797 9.999999999987153
    vertex 709.5726945419028 -2707.357240033598 29.9999999999813
    vertex 709.5726945418768 -2707.357240033602 9.999999999981299
  endloop
endfacet
facet normal 0.13052619222023368 0.9914448613737865 -3.664380691621348e-13
  outer loop
    vertex 709.5726945419028 -2707.357240033598 29.9999999999813
    vertex 709.1424609888302 -2707.300598711797 9.999999999987153
    vertex 709.1424609888561 -2707.3005987117936 29.999999999987153
  endloop
endfacet
facet normal -0.5914636064214067 0.23280953924717193 0.7719912698434502
  outer loop
    vertex 674.5965132768459 -2671.0425242232463 28.495621547600404
    vertex 676.6344217143566 -2659.1629562428902 26.47444833631278
    vertex 672.2225108004436 -2670.3716238464203 26.47444833631278
  endloop
endfacet
facet normal -0.5914636064214067 0.23280953924717193 0.7719912698434502
  outer loop
    vertex 676.6344217143566 -2659.1629562428902 26.47444833631278
    vertex 674.5965132768459 -2671.0425242232463 28.495621547600404
    vertex 678.8287852465652 -2660.290237823551 28.495621547600404
  endloop
endfacet
facet normal 0.9957700102194516 0.09188082905347228 -4.933160181302873e-12
  outer loop
    vertex 697.3954448234551 -2692.9917349182606 1.2746248501116497e-11
    vertex 698.1914595044585 -2701.618643873631 10.000000000013177
    vertex 698.1914595044092 -2701.618643873631 1.3174883406463776e-11
  endloop
endfacet
facet normal 0.9957700102194516 0.09188082905347228 -4.933160181302873e-12
  outer loop
    vertex 698.1914595044585 -2701.618643873631 10.000000000013177
    vertex 697.3954448234551 -2692.9917349182606 1.2746248501116497e-11
    vertex 697.3954448235048 -2692.9917349182606 10.000000000012742
  endloop
endfacet
facet normal 0.9095510686587365 0.4155921720891176 -2.2482489092996948e-12
  outer loop
    vertex 702.6439676602042 -2718.335705912262 1.48894230278529e-11
    vertex 705.1916264821527 -2723.911426437423 29.999999999999996
    vertex 705.191626482077 -2723.911426437427 0.0
  endloop
endfacet
facet normal 0.9095510686587365 0.4155921720891176 -2.2482489092996948e-12
  outer loop
    vertex 705.1916264821527 -2723.911426437423 29.999999999999996
    vertex 702.6439676602042 -2718.335705912262 1.48894230278529e-11
    vertex 702.6439676602726 -2718.3357059122563 30.0000000000098
  endloop
endfacet
facet normal -0.8210327814973772 0.32317163979658364 0.47060095934652235
  outer loop
    vertex 674.8339126740744 -2658.238004361795 24.01387818874953
    vertex 668.8273887499462 -2669.4121519479318 21.208134979789317
    vertex 670.2746052425583 -2669.8211397648756 24.01387818874953
  endloop
endfacet
facet normal -0.8210327814973772 0.32317163979658364 0.47060095934652235
  outer loop
    vertex 668.8273887499462 -2669.4121519479318 21.208134979789317
    vertex 674.8339126740744 -2658.238004361795 24.01387818874953
    vertex 673.4962059420188 -2657.550801837127 21.208134979789317
  endloop
endfacet
facet normal 0.8358287231679882 -0.5489902963872593 -4.163446464966613e-12
  outer loop
    vertex 712.509128967915 -2644.2489608360484 1.6141488146104167e-11
    vertex 707.7529209523497 -2651.490209541123 10.000000000014886
    vertex 707.7529209523008 -2651.490209541123 1.48894230278529e-11
  endloop
endfacet
facet normal 0.8358287231679882 -0.5489902963872593 -4.163446464966613e-12
  outer loop
    vertex 707.7529209523497 -2651.490209541123 10.000000000014886
    vertex 712.509128967915 -2644.2489608360484 1.6141488146104167e-11
    vertex 712.5091289679657 -2644.2489608360484 10.000000000016144
  endloop
endfacet
facet normal -0.9260468469597436 0.36450685624830137 0.09783654217058849
  outer loop
    vertex 672.6725270082932 -2657.127664067684 18.164660473417015
    vertex 667.6354036431616 -2669.07529330298 15.000000000140199
    vertex 667.9362803261499 -2669.1603219758654 18.164660473417015
  endloop
endfacet
facet normal -0.9260468469597436 0.36450685624830137 0.09783654217058849
  outer loop
    vertex 667.6354036431616 -2669.07529330298 15.000000000140199
    vertex 672.6725270082932 -2657.127664067684 18.164660473417015
    vertex 672.3944174328385 -2656.9847944851304 15.000000000140199
  endloop
endfacet
facet normal 0.9997963142611163 -0.020182417840473206 -4.966641427355892e-12
  outer loop
    vertex 697.5702963247277 -2684.3299438535296 1.2599610244024006e-11
    vertex 697.3954448235048 -2692.9917349182606 10.000000000012742
    vertex 697.3954448234551 -2692.9917349182606 1.2746248501116497e-11
  endloop
endfacet
facet normal 0.9997963142611163 -0.020182417840473206 -4.966641427355892e-12
  outer loop
    vertex 697.3954448235048 -2692.9917349182606 10.000000000012742
    vertex 697.5702963247277 -2684.3299438535296 1.2599610244024006e-11
    vertex 697.5702963247774 -2684.3299438535296 10.000000000012596
  endloop
endfacet
facet normal -0.7200357298876906 0.28341758427182034 0.6334216767767159
  outer loop
    vertex 676.6344217143566 -2659.1629562428902 26.47444833631278
    vertex 670.2746052425583 -2669.8211397648756 24.01387818874953
    vertex 672.2225108004436 -2670.3716238464203 26.47444833631278
  endloop
endfacet
facet normal -0.7200357298876906 0.28341758427182034 0.6334216767767159
  outer loop
    vertex 670.2746052425583 -2669.8211397648756 24.01387818874953
    vertex 676.6344217143566 -2659.1629562428902 26.47444833631278
    vertex 674.8339126740744 -2658.238004361795 24.01387818874953
  endloop
endfacet
facet normal -0.8905901143097891 0.35055051894907313 0.2897647010217297
  outer loop
    vertex 673.4962059420188 -2657.550801837127 21.208134979789317
    vertex 667.9362803261499 -2669.1603219758654 18.164660473417015
    vertex 668.8273887499462 -2669.4121519479318 21.208134979789317
  endloop
endfacet
facet normal -0.8905901143097891 0.35055051894907313 0.2897647010217297
  outer loop
    vertex 667.9362803261499 -2669.1603219758654 18.164660473417015
    vertex 673.4962059420188 -2657.550801837127 21.208134979789317
    vertex 672.6725270082932 -2657.127664067684 18.164660473417015
  endloop
endfacet
facet normal -0.38268343236506314 -0.9238795325112977 6.98817852248417e-13
  outer loop
    vertex 710.5726945418759 -2703.625189226033 9.999999999981373
    vertex 710.0903326321081 -2703.4253883810197 29.999999999980442
    vertex 710.0903326320813 -2703.425388381024 9.999999999980442
  endloop
endfacet
facet normal -0.38268343236506314 -0.9238795325112977 6.98817852248417e-13
  outer loop
    vertex 710.0903326321081 -2703.4253883810197 29.999999999980442
    vertex 710.5726945418759 -2703.625189226033 9.999999999981373
    vertex 710.5726945419029 -2703.625189226029 29.999999999981373
  endloop
endfacet
facet normal 0.38268343234360264 -0.9238795325201871 -3.2335670473515176e-13
  outer loop
    vertex 709.0550564516908 -2703.425388381029 9.99999999997879
    vertex 708.572694541903 -2703.625189226029 29.99999999997817
    vertex 708.5726945418762 -2703.625189226033 9.999999999978169
  endloop
endfacet
facet normal 0.38268343234360264 -0.9238795325201871 -3.2335670473515176e-13
  outer loop
    vertex 708.572694541903 -2703.625189226029 29.99999999997817
    vertex 709.0550564516908 -2703.425388381029 9.99999999997879
    vertex 709.0550564517168 -2703.4253883810247 29.99999999997879
  endloop
endfacet
facet normal 0.7933533402909693 -0.6087614290090673 -9.67334027438993e-13
  outer loop
    vertex 740.6580403932176 -2686.586760403031 9.999999999930049
    vertex 740.3402031480489 -2687.0009739654 29.999999999930235
    vertex 740.3402031480217 -2687.0009739654042 9.999999999930235
  endloop
endfacet
facet normal 0.7933533402909693 -0.6087614290090673 -9.67334027438993e-13
  outer loop
    vertex 740.3402031480489 -2687.0009739654 29.999999999930235
    vertex 740.6580403932176 -2686.586760403031 9.999999999930049
    vertex 740.6580403932452 -2686.5867604030273 29.99999999993005
  endloop
endfacet
facet normal 0.9914448613737867 0.13052619222023176 -1.3858100059784363e-12
  outer loop
    vertex 707.5726945418756 -2705.3572400336016 9.999999999977932
    vertex 707.6408428893251 -2705.8748781238032 29.999999999978453
    vertex 707.6408428892977 -2705.874878123807 9.999999999978451
  endloop
endfacet
facet normal 0.9914448613737867 0.13052619222023176 -1.3858100059784363e-12
  outer loop
    vertex 707.6408428893251 -2705.8748781238032 29.999999999978453
    vertex 707.5726945418756 -2705.3572400336016 9.999999999977932
    vertex 707.5726945419032 -2705.3572400335975 29.999999999977934
  endloop
endfacet
facet normal 0.608761429008875 -0.7933533402911169 -6.582688475145132e-13
  outer loop
    vertex 708.5726945418762 -2703.625189226033 9.999999999978169
    vertex 708.1584809795298 -2703.943026471225 29.999999999977756
    vertex 708.1584809795031 -2703.9430264712287 9.999999999977758
  endloop
endfacet
facet normal 0.608761429008875 -0.7933533402911169 -6.582688475145132e-13
  outer loop
    vertex 708.1584809795298 -2703.943026471225 29.999999999977756
    vertex 708.5726945418762 -2703.625189226033 9.999999999978169
    vertex 708.572694541903 -2703.625189226029 29.99999999997817
  endloop
endfacet
facet normal 0.13052619223387504 -0.9914448613719906 2.662706417306036e-14
  outer loop
    vertex 709.5726945418768 -2703.357240033602 9.999999999979556
    vertex 709.0550564517168 -2703.4253883810247 29.99999999997879
    vertex 709.0550564516908 -2703.425388381029 9.99999999997879
  endloop
endfacet
facet normal 0.13052619223387504 -0.9914448613719906 2.662706417306036e-14
  outer loop
    vertex 709.0550564517168 -2703.4253883810247 29.99999999997879
    vertex 709.5726945418768 -2703.357240033602 9.999999999979556
    vertex 709.5726945419028 -2703.357240033598 29.999999999979558
  endloop
endfacet
facet normal -0.6087614290082906 -0.7933533402915651 9.732706469563622e-13
  outer loop
    vertex 710.9869081042499 -2703.9430264712287 9.999999999982286
    vertex 710.5726945419029 -2703.625189226029 29.999999999981373
    vertex 710.5726945418759 -2703.625189226033 9.999999999981373
  endloop
endfacet
facet normal -0.6087614290082906 -0.7933533402915651 9.732706469563622e-13
  outer loop
    vertex 710.5726945419029 -2703.625189226029 29.999999999981373
    vertex 710.9869081042499 -2703.9430264712287 9.999999999982286
    vertex 710.9869081042764 -2703.943026471225 29.999999999982286
  endloop
endfacet
facet normal 0.608761429008565 0.7933533402913545 -9.664038131121387e-13
  outer loop
    vertex 740.6580403932452 -2689.4151875277735 29.999999999931234
    vertex 741.0722539555916 -2689.733024772973 9.999999999931353
    vertex 740.6580403932176 -2689.4151875277776 9.999999999931234
  endloop
endfacet
facet normal 0.608761429008565 0.7933533402913545 -9.664038131121387e-13
  outer loop
    vertex 741.0722539555916 -2689.733024772973 9.999999999931353
    vertex 740.6580403932452 -2689.4151875277735 29.999999999931234
    vertex 741.0722539556172 -2689.733024772969 29.99999999993135
  endloop
endfacet
facet normal 4.2844565179234584e-30 -1.0 2.2058404485708007e-13
  outer loop
    vertex 721.8166193641313 -2667.300973965399 27.999999999913758
    vertex 714.8166193641065 -2667.300973965403 9.999999999913761
    vertex 721.8166193641052 -2667.300973965403 9.999999999913761
  endloop
endfacet
facet normal 4.2844565179234584e-30 -1.0 2.2058404485708007e-13
  outer loop
    vertex 714.8166193641065 -2667.300973965403 9.999999999913761
    vertex 721.8166193641313 -2667.300973965399 27.999999999913758
    vertex 714.8166193641326 -2667.300973965399 27.999999999913758
  endloop
endfacet
facet normal 0.38268343236991875 0.9238795325092864 -6.832778504490532e-13
  outer loop
    vertex 708.5726945419211 -2707.0892908411715 29.9999999999809
    vertex 709.0550564516711 -2707.2890916861797 9.99999999998183
    vertex 708.5726945418957 -2707.0892908411756 9.999999999980899
  endloop
endfacet
facet normal 0.38268343236991875 0.9238795325092864 -6.832778504490532e-13
  outer loop
    vertex 709.0550564516711 -2707.2890916861797 9.99999999998183
    vertex 708.5726945419211 -2707.0892908411715 29.9999999999809
    vertex 709.055056451698 -2707.289091686176 29.999999999981828
  endloop
endfacet
facet normal 0.991250797096483 -0.13199188329434186 -4.874989761328626e-12
  outer loop
    vertex 698.7138153585834 -2675.7421873528037 1.2746248501116497e-11
    vertex 697.5702963247774 -2684.3299438535296 10.000000000012596
    vertex 697.5702963247277 -2684.3299438535296 1.2599610244024006e-11
  endloop
endfacet
facet normal 0.991250797096483 -0.13199188329434186 -4.874989761328626e-12
  outer loop
    vertex 697.5702963247774 -2684.3299438535296 10.000000000012596
    vertex 698.7138153585834 -2675.7421873528037 1.2746248501116497e-11
    vertex 698.7138153586321 -2675.7421873528037 10.000000000012742
  endloop
endfacet
facet normal -0.7933533402902597 -0.608761429009992 1.1786172861626856e-12
  outer loop
    vertex 743.8043047631868 -2687.0009739654 29.99999999993008
    vertex 743.4864675179633 -2686.586760403031 9.999999999929914
    vertex 743.8043047631606 -2687.0009739654042 9.999999999930077
  endloop
endfacet
facet normal -0.7933533402902597 -0.608761429009992 1.1786172861626856e-12
  outer loop
    vertex 743.4864675179633 -2686.586760403031 9.999999999929914
    vertex 743.8043047631868 -2687.0009739654 29.99999999993008
    vertex 743.4864675179905 -2686.5867604030273 29.999999999929916
  endloop
endfacet
facet normal 1.0 1.0249516351961212e-28 -1.4538493865580276e-12
  outer loop
    vertex 714.8166193641065 -2667.300973965403 9.999999999913761
    vertex 714.8166193641326 -2676.3009739654 27.999999999913758
    vertex 714.8166193641065 -2676.3009739654035 9.999999999913761
  endloop
endfacet
facet normal 1.0 1.0249516351961212e-28 -1.4538493865580276e-12
  outer loop
    vertex 714.8166193641326 -2676.3009739654 27.999999999913758
    vertex 714.8166193641065 -2667.300973965403 9.999999999913761
    vertex 714.8166193641326 -2667.300973965399 27.999999999913758
  endloop
endfacet
facet normal -0.4402378017220666 0.1732846428172012 0.8810011977850185
  outer loop
    vertex 677.3057037771508 -2671.8081497630624 30.000000000015483
    vertex 678.8287852465652 -2660.290237823551 28.495621547600404
    vertex 674.5965132768459 -2671.0425242232463 28.495621547600404
  endloop
endfacet
facet normal -0.4402378017220666 0.1732846428172012 0.8810011977850185
  outer loop
    vertex 678.8287852465652 -2660.290237823551 28.495621547600404
    vertex 677.3057037771508 -2671.8081497630624 30.000000000015483
    vertex 681.3329733823336 -2661.5766815319294 30.000000000015483
  endloop
endfacet
facet normal -0.9914448613739679 0.13052619221885609 1.3160910094559413e-12
  outer loop
    vertex 711.5045461944813 -2705.8748781238032 29.999999999980176
    vertex 711.5535807990456 -2705.5024233243134 9.99999999998888
    vertex 711.5045461944544 -2705.874878123807 9.999999999980178
  endloop
endfacet
facet normal -0.9914448613739679 0.13052619221885609 1.3160910094559413e-12
  outer loop
    vertex 711.5535807990456 -2705.5024233243134 9.99999999998888
    vertex 711.5045461944813 -2705.8748781238032 29.999999999980176
    vertex 711.5535807990727 -2705.5024233243093 29.99999999998888
  endloop
endfacet
facet normal -0.7933533402917623 0.6087614290080339 9.261698710247138e-13
  outer loop
    vertex 710.9869081042759 -2706.771453595971 29.999999999980517
    vertex 711.3047453494447 -2706.357240033602 9.999999999980318
    vertex 710.9869081042499 -2706.771453595975 9.999999999980515
  endloop
endfacet
facet normal -0.7933533402917623 0.6087614290080339 9.261698710247138e-13
  outer loop
    vertex 711.3047453494447 -2706.357240033602 9.999999999980318
    vertex 710.9869081042759 -2706.771453595971 29.999999999980517
    vertex 711.3047453494714 -2706.357240033598 29.999999999980318
  endloop
endfacet
facet normal 0.9914448613737632 -0.13052619222041068 -1.3339844676247144e-12
  outer loop
    vertex 707.6408428892977 -2704.839601943397 9.99999999997764
    vertex 707.5726945419032 -2705.3572400335975 29.999999999977934
    vertex 707.5726945418756 -2705.3572400336016 9.999999999977932
  endloop
endfacet
facet normal 0.9914448613737632 -0.13052619222041068 -1.3339844676247144e-12
  outer loop
    vertex 707.5726945419032 -2705.3572400335975 29.999999999977934
    vertex 707.6408428892977 -2704.839601943397 9.99999999997764
    vertex 707.6408428893251 -2704.839601943393 29.99999999997764
  endloop
endfacet
facet normal -0.9238795325119923 -0.38268343236338664 1.2994261317274963e-12
  outer loop
    vertex 744.0041056081955 -2687.4833358751953 29.99999999993027
    vertex 743.8043047631606 -2687.0009739654042 9.999999999930077
    vertex 744.0041056081685 -2687.4833358751994 9.99999999993027
  endloop
endfacet
facet normal -0.9238795325119923 -0.38268343236338664 1.2994261317274963e-12
  outer loop
    vertex 743.8043047631606 -2687.0009739654042 9.999999999930077
    vertex 744.0041056081955 -2687.4833358751953 29.99999999993027
    vertex 743.8043047631868 -2687.0009739654 29.99999999993008
  endloop
endfacet
facet normal -0.7933533402919709 -0.6087614290077618 1.1768273394260412e-12
  outer loop
    vertex 711.3047453494714 -2704.357240033598 29.99999999998312
    vertex 710.9869081042499 -2703.9430264712287 9.999999999982286
    vertex 711.3047453494447 -2704.357240033602 9.999999999983121
  endloop
endfacet
facet normal -0.7933533402919709 -0.6087614290077618 1.1768273394260412e-12
  outer loop
    vertex 710.9869081042499 -2703.9430264712287 9.999999999982286
    vertex 711.3047453494714 -2704.357240033598 29.99999999998312
    vertex 710.9869081042764 -2703.943026471225 29.999999999982286
  endloop
endfacet
facet normal 0.13052619221375442 0.9914448613746395 -3.617267641568961e-13
  outer loop
    vertex 741.5546158654182 -2689.9328256179824 29.999999999931415
    vertex 742.0722539555916 -2690.0009739654042 9.999999999931415
    vertex 741.5546158653935 -2689.9328256179865 9.999999999931415
  endloop
endfacet
facet normal 0.13052619221375442 0.9914448613746395 -3.617267641568961e-13
  outer loop
    vertex 742.0722539555916 -2690.0009739654042 9.999999999931415
    vertex 741.5546158654182 -2689.9328256179824 29.999999999931415
    vertex 742.0722539556174 -2690.0009739654 29.999999999931415
  endloop
endfacet
facet normal 1.0 2.2278738995619603e-29 -1.4438228390645237e-12
  outer loop
    vertex 721.8166193641052 -2658.3592213006423 9.999999999913761
    vertex 721.8166193641313 -2667.300973965399 27.999999999913758
    vertex 721.8166193641052 -2667.300973965403 9.999999999913761
  endloop
endfacet
facet normal 1.0 2.2278738995619603e-29 -1.4438228390645237e-12
  outer loop
    vertex 721.8166193641313 -2667.300973965399 27.999999999913758
    vertex 721.8166193641052 -2658.3592213006423 9.999999999913761
    vertex 721.8166193641313 -2658.359221300638 27.999999999913758
  endloop
endfacet
facet normal -0.38268343236565333 0.9238795325110534 3.3199080464397905e-13
  outer loop
    vertex 710.0903326320813 -2707.2890916861797 9.999999999981023
    vertex 710.5726945419029 -2707.0892908411665 29.99999999998076
    vertex 710.5726945418759 -2707.0892908411706 9.999999999980759
  endloop
endfacet
facet normal -0.38268343236565333 0.9238795325110534 3.3199080464397905e-13
  outer loop
    vertex 710.5726945419029 -2707.0892908411665 29.99999999998076
    vertex 710.0903326320813 -2707.2890916861797 9.999999999981023
    vertex 710.0903326321081 -2707.289091686176 29.99999999998102
  endloop
endfacet
facet normal 0.7933533402917623 0.6087614290080338 -1.1678778564350098e-12
  outer loop
    vertex 707.8406437343083 -2706.357240033602 9.999999999979151
    vertex 708.1584809795298 -2706.771453595971 29.999999999979984
    vertex 708.1584809795031 -2706.771453595975 9.999999999979986
  endloop
endfacet
facet normal 0.7933533402917623 0.6087614290080338 -1.1678778564350098e-12
  outer loop
    vertex 708.1584809795298 -2706.771453595971 29.999999999979984
    vertex 707.8406437343083 -2706.357240033602 9.999999999979151
    vertex 707.8406437343343 -2706.357240033598 29.99999999997915
  endloop
endfacet
facet normal 0.6087614289971692 0.793353340300099 -9.512965643422522e-13
  outer loop
    vertex 708.1584809795298 -2706.771453595971 29.999999999979984
    vertex 708.5726945418957 -2707.0892908411756 9.999999999980899
    vertex 708.1584809795031 -2706.771453595975 9.999999999979986
  endloop
endfacet
facet normal 0.6087614289971692 0.793353340300099 -9.512965643422522e-13
  outer loop
    vertex 708.5726945418957 -2707.0892908411756 9.999999999980899
    vertex 708.1584809795298 -2706.771453595971 29.999999999979984
    vertex 708.5726945419211 -2707.0892908411715 29.9999999999809
  endloop
endfacet
facet normal 0.9238795325114728 0.38268343236464075 -1.3181832693265437e-12
  outer loop
    vertex 740.140402303013 -2688.5186120556095 9.999999999930884
    vertex 740.3402031480489 -2689.0009739654006 29.999999999931077
    vertex 740.3402031480217 -2689.0009739654042 9.999999999931076
  endloop
endfacet
facet normal 0.9238795325114728 0.38268343236464075 -1.3181832693265437e-12
  outer loop
    vertex 740.3402031480489 -2689.0009739654006 29.999999999931077
    vertex 740.140402303013 -2688.5186120556095 9.999999999930884
    vertex 740.1404023030395 -2688.5186120556054 29.999999999930886
  endloop
endfacet
facet normal 0.7933533402917623 -0.6087614290080338 -9.261689259026688e-13
  outer loop
    vertex 708.1584809795031 -2703.9430264712287 9.999999999977758
    vertex 707.8406437343343 -2704.357240033598 29.99999999997758
    vertex 707.8406437343083 -2704.357240033602 9.999999999977577
  endloop
endfacet
facet normal 0.7933533402917623 -0.6087614290080338 -9.261689259026688e-13
  outer loop
    vertex 707.8406437343343 -2704.357240033598 29.99999999997758
    vertex 708.1584809795031 -2703.9430264712287 9.999999999977758
    vertex 708.1584809795298 -2703.943026471225 29.999999999977756
  endloop
endfacet
facet normal 0.76910921536973 -0.6391173717192784 -3.8345510450348305e-12
  outer loop
    vertex 715.1955601845864 -2641.016128970377 1.687467943156662e-11
    vertex 712.5091289679657 -2644.2489608360484 10.000000000016144
    vertex 712.509128967915 -2644.2489608360484 1.6141488146104167e-11
  endloop
endfacet
facet normal 0.76910921536973 -0.6391173717192784 -3.8345510450348305e-12
  outer loop
    vertex 712.5091289679657 -2644.2489608360484 10.000000000016144
    vertex 715.1955601845864 -2641.016128970377 1.687467943156662e-11
    vertex 715.1955601846354 -2641.016128970377 10.00000000001687
  endloop
endfacet
facet normal 0.6087614290080224 -0.793353340291771 -6.692554257895554e-13
  outer loop
    vertex 741.0722539556183 -2686.2689231578315 29.999999999929898
    vertex 740.6580403932176 -2686.586760403031 9.999999999930049
    vertex 741.0722539555916 -2686.2689231578356 9.999999999929898
  endloop
endfacet
facet normal 0.6087614290080224 -0.793353340291771 -6.692554257895554e-13
  outer loop
    vertex 740.6580403932176 -2686.586760403031 9.999999999930049
    vertex 741.0722539556183 -2686.2689231578315 29.999999999929898
    vertex 740.6580403932452 -2686.5867604030273 29.99999999993005
  endloop
endfacet
facet normal 0.9702409133264599 -0.24214163233000044 -4.771658426792706e-12
  outer loop
    vertex 700.8116228793731 -2667.336451150528 1.3174883406463776e-11
    vertex 698.7138153586321 -2675.7421873528037 10.000000000012742
    vertex 698.7138153585834 -2675.7421873528037 1.2746248501116497e-11
  endloop
endfacet
facet normal 0.9702409133264599 -0.24214163233000044 -4.771658426792706e-12
  outer loop
    vertex 698.7138153586321 -2675.7421873528037 10.000000000012742
    vertex 700.8116228793731 -2667.336451150528 1.3174883406463776e-11
    vertex 700.8116228794227 -2667.336451150528 10.000000000013177
  endloop
endfacet
facet normal -0.9914448613737632 -0.13052619222041068 1.358969834145122e-12
  outer loop
    vertex 711.5726945419033 -2705.3572400335975 29.99999999998434
    vertex 711.5045461944544 -2704.839601943397 9.999999999983821
    vertex 711.5726945418764 -2705.3572400336016 9.99999999998434
  endloop
endfacet
facet normal -0.9914448613737632 -0.13052619222041068 1.358969834145122e-12
  outer loop
    vertex 711.5045461944544 -2704.839601943397 9.999999999983821
    vertex 711.5726945419033 -2705.3572400335975 29.99999999998434
    vertex 711.5045461944813 -2704.839601943393 29.99999999998382
  endloop
endfacet
facet normal -0.130526192220366 0.9914448613737691 -2.427156119792456e-14
  outer loop
    vertex 709.5726945418768 -2707.357240033602 9.999999999981299
    vertex 710.0903326321081 -2707.289091686176 29.99999999998102
    vertex 710.0903326320813 -2707.2890916861797 9.999999999981023
  endloop
endfacet
facet normal -0.130526192220366 0.9914448613737691 -2.427156119792456e-14
  outer loop
    vertex 710.0903326321081 -2707.289091686176 29.99999999998102
    vertex 709.5726945418768 -2707.357240033602 9.999999999981299
    vertex 709.5726945419028 -2707.357240033598 29.9999999999813
  endloop
endfacet
facet normal -0.9914448613733222 0.130526192223761 1.3160910019244984e-12
  outer loop
    vertex 711.5535807990727 -2705.5024233243093 29.99999999998888
    vertex 711.5726945418764 -2705.3572400336016 9.99999999998434
    vertex 711.5535807990456 -2705.5024233243134 9.99999999998888
  endloop
endfacet
facet normal -0.9914448613733222 0.130526192223761 1.3160910019244984e-12
  outer loop
    vertex 711.5726945418764 -2705.3572400336016 9.99999999998434
    vertex 711.5535807990727 -2705.5024233243093 29.99999999998888
    vertex 711.5726945419033 -2705.3572400335975 29.99999999998434
  endloop
endfacet
facet normal -0.6087614290094833 0.7933533402906501 6.623888009023199e-13
  outer loop
    vertex 743.0722539555916 -2689.733024772973 9.999999999931257
    vertex 743.4864675179905 -2689.4151875277735 29.999999999931106
    vertex 743.4864675179633 -2689.4151875277776 9.999999999931104
  endloop
endfacet
facet normal -0.6087614290094833 0.7933533402906501 6.623888009023199e-13
  outer loop
    vertex 743.4864675179905 -2689.4151875277735 29.999999999931106
    vertex 743.0722539555916 -2689.733024772973 9.999999999931257
    vertex 743.0722539556182 -2689.733024772969 29.999999999931255
  endloop
endfacet
facet normal -0.3826834323644522 -0.9238795325115509 6.884582839233394e-13
  outer loop
    vertex 743.0722539555919 -2686.2689231578356 9.999999999929802
    vertex 742.5898920458228 -2686.0691223128224 29.999999999929738
    vertex 742.5898920457962 -2686.0691223128265 9.99999999992974
  endloop
endfacet
facet normal -0.3826834323644522 -0.9238795325115509 6.884582839233394e-13
  outer loop
    vertex 742.5898920458228 -2686.0691223128224 29.999999999929738
    vertex 743.0722539555919 -2686.2689231578356 9.999999999929802
    vertex 743.0722539556182 -2686.2689231578315 29.999999999929802
  endloop
endfacet
facet normal 0.4316920151066813 -0.1935946631441569 0.8810011977830867
  outer loop
    vertex 826.9844706141421 -2715.7858307540446 28.495621547600404
    vertex 829.0421868907 -2704.351326989833 30.000000000015483
    vertex 824.5428966482148 -2714.3841845065817 30.000000000015483
  endloop
endfacet
facet normal 0.4316920151066813 -0.1935946631441569 0.8810011977830867
  outer loop
    vertex 829.0421868907 -2704.351326989833 30.000000000015483
    vertex 826.9844706141421 -2715.7858307540446 28.495621547600404
    vertex 831.7127907525314 -2705.2422650613744 28.495621547600404
  endloop
endfacet
facet normal 0.8905901143102672 0.3505505189493277 -0.28976470101995255
  outer loop
    vertex 833.6097188911817 -2657.5508018371224 8.791865020488892
    vertex 839.1696445070465 -2669.160321975864 11.835339526862827
    vertex 838.2785360832555 -2669.4121519479286 8.791865020488892
  endloop
endfacet
facet normal 0.8905901143102672 0.3505505189493277 -0.28976470101995255
  outer loop
    vertex 839.1696445070465 -2669.160321975864 11.835339526862827
    vertex 833.6097188911817 -2657.5508018371224 8.791865020488892
    vertex 834.4333978249017 -2657.127664067681 11.835339526862827
  endloop
endfacet
facet normal 0.3826834323675003 0.9238795325102883 -6.642850935077109e-13
  outer loop
    vertex 741.0722539556172 -2689.733024772969 29.99999999993135
    vertex 741.5546158653935 -2689.9328256179865 9.999999999931415
    vertex 741.0722539555916 -2689.733024772973 9.999999999931353
  endloop
endfacet
facet normal 0.3826834323675003 0.9238795325102883 -6.642850935077109e-13
  outer loop
    vertex 741.5546158653935 -2689.9328256179865 9.999999999931415
    vertex 741.0722539556172 -2689.733024772969 29.99999999993135
    vertex 741.5546158654182 -2689.9328256179824 29.999999999931415
  endloop
endfacet
facet normal -0.9238795325109839 -0.3826834323658209 1.3140153373257454e-12
  outer loop
    vertex 711.5045461944813 -2704.839601943393 29.99999999998382
    vertex 711.3047453494447 -2704.357240033602 9.999999999983121
    vertex 711.5045461944544 -2704.839601943397 9.999999999983821
  endloop
endfacet
facet normal -0.9238795325109839 -0.3826834323658209 1.3140153373257454e-12
  outer loop
    vertex 711.3047453494447 -2704.357240033602 9.999999999983121
    vertex 711.5045461944813 -2704.839601943393 29.99999999998382
    vertex 711.3047453494714 -2704.357240033598 29.99999999998312
  endloop
endfacet
facet normal 0.13052619222048728 0.9914448613737531 -3.687939603959384e-13
  outer loop
    vertex 709.055056451698 -2707.289091686176 29.999999999981828
    vertex 709.1424609888302 -2707.300598711797 9.999999999987153
    vertex 709.0550564516711 -2707.2890916861797 9.99999999998183
  endloop
endfacet
facet normal 0.13052619222048728 0.9914448613737531 -3.687939603959384e-13
  outer loop
    vertex 709.1424609888302 -2707.300598711797 9.999999999987153
    vertex 709.055056451698 -2707.289091686176 29.999999999981828
    vertex 709.1424609888561 -2707.3005987117936 29.999999999987153
  endloop
endfacet
facet normal -0.1305261922196864 -0.9914448613738586 3.6938282643905193e-13
  outer loop
    vertex 710.0903326320813 -2703.425388381024 9.999999999980442
    vertex 709.5726945419028 -2703.357240033598 29.999999999979558
    vertex 709.5726945418768 -2703.357240033602 9.999999999979556
  endloop
endfacet
facet normal -0.1305261922196864 -0.9914448613738586 3.6938282643905193e-13
  outer loop
    vertex 709.5726945419028 -2703.357240033598 29.999999999979558
    vertex 710.0903326320813 -2703.425388381024 9.999999999980442
    vertex 710.0903326321081 -2703.4253883810197 29.999999999980442
  endloop
endfacet
facet normal -0.6087614290080643 0.793353340291739 6.514016648017897e-13
  outer loop
    vertex 710.5726945418759 -2707.0892908411706 9.999999999980759
    vertex 710.9869081042759 -2706.771453595971 29.999999999980517
    vertex 710.9869081042499 -2706.771453595975 9.999999999980515
  endloop
endfacet
facet normal -0.6087614290080643 0.793353340291739 6.514016648017897e-13
  outer loop
    vertex 710.9869081042759 -2706.771453595971 29.999999999980517
    vertex 710.5726945418759 -2707.0892908411706 9.999999999980759
    vertex 710.5726945419029 -2707.0892908411665 29.99999999998076
  endloop
endfacet
facet normal -0.9238795325108826 0.3826834323660653 1.162070477285246e-12
  outer loop
    vertex 711.3047453494714 -2706.357240033598 29.999999999980318
    vertex 711.5045461944544 -2705.874878123807 9.999999999980178
    vertex 711.3047453494447 -2706.357240033602 9.999999999980318
  endloop
endfacet
facet normal -0.9238795325108826 0.3826834323660653 1.162070477285246e-12
  outer loop
    vertex 711.5045461944544 -2705.874878123807 9.999999999980178
    vertex 711.3047453494714 -2706.357240033598 29.999999999980318
    vertex 711.5045461944813 -2705.8748781238032 29.999999999980176
  endloop
endfacet
facet normal 0.38268343236521596 -0.9238795325112344 -3.259474805312349e-13
  outer loop
    vertex 741.5546158654126 -2686.0691223128224 29.99999999992979
    vertex 741.0722539555916 -2686.2689231578356 9.999999999929898
    vertex 741.5546158653862 -2686.0691223128265 9.99999999992979
  endloop
endfacet
facet normal 0.38268343236521596 -0.9238795325112344 -3.259474805312349e-13
  outer loop
    vertex 741.0722539555916 -2686.2689231578356 9.999999999929898
    vertex 741.5546158654126 -2686.0691223128224 29.99999999992979
    vertex 741.0722539556183 -2686.2689231578315 29.999999999929898
  endloop
endfacet
facet normal -0.9238795325119922 0.3826834323633867 1.1474807896209768e-12
  outer loop
    vertex 743.8043047631868 -2689.0009739654006 29.999999999930917
    vertex 744.0041056081685 -2688.5186120556095 9.999999999930704
    vertex 743.8043047631606 -2689.0009739654042 9.999999999930917
  endloop
endfacet
facet normal -0.9238795325119922 0.3826834323633867 1.1474807896209768e-12
  outer loop
    vertex 744.0041056081685 -2688.5186120556095 9.999999999930704
    vertex 743.8043047631868 -2689.0009739654006 29.999999999930917
    vertex 744.0041056081955 -2688.5186120556054 29.999999999930704
  endloop
endfacet
facet normal -0.845170289801053 -0.5344971293071686 -1.6520152514372547e-12
  outer loop
    vertex 797.6080078050962 -2731.6335297180826 29.999999999966647
    vertex 800.7459967903435 -2736.595455450859 2.473674598491016e-10
    vertex 800.7459967902873 -2736.595455450863 30.000000000015667
  endloop
endfacet
facet normal -0.845170289801053 -0.5344971293071686 -1.6520152514372547e-12
  outer loop
    vertex 800.7459967903435 -2736.595455450859 2.473674598491016e-10
    vertex 797.6080078050962 -2731.6335297180826 29.999999999966647
    vertex 797.6080078051524 -2731.6335297180785 1.9834516251648892e-10
  endloop
endfacet
facet normal 0.7933533402913866 -0.6087614290085233 1.1631411554127378e-12
  outer loop
    vertex 760.1250919067181 -2648.94500773826 9.999999999912278
    vertex 759.8072546614962 -2649.3592213006286 29.999999999912646
    vertex 759.8072546615226 -2649.3592213006327 9.999999999912644
  endloop
endfacet
facet normal 0.7933533402913866 -0.6087614290085233 1.1631411554127378e-12
  outer loop
    vertex 759.8072546614962 -2649.3592213006286 29.999999999912646
    vertex 760.1250919067181 -2648.94500773826 9.999999999912278
    vertex 760.1250919066919 -2648.9450077382558 29.999999999912276
  endloop
endfacet
facet normal 0.3972571600572566 0.2569506534104466 0.881001197783061
  outer loop
    vertex 825.7729514508575 -2661.5766815319294 30.000000000015483
    vertex 822.0014244953046 -2650.58770264251 28.495621547600404
    vertex 819.8012188167357 -2652.344116775369 30.000000000015483
  endloop
endfacet
facet normal 0.3972571600572566 0.2569506534104466 0.881001197783061
  outer loop
    vertex 822.0014244953046 -2650.58770264251 28.495621547600404
    vertex 825.7729514508575 -2661.5766815319294 30.000000000015483
    vertex 828.2771395866249 -2660.290237823551 28.495621547600404
  endloop
endfacet
facet normal -0.9914448613724597 -0.13052619223031228 1.3254198187035766e-12
  outer loop
    vertex 747.5666193641323 -2650.359221300638 29.99999999991357
    vertex 747.4984710166776 -2649.841583210428 9.999999999913085
    vertex 747.5666193641058 -2650.3592213006423 9.99999999991357
  endloop
endfacet
facet normal -0.9914448613724597 -0.13052619223031228 1.3254198187035766e-12
  outer loop
    vertex 747.4984710166776 -2649.841583210428 9.999999999913085
    vertex 747.5666193641323 -2650.359221300638 29.99999999991357
    vertex 747.4984710167034 -2649.841583210424 29.999999999913083
  endloop
endfacet
facet normal 0.7933533402909693 0.6087614290090673 -1.2090429415536127e-12
  outer loop
    vertex 740.3402031480217 -2689.0009739654042 9.999999999931076
    vertex 740.6580403932452 -2689.4151875277735 29.999999999931234
    vertex 740.6580403932176 -2689.4151875277776 9.999999999931234
  endloop
endfacet
facet normal 0.7933533402909693 0.6087614290090673 -1.2090429415536127e-12
  outer loop
    vertex 740.6580403932452 -2689.4151875277735 29.999999999931234
    vertex 740.3402031480217 -2689.0009739654042 9.999999999931076
    vertex 740.3402031480489 -2689.0009739654006 29.999999999931077
  endloop
endfacet
facet normal 0.5914636064229244 0.2328095392477717 -0.7719912698421066
  outer loop
    vertex 830.471503118851 -2659.1629562428816 3.5255516639591957
    vertex 832.509411556368 -2671.0425242232395 1.5043784526672175
    vertex 828.2771395866465 -2660.29023782354 1.5043784526672175
  endloop
endfacet
facet normal 0.5914636064229244 0.2328095392477717 -0.7719912698421066
  outer loop
    vertex 832.509411556368 -2671.0425242232395 1.5043784526672175
    vertex 830.471503118851 -2659.1629562428816 3.5255516639591957
    vertex 834.8834140327648 -2670.3716238464153 3.5255516639591957
  endloop
endfacet
facet normal 0.3826834323653784 -0.9238795325111674 6.838161107923941e-13
  outer loop
    vertex 761.02166737886 -2648.4273696480504 29.99999999991188
    vertex 760.5393054690912 -2648.627170493064 9.999999999912019
    vertex 761.0216673788863 -2648.4273696480545 9.999999999911877
  endloop
endfacet
facet normal 0.3826834323653784 -0.9238795325111674 6.838161107923941e-13
  outer loop
    vertex 760.5393054690912 -2648.627170493064 9.999999999912019
    vertex 761.02166737886 -2648.4273696480504 29.99999999991188
    vertex 760.5393054690649 -2648.62717049306 29.999999999912017
  endloop
endfacet
facet normal 0.9238795325108923 -0.3826834323660422 -1.1599867326191866e-12
  outer loop
    vertex 707.8406437343083 -2704.357240033602 9.999999999977577
    vertex 707.6408428893251 -2704.839601943393 29.99999999997764
    vertex 707.6408428892977 -2704.839601943397 9.99999999997764
  endloop
endfacet
facet normal 0.9238795325108923 -0.3826834323660422 -1.1599867326191866e-12
  outer loop
    vertex 707.6408428893251 -2704.839601943393 29.99999999997764
    vertex 707.8406437343083 -2704.357240033602 9.999999999977577
    vertex 707.8406437343343 -2704.357240033598 29.99999999997758
  endloop
endfacet
facet normal -0.13052619222034365 -0.9914448613737721 3.6761608784583623e-13
  outer loop
    vertex 742.5898920457962 -2686.0691223128265 9.99999999992974
    vertex 742.0722539556174 -2686.0009739654006 29.999999999929734
    vertex 742.0722539555916 -2686.0009739654042 9.999999999929733
  endloop
endfacet
facet normal -0.13052619222034365 -0.9914448613737721 3.6761608784583623e-13
  outer loop
    vertex 742.0722539556174 -2686.0009739654006 29.999999999929734
    vertex 742.5898920457962 -2686.0691223128265 9.99999999992974
    vertex 742.5898920458228 -2686.0691223128224 29.999999999929738
  endloop
endfacet
facet normal -0.6087614289911996 -0.7933533403046796 -6.469873559391882e-13
  outer loop
    vertex 762.9535190314646 -2648.94500773826 9.999999999912554
    vertex 762.5393054690586 -2648.6271704930696 29.99999999991221
    vertex 762.539305469085 -2648.6271704930737 9.99999999991221
  endloop
endfacet
facet normal -0.6087614289911996 -0.7933533403046796 -6.469873559391882e-13
  outer loop
    vertex 762.5393054690586 -2648.6271704930696 29.99999999991221
    vertex 762.9535190314646 -2648.94500773826 9.999999999912554
    vertex 762.9535190314382 -2648.9450077382558 29.999999999912554
  endloop
endfacet
facet normal -0.9335193461284985 -0.21113514261159955 0.2897647010217084
  outer loop
    vertex 669.7061784239122 -2707.1394859028123 21.208134979789317
    vertex 665.9751399491896 -2694.8198640496084 18.164660473417015
    vertex 668.8277619383857 -2707.432533741479 18.164660473417015
  endloop
endfacet
facet normal -0.9335193461284985 -0.21113514261159955 0.2897647010217084
  outer loop
    vertex 665.9751399491896 -2694.8198640496084 18.164660473417015
    vertex 669.7061784239122 -2707.1394859028123 21.208134979789317
    vertex 666.8941689405688 -2694.7063815804922 21.208134979789317
  endloop
endfacet
facet normal -0.7735969724164219 -0.018019535437710163 0.6334216767768173
  outer loop
    vertex 670.3956683208409 -2694.2740135061335 26.47444833631278
    vertex 668.0968519225294 -2682.0773096600055 24.01387818874953
    vertex 668.3867302024704 -2694.5220788665442 24.01387818874953
  endloop
endfacet
facet normal -0.7735969724164219 -0.018019535437710163 0.6334216767768173
  outer loop
    vertex 668.0968519225294 -2682.0773096600055 24.01387818874953
    vertex 670.3956683208409 -2694.2740135061335 26.47444833631278
    vertex 670.1151614311029 -2682.231567606585 26.47444833631278
  endloop
endfacet
facet normal -0.7785670685891124 -0.5566594450392267 -0.28976470101994195
  outer loop
    vertex 674.1191257089013 -2719.231616689638 11.835339526862827
    vertex 682.3360944213487 -2729.139954384957 8.791865020488892
    vertex 681.640085762117 -2729.75074445041 11.835339526862827
  endloop
endfacet
facet normal -0.7785670685891124 -0.5566594450392267 -0.28976470101994195
  outer loop
    vertex 682.3360944213487 -2729.139954384957 8.791865020488892
    vertex 674.1191257089013 -2719.231616689638 11.835339526862827
    vertex 674.9222095555692 -2718.7705864379163 8.791865020488892
  endloop
endfacet
facet normal -0.5170662449879915 -0.36969173317992654 -0.7719912698421145
  outer loop
    vertex 680.1214542190276 -2715.7858307540564 1.5043784526672175
    vertex 684.9878865974772 -2726.812844951274 3.5255516639591957
    vertex 677.9819580703617 -2717.0140617190664 3.5255516639591957
  endloop
endfacet
facet normal -0.5170662449879915 -0.36969173317992654 -0.7719912698421145
  outer loop
    vertex 684.9878865974772 -2726.812844951274 3.5255516639591957
    vertex 680.1214542190276 -2715.7858307540564 1.5043784526672175
    vertex 686.8421236762606 -2725.1856387783446 1.5043784526672175
  endloop
endfacet
facet normal -0.8050950975224764 -0.3610493332043503 0.47060095934662977
  outer loop
    vertex 676.2264685624734 -2718.0218441232028 24.01387818874953
    vertex 669.7061784239122 -2707.1394859028123 21.208134979789317
    vertex 674.9222095555795 -2718.770586437911 21.208134979789317
  endloop
endfacet
facet normal -0.8050950975224764 -0.3610493332043503 0.47060095934662977
  outer loop
    vertex 669.7061784239122 -2707.1394859028123 21.208134979789317
    vertex 676.2264685624734 -2718.0218441232028 24.01387818874953
    vertex 671.1327824053003 -2706.663557661178 24.01387818874953
  endloop
endfacet
facet normal -0.46145864208591436 -0.10436863104144375 0.8810011977850876
  outer loop
    vertex 675.3931340806581 -2705.2422650613744 28.495621547600404
    vertex 675.6381299446065 -2693.6266699567104 30.000000000015483
    vertex 672.8440539977754 -2693.971684793358 28.495621547600404
  endloop
endfacet
facet normal -0.46145864208591436 -0.10436863104144375 0.8810011977850876
  outer loop
    vertex 675.6381299446065 -2693.6266699567104 30.000000000015483
    vertex 675.3931340806581 -2705.2422650613744 28.495621547600404
    vertex 678.0637379424905 -2704.351326989833 30.000000000015483
  endloop
endfacet
facet normal -0.9706852043022497 -0.21954098743770395 -0.09783654216895629
  outer loop
    vertex 665.6648360769428 -2694.8581806314896 15.000000000140199
    vertex 668.8277619383799 -2707.4325337414803 11.835339526862827
    vertex 668.5311706018095 -2707.5314793459647 15.000000000140199
  endloop
endfacet
facet normal -0.9706852043022497 -0.21954098743770395 -0.09783654216895629
  outer loop
    vertex 668.8277619383799 -2707.4325337414803 11.835339526862827
    vertex 665.6648360769428 -2694.8581806314896 15.000000000140199
    vertex 665.9751399491848 -2694.81986404961 11.835339526862827
  endloop
endfacet
facet normal -0.7177590180209367 -0.5131829392263585 -0.4706009593451934
  outer loop
    vertex 674.9222095555692 -2718.7705864379163 8.791865020488892
    vertex 683.4664565453581 -2728.147992652082 5.98612181152602
    vertex 682.3360944213487 -2729.139954384957 8.791865020488892
  endloop
endfacet
facet normal -0.7177590180209367 -0.5131829392263585 -0.4706009593451934
  outer loop
    vertex 683.4664565453581 -2728.147992652082 5.98612181152602
    vertex 674.9222095555692 -2718.7705864379163 8.791865020488892
    vertex 676.2264685624594 -2718.0218441232105 5.98612181152602
  endloop
endfacet
facet normal -0.7785670685886826 -0.5566594450389335 0.28976470102166013
  outer loop
    vertex 682.3360944213582 -2729.13995438495 21.208134979789317
    vertex 674.1191257089064 -2719.231616689635 18.164660473417015
    vertex 681.6400857621218 -2729.750744450406 18.164660473417015
  endloop
endfacet
facet normal -0.7785670685886826 -0.5566594450389335 0.28976470102166013
  outer loop
    vertex 674.1191257089064 -2719.231616689635 18.164660473417015
    vertex 682.3360944213582 -2729.13995438495 21.208134979789317
    vertex 674.9222095555795 -2718.770586437911 21.208134979789317
  endloop
endfacet
facet normal -0.8733022007052966 -0.3916371845025634 0.289764701021693
  outer loop
    vertex 674.9222095555795 -2718.770586437911 21.208134979789317
    vertex 668.8277619383857 -2707.432533741479 18.164660473417015
    vertex 674.1191257089064 -2719.231616689635 18.164660473417015
  endloop
endfacet
facet normal -0.8733022007052966 -0.3916371845025634 0.289764701021693
  outer loop
    vertex 668.8277619383857 -2707.432533741479 18.164660473417015
    vertex 674.9222095555795 -2718.770586437911 21.208134979789317
    vertex 669.7061784239122 -2707.1394859028123 21.208134979789317
  endloop
endfacet
facet normal -0.5799822621267741 -0.2600962416186214 0.7719912698432396
  outer loop
    vertex 677.9819580703797 -2717.014061719057 26.47444833631278
    vertex 675.3931340806581 -2705.2422650613744 28.495621547600404
    vertex 673.0529442044748 -2706.0229739808733 26.47444833631278
  endloop
endfacet
facet normal -0.5799822621267741 -0.2600962416186214 0.7719912698432396
  outer loop
    vertex 675.3931340806581 -2705.2422650613744 28.495621547600404
    vertex 677.9819580703797 -2717.014061719057 26.47444833631278
    vertex 680.1214542190478 -2715.7858307540446 28.495621547600404
  endloop
endfacet
facet normal -0.8095638694262062 -0.5788215202772738 -0.09783654216893584
  outer loop
    vertex 673.8479699241605 -2719.3872804104485 15.000000000140199
    vertex 681.640085762117 -2729.75074445041 11.835339526862827
    vertex 681.405083184286 -2729.9569735511413 15.000000000140199
  endloop
endfacet
facet normal -0.8095638694262062 -0.5788215202772738 -0.09783654216893584
  outer loop
    vertex 681.640085762117 -2729.75074445041 11.835339526862827
    vertex 673.8479699241605 -2719.3872804104485 15.000000000140199
    vertex 674.1191257089013 -2719.231616689638 11.835339526862827
  endloop
endfacet
facet normal -0.6294658996221293 -0.45005517506636006 -0.6334216767753466
  outer loop
    vertex 677.9819580703617 -2717.0140617190664 3.5255516639591957
    vertex 683.4664565453581 -2728.147992652082 5.98612181152602
    vertex 676.2264685624594 -2718.0218441232105 5.98612181152602
  endloop
endfacet
facet normal -0.6294658996221293 -0.45005517506636006 -0.6334216767753466
  outer loop
    vertex 683.4664565453581 -2728.147992652082 5.98612181152602
    vertex 677.9819580703617 -2717.0140617190664 3.5255516639591957
    vertex 684.9878865974772 -2726.812844951274 3.5255516639591957
  endloop
endfacet
facet normal -0.9423375768360696 0.16744046501498377 0.28976470102186475
  outer loop
    vertex 668.8273887499462 -2669.4121519479318 21.208134979789317
    vertex 665.6740119681922 -2681.8921337419115 18.164660473417015
    vertex 666.5973280897767 -2681.962702130137 21.208134979789317
  endloop
endfacet
facet normal -0.9423375768360696 0.16744046501498377 0.28976470102186475
  outer loop
    vertex 665.6740119681922 -2681.8921337419115 18.164660473417015
    vertex 668.8273887499462 -2669.4121519479318 21.208134979789317
    vertex 667.9362803261499 -2669.1603219758654 18.164660473417015
  endloop
endfacet
facet normal -0.8733022007057605 -0.39163718450272883 -0.2897647010200713
  outer loop
    vertex 668.8277619383799 -2707.4325337414803 11.835339526862827
    vertex 674.9222095555692 -2718.7705864379163 8.791865020488892
    vertex 674.1191257089013 -2719.231616689638 11.835339526862827
  endloop
endfacet
facet normal -0.8733022007057605 -0.39163718450272883 -0.2897647010200713
  outer loop
    vertex 674.9222095555692 -2718.7705864379163 8.791865020488892
    vertex 668.8277619383799 -2707.4325337414803 11.835339526862827
    vertex 669.7061784239021 -2707.1394859028155 8.791865020488892
  endloop
endfacet
facet normal -0.6354607642785156 -0.014801903535704678 0.7719912698433088
  outer loop
    vertex 670.3956683208409 -2694.2740135061335 26.47444833631278
    vertex 672.5749684541353 -2682.4195688911964 28.495621547600404
    vertex 670.1151614311029 -2682.231567606585 26.47444833631278
  endloop
endfacet
facet normal -0.6354607642785156 -0.014801903535704678 0.7719912698433088
  outer loop
    vertex 672.5749684541353 -2682.4195688911964 28.495621547600404
    vertex 670.3956683208409 -2694.2740135061335 26.47444833631278
    vertex 672.8440539977754 -2693.971684793358 28.495621547600404
  endloop
endfacet
facet normal -0.9949326226293636 -0.023175147125645633 -0.09783654216887146
  outer loop
    vertex 665.3622605756648 -2681.8683068068212 15.000000000140199
    vertex 665.9751399491848 -2694.81986404961 11.835339526862827
    vertex 665.6648360769428 -2694.8581806314896 15.000000000140199
  endloop
endfacet
facet normal -0.9949326226293636 -0.023175147125645633 -0.09783654216887146
  outer loop
    vertex 665.9751399491848 -2694.81986404961 11.835339526862827
    vertex 665.3622605756648 -2681.8683068068212 15.000000000140199
    vertex 665.6740119681864 -2681.8921337419115 11.835339526862827
  endloop
endfacet
facet normal -0.9949326226292007 -0.023175147125604777 0.09783654217053613
  outer loop
    vertex 665.9751399491896 -2694.8198640496084 18.164660473417015
    vertex 665.3622605756648 -2681.8683068068212 15.000000000140199
    vertex 665.6648360769428 -2694.8581806314896 15.000000000140199
  endloop
endfacet
facet normal -0.9949326226292007 -0.023175147125604777 0.09783654217053613
  outer loop
    vertex 665.3622605756648 -2681.8683068068212 15.000000000140199
    vertex 665.9751399491896 -2694.8198640496084 18.164660473417015
    vertex 665.6740119681922 -2681.8921337419115 18.164660473417015
  endloop
endfacet
facet normal -0.8821068839460658 -0.020547076606916327 0.47060095934652685
  outer loop
    vertex 668.3867302024704 -2694.5220788665442 24.01387818874953
    vertex 666.5973280897767 -2681.962702130137 21.208134979789317
    vertex 666.8941689405688 -2694.7063815804922 21.208134979789317
  endloop
endfacet
facet normal -0.8821068839460658 -0.020547076606916327 0.47060095934652685
  outer loop
    vertex 666.5973280897767 -2681.962702130137 21.208134979789317
    vertex 668.3867302024704 -2694.5220788665442 24.01387818874953
    vertex 668.0968519225294 -2682.0773096600055 24.01387818874953
  endloop
endfacet
facet normal -0.4658176827310414 0.0827694144072646 -0.8810011977822512
  outer loop
    vertex 674.5965132768229 -2671.0425242232395 1.5043784526672175
    vertex 675.382078339444 -2682.634114284205 2.471757021282883e-10
    vertex 672.5749684541128 -2682.4195688911946 1.5043784526672175
  endloop
endfacet
facet normal -0.4658176827310414 0.0827694144072646 -0.8810011977822512
  outer loop
    vertex 675.382078339444 -2682.634114284205 2.471757021282883e-10
    vertex 674.5965132768229 -2671.0425242232395 1.5043784526672175
    vertex 677.3057037770956 -2671.8081497630583 2.471757021282883e-10
  endloop
endfacet
facet normal -0.8821068839469611 -0.02054707660701202 -0.4706009593448446
  outer loop
    vertex 666.597328089765 -2681.962702130136 8.791865020488892
    vertex 668.3867302024545 -2694.522078866546 5.98612181152602
    vertex 666.8941689405586 -2694.706381580494 8.791865020488892
  endloop
endfacet
facet normal -0.8821068839469611 -0.02054707660701202 -0.4706009593448446
  outer loop
    vertex 668.3867302024545 -2694.522078866546 5.98612181152602
    vertex 666.597328089765 -2681.962702130136 8.791865020488892
    vertex 668.0968519225125 -2682.0773096600046 5.98612181152602
  endloop
endfacet
facet normal -0.8606091321012915 -0.19464495577157306 -0.47060095934511653
  outer loop
    vertex 666.8941689405586 -2694.706381580494 8.791865020488892
    vertex 671.1327824052868 -2706.6635576611825 5.98612181152602
    vertex 669.7061784239021 -2707.1394859028155 8.791865020488892
  endloop
endfacet
facet normal -0.8606091321012915 -0.19464495577157306 -0.47060095934511653
  outer loop
    vertex 671.1327824052868 -2706.6635576611825 5.98612181152602
    vertex 666.8941689405586 -2694.706381580494 8.791865020488892
    vertex 668.3867302024545 -2694.522078866546 5.98612181152602
  endloop
endfacet
facet normal -0.6199740040381807 -0.14022023250073454 0.7719912698433226
  outer loop
    vertex 673.0529442044748 -2706.0229739808733 26.47444833631278
    vertex 672.8440539977754 -2693.971684793358 28.495621547600404
    vertex 670.3956683208409 -2694.2740135061335 26.47444833631278
  endloop
endfacet
facet normal -0.6199740040381807 -0.14022023250073454 0.7719912698433226
  outer loop
    vertex 672.8440539977754 -2693.971684793358 28.495621547600404
    vertex 673.0529442044748 -2706.0229739808733 26.47444833631278
    vertex 675.3931340806581 -2705.2422650613744 28.495621547600404
  endloop
endfacet
facet normal -0.6354607642798904 -0.014801903535722801 -0.7719912698421768
  outer loop
    vertex 672.5749684541128 -2682.4195688911946 1.5043784526672175
    vertex 670.3956683208218 -2694.2740135061354 3.5255516639591957
    vertex 670.115161431083 -2682.2315676065837 3.5255516639591957
  endloop
endfacet
facet normal -0.6354607642798904 -0.014801903535722801 -0.7719912698421768
  outer loop
    vertex 670.3956683208218 -2694.2740135061354 3.5255516639591957
    vertex 672.5749684541128 -2682.4195688911946 1.5043784526672175
    vertex 672.8440539977519 -2693.971684793361 1.5043784526672175
  endloop
endfacet
facet normal -0.9335193461289836 -0.21113514261165686 -0.2897647010201041
  outer loop
    vertex 665.9751399491848 -2694.81986404961 11.835339526862827
    vertex 669.7061784239021 -2707.1394859028155 8.791865020488892
    vertex 668.8277619383799 -2707.4325337414803 11.835339526862827
  endloop
endfacet
facet normal -0.9335193461289836 -0.21113514261165686 -0.2897647010201041
  outer loop
    vertex 669.7061784239021 -2707.1394859028155 8.791865020488892
    vertex 665.9751399491848 -2694.81986404961 11.835339526862827
    vertex 666.8941689405586 -2694.706381580494 8.791865020488892
  endloop
endfacet
facet normal -0.773596972417351 -0.018019535437775788 -0.6334216767756808
  outer loop
    vertex 668.0968519225125 -2682.0773096600046 5.98612181152602
    vertex 670.3956683208218 -2694.2740135061354 3.5255516639591957
    vertex 668.3867302024545 -2694.522078866546 5.98612181152602
  endloop
endfacet
facet normal -0.773596972417351 -0.018019535437775788 -0.6334216767756808
  outer loop
    vertex 670.3956683208218 -2694.2740135061354 3.5255516639591957
    vertex 668.0968519225125 -2682.0773096600046 5.98612181152602
    vertex 670.115161431083 -2682.2315676065837 3.5255516639591957
  endloop
endfacet
facet normal -0.7547437063970969 -0.17070125085922117 -0.6334216767754874
  outer loop
    vertex 668.3867302024545 -2694.522078866546 5.98612181152602
    vertex 673.0529442044564 -2706.0229739808797 3.5255516639591957
    vertex 671.1327824052868 -2706.6635576611825 5.98612181152602
  endloop
endfacet
facet normal -0.7547437063970969 -0.17070125085922117 -0.6334216767754874
  outer loop
    vertex 673.0529442044564 -2706.0229739808797 3.5255516639591957
    vertex 668.3867302024545 -2694.522078866546 5.98612181152602
    vertex 670.3956683208218 -2694.2740135061354 3.5255516639591957
  endloop
endfacet
facet normal -0.8687386367620842 0.15436294263492764 0.47060095934649554
  outer loop
    vertex 670.2746052425583 -2669.8211397648756 24.01387818874953
    vertex 666.5973280897767 -2681.962702130137 21.208134979789317
    vertex 668.0968519225294 -2682.0773096600055 24.01387818874953
  endloop
endfacet
facet normal -0.8687386367620842 0.15436294263492764 0.47060095934649554
  outer loop
    vertex 666.5973280897767 -2681.962702130137 21.208134979789317
    vertex 670.2746052425583 -2669.8211397648756 24.01387818874953
    vertex 668.8273887499462 -2669.4121519479318 21.208134979789317
  endloop
endfacet
facet normal -0.7060585755386305 -0.3166358591498111 -0.6334216767752908
  outer loop
    vertex 671.1327824052868 -2706.6635576611825 5.98612181152602
    vertex 677.9819580703617 -2717.0140617190664 3.5255516639591957
    vertex 676.2264685624594 -2718.0218441232105 5.98612181152602
  endloop
endfacet
facet normal -0.7060585755386305 -0.3166358591498111 -0.6334216767752908
  outer loop
    vertex 677.9819580703617 -2717.0140617190664 3.5255516639591957
    vertex 671.1327824052868 -2706.6635576611825 5.98612181152602
    vertex 673.0529442044564 -2706.0229739808797 3.5255516639591957
  endloop
endfacet
facet normal -0.7618731827765656 0.13537441692056884 -0.6334216767756863
  outer loop
    vertex 668.0968519225125 -2682.0773096600046 5.98612181152602
    vertex 672.2225108004257 -2670.3716238464153 3.5255516639591957
    vertex 670.115161431083 -2682.2315676065837 3.5255516639591957
  endloop
endfacet
facet normal -0.7618731827765656 0.13537441692056884 -0.6334216767756863
  outer loop
    vertex 672.2225108004257 -2670.3716238464153 3.5255516639591957
    vertex 668.0968519225125 -2682.0773096600046 5.98612181152602
    vertex 670.2746052425424 -2669.8211397648715 5.98612181152602
  endloop
endfacet
facet normal -0.6258304159318447 0.11120148282311487 -0.7719912698421626
  outer loop
    vertex 672.2225108004257 -2670.3716238464153 3.5255516639591957
    vertex 672.5749684541128 -2682.4195688911946 1.5043784526672175
    vertex 670.115161431083 -2682.2315676065837 3.5255516639591957
  endloop
endfacet
facet normal -0.6258304159318447 0.11120148282311487 -0.7719912698421626
  outer loop
    vertex 672.5749684541128 -2682.4195688911946 1.5043784526672175
    vertex 672.2225108004257 -2670.3716238464153 3.5255516639591957
    vertex 674.5965132768229 -2671.0425242232395 1.5043784526672175
  endloop
endfacet
facet normal -0.956838372731746 -0.02228781081165941 -0.28976470102013496
  outer loop
    vertex 665.6740119681864 -2681.8921337419115 11.835339526862827
    vertex 666.8941689405586 -2694.706381580494 8.791865020488892
    vertex 665.9751399491848 -2694.81986404961 11.835339526862827
  endloop
endfacet
facet normal -0.956838372731746 -0.02228781081165941 -0.28976470102013496
  outer loop
    vertex 666.8941689405586 -2694.706381580494 8.791865020488892
    vertex 665.6740119681864 -2681.8921337419115 11.835339526862827
    vertex 666.597328089765 -2681.962702130136 8.791865020488892
  endloop
endfacet
facet normal -0.472985737266593 -0.011017343084493833 -0.8810011977822368
  outer loop
    vertex 675.382078339444 -2682.634114284205 2.471757021282883e-10
    vertex 672.8440539977519 -2693.971684793361 1.5043784526672175
    vertex 672.5749684541128 -2682.4195688911946 1.5043784526672175
  endloop
endfacet
facet normal -0.472985737266593 -0.011017343084493833 -0.8810011977822368
  outer loop
    vertex 672.8440539977519 -2693.971684793361 1.5043784526672175
    vertex 675.382078339444 -2682.634114284205 2.471757021282883e-10
    vertex 675.6381299445502 -2693.6266699567063 2.471757021282883e-10
  endloop
endfacet
facet normal -0.4729857372609804 -0.011017343084368608 0.8810011977852517
  outer loop
    vertex 672.8440539977754 -2693.971684793358 28.495621547600404
    vertex 675.3820783395013 -2682.6341142842093 30.000000000015483
    vertex 672.5749684541353 -2682.4195688911964 28.495621547600404
  endloop
endfacet
facet normal -0.4729857372609804 -0.011017343084368608 0.8810011977852517
  outer loop
    vertex 675.3820783395013 -2682.6341142842093 30.000000000015483
    vertex 672.8440539977754 -2693.971684793358 28.495621547600404
    vertex 675.6381299446065 -2693.6266699567104 30.000000000015483
  endloop
endfacet
facet normal -0.9706852043020769 -0.21954098743770603 0.0978365421706637
  outer loop
    vertex 668.8277619383857 -2707.432533741479 18.164660473417015
    vertex 665.6648360769428 -2694.8581806314896 15.000000000140199
    vertex 668.5311706018095 -2707.5314793459647 15.000000000140199
  endloop
endfacet
facet normal -0.9706852043020769 -0.21954098743770603 0.0978365421706637
  outer loop
    vertex 665.6648360769428 -2694.8581806314896 15.000000000140199
    vertex 668.8277619383857 -2707.432533741479 18.164660473417015
    vertex 665.9751399491896 -2694.8198640496084 18.164660473417015
  endloop
endfacet
facet normal -0.9568383727312132 -0.022287810811559453 0.28976470102190155
  outer loop
    vertex 666.8941689405688 -2694.7063815804922 21.208134979789317
    vertex 665.6740119681922 -2681.8921337419115 18.164660473417015
    vertex 665.9751399491896 -2694.8198640496084 18.164660473417015
  endloop
endfacet
facet normal -0.9568383727312132 -0.022287810811559453 0.28976470102190155
  outer loop
    vertex 665.6740119681922 -2681.8921337419115 18.164660473417015
    vertex 666.8941689405688 -2694.7063815804922 21.208134979789317
    vertex 666.5973280897767 -2681.962702130137 21.208134979789317
  endloop
endfacet
facet normal -0.9423375768365567 0.16744046501503493 -0.28976470102025087
  outer loop
    vertex 665.6740119681864 -2681.8921337419115 11.835339526862827
    vertex 668.8273887499353 -2669.4121519479286 8.791865020488892
    vertex 666.597328089765 -2681.962702130136 8.791865020488892
  endloop
endfacet
facet normal -0.9423375768365567 0.16744046501503493 -0.28976470102025087
  outer loop
    vertex 668.8273887499353 -2669.4121519479286 8.791865020488892
    vertex 665.6740119681864 -2681.8921337419115 11.835339526862827
    vertex 667.9362803261431 -2669.160321975864 11.835339526862827
  endloop
endfacet
facet normal -0.4658176827256103 0.08276941440628807 0.8810011977852146
  outer loop
    vertex 675.3820783395013 -2682.6341142842093 30.000000000015483
    vertex 674.5965132768459 -2671.0425242232463 28.495621547600404
    vertex 672.5749684541353 -2682.4195688911964 28.495621547600404
  endloop
endfacet
facet normal -0.4658176827256103 0.08276941440628807 0.8810011977852146
  outer loop
    vertex 674.5965132768459 -2671.0425242232463 28.495621547600404
    vertex 675.3820783395013 -2682.6341142842093 30.000000000015483
    vertex 677.3057037771508 -2671.8081497630624 30.000000000015483
  endloop
endfacet
facet normal -0.6199740040395072 -0.140220232501073 -0.7719912698421959
  outer loop
    vertex 672.8440539977519 -2693.971684793361 1.5043784526672175
    vertex 673.0529442044564 -2706.0229739808797 3.5255516639591957
    vertex 670.3956683208218 -2694.2740135061354 3.5255516639591957
  endloop
endfacet
facet normal -0.6199740040395072 -0.140220232501073 -0.7719912698421959
  outer loop
    vertex 673.0529442044564 -2706.0229739808797 3.5255516639591957
    vertex 672.8440539977519 -2693.971684793361 1.5043784526672175
    vertex 675.3931340806374 -2705.2422650613817 1.5043784526672175
  endloop
endfacet
facet normal -0.8687386367629176 0.15436294263510117 -0.47060095934489965
  outer loop
    vertex 666.597328089765 -2681.962702130136 8.791865020488892
    vertex 670.2746052425424 -2669.8211397648715 5.98612181152602
    vertex 668.0968519225125 -2682.0773096600046 5.98612181152602
  endloop
endfacet
facet normal -0.8687386367629176 0.15436294263510117 -0.47060095934489965
  outer loop
    vertex 670.2746052425424 -2669.8211397648715 5.98612181152602
    vertex 666.597328089765 -2681.962702130136 8.791865020488892
    vertex 668.8273887499353 -2669.4121519479286 8.791865020488892
  endloop
endfacet
facet normal -0.5799822621279275 -0.26009624161907174 -0.7719912698422213
  outer loop
    vertex 675.3931340806374 -2705.2422650613817 1.5043784526672175
    vertex 677.9819580703617 -2717.0140617190664 3.5255516639591957
    vertex 673.0529442044564 -2706.0229739808797 3.5255516639591957
  endloop
endfacet
facet normal -0.5799822621279275 -0.26009624161907174 -0.7719912698422213
  outer loop
    vertex 677.9819580703617 -2717.0140617190664 3.5255516639591957
    vertex 675.3931340806374 -2705.2422650613817 1.5043784526672175
    vertex 680.1214542190276 -2715.7858307540564 1.5043784526672175
  endloop
endfacet
facet normal -0.979854511945776 0.17410670990977783 0.09783654217058943
  outer loop
    vertex 667.9362803261499 -2669.1603219758654 18.164660473417015
    vertex 665.3622605756648 -2681.8683068068212 15.000000000140199
    vertex 665.6740119681922 -2681.8921337419115 18.164660473417015
  endloop
endfacet
facet normal -0.979854511945776 0.17410670990977783 0.09783654217058943
  outer loop
    vertex 665.3622605756648 -2681.8683068068212 15.000000000140199
    vertex 667.9362803261499 -2669.1603219758654 18.164660473417015
    vertex 667.6354036431616 -2669.07529330298 15.000000000140199
  endloop
endfacet
facet normal 0.7933533402917204 0.608761429008088 -1.1481916746893011e-12
  outer loop
    vertex 743.8345685565297 -2651.3592213006327 9.999999999914879
    vertex 744.1524058017509 -2651.7734348630015 29.99999999991524
    vertex 744.1524058017261 -2651.7734348630056 9.99999999991524
  endloop
endfacet
facet normal 0.7933533402917204 0.608761429008088 -1.1481916746893011e-12
  outer loop
    vertex 744.1524058017509 -2651.7734348630015 29.99999999991524
    vertex 743.8345685565297 -2651.3592213006327 9.999999999914879
    vertex 743.8345685565567 -2651.3592213006286 29.999999999914877
  endloop
endfacet
facet normal -0.13052619222032122 -0.991444861373775 3.7350529351373164e-13
  outer loop
    vertex 746.0842574543038 -2648.4273696480545 9.999999999911877
    vertex 745.5666193641258 -2648.3592213006286 29.99999999991186
    vertex 745.5666193640988 -2648.3592213006327 9.99999999991186
  endloop
endfacet
facet normal -0.13052619222032122 -0.991444861373775 3.7350529351373164e-13
  outer loop
    vertex 745.5666193641258 -2648.3592213006286 29.99999999991186
    vertex 746.0842574543038 -2648.4273696480545 9.999999999911877
    vertex 746.0842574543309 -2648.4273696480504 29.99999999991188
  endloop
endfacet
facet normal -0.397257160054671 0.25695065340878426 0.8810011977847115
  outer loop
    vertex 681.3329733823336 -2661.5766815319294 30.000000000015483
    vertex 685.1045003378863 -2650.58770264251 28.495621547600404
    vertex 678.8287852465652 -2660.290237823551 28.495621547600404
  endloop
endfacet
facet normal -0.397257160054671 0.25695065340878426 0.8810011977847115
  outer loop
    vertex 685.1045003378863 -2650.58770264251 28.495621547600404
    vertex 681.3329733823336 -2661.5766815319294 30.000000000015483
    vertex 687.3047060164548 -2652.344116775369 30.000000000015483
  endloop
endfacet
facet normal -0.5914636064229114 0.23280953924778686 -0.7719912698421122
  outer loop
    vertex 676.6344217143402 -2659.1629562428816 3.5255516639591957
    vertex 674.5965132768229 -2671.0425242232395 1.5043784526672175
    vertex 672.2225108004257 -2670.3716238464153 3.5255516639591957
  endloop
endfacet
facet normal -0.5914636064229114 0.23280953924778686 -0.7719912698421122
  outer loop
    vertex 674.5965132768229 -2671.0425242232395 1.5043784526672175
    vertex 676.6344217143402 -2659.1629562428816 3.5255516639591957
    vertex 678.8287852465444 -2660.29023782354 1.5043784526672175
  endloop
endfacet
facet normal -0.625830415930431 0.11120148282286968 0.771991269843344
  outer loop
    vertex 672.5749684541353 -2682.4195688911964 28.495621547600404
    vertex 672.2225108004436 -2670.3716238464203 26.47444833631278
    vertex 670.1151614311029 -2682.231567606585 26.47444833631278
  endloop
endfacet
facet normal -0.625830415930431 0.11120148282286968 0.771991269843344
  outer loop
    vertex 672.2225108004436 -2670.3716238464203 26.47444833631278
    vertex 672.5749684541353 -2682.4195688911964 28.495621547600404
    vertex 674.5965132768459 -2671.0425242232463 28.495621547600404
  endloop
endfacet
facet normal -0.7060585755374975 -0.3166358591493933 0.6334216767767625
  outer loop
    vertex 677.9819580703797 -2717.014061719057 26.47444833631278
    vertex 671.1327824053003 -2706.663557661178 24.01387818874953
    vertex 676.2264685624734 -2718.0218441232028 24.01387818874953
  endloop
endfacet
facet normal -0.7060585755374975 -0.3166358591493933 0.6334216767767625
  outer loop
    vertex 671.1327824053003 -2706.663557661178 24.01387818874953
    vertex 677.9819580703797 -2717.014061719057 26.47444833631278
    vertex 673.0529442044748 -2706.0229739808733 26.47444833631278
  endloop
endfacet
facet normal -0.9798545119459766 0.17410670990976462 -0.09783654216860584
  outer loop
    vertex 665.3622605756648 -2681.8683068068212 15.000000000140199
    vertex 667.9362803261431 -2669.160321975864 11.835339526862827
    vertex 665.6740119681864 -2681.8921337419115 11.835339526862827
  endloop
endfacet
facet normal -0.9798545119459766 0.17410670990976462 -0.09783654216860584
  outer loop
    vertex 667.9362803261431 -2669.160321975864 11.835339526862827
    vertex 665.3622605756648 -2681.8683068068212 15.000000000140199
    vertex 667.6354036431616 -2669.07529330298 15.000000000140199
  endloop
endfacet
facet normal 0.8451702898010842 -0.5344971293071192 -1.6304084016713459e-12
  outer loop
    vertex 706.3599280428483 -2736.595455450859 2.473674598491016e-10
    vertex 709.4979170280943 -2731.6335297180826 29.999999999966647
    vertex 706.3599280429036 -2736.595455450863 30.000000000015667
  endloop
endfacet
facet normal 0.8451702898010842 -0.5344971293071192 -1.6304084016713459e-12
  outer loop
    vertex 709.4979170280943 -2731.6335297180826 29.999999999966647
    vertex 706.3599280428483 -2736.595455450859 2.473674598491016e-10
    vertex 709.4979170280388 -2731.6335297180785 1.9834516251648892e-10
  endloop
endfacet
facet normal -0.38268343236525615 -0.9238795325112179 7.065876673243054e-13
  outer loop
    vertex 746.5666193640989 -2648.627170493064 9.999999999912019
    vertex 746.0842574543309 -2648.4273696480504 29.99999999991188
    vertex 746.0842574543038 -2648.4273696480545 9.999999999911877
  endloop
endfacet
facet normal -0.38268343236525615 -0.9238795325112179 7.065876673243054e-13
  outer loop
    vertex 746.0842574543309 -2648.4273696480504 29.99999999991188
    vertex 746.5666193640989 -2648.627170493064 9.999999999912019
    vertex 746.5666193641264 -2648.62717049306 29.999999999912017
  endloop
endfacet
facet normal -0.8905901143101799 0.3505505189493255 -0.2897647010202236
  outer loop
    vertex 667.9362803261431 -2669.160321975864 11.835339526862827
    vertex 673.4962059420096 -2657.5508018371224 8.791865020488892
    vertex 668.8273887499353 -2669.4121519479286 8.791865020488892
  endloop
endfacet
facet normal -0.8905901143101799 0.3505505189493255 -0.2897647010202236
  outer loop
    vertex 673.4962059420096 -2657.5508018371224 8.791865020488892
    vertex 667.9362803261431 -2669.160321975864 11.835339526862827
    vertex 672.6725270082887 -2657.127664067681 11.835339526862827
  endloop
endfacet
facet normal -0.793353340290844 -0.6087614290092305 1.1607200041831973e-12
  outer loop
    vertex 747.2986701716952 -2649.3592213006286 29.999999999912646
    vertex 746.9808329264729 -2648.94500773826 9.999999999912278
    vertex 747.2986701716684 -2649.3592213006327 9.999999999912644
  endloop
endfacet
facet normal -0.793353340290844 -0.6087614290092305 1.1607200041831973e-12
  outer loop
    vertex 746.9808329264729 -2648.94500773826 9.999999999912278
    vertex 747.2986701716952 -2649.3592213006286 29.999999999912646
    vertex 746.9808329264984 -2648.9450077382558 29.999999999912276
  endloop
endfacet
facet normal -0.4316920151037406 -0.19359466314284385 0.881001197784816
  outer loop
    vertex 680.1214542190478 -2715.7858307540446 28.495621547600404
    vertex 678.0637379424905 -2704.351326989833 30.000000000015483
    vertex 675.3931340806581 -2705.2422650613744 28.495621547600404
  endloop
endfacet
facet normal -0.4316920151037406 -0.19359466314284385 0.881001197784816
  outer loop
    vertex 678.0637379424905 -2704.351326989833 30.000000000015483
    vertex 680.1214542190478 -2715.7858307540446 28.495621547600404
    vertex 682.5630281849758 -2714.3841845065817 30.000000000015483
  endloop
endfacet
facet normal -0.7618731827757195 0.13537441692036986 0.6334216767767463
  outer loop
    vertex 672.2225108004436 -2670.3716238464203 26.47444833631278
    vertex 668.0968519225294 -2682.0773096600055 24.01387818874953
    vertex 670.1151614311029 -2682.231567606585 26.47444833631278
  endloop
endfacet
facet normal -0.7618731827757195 0.13537441692036986 0.6334216767767463
  outer loop
    vertex 668.0968519225294 -2682.0773096600055 24.01387818874953
    vertex 672.2225108004436 -2670.3716238464203 26.47444833631278
    vertex 670.2746052425583 -2669.8211397648756 24.01387818874953
  endloop
endfacet
facet normal 0.3826834323655311 -0.923879532511104 -3.1817673312085106e-13
  outer loop
    vertex 745.0489812739263 -2648.42736964806 29.999999999911974
    vertex 744.5666193641052 -2648.6271704930737 9.99999999991221
    vertex 745.0489812739004 -2648.427369648064 9.999999999911973
  endloop
endfacet
facet normal 0.3826834323655311 -0.923879532511104 -3.1817673312085106e-13
  outer loop
    vertex 744.5666193641052 -2648.6271704930737 9.99999999991221
    vertex 745.0489812739263 -2648.42736964806 29.999999999911974
    vertex 744.5666193641317 -2648.6271704930696 29.99999999991221
  endloop
endfacet
facet normal -0.7177590180204543 -0.5131829392259497 0.470600959346375
  outer loop
    vertex 683.4664565453681 -2728.1479926520715 24.01387818874953
    vertex 674.9222095555795 -2718.770586437911 21.208134979789317
    vertex 682.3360944213582 -2729.13995438495 21.208134979789317
  endloop
endfacet
facet normal -0.7177590180204543 -0.5131829392259497 0.470600959346375
  outer loop
    vertex 674.9222095555795 -2718.770586437911 21.208134979789317
    vertex 683.4664565453681 -2728.1479926520715 24.01387818874953
    vertex 676.2264685624734 -2718.0218441232028 24.01387818874953
  endloop
endfacet
facet normal 0.6087614289907822 -0.7933533403049999 -6.225614572585913e-13
  outer loop
    vertex 744.5666193641317 -2648.6271704930696 29.99999999991221
    vertex 744.1524058017261 -2648.94500773826 9.999999999912554
    vertex 744.5666193641052 -2648.6271704930737 9.99999999991221
  endloop
endfacet
facet normal 0.6087614289907822 -0.7933533403049999 -6.225614572585913e-13
  outer loop
    vertex 744.1524058017261 -2648.94500773826 9.999999999912554
    vertex 744.5666193641317 -2648.6271704930696 29.99999999991221
    vertex 744.1524058017509 -2648.9450077382558 29.999999999912554
  endloop
endfacet
facet normal -0.9260468469598954 0.36450685624842377 -0.0978365421686974
  outer loop
    vertex 667.6354036431616 -2669.07529330298 15.000000000140199
    vertex 672.6725270082887 -2657.127664067681 11.835339526862827
    vertex 667.9362803261431 -2669.160321975864 11.835339526862827
  endloop
endfacet
facet normal -0.9260468469598954 0.36450685624842377 -0.0978365421686974
  outer loop
    vertex 672.6725270082887 -2657.127664067681 11.835339526862827
    vertex 667.6354036431616 -2669.07529330298 15.000000000140199
    vertex 672.3944174328385 -2656.9847944851304 15.000000000140199
  endloop
endfacet
facet normal 0.9095510686498607 0.4155921721085427 -1.9862597683718566e-12
  outer loop
    vertex 706.2444735947463 -2726.215652264357 1.9881891688555696e-10
    vertex 705.1916264821527 -2723.911426437423 29.999999999999996
    vertex 706.2444735948017 -2726.215652264361 29.99999999996712
  endloop
endfacet
facet normal 0.9095510686498607 0.4155921721085427 -1.9862597683718566e-12
  outer loop
    vertex 705.1916264821527 -2723.911426437423 29.999999999999996
    vertex 706.2444735947463 -2726.215652264357 1.9881891688555696e-10
    vertex 705.191626482077 -2723.911426437427 0.0
  endloop
endfacet
facet normal -0.44023780172685345 0.17328464281906034 -0.8810011977822608
  outer loop
    vertex 678.8287852465444 -2660.29023782354 1.5043784526672175
    vertex 677.3057037770956 -2671.8081497630583 2.471757021282883e-10
    vertex 674.5965132768229 -2671.0425242232395 1.5043784526672175
  endloop
endfacet
facet normal -0.44023780172685345 0.17328464281906034 -0.8810011977822608
  outer loop
    vertex 677.3057037770956 -2671.8081497630583 2.471757021282883e-10
    vertex 678.8287852465444 -2660.29023782354 1.5043784526672175
    vertex 681.3329733822766 -2661.5766815319253 2.471757021282883e-10
  endloop
endfacet
facet normal 0.9900751924562481 0.14053865405191307 -2.060947352299926e-12
  outer loop
    vertex 714.2006697799567 -2634.0072649998333 2.4965727263293045e-10
    vertex 715.1955601846354 -2641.016128970377 10.00000000001687
    vertex 715.1955601845864 -2641.016128970377 1.687467943156662e-11
  endloop
endfacet
facet normal 0.9900751924562481 0.14053865405191307 -2.060947352299926e-12
  outer loop
    vertex 715.1955601846354 -2641.016128970377 10.00000000001687
    vertex 714.2006697799567 -2634.0072649998333 2.4965727263293045e-10
    vertex 715.1955601846599 -2641.016128970373 30.000000000016872
  endloop
endfacet
facet normal 0.9900751924562481 0.14053865405191307 -2.060947352299926e-12
  outer loop
    vertex 715.1955601846599 -2641.016128970373 30.000000000016872
    vertex 714.2006697799567 -2634.0072649998333 2.4965727263293045e-10
    vertex 714.2006697800128 -2634.007264999837 30.000000000017966
  endloop
endfacet
facet normal -0.8210327814981208 0.32317163979695374 -0.4706009593449711
  outer loop
    vertex 668.8273887499353 -2669.4121519479286 8.791865020488892
    vertex 674.8339126740609 -2658.2380043617877 5.98612181152602
    vertex 670.2746052425424 -2669.8211397648715 5.98612181152602
  endloop
endfacet
facet normal -0.8210327814981208 0.32317163979695374 -0.4706009593449711
  outer loop
    vertex 674.8339126740609 -2658.2380043617877 5.98612181152602
    vertex 668.8273887499353 -2669.4121519479286 8.791865020488892
    vertex 673.4962059420096 -2657.5508018371224 8.791865020488892
  endloop
endfacet
facet normal -0.5170662449869109 -0.36969173317915677 0.7719912698432068
  outer loop
    vertex 684.9878865974927 -2726.8128449512615 26.47444833631278
    vertex 680.1214542190478 -2715.7858307540446 28.495621547600404
    vertex 677.9819580703797 -2717.014061719057 26.47444833631278
  endloop
endfacet
facet normal -0.5170662449869109 -0.36969173317915677 0.7719912698432068
  outer loop
    vertex 680.1214542190478 -2715.7858307540446 28.495621547600404
    vertex 684.9878865974927 -2726.8128449512615 26.47444833631278
    vertex 686.8421236762787 -2725.185638778329 28.495621547600404
  endloop
endfacet
facet normal 0.991444861373775 -0.13052619222032125 -1.2758308692708258e-12
  outer loop
    vertex 743.6347677115218 -2649.841583210428 9.999999999913456
    vertex 743.5666193641262 -2650.359221300629 29.999999999913953
    vertex 743.5666193640999 -2650.3592213006327 9.999999999913953
  endloop
endfacet
facet normal 0.991444861373775 -0.13052619222032125 -1.2758308692708258e-12
  outer loop
    vertex 743.5666193641262 -2650.359221300629 29.999999999913953
    vertex 743.6347677115218 -2649.841583210428 9.999999999913456
    vertex 743.6347677115481 -2649.841583210424 29.999999999913456
  endloop
endfacet
facet normal 0.8573031964051405 0.5148118388630247 -1.51520330659831e-12
  outer loop
    vertex 709.4979170280388 -2731.6335297180785 1.9834516251648892e-10
    vertex 706.2444735948017 -2726.215652264361 29.99999999996712
    vertex 709.4979170280943 -2731.6335297180826 29.999999999966647
  endloop
endfacet
facet normal 0.8573031964051405 0.5148118388630247 -1.51520330659831e-12
  outer loop
    vertex 706.2444735948017 -2726.215652264361 29.99999999996712
    vertex 709.4979170280388 -2731.6335297180785 1.9834516251648892e-10
    vertex 706.2444735947463 -2726.215652264357 1.9881891688555696e-10
  endloop
endfacet
facet normal -0.8095638694260519 -0.578821520277166 0.09783654217085264
  outer loop
    vertex 681.6400857621218 -2729.750744450406 18.164660473417015
    vertex 673.8479699241605 -2719.3872804104485 15.000000000140199
    vertex 681.405083184286 -2729.9569735511413 15.000000000140199
  endloop
endfacet
facet normal -0.8095638694260519 -0.578821520277166 0.09783654217085264
  outer loop
    vertex 673.8479699241605 -2719.3872804104485 15.000000000140199
    vertex 681.6400857621218 -2729.750744450406 18.164660473417015
    vertex 674.1191257089064 -2719.231616689635 18.164660473417015
  endloop
endfacet
facet normal -0.6294658996211345 -0.450055175065573 0.6334216767768944
  outer loop
    vertex 683.4664565453681 -2728.1479926520715 24.01387818874953
    vertex 677.9819580703797 -2717.014061719057 26.47444833631278
    vertex 676.2264685624734 -2718.0218441232028 24.01387818874953
  endloop
endfacet
facet normal -0.6294658996211345 -0.450055175065573 0.6334216767768944
  outer loop
    vertex 677.9819580703797 -2717.014061719057 26.47444833631278
    vertex 683.4664565453681 -2728.1479926520715 24.01387818874953
    vertex 684.9878865974927 -2726.8128449512615 26.47444833631278
  endloop
endfacet
facet normal -0.7200357298885011 0.2834175842721873 -0.6334216767756304
  outer loop
    vertex 670.2746052425424 -2669.8211397648715 5.98612181152602
    vertex 676.6344217143402 -2659.1629562428816 3.5255516639591957
    vertex 672.2225108004257 -2670.3716238464153 3.5255516639591957
  endloop
endfacet
facet normal -0.7200357298885011 0.2834175842721873 -0.6334216767756304
  outer loop
    vertex 676.6344217143402 -2659.1629562428816 3.5255516639591957
    vertex 670.2746052425424 -2669.8211397648715 5.98612181152602
    vertex 674.8339126740609 -2658.2380043617877 5.98612181152602
  endloop
endfacet
facet normal -0.908070656087424 -0.4072292899207952 -0.09783654216886738
  outer loop
    vertex 668.5311706018095 -2707.5314793459647 15.000000000140199
    vertex 674.1191257089013 -2719.231616689638 11.835339526862827
    vertex 673.8479699241605 -2719.3872804104485 15.000000000140199
  endloop
endfacet
facet normal -0.908070656087424 -0.4072292899207952 -0.09783654216886738
  outer loop
    vertex 674.1191257089013 -2719.231616689638 11.835339526862827
    vertex 668.5311706018095 -2707.5314793459647 15.000000000140199
    vertex 668.8277619383799 -2707.4325337414803 11.835339526862827
  endloop
endfacet
facet normal -0.5537593781234526 0.5404882334794259 0.6334216767767082
  outer loop
    vertex 683.1765097706298 -2649.048596588284 26.47444833631278
    vertex 690.2893384698546 -2638.877470326223 24.01387818874953
    vertex 681.5945638464601 -2647.7857363903677 24.01387818874953
  endloop
endfacet
facet normal -0.5537593781234526 0.5404882334794259 0.6334216767767082
  outer loop
    vertex 690.2893384698546 -2638.877470326223 24.01387818874953
    vertex 683.1765097706298 -2649.048596588284 26.47444833631278
    vertex 691.5901935660642 -2640.428323254499 26.47444833631278
  endloop
endfacet
facet normal -0.631433390912773 0.6163007463112509 -0.47060095934516805
  outer loop
    vertex 680.4192408321461 -2646.8474814021297 8.791865020488892
    vertex 690.2893384698432 -2638.8774703262116 5.98612181152602
    vertex 681.5945638464484 -2647.785736390358 5.98612181152602
  endloop
endfacet
facet normal -0.631433390912773 0.6163007463112509 -0.47060095934516805
  outer loop
    vertex 690.2893384698432 -2638.8774703262116 5.98612181152602
    vertex 680.4192408321461 -2646.8474814021297 8.791865020488892
    vertex 689.3228547806797 -2637.725248173385 8.791865020488892
  endloop
endfacet
facet normal -0.7121967769094595 0.6951285938415929 -0.0978365421690056
  outer loop
    vertex 679.4511980162602 -2646.074697248524 15.000000000140199
    vertex 688.7277525542531 -2637.0157794299685 11.835339526862827
    vertex 679.6955479748075 -2646.2697607031578 11.835339526862827
  endloop
endfacet
facet normal -0.7121967769094595 0.6951285938415929 -0.0978365421690056
  outer loop
    vertex 688.7277525542531 -2637.0157794299685 11.835339526862827
    vertex 679.4511980162602 -2646.074697248524 15.000000000140199
    vertex 688.5268203453973 -2636.7762321464947 15.000000000140199
  endloop
endfacet
facet normal 0.9238795325119922 -0.3826834323633867 -1.1558172303424597e-12
  outer loop
    vertex 743.8345685565297 -2649.3592213006327 9.999999999912971
    vertex 743.6347677115481 -2649.841583210424 29.999999999913456
    vertex 743.6347677115218 -2649.841583210428 9.999999999913456
  endloop
endfacet
facet normal 0.9238795325119922 -0.3826834323633867 -1.1558172303424597e-12
  outer loop
    vertex 743.6347677115481 -2649.841583210424 29.999999999913456
    vertex 743.8345685565297 -2649.3592213006327 9.999999999912971
    vertex 743.8345685565567 -2649.3592213006286 29.999999999912973
  endloop
endfacet
facet normal -0.338574602886347 0.33046047840331644 -0.8810011977822754
  outer loop
    vertex 693.1756057577945 -2642.318419351467 1.5043784526672175
    vertex 687.3047060163996 -2652.3441167753654 2.471757021282883e-10
    vertex 685.1045003378679 -2650.5877026424946 1.5043784526672175
  endloop
endfacet
facet normal -0.338574602886347 0.33046047840331644 -0.8810011977822754
  outer loop
    vertex 687.3047060163996 -2652.3441167753654 2.471757021282883e-10
    vertex 693.1756057577945 -2642.318419351467 1.5043784526672175
    vertex 694.9848640427343 -2644.475380197743 2.471757021282883e-10
  endloop
endfacet
facet normal -0.8356364198197725 0.5404995697379106 0.09783654217073795
  outer loop
    vertex 679.695547974812 -2646.269760703161 18.164660473417015
    vertex 672.3944174328385 -2656.9847944851304 15.000000000140199
    vertex 672.6725270082932 -2657.127664067684 18.164660473417015
  endloop
endfacet
facet normal -0.8356364198197725 0.5404995697379106 0.09783654217073795
  outer loop
    vertex 672.3944174328385 -2656.9847944851304 15.000000000140199
    vertex 679.695547974812 -2646.269760703161 18.164660473417015
    vertex 679.4511980162602 -2646.074697248524 15.000000000140199
  endloop
endfacet
facet normal -0.454878147402112 0.4439767452261974 0.7719912698433673
  outer loop
    vertex 685.1045003378863 -2650.58770264251 28.495621547600404
    vertex 691.5901935660642 -2640.428323254499 26.47444833631278
    vertex 683.1765097706298 -2649.048596588284 26.47444833631278
  endloop
endfacet
facet normal -0.454878147402112 0.4439767452261974 0.7719912698433673
  outer loop
    vertex 691.5901935660642 -2640.428323254499 26.47444833631278
    vertex 685.1045003378863 -2650.58770264251 28.495621547600404
    vertex 693.1756057578103 -2642.3184193514853 28.495621547600404
  endloop
endfacet
facet normal -0.4548781474032149 0.4439767452272934 -0.7719912698420871
  outer loop
    vertex 691.5901935660523 -2640.428323254484 3.5255516639591957
    vertex 685.1045003378679 -2650.5877026424946 1.5043784526672175
    vertex 683.176509770614 -2649.048596588272 3.5255516639591957
  endloop
endfacet
facet normal -0.4548781474032149 0.4439767452272934 -0.7719912698420871
  outer loop
    vertex 685.1045003378679 -2650.5877026424946 1.5043784526672175
    vertex 691.5901935660523 -2640.428323254484 3.5255516639591957
    vertex 693.1756057577945 -2642.318419351467 1.5043784526672175
  endloop
endfacet
facet normal -0.6497382734381514 0.42025843884512915 -0.6334216767754833
  outer loop
    vertex 674.8339126740609 -2658.2380043617877 5.98612181152602
    vertex 683.176509770614 -2649.048596588272 3.5255516639591957
    vertex 676.6344217143402 -2659.1629562428816 3.5255516639591957
  endloop
endfacet
facet normal -0.6497382734381514 0.42025843884512915 -0.6334216767754833
  outer loop
    vertex 683.176509770614 -2649.048596588272 3.5255516639591957
    vertex 674.8339126740609 -2658.2380043617877 5.98612181152602
    vertex 681.5945638464484 -2647.785736390358 5.98612181152602
  endloop
endfacet
facet normal -0.3580581503318956 0.5251893375407813 0.7719912698433686
  outer loop
    vertex 693.1756057578103 -2642.3184193514853 28.495621547600404
    vertex 701.5429153387986 -2633.6428596245623 26.47444833631278
    vertex 691.5901935660642 -2640.428323254499 26.47444833631278
  endloop
endfacet
facet normal -0.3580581503318956 0.5251893375407813 0.7719912698433686
  outer loop
    vertex 701.5429153387986 -2633.6428596245623 26.47444833631278
    vertex 693.1756057578103 -2642.3184193514853 28.495621547600404
    vertex 702.7230844361167 -2635.8092381638116 28.495621547600404
  endloop
endfacet
facet normal -0.5337187121230185 0.3452156074358069 -0.771991269842136
  outer loop
    vertex 683.176509770614 -2649.048596588272 3.5255516639591957
    vertex 678.8287852465444 -2660.29023782354 1.5043784526672175
    vertex 676.6344217143402 -2659.1629562428816 3.5255516639591957
  endloop
endfacet
facet normal -0.5337187121230185 0.3452156074358069 -0.771991269842136
  outer loop
    vertex 678.8287852465444 -2660.29023782354 1.5043784526672175
    vertex 683.176509770614 -2649.048596588272 3.5255516639591957
    vertex 685.1045003378679 -2650.5877026424946 1.5043784526672175
  endloop
endfacet
facet normal -0.5391422998330367 0.7907983298999057 0.28976470102181817
  outer loop
    vertex 689.3228547806862 -2637.7252481733935 21.208134979789317
    vertex 699.412135442809 -2629.7314914578924 18.164660473417015
    vertex 688.7277525542577 -2637.0157794299726 18.164660473417015
  endloop
endfacet
facet normal -0.5391422998330367 0.7907983298999057 0.28976470102181817
  outer loop
    vertex 699.412135442809 -2629.7314914578924 18.164660473417015
    vertex 689.3228547806862 -2637.7252481733935 21.208134979789317
    vertex 699.8551251340921 -2630.544665911015 21.208134979789317
  endloop
endfacet
facet normal -0.7408749312609618 0.4792067124869617 -0.4706009593450736
  outer loop
    vertex 673.4962059420096 -2657.5508018371224 8.791865020488892
    vertex 681.5945638464484 -2647.785736390358 5.98612181152602
    vertex 674.8339126740609 -2658.2380043617877 5.98612181152602
  endloop
endfacet
facet normal -0.7408749312609618 0.4792067124869617 -0.4706009593450736
  outer loop
    vertex 681.5945638464484 -2647.785736390358 5.98612181152602
    vertex 673.4962059420096 -2657.5508018371224 8.791865020488892
    vertex 680.4192408321461 -2646.8474814021297 8.791865020488892
  endloop
endfacet
facet normal -0.26650960647487726 0.390908581589522 0.8810011977836774
  outer loop
    vertex 694.9848640427897 -2644.475380197747 30.000000000015483
    vertex 702.7230844361167 -2635.8092381638116 28.495621547600404
    vertex 693.1756057578103 -2642.3184193514853 28.495621547600404
  endloop
endfacet
facet normal -0.26650960647487726 0.390908581589522 0.8810011977836774
  outer loop
    vertex 702.7230844361167 -2635.8092381638116 28.495621547600404
    vertex 694.9848640427897 -2644.475380197747 30.000000000015483
    vertex 704.0698829079233 -2638.281490074593 30.000000000015483
  endloop
endfacet
facet normal -0.6849279936982973 0.6685133218494339 0.2897647010218128
  outer loop
    vertex 689.3228547806862 -2637.7252481733935 21.208134979789317
    vertex 679.695547974812 -2646.269760703161 18.164660473417015
    vertex 680.4192408321546 -2646.847481402137 21.208134979789317
  endloop
endfacet
facet normal -0.6849279936982973 0.6685133218494339 0.2897647010218128
  outer loop
    vertex 679.695547974812 -2646.269760703161 18.164660473417015
    vertex 689.3228547806862 -2637.7252481733935 21.208134979789317
    vertex 688.7277525542577 -2637.0157794299726 18.164660473417015
  endloop
endfacet
facet normal -0.8036413461067662 0.5198047757277593 0.28976470102191326
  outer loop
    vertex 680.4192408321546 -2646.847481402137 21.208134979789317
    vertex 672.6725270082932 -2657.127664067684 18.164660473417015
    vertex 673.4962059420188 -2657.550801837127 21.208134979789317
  endloop
endfacet
facet normal -0.8036413461067662 0.5198047757277593 0.28976470102191326
  outer loop
    vertex 672.6725270082932 -2657.127664067684 18.164660473417015
    vertex 680.4192408321546 -2646.847481402137 21.208134979789317
    vertex 679.695547974812 -2646.269760703161 18.164660473417015
  endloop
endfacet
facet normal -0.4358926886079011 0.6393547868039211 -0.6334216767755015
  outer loop
    vertex 690.2893384698432 -2638.8774703262116 5.98612181152602
    vertex 701.5429153387925 -2633.6428596245437 3.5255516639591957
    vertex 691.5901935660523 -2640.428323254484 3.5255516639591957
  endloop
endfacet
facet normal -0.4358926886079011 0.6393547868039211 -0.6334216767755015
  outer loop
    vertex 701.5429153387925 -2633.6428596245437 3.5255516639591957
    vertex 690.2893384698432 -2638.8774703262116 5.98612181152602
    vertex 700.5745684365625 -2631.8653127015614 5.98612181152602
  endloop
endfacet
facet normal -0.5606069714909864 0.8222820893901319 0.09783654217062125
  outer loop
    vertex 688.7277525542577 -2637.0157794299726 18.164660473417015
    vertex 699.2625629942147 -2629.456928648685 15.000000000140199
    vertex 688.5268203453973 -2636.7762321464947 15.000000000140199
  endloop
endfacet
facet normal -0.5606069714909864 0.8222820893901319 0.09783654217062125
  outer loop
    vertex 699.2625629942147 -2629.456928648685 15.000000000140199
    vertex 688.7277525542577 -2637.0157794299726 18.164660473417015
    vertex 699.412135442809 -2629.7314914578924 18.164660473417015
  endloop
endfacet
facet normal -0.56060697149105 0.8222820893902889 -0.09783654216893653
  outer loop
    vertex 688.5268203453973 -2636.7762321464947 15.000000000140199
    vertex 699.4121354428078 -2629.7314914578874 11.835339526862827
    vertex 688.7277525542531 -2637.0157794299685 11.835339526862827
  endloop
endfacet
facet normal -0.56060697149105 0.8222820893902889 -0.09783654216893653
  outer loop
    vertex 699.4121354428078 -2629.7314914578874 11.835339526862827
    vertex 688.5268203453973 -2636.7762321464947 15.000000000140199
    vertex 699.2625629942147 -2629.456928648685 15.000000000140199
  endloop
endfacet
facet normal -0.3385746028837483 0.33046047840079185 0.881001197784221
  outer loop
    vertex 687.3047060164548 -2652.344116775369 30.000000000015483
    vertex 693.1756057578103 -2642.3184193514853 28.495621547600404
    vertex 685.1045003378863 -2650.58770264251 28.495621547600404
  endloop
endfacet
facet normal -0.3385746028837483 0.33046047840079185 0.881001197784221
  outer loop
    vertex 693.1756057578103 -2642.3184193514853 28.495621547600404
    vertex 687.3047060164548 -2652.344116775369 30.000000000015483
    vertex 694.9848640427897 -2644.475380197747 30.000000000015483
  endloop
endfacet
facet normal -0.18391059899576973 0.43590570205261747 0.8810011977829725
  outer loop
    vertex 704.0698829079233 -2638.281490074593 30.000000000015483
    vertex 713.1117178726279 -2631.426226450367 28.495621547602948
    vertex 702.7230844361167 -2635.8092381638116 28.495621547600404
  endloop
endfacet
facet normal -0.18391059899576973 0.43590570205261747 0.8810011977829725
  outer loop
    vertex 713.1117178726279 -2631.426226450367 28.495621547602948
    vertex 704.0698829079233 -2638.281490074593 30.000000000015483
    vertex 714.2006697800128 -2634.007264999837 30.000000000017966
  endloop
endfacet
facet normal -0.3720465637896746 0.881826384508426 -0.2897647010197988
  outer loop
    vertex 699.4121354428078 -2629.7314914578874 11.835339526862827
    vertex 710.7928336315294 -2625.92999693115 8.79186502049157
    vertex 699.8551251340862 -2630.544665911004 8.791865020488892
  endloop
endfacet
facet normal -0.3720465637896746 0.881826384508426 -0.2897647010197988
  outer loop
    vertex 710.7928336315294 -2625.92999693115 8.79186502049157
    vertex 699.4121354428078 -2629.7314914578874 11.835339526862827
    vertex 710.4346549735018 -2625.0810403172286 11.835339526865525
  endloop
endfacet
facet normal -0.4970339272156236 0.7290349869921716 0.47060095934659807
  outer loop
    vertex 690.2893384698546 -2638.877470326223 24.01387818874953
    vertex 699.8551251340921 -2630.544665911015 21.208134979789317
    vertex 689.3228547806862 -2637.7252481733935 21.208134979789317
  endloop
endfacet
facet normal -0.4970339272156236 0.7290349869921716 0.47060095934659807
  outer loop
    vertex 699.8551251340921 -2630.544665911015 21.208134979789317
    vertex 690.2893384698546 -2638.877470326223 24.01387818874953
    vertex 700.574568436568 -2631.8653127015755 24.01387818874953
  endloop
endfacet
facet normal -0.5537593781242007 0.5404882334801441 -0.6334216767754416
  outer loop
    vertex 690.2893384698432 -2638.8774703262116 5.98612181152602
    vertex 683.176509770614 -2649.048596588272 3.5255516639591957
    vertex 681.5945638464484 -2647.785736390358 5.98612181152602
  endloop
endfacet
facet normal -0.5537593781242007 0.5404882334801441 -0.6334216767754416
  outer loop
    vertex 683.176509770614 -2649.048596588272 3.5255516639591957
    vertex 690.2893384698432 -2638.8774703262116 5.98612181152602
    vertex 691.5901935660523 -2640.428323254484 3.5255516639591957
  endloop
endfacet
facet normal -0.8356364198199182 0.5404995697379958 -0.0978365421690219
  outer loop
    vertex 672.3944174328385 -2656.9847944851304 15.000000000140199
    vertex 679.6955479748075 -2646.2697607031578 11.835339526862827
    vertex 672.6725270082887 -2657.127664067681 11.835339526862827
  endloop
endfacet
facet normal -0.8356364198199182 0.5404995697379958 -0.0978365421690219
  outer loop
    vertex 679.6955479748075 -2646.2697607031578 11.835339526862827
    vertex 672.3944174328385 -2656.9847944851304 15.000000000140199
    vertex 679.4511980162602 -2646.074697248524 15.000000000140199
  endloop
endfacet
facet normal -0.7121967769093188 0.6951285938414825 0.09783654217081364
  outer loop
    vertex 688.7277525542577 -2637.0157794299726 18.164660473417015
    vertex 679.4511980162602 -2646.074697248524 15.000000000140199
    vertex 679.695547974812 -2646.269760703161 18.164660473417015
  endloop
endfacet
facet normal -0.7121967769093188 0.6951285938414825 0.09783654217081364
  outer loop
    vertex 679.4511980162602 -2646.074697248524 15.000000000140199
    vertex 688.7277525542577 -2637.0157794299726 18.164660473417015
    vertex 688.5268203453973 -2636.7762321464947 15.000000000140199
  endloop
endfacet
facet normal -0.18391059899591827 0.43590570205395024 -0.8810011977822819
  outer loop
    vertex 713.1117178726229 -2631.426226450342 1.5043784526697612
    vertex 704.069882907868 -2638.2814900745893 2.471757021282883e-10
    vertex 702.7230844361076 -2635.8092381637885 1.5043784526672175
  endloop
endfacet
facet normal -0.18391059899591827 0.43590570205395024 -0.8810011977822819
  outer loop
    vertex 704.069882907868 -2638.2814900745893 2.471757021282883e-10
    vertex 713.1117178726229 -2631.426226450342 1.5043784526697612
    vertex 714.2006697799567 -2634.0072649998333 2.4965727263293045e-10
  endloop
endfacet
facet normal -0.39725716005849776 0.2569506534112898 -0.8810011977822554
  outer loop
    vertex 685.1045003378679 -2650.5877026424946 1.5043784526672175
    vertex 681.3329733822766 -2661.5766815319253 2.471757021282883e-10
    vertex 678.8287852465444 -2660.29023782354 1.5043784526672175
  endloop
endfacet
facet normal -0.39725716005849776 0.2569506534112898 -0.8810011977822554
  outer loop
    vertex 681.3329733822766 -2661.5766815319253 2.471757021282883e-10
    vertex 685.1045003378679 -2650.5877026424946 1.5043784526672175
    vertex 687.3047060163996 -2652.3441167753654 2.471757021282883e-10
  endloop
endfacet
facet normal -0.3007969825918186 0.7129503170999554 0.633421676776798
  outer loop
    vertex 701.5429153387986 -2633.6428596245623 26.47444833631278
    vertex 711.3745384469715 -2627.3087562160913 24.013878188752177
    vertex 700.574568436568 -2631.8653127015755 24.01387818874953
  endloop
endfacet
facet normal -0.3007969825918186 0.7129503170999554 0.633421676776798
  outer loop
    vertex 711.3745384469715 -2627.3087562160913 24.013878188752177
    vertex 701.5429153387986 -2633.6428596245623 26.47444833631278
    vertex 712.1574938989231 -2629.1645206354515 26.47444833631538
  endloop
endfacet
facet normal -0.6849279936986528 0.6685133218497793 -0.28976470102017576
  outer loop
    vertex 679.6955479748075 -2646.2697607031578 11.835339526862827
    vertex 689.3228547806797 -2637.725248173385 8.791865020488892
    vertex 680.4192408321461 -2646.8474814021297 8.791865020488892
  endloop
endfacet
facet normal -0.6849279936986528 0.6685133218497793 -0.28976470102017576
  outer loop
    vertex 689.3228547806797 -2637.725248173385 8.791865020488892
    vertex 679.6955479748075 -2646.2697607031578 11.835339526862827
    vertex 688.7277525542531 -2637.0157794299685 11.835339526862827
  endloop
endfacet
facet normal -0.5391422998333824 0.7907983299003774 -0.28976470101988827
  outer loop
    vertex 688.7277525542531 -2637.0157794299685 11.835339526862827
    vertex 699.8551251340862 -2630.544665911004 8.791865020488892
    vertex 689.3228547806797 -2637.725248173385 8.791865020488892
  endloop
endfacet
facet normal -0.5391422998333824 0.7907983299003774 -0.28976470101988827
  outer loop
    vertex 699.8551251340862 -2630.544665911004 8.791865020488892
    vertex 688.7277525542531 -2637.0157794299685 11.835339526862827
    vertex 699.4121354428078 -2629.7314914578874 11.835339526862827
  endloop
endfacet
facet normal -0.8036413461072073 0.5198047757279987 -0.2897647010202603
  outer loop
    vertex 672.6725270082887 -2657.127664067681 11.835339526862827
    vertex 680.4192408321461 -2646.8474814021297 8.791865020488892
    vertex 673.4962059420096 -2657.5508018371224 8.791865020488892
  endloop
endfacet
facet normal -0.8036413461072073 0.5198047757279987 -0.2897647010202603
  outer loop
    vertex 680.4192408321461 -2646.8474814021297 8.791865020488892
    vertex 672.6725270082887 -2657.127664067681 11.835339526862827
    vertex 679.6955479748075 -2646.2697607031578 11.835339526862827
  endloop
endfacet
facet normal -0.6314333909122078 0.6163007463107273 0.4706009593466119
  outer loop
    vertex 690.2893384698546 -2638.877470326223 24.01387818874953
    vertex 680.4192408321546 -2646.847481402137 21.208134979789317
    vertex 681.5945638464601 -2647.7857363903677 24.01387818874953
  endloop
endfacet
facet normal -0.6314333909122078 0.6163007463107273 0.4706009593466119
  outer loop
    vertex 680.4192408321546 -2646.847481402137 21.208134979789317
    vertex 690.2893384698546 -2638.877470326223 24.01387818874953
    vertex 689.3228547806862 -2637.7252481733935 21.208134979789317
  endloop
endfacet
facet normal -0.38685871511896186 0.9169342100459583 0.09783654217060296
  outer loop
    vertex 699.412135442809 -2629.7314914578924 18.164660473417015
    vertex 710.3137183919738 -2624.7943959054223 15.000000000142906
    vertex 699.2625629942147 -2629.456928648685 15.000000000140199
  endloop
endfacet
facet normal -0.38685871511896186 0.9169342100459583 0.09783654217060296
  outer loop
    vertex 710.3137183919738 -2624.7943959054223 15.000000000142906
    vertex 699.412135442809 -2629.7314914578924 18.164660473417015
    vertex 710.4346549735018 -2625.081040317234 18.164660473419712
  endloop
endfacet
facet normal -0.35805815033281785 0.5251893375421418 -0.7719912698420156
  outer loop
    vertex 701.5429153387925 -2633.6428596245437 3.5255516639591957
    vertex 693.1756057577945 -2642.318419351467 1.5043784526672175
    vertex 691.5901935660523 -2640.428323254484 3.5255516639591957
  endloop
endfacet
facet normal -0.35805815033281785 0.5251893375421418 -0.7719912698420156
  outer loop
    vertex 693.1756057577945 -2642.318419351467 1.5043784526672175
    vertex 701.5429153387925 -2633.6428596245437 3.5255516639591957
    vertex 702.7230844361076 -2635.8092381637885 1.5043784526672175
  endloop
endfacet
facet normal -0.24708561081057132 0.5856433899721089 -0.7719912698420516
  outer loop
    vertex 712.1574938989207 -2629.164520635431 3.5255516639617954
    vertex 702.7230844361076 -2635.8092381637885 1.5043784526672175
    vertex 701.5429153387925 -2633.6428596245437 3.5255516639591957
  endloop
endfacet
facet normal -0.24708561081057132 0.5856433899721089 -0.7719912698420516
  outer loop
    vertex 702.7230844361076 -2635.8092381637885 1.5043784526672175
    vertex 712.1574938989207 -2629.164520635431 3.5255516639617954
    vertex 713.1117178726229 -2631.426226450342 1.5043784526697612
  endloop
endfacet
facet normal -0.49703392721601214 0.7290349869927045 -0.4706009593453622
  outer loop
    vertex 689.3228547806797 -2637.725248173385 8.791865020488892
    vertex 700.5745684365625 -2631.8653127015614 5.98612181152602
    vertex 690.2893384698432 -2638.8774703262116 5.98612181152602
  endloop
endfacet
facet normal -0.49703392721601214 0.7290349869927045 -0.4706009593453622
  outer loop
    vertex 700.5745684365625 -2631.8653127015614 5.98612181152602
    vertex 689.3228547806797 -2637.725248173385 8.791865020488892
    vertex 699.8551251340862 -2630.544665911004 8.791865020488892
  endloop
endfacet
facet normal -0.7408749312603248 0.47920671248657626 0.47060095934646906
  outer loop
    vertex 681.5945638464601 -2647.7857363903677 24.01387818874953
    vertex 673.4962059420188 -2657.550801837127 21.208134979789317
    vertex 674.8339126740744 -2658.238004361795 24.01387818874953
  endloop
endfacet
facet normal -0.7408749312603248 0.47920671248657626 0.47060095934646906
  outer loop
    vertex 673.4962059420188 -2657.550801837127 21.208134979789317
    vertex 681.5945638464601 -2647.7857363903677 24.01387818874953
    vertex 680.4192408321546 -2646.847481402137 21.208134979789317
  endloop
endfacet
facet normal -0.2665096064763228 0.3909085815916417 -0.8810011977822995
  outer loop
    vertex 702.7230844361076 -2635.8092381637885 1.5043784526672175
    vertex 694.9848640427343 -2644.475380197743 2.471757021282883e-10
    vertex 693.1756057577945 -2642.318419351467 1.5043784526672175
  endloop
endfacet
facet normal -0.2665096064763228 0.3909085815916417 -0.8810011977822995
  outer loop
    vertex 694.9848640427343 -2644.475380197743 2.471757021282883e-10
    vertex 702.7230844361076 -2635.8092381637885 1.5043784526672175
    vertex 704.069882907868 -2638.2814900745893 2.471757021282883e-10
  endloop
endfacet
facet normal -0.4358926886073658 0.6393547868030712 0.6334216767767277
  outer loop
    vertex 691.5901935660642 -2640.428323254499 26.47444833631278
    vertex 700.574568436568 -2631.8653127015755 24.01387818874953
    vertex 690.2893384698546 -2638.877470326223 24.01387818874953
  endloop
endfacet
facet normal -0.4358926886073658 0.6393547868030712 0.6334216767767277
  outer loop
    vertex 700.574568436568 -2631.8653127015755 24.01387818874953
    vertex 691.5901935660642 -2640.428323254499 26.47444833631278
    vertex 701.5429153387986 -2633.6428596245623 26.47444833631278
  endloop
endfacet
facet normal 0.0 0.0 -1.0
  outer loop
    vertex 792.2893054690584 -2667.300973965399 27.999999999913758
    vertex 785.2893054690593 -2676.300973965399 27.999999999913758
    vertex 785.2893054690585 -2667.300973965399 27.999999999913758
  endloop
endfacet
facet normal 0.0 0.0 -1.0
  outer loop
    vertex 785.2893054690593 -2676.300973965399 27.999999999913758
    vertex 792.2893054690584 -2667.300973965399 27.999999999913758
    vertex 792.2893054690584 -2676.3009739654 27.999999999913758
  endloop
endfacet
facet normal 0.0 0.0 -1.0
  outer loop
    vertex 785.2893054690585 -2658.359221300638 27.999999999913758
    vertex 721.8166193641313 -2667.300973965399 27.999999999913758
    vertex 721.8166193641313 -2658.359221300638 27.999999999913758
  endloop
endfacet
facet normal 0.0 0.0 -1.0
  outer loop
    vertex 721.8166193641313 -2667.300973965399 27.999999999913758
    vertex 785.2893054690585 -2658.359221300638 27.999999999913758
    vertex 721.8166193641313 -2676.300973965399 27.999999999913758
  endloop
endfacet
facet normal 0.0 0.0 -1.0
  outer loop
    vertex 721.8166193641313 -2676.300973965399 27.999999999913758
    vertex 785.2893054690585 -2658.359221300638 27.999999999913758
    vertex 721.8166193641313 -2684.500973965399 27.999999999913758
  endloop
endfacet
facet normal 0.0 0.0 -1.0
  outer loop
    vertex 721.8166193641313 -2684.500973965399 27.999999999913758
    vertex 785.2893054690585 -2658.359221300638 27.999999999913758
    vertex 785.2893054690585 -2667.300973965399 27.999999999913758
  endloop
endfacet
facet normal 0.0 0.0 -1.0
  outer loop
    vertex 721.8166193641313 -2684.500973965399 27.999999999913758
    vertex 785.2893054690585 -2667.300973965399 27.999999999913758
    vertex 785.2893054690593 -2684.500973965399 27.999999999913758
  endloop
endfacet
facet normal 0.0 0.0 -1.0
  outer loop
    vertex 785.2893054690593 -2684.500973965399 27.999999999913758
    vertex 785.2893054690585 -2667.300973965399 27.999999999913758
    vertex 785.2893054690593 -2676.300973965399 27.999999999913758
  endloop
endfacet
facet normal 0.0 0.0 -1.0
  outer loop
    vertex 721.8166193641313 -2667.300973965399 27.999999999913758
    vertex 714.8166193641326 -2676.3009739654 27.999999999913758
    vertex 714.8166193641326 -2667.300973965399 27.999999999913758
  endloop
endfacet
facet normal 0.0 0.0 -1.0
  outer loop
    vertex 714.8166193641326 -2676.3009739654 27.999999999913758
    vertex 721.8166193641313 -2667.300973965399 27.999999999913758
    vertex 721.8166193641313 -2676.300973965399 27.999999999913758
  endloop
endfacet
facet normal -0.3429887893506103 0.8129535210834051 0.47060095934655344
  outer loop
    vertex 700.574568436568 -2631.8653127015755 24.01387818874953
    vertex 710.7928336315316 -2625.929996931162 21.208134979791996
    vertex 699.8551251340921 -2630.544665911015 21.208134979789317
  endloop
endfacet
facet normal -0.3429887893506103 0.8129535210834051 0.47060095934655344
  outer loop
    vertex 710.7928336315316 -2625.929996931162 21.208134979791996
    vertex 700.574568436568 -2631.8653127015755 24.01387818874953
    vertex 711.3745384469715 -2627.3087562160913 24.013878188752177
  endloop
endfacet
facet normal 0.921354410137659 0.3887236176512649 -4.2001146677313823e-13
  outer loop
    vertex 714.2006697799567 -2634.0072649998333 2.4965727263293045e-10
    vertex 713.1117178726279 -2631.426226450367 28.495621547602948
    vertex 714.2006697800128 -2634.007264999837 30.000000000017966
  endloop
endfacet
facet normal 0.921354410137659 0.3887236176512649 -4.2001146677313823e-13
  outer loop
    vertex 713.1117178726279 -2631.426226450367 28.495621547602948
    vertex 714.2006697799567 -2634.0072649998333 2.4965727263293045e-10
    vertex 713.1117178726229 -2631.426226450342 1.5043784526697612
  endloop
endfacet
facet normal 0.921354410137659 0.3887236176512649 -4.2001146677313823e-13
  outer loop
    vertex 713.1117178726279 -2631.426226450367 28.495621547602948
    vertex 713.1117178726229 -2631.426226450342 1.5043784526697612
    vertex 712.1574938989231 -2629.1645206354515 26.47444833631538
  endloop
endfacet
facet normal 0.921354410137659 0.3887236176512649 -4.2001146677313823e-13
  outer loop
    vertex 712.1574938989231 -2629.1645206354515 26.47444833631538
    vertex 713.1117178726229 -2631.426226450342 1.5043784526697612
    vertex 712.1574938989207 -2629.164520635431 3.5255516639617954
  endloop
endfacet
facet normal 0.921354410137659 0.3887236176512649 -4.2001146677313823e-13
  outer loop
    vertex 712.1574938989231 -2629.1645206354515 26.47444833631538
    vertex 712.1574938989207 -2629.164520635431 3.5255516639617954
    vertex 711.3745384469715 -2627.3087562160913 24.013878188752177
  endloop
endfacet
facet normal 0.921354410137659 0.3887236176512649 -4.2001146677313823e-13
  outer loop
    vertex 711.3745384469715 -2627.3087562160913 24.013878188752177
    vertex 712.1574938989207 -2629.164520635431 3.5255516639617954
    vertex 711.374538446969 -2627.308756216076 5.986121811528665
  endloop
endfacet
facet normal 0.921354410137659 0.3887236176512649 -4.2001146677313823e-13
  outer loop
    vertex 711.3745384469715 -2627.3087562160913 24.013878188752177
    vertex 711.374538446969 -2627.308756216076 5.986121811528665
    vertex 710.7928336315316 -2625.929996931162 21.208134979791996
  endloop
endfacet
facet normal 0.921354410137659 0.3887236176512649 -4.2001146677313823e-13
  outer loop
    vertex 710.7928336315316 -2625.929996931162 21.208134979791996
    vertex 711.374538446969 -2627.308756216076 5.986121811528665
    vertex 710.7928336315294 -2625.92999693115 8.79186502049157
  endloop
endfacet
facet normal 0.921354410137659 0.3887236176512649 -4.2001146677313823e-13
  outer loop
    vertex 710.7928336315316 -2625.929996931162 21.208134979791996
    vertex 710.7928336315294 -2625.92999693115 8.79186502049157
    vertex 710.4346549735018 -2625.081040317234 18.164660473419712
  endloop
endfacet
facet normal 0.921354410137659 0.3887236176512649 -4.2001146677313823e-13
  outer loop
    vertex 710.4346549735018 -2625.081040317234 18.164660473419712
    vertex 710.7928336315294 -2625.92999693115 8.79186502049157
    vertex 710.4346549735018 -2625.0810403172286 11.835339526865525
  endloop
endfacet
facet normal 0.921354410137659 0.3887236176512649 -4.2001146677313823e-13
  outer loop
    vertex 710.4346549735018 -2625.081040317234 18.164660473419712
    vertex 710.4346549735018 -2625.0810403172286 11.835339526865525
    vertex 710.3137183919738 -2624.7943959054223 15.000000000142906
  endloop
endfacet
facet normal -0.30079698259200244 0.7129503171010927 -0.6334216767754305
  outer loop
    vertex 700.5745684365625 -2631.8653127015614 5.98612181152602
    vertex 712.1574938989207 -2629.164520635431 3.5255516639617954
    vertex 701.5429153387925 -2633.6428596245437 3.5255516639591957
  endloop
endfacet
facet normal -0.30079698259200244 0.7129503171010927 -0.6334216767754305
  outer loop
    vertex 712.1574938989207 -2629.164520635431 3.5255516639617954
    vertex 700.5745684365625 -2631.8653127015614 5.98612181152602
    vertex 711.374538446969 -2627.308756216076 5.986121811528665
  endloop
endfacet
facet normal -0.3228207955849347 -0.34586648210567095 -0.881001197782249
  outer loop
    vertex 688.9581625300718 -2723.3286855739916 2.471757021282883e-10
    vertex 695.2895024726068 -2733.070154002373 1.5043784526672175
    vertex 686.8421236762606 -2725.1856387783446 1.5043784526672175
  endloop
endfacet
facet normal -0.3228207955849347 -0.34586648210567095 -0.881001197782249
  outer loop
    vertex 695.2895024726068 -2733.070154002373 1.5043784526672175
    vertex 688.9581625300718 -2723.3286855739916 2.471757021282883e-10
    vertex 696.9963680408129 -2730.831291441594 2.471757021282883e-10
  endloop
endfacet
facet normal -0.38685871511897624 0.9169342100461227 -0.09783654216900703
  outer loop
    vertex 699.2625629942147 -2629.456928648685 15.000000000140199
    vertex 710.4346549735018 -2625.0810403172286 11.835339526865525
    vertex 699.4121354428078 -2629.7314914578874 11.835339526862827
  endloop
endfacet
facet normal -0.38685871511897624 0.9169342100461227 -0.09783654216900703
  outer loop
    vertex 710.4346549735018 -2625.0810403172286 11.835339526865525
    vertex 699.2625629942147 -2629.456928648685 15.000000000140199
    vertex 710.3137183919738 -2624.7943959054223 15.000000000142906
  endloop
endfacet
facet normal -0.3720465637895662 0.8818263845077638 0.2897647010219526
  outer loop
    vertex 699.8551251340921 -2630.544665911015 21.208134979789317
    vertex 710.4346549735018 -2625.081040317234 18.164660473419712
    vertex 699.412135442809 -2629.7314914578924 18.164660473417015
  endloop
endfacet
facet normal -0.3720465637895662 0.8818263845077638 0.2897647010219526
  outer loop
    vertex 710.4346549735018 -2625.081040317234 18.164660473419712
    vertex 699.8551251340921 -2630.544665911015 21.208134979789317
    vertex 710.7928336315316 -2625.929996931162 21.208134979791996
  endloop
endfacet
facet normal -0.5337187121217146 0.3452156074350122 0.7719912698433927
  outer loop
    vertex 678.8287852465652 -2660.290237823551 28.495621547600404
    vertex 683.1765097706298 -2649.048596588284 26.47444833631278
    vertex 676.6344217143566 -2659.1629562428902 26.47444833631278
  endloop
endfacet
facet normal -0.5337187121217146 0.3452156074350122 0.7719912698433927
  outer loop
    vertex 683.1765097706298 -2649.048596588284 26.47444833631278
    vertex 678.8287852465652 -2660.290237823551 28.495621547600404
    vertex 685.1045003378863 -2650.58770264251 28.495621547600404
  endloop
endfacet
facet normal -0.6497382734372245 0.42025843884456976 0.6334216767768053
  outer loop
    vertex 683.1765097706298 -2649.048596588284 26.47444833631278
    vertex 674.8339126740744 -2658.238004361795 24.01387818874953
    vertex 676.6344217143566 -2659.1629562428902 26.47444833631278
  endloop
endfacet
facet normal -0.6497382734372245 0.42025843884456976 0.6334216767768053
  outer loop
    vertex 674.8339126740744 -2658.238004361795 24.01387818874953
    vertex 683.1765097706298 -2649.048596588284 26.47444833631278
    vertex 681.5945638464601 -2647.7857363903677 24.01387818874953
  endloop
endfacet
facet normal 0.851578205265323 -0.5242275844679402 -5.431351270500913e-13
  outer loop
    vertex 701.2811297516856 -2744.845677419053 11.835339526863034
    vertex 701.2811297516889 -2744.845677419048 18.164660473417225
    vertex 701.1180362602469 -2745.110613616319 15.000000000140407
  endloop
endfacet
facet normal 0.851578205265323 -0.5242275844679402 -5.431351270500913e-13
  outer loop
    vertex 701.2811297516889 -2744.845677419048 18.164660473417225
    vertex 701.2811297516856 -2744.845677419053 11.835339526863034
    vertex 701.7641648032734 -2744.0610141649595 8.791865020489096
  endloop
endfacet
facet normal 0.851578205265323 -0.5242275844679402 -5.431351270500913e-13
  outer loop
    vertex 701.2811297516889 -2744.845677419048 18.164660473417225
    vertex 701.7641648032734 -2744.0610141649595 8.791865020489096
    vertex 701.7641648032813 -2744.06101416495 21.208134979789527
  endloop
endfacet
facet normal 0.851578205265323 -0.5242275844679402 -5.431351270500913e-13
  outer loop
    vertex 701.7641648032813 -2744.06101416495 21.208134979789527
    vertex 701.7641648032734 -2744.0610141649595 8.791865020489096
    vertex 702.5486443059971 -2742.786671366542 5.986121811526223
  endloop
endfacet
facet normal 0.851578205265323 -0.5242275844679402 -5.431351270500913e-13
  outer loop
    vertex 701.7641648032813 -2744.06101416495 21.208134979789527
    vertex 702.5486443059971 -2742.786671366542 5.986121811526223
    vertex 702.5486443060055 -2742.7866713665285 24.013878188749736
  endloop
endfacet
facet normal 0.851578205265323 -0.5242275844679402 -5.431351270500913e-13
  outer loop
    vertex 702.5486443060055 -2742.7866713665285 24.013878188749736
    vertex 702.5486443059971 -2742.786671366542 5.986121811526223
    vertex 703.6045277838342 -2741.07144808629 3.5255516639593987
  endloop
endfacet
facet normal 0.851578205265323 -0.5242275844679402 -5.431351270500913e-13
  outer loop
    vertex 702.5486443060055 -2742.7866713665285 24.013878188749736
    vertex 703.6045277838342 -2741.07144808629 3.5255516639593987
    vertex 703.6045277838429 -2741.0714480862725 26.47444833631298
  endloop
endfacet
facet normal 0.851578205265323 -0.5242275844679402 -5.431351270500913e-13
  outer loop
    vertex 703.6045277838429 -2741.0714480862725 26.47444833631298
    vertex 703.6045277838342 -2741.07144808629 3.5255516639593987
    vertex 704.8913817491245 -2738.9810262491455 1.5043784526674149
  endloop
endfacet
facet normal 0.851578205265323 -0.5242275844679402 -5.431351270500913e-13
  outer loop
    vertex 703.6045277838429 -2741.0714480862725 26.47444833631298
    vertex 704.8913817491245 -2738.9810262491455 1.5043784526674149
    vertex 704.8913817491365 -2738.9810262491255 28.495621547600603
  endloop
endfacet
facet normal 0.851578205265323 -0.5242275844679402 -5.431351270500913e-13
  outer loop
    vertex 704.8913817491365 -2738.9810262491255 28.495621547600603
    vertex 704.8913817491245 -2738.9810262491455 1.5043784526674149
    vertex 706.3599280428483 -2736.595455450859 2.473674598491016e-10
  endloop
endfacet
facet normal 0.851578205265323 -0.5242275844679402 -5.431351270500913e-13
  outer loop
    vertex 704.8913817491365 -2738.9810262491255 28.495621547600603
    vertex 706.3599280428483 -2736.595455450859 2.473674598491016e-10
    vertex 706.3599280429036 -2736.595455450863 30.000000000015667
  endloop
endfacet
facet normal -0.247085610810218 0.5856433899704211 0.7719912698434451
  outer loop
    vertex 702.7230844361167 -2635.8092381638116 28.495621547600404
    vertex 712.1574938989231 -2629.1645206354515 26.47444833631538
    vertex 701.5429153387986 -2633.6428596245623 26.47444833631278
  endloop
endfacet
facet normal -0.247085610810218 0.5856433899704211 0.7719912698434451
  outer loop
    vertex 712.1574938989231 -2629.1645206354515 26.47444833631538
    vertex 702.7230844361167 -2635.8092381638116 28.495621547600404
    vertex 713.1117178726279 -2631.426226450367 28.495621547602948
  endloop
endfacet
facet normal -0.3429887893506369 0.8129535210840477 -0.47060095934542406
  outer loop
    vertex 699.8551251340862 -2630.544665911004 8.791865020488892
    vertex 711.374538446969 -2627.308756216076 5.986121811528665
    vertex 700.5745684365625 -2631.8653127015614 5.98612181152602
  endloop
endfacet
facet normal -0.3429887893506369 0.8129535210840477 -0.47060095934542406
  outer loop
    vertex 711.374538446969 -2627.308756216076 5.986121811528665
    vertex 699.8551251340862 -2630.544665911004 8.791865020488892
    vertex 710.7928336315294 -2625.92999693115 8.79186502049157
  endloop
endfacet
endsolid BATTLE BOT 2025 V15
