solid [V2] MAKEROBOT 2026 JUNIOR
facet normal -0.3826834323650648 0.9238795325112968 -2.4766163977320204e-08
  outer loop
    vertex 381.3339794695926 -2646.667556475207 -7.248668120951216e-07
    vertex 381.69575110949 -2646.5177058359 -3.0000005290124188
    vertex 381.3339796771438 -2646.6675564696566 -3.000000554318362
  endloop
endfacet
facet normal -0.3826834323650648 0.9238795325112968 -2.4766163977320204e-08
  outer loop
    vertex 381.69575110949 -2646.5177058359 -3.0000005290124188
    vertex 381.3339794695926 -2646.667556475207 -7.248668120951216e-07
    vertex 381.6957509019388 -2646.51770584145 -6.995608690914634e-07
  endloop
endfacet
facet normal 0.6087614290089005 -0.7933533402910963 4.0648575505948035e-08
  outer loop
    vertex 380.19575110949 -2643.9196296245464 -3.00000062798122
    vertex 379.88509073015894 -2644.1580075639936 -8.204633330140392e-07
    vertex 379.8850909377102 -2644.1580075584434 -3.0000006499148824
  endloop
endfacet
facet normal 0.6087614290089005 -0.7933533402910963 4.0648575505948035e-08
  outer loop
    vertex 379.88509073015894 -2644.1580075639936 -8.204633330140392e-07
    vertex 380.19575110949 -2643.9196296245464 -3.00000062798122
    vertex 380.19575090193877 -2643.9196296300966 -7.985296701288931e-07
  endloop
endfacet
facet normal -0.6087614290089005 0.7933533402910963 -4.0648575505948035e-08
  outer loop
    vertex 381.6957509019388 -2646.51770584145 -6.995608690914634e-07
    vertex 382.00641128126983 -2646.279327902003 -3.000000507078756
    vertex 381.69575110949 -2646.5177058359 -3.0000005290124188
  endloop
endfacet
facet normal -0.6087614290089005 0.7933533402910963 -4.0648575505948035e-08
  outer loop
    vertex 382.00641128126983 -2646.279327902003 -3.000000507078756
    vertex 381.6957509019388 -2646.51770584145 -6.995608690914634e-07
    vertex 382.00641107371865 -2646.279327907553 -6.776272062063172e-07
  endloop
endfacet
facet normal -0.9914448613738063 0.13052619222006534 -6.835036624310291e-08
  outer loop
    vertex 382.4457509019388 -2645.2186677357736 -6.452696683345542e-07
    vertex 382.3946398489236 -2645.606896297877 -3.0000004789755623
    vertex 382.3946396413724 -2645.606896303427 -6.495240127315722e-07
  endloop
endfacet
facet normal -0.9914448613738063 0.13052619222006534 -6.835036624310291e-08
  outer loop
    vertex 382.3946398489236 -2645.606896297877 -3.0000004789755623
    vertex 382.4457509019388 -2645.2186677357736 -6.452696683345542e-07
    vertex 382.44575110949 -2645.218667730223 -3.000000474721218
  endloop
endfacet
facet normal 0.3826834323650648 -0.9238795325112968 2.4766163977320204e-08
  outer loop
    vertex 380.5575225418362 -2643.7697789907893 -3.000000602675277
    vertex 380.19575090193877 -2643.9196296300966 -7.985296701288931e-07
    vertex 380.19575110949 -2643.9196296245464 -3.00000062798122
  endloop
endfacet
facet normal 0.3826834323650648 -0.9238795325112968 2.4766163977320204e-08
  outer loop
    vertex 380.19575090193877 -2643.9196296300966 -7.985296701288931e-07
    vertex 380.5575225418362 -2643.7697789907893 -3.000000602675277
    vertex 380.557522334285 -2643.76977899634 -7.732237271252351e-07
  endloop
endfacet
facet normal -0.7933533402910463 -0.6087614290089643 -5.6013439428216776e-08
  outer loop
    vertex 382.00641107371865 -2644.1580075639936 -6.73702470246629e-07
    vertex 382.2447892151667 -2644.468667730223 -3.0000004872369086
    vertex 382.24478900761545 -2644.468667735773 -6.577853589067517e-07
  endloop
endfacet
facet normal -0.7933533402910463 -0.6087614290089643 -5.6013439428216776e-08
  outer loop
    vertex 382.2447892151667 -2644.468667730223 -3.0000004872369086
    vertex 382.00641107371865 -2644.1580075639936 -6.73702470246629e-07
    vertex 382.00641128126983 -2644.1580075584434 -3.0000005031540202
  endloop
endfacet
facet normal -0.9238795325113278 0.3826834323649859 -6.320941872990761e-08
  outer loop
    vertex 382.3946396413724 -2645.606896303427 -6.495240127315722e-07
    vertex 382.2447892151667 -2645.9686677302234 -3.000000490012116
    vertex 382.24478900761545 -2645.9686677357736 -6.60560566318214e-07
  endloop
endfacet
facet normal -0.9238795325113278 0.3826834323649859 -6.320941872990761e-08
  outer loop
    vertex 382.2447892151667 -2645.9686677302234 -3.000000490012116
    vertex 382.3946396413724 -2645.606896303427 -6.495240127315722e-07
    vertex 382.3946398489236 -2645.606896297877 -3.0000004789755623
  endloop
endfacet
facet normal 0.13052619221986772 -0.9914448613738347 7.195979301662425e-09
  outer loop
    vertex 380.94575110949 -2643.718667730223 -3.000000575721612
    vertex 380.557522334285 -2643.76977899634 -7.732237271252351e-07
    vertex 380.5575225418362 -2643.7697789907893 -3.000000602675277
  endloop
endfacet
facet normal 0.13052619221986772 -0.9914448613738347 7.195979301662425e-09
  outer loop
    vertex 380.557522334285 -2643.76977899634 -7.732237271252351e-07
    vertex 380.94575110949 -2643.718667730223 -3.000000575721612
    vertex 380.9457509019388 -2643.7186677357736 -7.462700621987159e-07
  endloop
endfacet
facet normal 0.9238795325113278 0.38268343236498564 6.46254532602317e-08
  outer loop
    vertex 379.6467130038133 -2645.9686677302234 -3.00000066975673
    vertex 379.4968621625052 -2645.606896303427 -8.500030795531765e-07
    vertex 379.64671279626214 -2645.9686677357736 -8.403051803136046e-07
  endloop
endfacet
facet normal 0.9238795325113278 0.38268343236498564 6.46254532602317e-08
  outer loop
    vertex 379.4968621625052 -2645.606896303427 -8.500030795531765e-07
    vertex 379.6467130038133 -2645.9686677302234 -3.00000066975673
    vertex 379.4968623700564 -2645.606896297877 -3.0000006794546294
  endloop
endfacet
facet normal 0.7933533402910463 0.6087614290089643 5.6013439428216776e-08
  outer loop
    vertex 379.8850909377102 -2646.279327902003 -3.0000006538396184
    vertex 379.64671279626214 -2645.9686677357736 -8.403051803136046e-07
    vertex 379.88509073015894 -2646.279327907553 -8.243880689737275e-07
  endloop
endfacet
facet normal 0.7933533402910463 0.6087614290089643 5.6013439428216776e-08
  outer loop
    vertex 379.64671279626214 -2645.9686677357736 -8.403051803136046e-07
    vertex 379.8850909377102 -2646.279327902003 -3.0000006538396184
    vertex 379.6467130038133 -2645.9686677302234 -3.00000066975673
  endloop
endfacet
facet normal -0.6087614290089004 -0.7933533402910962 -4.358420226579343e-08
  outer loop
    vertex 382.00641128126983 -2644.1580075584434 -3.0000005031540202
    vertex 381.6957509019388 -2643.9196296300966 -6.94754068853269e-07
    vertex 381.69575110949 -2643.9196296245464 -3.0000005242056185
  endloop
endfacet
facet normal -0.6087614290089004 -0.7933533402910962 -4.358420226579343e-08
  outer loop
    vertex 381.6957509019388 -2643.9196296300966 -6.94754068853269e-07
    vertex 382.00641128126983 -2644.1580075584434 -3.0000005031540202
    vertex 382.00641107371865 -2644.1580075639936 -6.73702470246629e-07
  endloop
endfacet
facet normal -0.13052619221986747 -0.9914448613738347 -1.086459947144997e-08
  outer loop
    vertex 381.3339796771438 -2643.7697789907893 -3.0000005489570727
    vertex 380.9457509019388 -2643.7186677357736 -7.462700621987159e-07
    vertex 380.94575110949 -2643.718667730223 -3.000000575721612
  endloop
endfacet
facet normal -0.13052619221986747 -0.9914448613738347 -1.086459947144997e-08
  outer loop
    vertex 380.9457509019388 -2643.7186677357736 -7.462700621987159e-07
    vertex 381.3339796771438 -2643.7697789907893 -3.0000005489570727
    vertex 381.3339794695926 -2643.76977899634 -7.19505523071041e-07
  endloop
endfacet
facet normal 0.9914448613738063 -0.13052619222006534 6.835036624310291e-08
  outer loop
    vertex 379.44575110949 -2645.218667730223 -3.0000006822724203
    vertex 379.4968621625052 -2644.8304391681195 -8.485665264887842e-07
    vertex 379.44575090193877 -2645.2186677357736 -8.528208708858023e-07
  endloop
endfacet
facet normal 0.9914448613738063 -0.13052619222006534 6.835036624310291e-08
  outer loop
    vertex 379.4968621625052 -2644.8304391681195 -8.485665264887842e-07
    vertex 379.44575110949 -2645.218667730223 -3.0000006822724203
    vertex 379.4968623700564 -2644.8304391625693 -3.0000006780180763
  endloop
endfacet
facet normal -0.13052619221986772 0.9914448613738347 -7.195979301662425e-09
  outer loop
    vertex 380.9457509019388 -2646.7186677357736 -7.518204770216405e-07
    vertex 381.3339796771438 -2646.6675564696566 -3.000000554318362
    vertex 380.94575110949 -2646.718667730223 -3.000000581272027
  endloop
endfacet
facet normal -0.13052619221986772 0.9914448613738347 -7.195979301662425e-09
  outer loop
    vertex 381.3339796771438 -2646.6675564696566 -3.000000554318362
    vertex 380.9457509019388 -2646.7186677357736 -7.518204770216405e-07
    vertex 381.3339794695926 -2646.667556475207 -7.248668120951216e-07
  endloop
endfacet
facet normal -0.7933533402910463 0.6087614290089645 -5.3760853788752875e-08
  outer loop
    vertex 382.24478900761545 -2645.9686677357736 -6.60560566318214e-07
    vertex 382.00641128126983 -2646.279327902003 -3.000000507078756
    vertex 382.00641107371865 -2646.279327907553 -6.776272062063172e-07
  endloop
endfacet
facet normal -0.7933533402910463 0.6087614290089645 -5.3760853788752875e-08
  outer loop
    vertex 382.00641128126983 -2646.279327902003 -3.000000507078756
    vertex 382.24478900761545 -2645.9686677357736 -6.60560566318214e-07
    vertex 382.2447892151667 -2645.9686677302234 -3.000000490012116
  endloop
endfacet
facet normal -0.9238795325113278 -0.38268343236498564 -6.46254532602317e-08
  outer loop
    vertex 382.24478900761545 -2644.468667735773 -6.577853589067517e-07
    vertex 382.3946398489236 -2644.8304391625693 -3.0000004775390092
    vertex 382.3946396413724 -2644.8304391681195 -6.4808745966718e-07
  endloop
endfacet
facet normal -0.9238795325113278 -0.38268343236498564 -6.46254532602317e-08
  outer loop
    vertex 382.3946398489236 -2644.8304391625693 -3.0000004775390092
    vertex 382.24478900761545 -2644.468667735773 -6.577853589067517e-07
    vertex 382.2447892151667 -2644.468667730223 -3.0000004872369086
  endloop
endfacet
facet normal -0.9914448613738063 -0.1305261922200651 -6.883334925115497e-08
  outer loop
    vertex 382.3946396413724 -2644.8304391681195 -6.4808745966718e-07
    vertex 382.44575110949 -2645.218667730223 -3.000000474721218
    vertex 382.4457509019388 -2645.2186677357736 -6.452696683345542e-07
  endloop
endfacet
facet normal -0.9914448613738063 -0.1305261922200651 -6.883334925115497e-08
  outer loop
    vertex 382.44575110949 -2645.218667730223 -3.000000474721218
    vertex 382.3946396413724 -2644.8304391681195 -6.4808745966718e-07
    vertex 382.3946398489236 -2644.8304391625693 -3.0000004775390092
  endloop
endfacet
facet normal 0.13052619221986747 0.9914448613738347 1.086459947144997e-08
  outer loop
    vertex 380.557522334285 -2646.667556475207 -7.785850161493155e-07
    vertex 380.94575110949 -2646.718667730223 -3.000000581272027
    vertex 380.5575225418362 -2646.6675564696566 -3.000000608036566
  endloop
endfacet
facet normal 0.13052619221986747 0.9914448613738347 1.086459947144997e-08
  outer loop
    vertex 380.94575110949 -2646.718667730223 -3.000000581272027
    vertex 380.557522334285 -2646.667556475207 -7.785850161493155e-07
    vertex 380.9457509019388 -2646.7186677357736 -7.518204770216405e-07
  endloop
endfacet
facet normal -0.3826834323650645 -0.9238795325112967 -2.8184773745218165e-08
  outer loop
    vertex 381.69575110949 -2643.9196296245464 -3.0000005242056185
    vertex 381.3339794695926 -2643.76977899634 -7.19505523071041e-07
    vertex 381.3339796771438 -2643.7697789907893 -3.0000005489570727
  endloop
endfacet
facet normal -0.3826834323650645 -0.9238795325112967 -2.8184773745218165e-08
  outer loop
    vertex 381.3339794695926 -2643.76977899634 -7.19505523071041e-07
    vertex 381.69575110949 -2643.9196296245464 -3.0000005242056185
    vertex 381.6957509019388 -2643.9196296300966 -6.94754068853269e-07
  endloop
endfacet
facet normal 0.7933533402910463 -0.6087614290089645 5.3760853788752875e-08
  outer loop
    vertex 379.6467130038133 -2644.468667730223 -3.000000666981523
    vertex 379.88509073015894 -2644.1580075639936 -8.204633330140392e-07
    vertex 379.64671279626214 -2644.468667735773 -8.375299729021424e-07
  endloop
endfacet
facet normal 0.7933533402910463 -0.6087614290089645 5.3760853788752875e-08
  outer loop
    vertex 379.88509073015894 -2644.1580075639936 -8.204633330140392e-07
    vertex 379.6467130038133 -2644.468667730223 -3.000000666981523
    vertex 379.8850909377102 -2644.1580075584434 -3.0000006499148824
  endloop
endfacet
facet normal 0.9238795325113278 -0.3826834323649859 6.320941872990761e-08
  outer loop
    vertex 379.4968623700564 -2644.8304391625693 -3.0000006780180763
    vertex 379.64671279626214 -2644.468667735773 -8.375299729021424e-07
    vertex 379.4968621625052 -2644.8304391681195 -8.485665264887842e-07
  endloop
endfacet
facet normal 0.9238795325113278 -0.3826834323649859 6.320941872990761e-08
  outer loop
    vertex 379.64671279626214 -2644.468667735773 -8.375299729021424e-07
    vertex 379.4968623700564 -2644.8304391625693 -3.0000006780180763
    vertex 379.6467130038133 -2644.468667730223 -3.000000666981523
  endloop
endfacet
facet normal 0.9914448613738063 0.1305261922200651 6.883334925115497e-08
  outer loop
    vertex 379.4968623700564 -2645.606896297877 -3.0000006794546294
    vertex 379.44575090193877 -2645.2186677357736 -8.528208708858023e-07
    vertex 379.4968621625052 -2645.606896303427 -8.500030795531765e-07
  endloop
endfacet
facet normal 0.9914448613738063 0.1305261922200651 6.883334925115497e-08
  outer loop
    vertex 379.44575090193877 -2645.2186677357736 -8.528208708858023e-07
    vertex 379.4968623700564 -2645.606896297877 -3.0000006794546294
    vertex 379.44575110949 -2645.218667730223 -3.0000006822724203
  endloop
endfacet
facet normal 1.0 -1.7961966308071752e-09 1.2016955975355646e-08
  outer loop
    vertex 400.94575110948995 -2702.218667800283 -2.9999990893642527
    vertex 400.945751636853 -2697.9686677674845 6.700963458717524
    vertex 400.9457510056414 -2702.218667798051 9.50000156439422
  endloop
endfacet
facet normal 1.0 -1.7961966308071752e-09 1.2016955975355646e-08
  outer loop
    vertex 400.945751636853 -2697.9686677674845 6.700963458717524
    vertex 400.94575110948995 -2702.218667800283 -2.9999990893642527
    vertex 400.9457516357635 -2697.6068963351386 6.551112824960577
  endloop
endfacet
facet normal 1.0 -1.7961966308071752e-09 1.2016955975355646e-08
  outer loop
    vertex 400.9457516357635 -2697.6068963351386 6.551112824960577
    vertex 400.94575110948995 -2702.218667800283 -2.9999990893642527
    vertex 400.94575097270433 -2673.4186674984203 0.9999993080633537
  endloop
endfacet
facet normal 1.0 -1.7961966308071752e-09 1.2016955975355646e-08
  outer loop
    vertex 400.94575097270433 -2673.4186674984203 0.9999993080633537
    vertex 400.94575110948995 -2702.218667800283 -2.9999990893642527
    vertex 400.94575110948995 -2628.2186678002818 -2.9999990893642527
  endloop
endfacet
facet normal 1.0 -1.7961966308071752e-09 1.2016955975355646e-08
  outer loop
    vertex 400.9457510056414 -2702.218667798051 9.50000156439422
    vertex 400.945751636853 -2697.9686677674845 6.700963458717524
    vertex 400.9457516365157 -2698.2793279392645 6.939341392614365
  endloop
endfacet
facet normal 1.0 -1.7961966308071752e-09 1.2016955975355646e-08
  outer loop
    vertex 400.9457510056414 -2702.218667798051 9.50000156439422
    vertex 400.9457516365157 -2698.2793279392645 6.939341392614365
    vertex 400.94575163477464 -2698.5177058731615 7.250001564394189
  endloop
endfacet
facet normal 1.0 -1.7961966308071752e-09 1.2016955975355646e-08
  outer loop
    vertex 400.9457510056414 -2702.218667798051 9.50000156439422
    vertex 400.94575163477464 -2698.5177058731615 7.250001564394189
    vertex 400.9457516317484 -2698.667556506918 7.611772996740413
  endloop
endfacet
facet normal 1.0 -1.7961966308071752e-09 1.2016955975355646e-08
  outer loop
    vertex 400.9457510056414 -2702.218667798051 9.50000156439422
    vertex 400.9457516317484 -2698.667556506918 7.611772996740413
    vertex 400.9457516276431 -2698.7186677674845 8.0000015643942
  endloop
endfacet
facet normal 1.0 -1.7961966308071752e-09 1.2016955975355646e-08
  outer loop
    vertex 400.9457516357635 -2697.6068963351386 6.551112824960577
    vertex 400.94575097270433 -2673.4186674984203 0.9999993080633537
    vertex 400.9457516333213 -2697.2186677674845 6.5000015643941795
  endloop
endfacet
facet normal 1.0 -1.7961966308071752e-09 1.2016955975355646e-08
  outer loop
    vertex 400.9457516333213 -2697.2186677674845 6.5000015643941795
    vertex 400.94575097270433 -2673.4186674984203 0.9999993080633537
    vertex 400.9457516296931 -2696.830439199831 6.551112824960577
  endloop
endfacet
facet normal 1.0 -1.7961966308071752e-09 1.2016955975355646e-08
  outer loop
    vertex 400.9457516296931 -2696.830439199831 6.551112824960577
    vertex 400.94575097270433 -2673.4186674984203 0.9999993080633537
    vertex 400.9457516251259 -2696.4686677674845 6.700963458717524
  endloop
endfacet
facet normal 1.0 -1.7961966308071752e-09 1.2016955975355646e-08
  outer loop
    vertex 400.9457516251259 -2696.4686677674845 6.700963458717524
    vertex 400.94575097270433 -2673.4186674984203 0.9999993080633537
    vertex 400.9457516199312 -2696.158007595705 6.939341392614365
  endloop
endfacet
facet normal 1.0 -1.7961966308071752e-09 1.2016955975355646e-08
  outer loop
    vertex 400.9457516199312 -2696.158007595705 6.939341392614365
    vertex 400.94575097270433 -2673.4186674984203 0.9999993080633537
    vertex 400.9457516144628 -2695.919629661808 7.250001564394189
  endloop
endfacet
facet normal 1.0 -1.7961966308071752e-09 1.2016955975355646e-08
  outer loop
    vertex 400.9457516144628 -2695.919629661808 7.250001564394189
    vertex 400.94575097270433 -2673.4186674984203 0.9999993080633537
    vertex 400.94575160909335 -2695.769779028051 7.611772996740413
  endloop
endfacet
facet normal 1.0 -1.7961966308071752e-09 1.2016955975355646e-08
  outer loop
    vertex 400.94575160909335 -2695.769779028051 7.611772996740413
    vertex 400.94575097270433 -2673.4186674984203 0.9999993080633537
    vertex 400.94575160418896 -2695.7186677674845 8.0000015643942
  endloop
endfacet
facet normal 1.0 -1.7961966308071752e-09 1.2016955975355646e-08
  outer loop
    vertex 400.94575160418896 -2695.7186677674845 8.0000015643942
    vertex 400.94575097270433 -2673.4186674984203 0.9999993080633537
    vertex 400.9457508994311 -2675.8186677381836 13.000001564394198
  endloop
endfacet
facet normal 1.0 -1.7961966308071752e-09 1.2016955975355646e-08
  outer loop
    vertex 400.94575097270433 -2673.4186674984203 0.9999993080633537
    vertex 400.94575110948995 -2628.2186678002818 -2.9999990893642527
    vertex 400.9457509717396 -2657.0186678092887 0.9999993115505686
  endloop
endfacet
facet normal 1.0 -1.7961966308071752e-09 1.2016955975355646e-08
  outer loop
    vertex 400.9457509717396 -2657.0186678092887 0.9999993115505686
    vertex 400.94575110948995 -2628.2186678002818 -2.9999990893642527
    vertex 400.9457508626001 -2654.6186675594568 13.000001564394198
  endloop
endfacet
facet normal 1.0 -1.7961966308071752e-09 1.2016955975355646e-08
  outer loop
    vertex 400.9457508626001 -2654.6186675594568 13.000001564394198
    vertex 400.94575110948995 -2628.2186678002818 -2.9999990893642527
    vertex 400.9457507341831 -2634.5177060253695 7.250001564394189
  endloop
endfacet
facet normal 1.0 -1.7961966308071752e-09 1.2016955975355646e-08
  outer loop
    vertex 400.9457508626001 -2654.6186675594568 13.000001564394198
    vertex 400.9457507341831 -2634.5177060253695 7.250001564394189
    vertex 400.94575073115686 -2634.6675566591266 7.611772996740413
  endloop
endfacet
facet normal 1.0 -1.7961966308071752e-09 1.2016955975355646e-08
  outer loop
    vertex 400.9457508626001 -2654.6186675594568 13.000001564394198
    vertex 400.94575073115686 -2634.6675566591266 7.611772996740413
    vertex 400.94575072705163 -2634.718667919693 8.0000015643942
  endloop
endfacet
facet normal 1.0 -1.7961966308071752e-09 1.2016955975355646e-08
  outer loop
    vertex 400.9457507341831 -2634.5177060253695 7.250001564394189
    vertex 400.94575110948995 -2628.2186678002818 -2.9999990893642527
    vertex 400.94575073592415 -2634.2793280914725 6.939341392614365
  endloop
endfacet
facet normal 1.0 -1.7961966308071752e-09 1.2016955975355646e-08
  outer loop
    vertex 400.94575073592415 -2634.2793280914725 6.939341392614365
    vertex 400.94575110948995 -2628.2186678002818 -2.9999990893642527
    vertex 400.94575073626146 -2633.9686679196925 6.700963458717524
  endloop
endfacet
facet normal 1.0 -1.7961966308071752e-09 1.2016955975355646e-08
  outer loop
    vertex 400.94575073626146 -2633.9686679196925 6.700963458717524
    vertex 400.94575110948995 -2628.2186678002818 -2.9999990893642527
    vertex 400.94575073517194 -2633.6068964873466 6.551112824960577
  endloop
endfacet
facet normal 1.0 -1.7961966308071752e-09 1.2016955975355646e-08
  outer loop
    vertex 400.94575073517194 -2633.6068964873466 6.551112824960577
    vertex 400.94575110948995 -2628.2186678002818 -2.9999990893642527
    vertex 400.94575073272983 -2633.218667919693 6.5000015643941795
  endloop
endfacet
facet normal 1.0 -1.7961966308071752e-09 1.2016955975355646e-08
  outer loop
    vertex 400.94575073272983 -2633.218667919693 6.5000015643941795
    vertex 400.94575110948995 -2628.2186678002818 -2.9999990893642527
    vertex 400.9457507291016 -2632.830439352039 6.551112824960577
  endloop
endfacet
facet normal 1.0 -1.7961966308071752e-09 1.2016955975355646e-08
  outer loop
    vertex 400.9457507291016 -2632.830439352039 6.551112824960577
    vertex 400.94575110948995 -2628.2186678002818 -2.9999990893642527
    vertex 400.9457507245344 -2632.4686679196925 6.700963458717524
  endloop
endfacet
facet normal 1.0 -1.7961966308071752e-09 1.2016955975355646e-08
  outer loop
    vertex 400.9457507245344 -2632.4686679196925 6.700963458717524
    vertex 400.94575110948995 -2628.2186678002818 -2.9999990893642527
    vertex 400.9457507193396 -2632.158007747913 6.939341392614365
  endloop
endfacet
facet normal 1.0 -1.7961966308071752e-09 1.2016955975355646e-08
  outer loop
    vertex 400.9457507193396 -2632.158007747913 6.939341392614365
    vertex 400.94575110948995 -2628.2186678002818 -2.9999990893642527
    vertex 400.94575071387123 -2631.919629814016 7.250001564394189
  endloop
endfacet
facet normal 1.0 -1.7961966308071752e-09 1.2016955975355646e-08
  outer loop
    vertex 400.94575071387123 -2631.919629814016 7.250001564394189
    vertex 400.94575110948995 -2628.2186678002818 -2.9999990893642527
    vertex 400.9457507085018 -2631.7697791802593 7.611772996740413
  endloop
endfacet
facet normal 1.0 -1.7961966308071752e-09 1.2016955975355646e-08
  outer loop
    vertex 400.9457507085018 -2631.7697791802593 7.611772996740413
    vertex 400.94575110948995 -2628.2186678002818 -2.9999990893642527
    vertex 400.9457507035974 -2631.718667919693 8.0000015643942
  endloop
endfacet
facet normal 1.0 -1.7961966308071752e-09 1.2016955975355646e-08
  outer loop
    vertex 400.9457507035974 -2631.718667919693 8.0000015643942
    vertex 400.94575110948995 -2628.2186678002818 -2.9999990893642527
    vertex 400.9457511169196 -2628.218667817858 9.50000156439422
  endloop
endfacet
facet normal 1.0 -1.7961966308071752e-09 1.2016955975355646e-08
  outer loop
    vertex 400.9457508626001 -2654.6186675594568 13.000001564394198
    vertex 400.94575072214724 -2634.6675566591266 8.388230132047983
    vertex 400.94575071532455 -2633.218667919693 13.000001564394198
  endloop
endfacet
facet normal 1.0 -1.7961966308071752e-09 1.2016955975355646e-08
  outer loop
    vertex 400.94575072214724 -2634.6675566591266 8.388230132047983
    vertex 400.9457508626001 -2654.6186675594568 13.000001564394198
    vertex 400.94575072705163 -2634.718667919693 8.0000015643942
  endloop
endfacet
facet normal 1.0 -1.7961966308071752e-09 1.2016955975355646e-08
  outer loop
    vertex 400.94575071532455 -2633.218667919693 13.000001564394198
    vertex 400.94575072214724 -2634.6675566591266 8.388230132047983
    vertex 400.9457507167778 -2634.5177060253695 8.750001564394209
  endloop
endfacet
facet normal 1.0 -1.7961966308071752e-09 1.2016955975355646e-08
  outer loop
    vertex 400.94575071532455 -2633.218667919693 13.000001564394198
    vertex 400.9457507167778 -2634.5177060253695 8.750001564394209
    vertex 400.9457507113094 -2634.2793280914725 9.060661736174035
  endloop
endfacet
facet normal 1.0 -1.7961966308071752e-09 1.2016955975355646e-08
  outer loop
    vertex 400.94575071532455 -2633.218667919693 13.000001564394198
    vertex 400.9457507113094 -2634.2793280914725 9.060661736174035
    vertex 400.94575070611467 -2633.968667919693 9.299039670070876
  endloop
endfacet
facet normal 1.0 -1.7961966308071752e-09 1.2016955975355646e-08
  outer loop
    vertex 400.94575071532455 -2633.218667919693 13.000001564394198
    vertex 400.94575070611467 -2633.968667919693 9.299039670070876
    vertex 400.94575070154747 -2633.6068964873466 9.448890303827822
  endloop
endfacet
facet normal 1.0 -1.7961966308071752e-09 1.2016955975355646e-08
  outer loop
    vertex 400.94575071532455 -2633.218667919693 13.000001564394198
    vertex 400.94575070154747 -2633.6068964873466 9.448890303827822
    vertex 400.94575069791927 -2633.218667919693 9.50000156439422
  endloop
endfacet
facet normal 1.0 -1.7961966308071752e-09 1.2016955975355646e-08
  outer loop
    vertex 400.94575071532455 -2633.218667919693 13.000001564394198
    vertex 400.94575069791927 -2633.218667919693 9.50000156439422
    vertex 400.9457506954771 -2632.830439352039 9.448890303827822
  endloop
endfacet
facet normal 1.0 -1.7961966308071752e-09 1.2016955975355646e-08
  outer loop
    vertex 400.94575071532455 -2633.218667919693 13.000001564394198
    vertex 400.9457506954771 -2632.830439352039 9.448890303827822
    vertex 400.9457511169196 -2628.218667817858 9.50000156439422
  endloop
endfacet
facet normal 1.0 -1.7961966308071752e-09 1.2016955975355646e-08
  outer loop
    vertex 400.9457511169196 -2628.218667817858 9.50000156439422
    vertex 400.9457506954771 -2632.830439352039 9.448890303827822
    vertex 400.9457506943876 -2632.468667919693 9.299039670070876
  endloop
endfacet
facet normal 1.0 -1.7961966308071752e-09 1.2016955975355646e-08
  outer loop
    vertex 400.9457511169196 -2628.218667817858 9.50000156439422
    vertex 400.9457506943876 -2632.468667919693 9.299039670070876
    vertex 400.9457506947249 -2632.158007747913 9.060661736174035
  endloop
endfacet
facet normal 1.0 -1.7961966308071752e-09 1.2016955975355646e-08
  outer loop
    vertex 400.9457511169196 -2628.218667817858 9.50000156439422
    vertex 400.9457506947249 -2632.158007747913 9.060661736174035
    vertex 400.94575069646595 -2631.919629814016 8.750001564394209
  endloop
endfacet
facet normal 1.0 -1.7961966308071752e-09 1.2016955975355646e-08
  outer loop
    vertex 400.9457511169196 -2628.218667817858 9.50000156439422
    vertex 400.94575069646595 -2631.919629814016 8.750001564394209
    vertex 400.9457506994922 -2631.7697791802593 8.388230132047987
  endloop
endfacet
facet normal 1.0 -1.7961966308071752e-09 1.2016955975355646e-08
  outer loop
    vertex 400.9457511169196 -2628.218667817858 9.50000156439422
    vertex 400.9457506994922 -2631.7697791802593 8.388230132047987
    vertex 400.9457507035974 -2631.718667919693 8.0000015643942
  endloop
endfacet
facet normal 1.0 -1.7961966308071752e-09 1.2016955975355646e-08
  outer loop
    vertex 400.9457510056414 -2702.218667798051 9.50000156439422
    vertex 400.9457516227387 -2698.667556506918 8.388230132047983
    vertex 400.94575071532455 -2697.2186677674845 13.000001564394198
  endloop
endfacet
facet normal 1.0 -1.7961966308071752e-09 1.2016955975355646e-08
  outer loop
    vertex 400.9457516227387 -2698.667556506918 8.388230132047983
    vertex 400.9457510056414 -2702.218667798051 9.50000156439422
    vertex 400.9457516276431 -2698.7186677674845 8.0000015643942
  endloop
endfacet
facet normal 1.0 -1.7961966308071752e-09 1.2016955975355646e-08
  outer loop
    vertex 400.94575071532455 -2697.2186677674845 13.000001564394198
    vertex 400.9457516227387 -2698.667556506918 8.388230132047983
    vertex 400.94575161736935 -2698.5177058731615 8.750001564394209
  endloop
endfacet
facet normal 1.0 -1.7961966308071752e-09 1.2016955975355646e-08
  outer loop
    vertex 400.94575071532455 -2697.2186677674845 13.000001564394198
    vertex 400.94575161736935 -2698.5177058731615 8.750001564394209
    vertex 400.94575161190096 -2698.2793279392645 9.060661736174035
  endloop
endfacet
facet normal 1.0 -1.7961966308071752e-09 1.2016955975355646e-08
  outer loop
    vertex 400.94575071532455 -2697.2186677674845 13.000001564394198
    vertex 400.94575161190096 -2698.2793279392645 9.060661736174035
    vertex 400.94575160670615 -2697.968667767485 9.299039670070876
  endloop
endfacet
facet normal 1.0 -1.7961966308071752e-09 1.2016955975355646e-08
  outer loop
    vertex 400.94575071532455 -2697.2186677674845 13.000001564394198
    vertex 400.94575160670615 -2697.968667767485 9.299039670070876
    vertex 400.945751602139 -2697.6068963351386 9.448890303827818
  endloop
endfacet
facet normal 1.0 -1.7961966308071752e-09 1.2016955975355646e-08
  outer loop
    vertex 400.94575071532455 -2697.2186677674845 13.000001564394198
    vertex 400.945751602139 -2697.6068963351386 9.448890303827818
    vertex 400.94575159851075 -2697.2186677674845 9.50000156439422
  endloop
endfacet
facet normal 1.0 -1.7961966308071752e-09 1.2016955975355646e-08
  outer loop
    vertex 400.94575071532455 -2697.2186677674845 13.000001564394198
    vertex 400.94575159851075 -2697.2186677674845 9.50000156439422
    vertex 400.94575159606865 -2696.830439199831 9.448890303827822
  endloop
endfacet
facet normal 1.0 -1.7961966308071752e-09 1.2016955975355646e-08
  outer loop
    vertex 400.94575071532455 -2697.2186677674845 13.000001564394198
    vertex 400.94575159606865 -2696.830439199831 9.448890303827822
    vertex 400.9457508994311 -2675.8186677381836 13.000001564394198
  endloop
endfacet
facet normal 1.0 -1.7961966308071752e-09 1.2016955975355646e-08
  outer loop
    vertex 400.9457508994311 -2675.8186677381836 13.000001564394198
    vertex 400.94575159606865 -2696.830439199831 9.448890303827822
    vertex 400.9457515949791 -2696.468667767485 9.299039670070876
  endloop
endfacet
facet normal 1.0 -1.7961966308071752e-09 1.2016955975355646e-08
  outer loop
    vertex 400.9457508994311 -2675.8186677381836 13.000001564394198
    vertex 400.9457515949791 -2696.468667767485 9.299039670070876
    vertex 400.9457515953164 -2696.158007595705 9.060661736174035
  endloop
endfacet
facet normal 1.0 -1.7961966308071752e-09 1.2016955975355646e-08
  outer loop
    vertex 400.9457508994311 -2675.8186677381836 13.000001564394198
    vertex 400.9457515953164 -2696.158007595705 9.060661736174035
    vertex 400.9457515970575 -2695.919629661808 8.750001564394209
  endloop
endfacet
facet normal 1.0 -1.7961966308071752e-09 1.2016955975355646e-08
  outer loop
    vertex 400.9457508994311 -2675.8186677381836 13.000001564394198
    vertex 400.9457515970575 -2695.919629661808 8.750001564394209
    vertex 400.9457516000837 -2695.769779028051 8.388230132047987
  endloop
endfacet
facet normal 1.0 -1.7961966308071752e-09 1.2016955975355646e-08
  outer loop
    vertex 400.9457508994311 -2675.8186677381836 13.000001564394198
    vertex 400.9457516000837 -2695.769779028051 8.388230132047987
    vertex 400.94575160418896 -2695.7186677674845 8.0000015643942
  endloop
endfacet
facet normal -0.4472135924418747 0.8944271925289569 -3.350353462273729e-08
  outer loop
    vertex 377.9457510533951 -2638.2186677357727 -6.990915257255448e-07
    vertex 397.9457513453393 -2628.218667787651 -2.9999991082609716
    vertex 377.94575128924447 -2638.2186677302225 -3.000000699091516
  endloop
endfacet
facet normal -0.4472135924418747 0.8944271925289569 -3.350353462273729e-08
  outer loop
    vertex 397.9457513453393 -2628.218667787651 -2.9999991082609716
    vertex 377.9457510533951 -2638.2186677357727 -6.990915257255448e-07
    vertex 397.94575110948995 -2628.2186677932013 8.917390185853545e-07
  endloop
endfacet
facet normal -0.4472135985580306 -0.8944271894708788 -3.681316296821618e-08
  outer loop
    vertex 397.9457509302369 -2702.218667787652 -2.999999245171233
    vertex 377.94575075048255 -2692.2186677357745 -7.989990134948118e-07
    vertex 377.9457509863319 -2692.218667730224 -3.0000007989990043
  endloop
endfacet
facet normal -0.4472135985580306 -0.8944271894708788 -3.681316296821618e-08
  outer loop
    vertex 377.94575075048255 -2692.2186677357745 -7.989990134948118e-07
    vertex 397.9457509302369 -2702.218667787652 -2.999999245171233
    vertex 397.9457506943876 -2702.2186677932027 7.54828757568212e-07
  endloop
endfacet
facet normal -7.861645788966059e-08 -1.8501382213954048e-09 0.9999999999999969
  outer loop
    vertex 377.94575075048255 -2692.2186677357745 -7.989990134948118e-07
    vertex 379.44575090193877 -2685.2186677357736 -8.528208708858023e-07
    vertex 377.9457510533951 -2638.2186677357727 -6.990915257255448e-07
  endloop
endfacet
facet normal -7.861645788966059e-08 -1.8501382213954048e-09 0.9999999999999969
  outer loop
    vertex 379.44575090193877 -2685.2186677357736 -8.528208708858023e-07
    vertex 377.94575075048255 -2692.2186677357745 -7.989990134948118e-07
    vertex 379.4968621625052 -2685.606896303427 -8.500030795531765e-07
  endloop
endfacet
facet normal -7.861645788966059e-08 -1.8501382213954048e-09 0.9999999999999969
  outer loop
    vertex 379.4968621625052 -2685.606896303427 -8.500030795531765e-07
    vertex 377.94575075048255 -2692.2186677357745 -7.989990134948118e-07
    vertex 379.64671279626214 -2685.9686677357736 -8.403051803136046e-07
  endloop
endfacet
facet normal -7.861645788966059e-08 -1.8501382213954048e-09 0.9999999999999969
  outer loop
    vertex 379.64671279626214 -2685.9686677357736 -8.403051803136046e-07
    vertex 377.94575075048255 -2692.2186677357745 -7.989990134948118e-07
    vertex 379.88509073015894 -2686.279327907553 -8.243880689737275e-07
  endloop
endfacet
facet normal -7.861645788966059e-08 -1.8501382213954048e-09 0.9999999999999969
  outer loop
    vertex 379.88509073015894 -2686.279327907553 -8.243880689737275e-07
    vertex 377.94575075048255 -2692.2186677357745 -7.989990134948118e-07
    vertex 397.9457506943876 -2702.2186677932027 7.54828757568212e-07
  endloop
endfacet
facet normal -7.861645788966059e-08 -1.8501382213954048e-09 0.9999999999999969
  outer loop
    vertex 379.88509073015894 -2686.279327907553 -8.243880689737275e-07
    vertex 397.9457506943876 -2702.2186677932027 7.54828757568212e-07
    vertex 380.19575090193877 -2686.51770584145 -8.033364703670875e-07
  endloop
endfacet
facet normal -7.861645788966059e-08 -1.8501382213954048e-09 0.9999999999999969
  outer loop
    vertex 380.19575090193877 -2686.51770584145 -8.033364703670875e-07
    vertex 397.9457506943876 -2702.2186677932027 7.54828757568212e-07
    vertex 380.557522334285 -2686.667556475207 -7.785850161493155e-07
  endloop
endfacet
facet normal -7.861645788966059e-08 -1.8501382213954048e-09 0.9999999999999969
  outer loop
    vertex 380.557522334285 -2686.667556475207 -7.785850161493155e-07
    vertex 397.9457506943876 -2702.2186677932027 7.54828757568212e-07
    vertex 380.9457509019388 -2686.7186677357736 -7.518204770216405e-07
  endloop
endfacet
facet normal -7.861645788966059e-08 -1.8501382213954048e-09 0.9999999999999969
  outer loop
    vertex 380.9457509019388 -2686.7186677357736 -7.518204770216405e-07
    vertex 397.9457506943876 -2702.2186677932027 7.54828757568212e-07
    vertex 381.3339794695926 -2686.667556475207 -7.248668120951216e-07
  endloop
endfacet
facet normal -7.861645788966059e-08 -1.8501382213954048e-09 0.9999999999999969
  outer loop
    vertex 381.3339794695926 -2686.667556475207 -7.248668120951216e-07
    vertex 397.9457506943876 -2702.2186677932027 7.54828757568212e-07
    vertex 381.6957509019388 -2686.51770584145 -6.995608690914634e-07
  endloop
endfacet
facet normal -7.861645788966059e-08 -1.8501382213954048e-09 0.9999999999999969
  outer loop
    vertex 381.6957509019388 -2686.51770584145 -6.995608690914634e-07
    vertex 397.9457506943876 -2702.2186677932027 7.54828757568212e-07
    vertex 382.00641107371865 -2686.279327907553 -6.776272062063172e-07
  endloop
endfacet
facet normal -7.861645788966059e-08 -1.8501382213954048e-09 0.9999999999999969
  outer loop
    vertex 382.00641107371865 -2686.279327907553 -6.776272062063172e-07
    vertex 397.9457506943876 -2702.2186677932027 7.54828757568212e-07
    vertex 382.24478900761545 -2685.9686677357736 -6.60560566318214e-07
  endloop
endfacet
facet normal -7.861645788966059e-08 -1.8501382213954048e-09 0.9999999999999969
  outer loop
    vertex 382.24478900761545 -2685.9686677357736 -6.60560566318214e-07
    vertex 397.9457506943876 -2702.2186677932027 7.54828757568212e-07
    vertex 382.3946396413724 -2685.606896303427 -6.495240127315722e-07
  endloop
endfacet
facet normal -7.861645788966059e-08 -1.8501382213954048e-09 0.9999999999999969
  outer loop
    vertex 382.3946396413724 -2685.606896303427 -6.495240127315722e-07
    vertex 397.9457506943876 -2702.2186677932027 7.54828757568212e-07
    vertex 382.4457509019388 -2685.2186677357736 -6.452696683345542e-07
  endloop
endfacet
facet normal -7.861645788966059e-08 -1.8501382213954048e-09 0.9999999999999969
  outer loop
    vertex 382.4457509019388 -2685.2186677357736 -6.452696683345542e-07
    vertex 397.9457506943876 -2702.2186677932027 7.54828757568212e-07
    vertex 382.4457509019388 -2645.2186677357736 -6.452696683345542e-07
  endloop
endfacet
facet normal -7.861645788966059e-08 -1.8501382213954048e-09 0.9999999999999969
  outer loop
    vertex 377.9457510533951 -2638.2186677357727 -6.990915257255448e-07
    vertex 379.88509073015894 -2644.1580075639936 -8.204633330140392e-07
    vertex 397.94575110948995 -2628.2186677932013 8.917390185853545e-07
  endloop
endfacet
facet normal -7.861645788966059e-08 -1.8501382213954048e-09 0.9999999999999969
  outer loop
    vertex 379.88509073015894 -2644.1580075639936 -8.204633330140392e-07
    vertex 377.9457510533951 -2638.2186677357727 -6.990915257255448e-07
    vertex 379.64671279626214 -2644.468667735773 -8.375299729021424e-07
  endloop
endfacet
facet normal -7.861645788966059e-08 -1.8501382213954048e-09 0.9999999999999969
  outer loop
    vertex 379.64671279626214 -2644.468667735773 -8.375299729021424e-07
    vertex 377.9457510533951 -2638.2186677357727 -6.990915257255448e-07
    vertex 379.4968621625052 -2644.8304391681195 -8.485665264887842e-07
  endloop
endfacet
facet normal -7.861645788966059e-08 -1.8501382213954048e-09 0.9999999999999969
  outer loop
    vertex 379.4968621625052 -2644.8304391681195 -8.485665264887842e-07
    vertex 377.9457510533951 -2638.2186677357727 -6.990915257255448e-07
    vertex 379.44575090193877 -2645.2186677357736 -8.528208708858023e-07
  endloop
endfacet
facet normal -7.861645788966059e-08 -1.8501382213954048e-09 0.9999999999999969
  outer loop
    vertex 379.44575090193877 -2645.2186677357736 -8.528208708858023e-07
    vertex 377.9457510533951 -2638.2186677357727 -6.990915257255448e-07
    vertex 379.44575090193877 -2685.2186677357736 -8.528208708858023e-07
  endloop
endfacet
facet normal -7.861645788966059e-08 -1.8501382213954048e-09 0.9999999999999969
  outer loop
    vertex 397.94575110948995 -2628.2186677932013 8.917390185853545e-07
    vertex 379.88509073015894 -2644.1580075639936 -8.204633330140392e-07
    vertex 380.19575090193877 -2643.9196296300966 -7.985296701288931e-07
  endloop
endfacet
facet normal -7.861645788966059e-08 -1.8501382213954048e-09 0.9999999999999969
  outer loop
    vertex 397.94575110948995 -2628.2186677932013 8.917390185853545e-07
    vertex 380.19575090193877 -2643.9196296300966 -7.985296701288931e-07
    vertex 380.557522334285 -2643.76977899634 -7.732237271252351e-07
  endloop
endfacet
facet normal -7.861645788966059e-08 -1.8501382213954048e-09 0.9999999999999969
  outer loop
    vertex 397.94575110948995 -2628.2186677932013 8.917390185853545e-07
    vertex 380.557522334285 -2643.76977899634 -7.732237271252351e-07
    vertex 380.9457509019388 -2643.7186677357736 -7.462700621987159e-07
  endloop
endfacet
facet normal -7.861645788966059e-08 -1.8501382213954048e-09 0.9999999999999969
  outer loop
    vertex 397.94575110948995 -2628.2186677932013 8.917390185853545e-07
    vertex 380.9457509019388 -2643.7186677357736 -7.462700621987159e-07
    vertex 381.3339794695926 -2643.76977899634 -7.19505523071041e-07
  endloop
endfacet
facet normal -7.861645788966059e-08 -1.8501382213954048e-09 0.9999999999999969
  outer loop
    vertex 397.94575110948995 -2628.2186677932013 8.917390185853545e-07
    vertex 381.3339794695926 -2643.76977899634 -7.19505523071041e-07
    vertex 381.6957509019388 -2643.9196296300966 -6.94754068853269e-07
  endloop
endfacet
facet normal -7.861645788966059e-08 -1.8501382213954048e-09 0.9999999999999969
  outer loop
    vertex 397.94575110948995 -2628.2186677932013 8.917390185853545e-07
    vertex 381.6957509019388 -2643.9196296300966 -6.94754068853269e-07
    vertex 382.00641107371865 -2644.1580075639936 -6.73702470246629e-07
  endloop
endfacet
facet normal -7.861645788966059e-08 -1.8501382213954048e-09 0.9999999999999969
  outer loop
    vertex 397.94575110948995 -2628.2186677932013 8.917390185853545e-07
    vertex 382.00641107371865 -2644.1580075639936 -6.73702470246629e-07
    vertex 382.24478900761545 -2644.468667735773 -6.577853589067517e-07
  endloop
endfacet
facet normal -7.861645788966059e-08 -1.8501382213954048e-09 0.9999999999999969
  outer loop
    vertex 397.94575110948995 -2628.2186677932013 8.917390185853545e-07
    vertex 382.24478900761545 -2644.468667735773 -6.577853589067517e-07
    vertex 382.3946396413724 -2644.8304391681195 -6.4808745966718e-07
  endloop
endfacet
facet normal -7.861645788966059e-08 -1.8501382213954048e-09 0.9999999999999969
  outer loop
    vertex 397.94575110948995 -2628.2186677932013 8.917390185853545e-07
    vertex 382.3946396413724 -2644.8304391681195 -6.4808745966718e-07
    vertex 382.4457509019388 -2645.2186677357736 -6.452696683345542e-07
  endloop
endfacet
facet normal -7.861645788966059e-08 -1.8501382213954048e-09 0.9999999999999969
  outer loop
    vertex 397.94575110948995 -2628.2186677932013 8.917390185853545e-07
    vertex 382.4457509019388 -2645.2186677357736 -6.452696683345542e-07
    vertex 397.9457506943876 -2702.2186677932027 7.54828757568212e-07
  endloop
endfacet
facet normal -7.861645788966059e-08 -1.8501382213954048e-09 0.9999999999999969
  outer loop
    vertex 379.4968621625052 -2684.8304391681195 -8.485665264887842e-07
    vertex 379.44575090193877 -2645.2186677357736 -8.528208708858023e-07
    vertex 379.44575090193877 -2685.2186677357736 -8.528208708858023e-07
  endloop
endfacet
facet normal -7.861645788966059e-08 -1.8501382213954048e-09 0.9999999999999969
  outer loop
    vertex 379.44575090193877 -2645.2186677357736 -8.528208708858023e-07
    vertex 379.4968621625052 -2684.8304391681195 -8.485665264887842e-07
    vertex 379.4968621625052 -2645.606896303427 -8.500030795531765e-07
  endloop
endfacet
facet normal -7.861645788966059e-08 -1.8501382213954048e-09 0.9999999999999969
  outer loop
    vertex 379.4968621625052 -2645.606896303427 -8.500030795531765e-07
    vertex 379.4968621625052 -2684.8304391681195 -8.485665264887842e-07
    vertex 379.64671279626214 -2684.468667735773 -8.375299729021424e-07
  endloop
endfacet
facet normal -7.861645788966059e-08 -1.8501382213954048e-09 0.9999999999999969
  outer loop
    vertex 379.4968621625052 -2645.606896303427 -8.500030795531765e-07
    vertex 379.64671279626214 -2684.468667735773 -8.375299729021424e-07
    vertex 379.64671279626214 -2645.9686677357736 -8.403051803136046e-07
  endloop
endfacet
facet normal -7.861645788966059e-08 -1.8501382213954048e-09 0.9999999999999969
  outer loop
    vertex 379.64671279626214 -2645.9686677357736 -8.403051803136046e-07
    vertex 379.64671279626214 -2684.468667735773 -8.375299729021424e-07
    vertex 379.88509073015894 -2684.1580075639936 -8.204633330140392e-07
  endloop
endfacet
facet normal -7.861645788966059e-08 -1.8501382213954048e-09 0.9999999999999969
  outer loop
    vertex 379.64671279626214 -2645.9686677357736 -8.403051803136046e-07
    vertex 379.88509073015894 -2684.1580075639936 -8.204633330140392e-07
    vertex 379.88509073015894 -2646.279327907553 -8.243880689737275e-07
  endloop
endfacet
facet normal -7.861645788966059e-08 -1.8501382213954048e-09 0.9999999999999969
  outer loop
    vertex 379.88509073015894 -2646.279327907553 -8.243880689737275e-07
    vertex 379.88509073015894 -2684.1580075639936 -8.204633330140392e-07
    vertex 380.19575090193877 -2683.9196296300966 -7.985296701288931e-07
  endloop
endfacet
facet normal -7.861645788966059e-08 -1.8501382213954048e-09 0.9999999999999969
  outer loop
    vertex 379.88509073015894 -2646.279327907553 -8.243880689737275e-07
    vertex 380.19575090193877 -2683.9196296300966 -7.985296701288931e-07
    vertex 380.19575090193877 -2646.51770584145 -8.033364703670875e-07
  endloop
endfacet
facet normal -7.861645788966059e-08 -1.8501382213954048e-09 0.9999999999999969
  outer loop
    vertex 380.19575090193877 -2646.51770584145 -8.033364703670875e-07
    vertex 380.19575090193877 -2683.9196296300966 -7.985296701288931e-07
    vertex 380.557522334285 -2683.7697789963395 -7.732237271252351e-07
  endloop
endfacet
facet normal -7.861645788966059e-08 -1.8501382213954048e-09 0.9999999999999969
  outer loop
    vertex 380.19575090193877 -2646.51770584145 -8.033364703670875e-07
    vertex 380.557522334285 -2683.7697789963395 -7.732237271252351e-07
    vertex 380.557522334285 -2646.667556475207 -7.785850161493155e-07
  endloop
endfacet
facet normal -7.861645788966059e-08 -1.8501382213954048e-09 0.9999999999999969
  outer loop
    vertex 380.557522334285 -2646.667556475207 -7.785850161493155e-07
    vertex 380.557522334285 -2683.7697789963395 -7.732237271252351e-07
    vertex 380.9457509019388 -2683.7186677357736 -7.462700621987159e-07
  endloop
endfacet
facet normal -7.861645788966059e-08 -1.8501382213954048e-09 0.9999999999999969
  outer loop
    vertex 380.557522334285 -2646.667556475207 -7.785850161493155e-07
    vertex 380.9457509019388 -2683.7186677357736 -7.462700621987159e-07
    vertex 380.9457509019388 -2646.7186677357736 -7.518204770216405e-07
  endloop
endfacet
facet normal -7.861645788966059e-08 -1.8501382213954048e-09 0.9999999999999969
  outer loop
    vertex 380.9457509019388 -2646.7186677357736 -7.518204770216405e-07
    vertex 380.9457509019388 -2683.7186677357736 -7.462700621987159e-07
    vertex 381.3339794695926 -2683.7697789963395 -7.19505523071041e-07
  endloop
endfacet
facet normal -7.861645788966059e-08 -1.8501382213954048e-09 0.9999999999999969
  outer loop
    vertex 380.9457509019388 -2646.7186677357736 -7.518204770216405e-07
    vertex 381.3339794695926 -2683.7697789963395 -7.19505523071041e-07
    vertex 381.3339794695926 -2646.667556475207 -7.248668120951216e-07
  endloop
endfacet
facet normal -7.861645788966059e-08 -1.8501382213954048e-09 0.9999999999999969
  outer loop
    vertex 381.3339794695926 -2646.667556475207 -7.248668120951216e-07
    vertex 381.3339794695926 -2683.7697789963395 -7.19505523071041e-07
    vertex 381.6957509019388 -2683.9196296300966 -6.94754068853269e-07
  endloop
endfacet
facet normal -7.861645788966059e-08 -1.8501382213954048e-09 0.9999999999999969
  outer loop
    vertex 381.3339794695926 -2646.667556475207 -7.248668120951216e-07
    vertex 381.6957509019388 -2683.9196296300966 -6.94754068853269e-07
    vertex 381.6957509019388 -2646.51770584145 -6.995608690914634e-07
  endloop
endfacet
facet normal -7.861645788966059e-08 -1.8501382213954048e-09 0.9999999999999969
  outer loop
    vertex 381.6957509019388 -2646.51770584145 -6.995608690914634e-07
    vertex 381.6957509019388 -2683.9196296300966 -6.94754068853269e-07
    vertex 382.00641107371865 -2684.1580075639936 -6.73702470246629e-07
  endloop
endfacet
facet normal -7.861645788966059e-08 -1.8501382213954048e-09 0.9999999999999969
  outer loop
    vertex 381.6957509019388 -2646.51770584145 -6.995608690914634e-07
    vertex 382.00641107371865 -2684.1580075639936 -6.73702470246629e-07
    vertex 382.00641107371865 -2646.279327907553 -6.776272062063172e-07
  endloop
endfacet
facet normal -7.861645788966059e-08 -1.8501382213954048e-09 0.9999999999999969
  outer loop
    vertex 382.00641107371865 -2646.279327907553 -6.776272062063172e-07
    vertex 382.00641107371865 -2684.1580075639936 -6.73702470246629e-07
    vertex 382.24478900761545 -2684.468667735773 -6.577853589067517e-07
  endloop
endfacet
facet normal -7.861645788966059e-08 -1.8501382213954048e-09 0.9999999999999969
  outer loop
    vertex 382.00641107371865 -2646.279327907553 -6.776272062063172e-07
    vertex 382.24478900761545 -2684.468667735773 -6.577853589067517e-07
    vertex 382.24478900761545 -2645.9686677357736 -6.60560566318214e-07
  endloop
endfacet
facet normal -7.861645788966059e-08 -1.8501382213954048e-09 0.9999999999999969
  outer loop
    vertex 382.24478900761545 -2645.9686677357736 -6.60560566318214e-07
    vertex 382.24478900761545 -2684.468667735773 -6.577853589067517e-07
    vertex 382.3946396413724 -2684.8304391681195 -6.4808745966718e-07
  endloop
endfacet
facet normal -7.861645788966059e-08 -1.8501382213954048e-09 0.9999999999999969
  outer loop
    vertex 382.24478900761545 -2645.9686677357736 -6.60560566318214e-07
    vertex 382.3946396413724 -2684.8304391681195 -6.4808745966718e-07
    vertex 382.3946396413724 -2645.606896303427 -6.495240127315722e-07
  endloop
endfacet
facet normal -7.861645788966059e-08 -1.8501382213954048e-09 0.9999999999999969
  outer loop
    vertex 382.3946396413724 -2645.606896303427 -6.495240127315722e-07
    vertex 382.3946396413724 -2684.8304391681195 -6.4808745966718e-07
    vertex 382.4457509019388 -2685.2186677357736 -6.452696683345542e-07
  endloop
endfacet
facet normal -7.861645788966059e-08 -1.8501382213954048e-09 0.9999999999999969
  outer loop
    vertex 382.3946396413724 -2645.606896303427 -6.495240127315722e-07
    vertex 382.4457509019388 -2685.2186677357736 -6.452696683345542e-07
    vertex 382.4457509019388 -2645.2186677357736 -6.452696683345542e-07
  endloop
endfacet
facet normal 0.6087614290089004 0.7933533402910962 4.358420226579343e-08
  outer loop
    vertex 379.88509073015894 -2646.279327907553 -8.243880689737275e-07
    vertex 380.19575110949 -2646.5177058359 -3.00000063278802
    vertex 379.8850909377102 -2646.279327902003 -3.0000006538396184
  endloop
endfacet
facet normal 0.6087614290089004 0.7933533402910962 4.358420226579343e-08
  outer loop
    vertex 380.19575110949 -2646.5177058359 -3.00000063278802
    vertex 379.88509073015894 -2646.279327907553 -8.243880689737275e-07
    vertex 380.19575090193877 -2646.51770584145 -8.033364703670875e-07
  endloop
endfacet
facet normal 0.3826834323650645 0.9238795325112967 2.8184773745218165e-08
  outer loop
    vertex 380.19575090193877 -2646.51770584145 -8.033364703670875e-07
    vertex 380.5575225418362 -2646.6675564696566 -3.000000608036566
    vertex 380.19575110949 -2646.5177058359 -3.00000063278802
  endloop
endfacet
facet normal 0.3826834323650645 0.9238795325112967 2.8184773745218165e-08
  outer loop
    vertex 380.5575225418362 -2646.6675564696566 -3.000000608036566
    vertex 380.19575090193877 -2646.51770584145 -8.033364703670875e-07
    vertex 380.557522334285 -2646.667556475207 -7.785850161493155e-07
  endloop
endfacet
facet normal 6.918373417856076e-08 0.0 -0.9999999999999978
  outer loop
    vertex 377.94575128924447 -2638.2186677302225 -3.000000699091516
    vertex 379.4968623700564 -2644.8304391625693 -3.0000006780180763
    vertex 379.44575110949 -2645.218667730223 -3.0000006822724203
  endloop
endfacet
facet normal 6.918373417856076e-08 0.0 -0.9999999999999978
  outer loop
    vertex 379.4968623700564 -2644.8304391625693 -3.0000006780180763
    vertex 377.94575128924447 -2638.2186677302225 -3.000000699091516
    vertex 379.6467130038133 -2644.468667730223 -3.000000666981523
  endloop
endfacet
facet normal 6.918373417856076e-08 0.0 -0.9999999999999978
  outer loop
    vertex 379.6467130038133 -2644.468667730223 -3.000000666981523
    vertex 377.94575128924447 -2638.2186677302225 -3.000000699091516
    vertex 379.8850909377102 -2644.1580075584434 -3.0000006499148824
  endloop
endfacet
facet normal 6.918373417856076e-08 0.0 -0.9999999999999978
  outer loop
    vertex 379.8850909377102 -2644.1580075584434 -3.0000006499148824
    vertex 377.94575128924447 -2638.2186677302225 -3.000000699091516
    vertex 397.9457513453393 -2628.218667787651 -2.9999991082609716
  endloop
endfacet
facet normal 6.918373417856076e-08 0.0 -0.9999999999999978
  outer loop
    vertex 379.8850909377102 -2644.1580075584434 -3.0000006499148824
    vertex 397.9457513453393 -2628.218667787651 -2.9999991082609716
    vertex 380.19575110949 -2643.9196296245464 -3.00000062798122
  endloop
endfacet
facet normal 6.918373417856076e-08 0.0 -0.9999999999999978
  outer loop
    vertex 380.19575110949 -2643.9196296245464 -3.00000062798122
    vertex 397.9457513453393 -2628.218667787651 -2.9999991082609716
    vertex 380.5575225418362 -2643.7697789907893 -3.000000602675277
  endloop
endfacet
facet normal 6.918373417856076e-08 0.0 -0.9999999999999978
  outer loop
    vertex 380.5575225418362 -2643.7697789907893 -3.000000602675277
    vertex 397.9457513453393 -2628.218667787651 -2.9999991082609716
    vertex 380.94575110949 -2643.718667730223 -3.000000575721612
  endloop
endfacet
facet normal 6.918373417856076e-08 0.0 -0.9999999999999978
  outer loop
    vertex 380.94575110949 -2643.718667730223 -3.000000575721612
    vertex 397.9457513453393 -2628.218667787651 -2.9999991082609716
    vertex 381.3339796771438 -2643.7697789907893 -3.0000005489570727
  endloop
endfacet
facet normal 6.918373417856076e-08 0.0 -0.9999999999999978
  outer loop
    vertex 381.3339796771438 -2643.7697789907893 -3.0000005489570727
    vertex 397.9457513453393 -2628.218667787651 -2.9999991082609716
    vertex 381.69575110949 -2643.9196296245464 -3.0000005242056185
  endloop
endfacet
facet normal 6.918373417856076e-08 0.0 -0.9999999999999978
  outer loop
    vertex 381.69575110949 -2643.9196296245464 -3.0000005242056185
    vertex 397.9457513453393 -2628.218667787651 -2.9999991082609716
    vertex 382.00641128126983 -2644.1580075584434 -3.0000005031540202
  endloop
endfacet
facet normal 6.918373417856076e-08 0.0 -0.9999999999999978
  outer loop
    vertex 382.00641128126983 -2644.1580075584434 -3.0000005031540202
    vertex 397.9457513453393 -2628.218667787651 -2.9999991082609716
    vertex 382.2447892151667 -2644.468667730223 -3.0000004872369086
  endloop
endfacet
facet normal 6.918373417856076e-08 0.0 -0.9999999999999978
  outer loop
    vertex 382.2447892151667 -2644.468667730223 -3.0000004872369086
    vertex 397.9457513453393 -2628.218667787651 -2.9999991082609716
    vertex 382.3946398489236 -2644.8304391625693 -3.0000004775390092
  endloop
endfacet
facet normal 6.918373417856076e-08 0.0 -0.9999999999999978
  outer loop
    vertex 382.3946398489236 -2644.8304391625693 -3.0000004775390092
    vertex 397.9457513453393 -2628.218667787651 -2.9999991082609716
    vertex 382.44575110949 -2645.218667730223 -3.000000474721218
  endloop
endfacet
facet normal 6.918373417856076e-08 0.0 -0.9999999999999978
  outer loop
    vertex 382.44575110949 -2645.218667730223 -3.000000474721218
    vertex 397.9457513453393 -2628.218667787651 -2.9999991082609716
    vertex 382.44575110949006 -2685.2186677302225 -3.0000004747212197
  endloop
endfacet
facet normal 6.918373417856076e-08 0.0 -0.9999999999999978
  outer loop
    vertex 382.44575110949006 -2685.2186677302225 -3.0000004747212197
    vertex 397.9457513453393 -2628.218667787651 -2.9999991082609716
    vertex 397.9457509302369 -2702.218667787652 -2.999999245171233
  endloop
endfacet
facet normal 6.918373417856076e-08 0.0 -0.9999999999999978
  outer loop
    vertex 397.9457509302369 -2702.218667787652 -2.999999245171233
    vertex 397.9457513453393 -2628.218667787651 -2.9999991082609716
    vertex 400.94575110948995 -2702.218667800283 -2.9999990893642527
  endloop
endfacet
facet normal 6.918373417856076e-08 0.0 -0.9999999999999978
  outer loop
    vertex 400.94575110948995 -2702.218667800283 -2.9999990893642527
    vertex 397.9457513453393 -2628.218667787651 -2.9999991082609716
    vertex 400.94575110948995 -2628.2186678002818 -2.9999990893642527
  endloop
endfacet
facet normal 6.918373417856076e-08 0.0 -0.9999999999999978
  outer loop
    vertex 377.9457509863319 -2692.218667730224 -3.0000007989990043
    vertex 379.8850909377102 -2686.2793279020025 -3.0000006538396193
    vertex 397.9457509302369 -2702.218667787652 -2.999999245171233
  endloop
endfacet
facet normal 6.918373417856076e-08 0.0 -0.9999999999999978
  outer loop
    vertex 379.8850909377102 -2686.2793279020025 -3.0000006538396193
    vertex 377.9457509863319 -2692.218667730224 -3.0000007989990043
    vertex 379.6467130038134 -2685.968667730223 -3.0000006697567314
  endloop
endfacet
facet normal 6.918373417856076e-08 0.0 -0.9999999999999978
  outer loop
    vertex 379.6467130038134 -2685.968667730223 -3.0000006697567314
    vertex 377.9457509863319 -2692.218667730224 -3.0000007989990043
    vertex 379.4968623700564 -2685.6068962978766 -3.00000067945463
  endloop
endfacet
facet normal 6.918373417856076e-08 0.0 -0.9999999999999978
  outer loop
    vertex 379.4968623700564 -2685.6068962978766 -3.00000067945463
    vertex 377.9457509863319 -2692.218667730224 -3.0000007989990043
    vertex 379.44575110949 -2685.2186677302225 -3.000000682272422
  endloop
endfacet
facet normal 6.918373417856076e-08 0.0 -0.9999999999999978
  outer loop
    vertex 379.44575110949 -2685.2186677302225 -3.000000682272422
    vertex 377.9457509863319 -2692.218667730224 -3.0000007989990043
    vertex 377.94575128924447 -2638.2186677302225 -3.000000699091516
  endloop
endfacet
facet normal 6.918373417856076e-08 0.0 -0.9999999999999978
  outer loop
    vertex 379.44575110949 -2685.2186677302225 -3.000000682272422
    vertex 377.94575128924447 -2638.2186677302225 -3.000000699091516
    vertex 379.44575110949 -2645.218667730223 -3.0000006822724203
  endloop
endfacet
facet normal 6.918373417856076e-08 0.0 -0.9999999999999978
  outer loop
    vertex 397.9457509302369 -2702.218667787652 -2.999999245171233
    vertex 379.8850909377102 -2686.2793279020025 -3.0000006538396193
    vertex 380.19575110949006 -2686.5177058358995 -3.000000632788021
  endloop
endfacet
facet normal 6.918373417856076e-08 0.0 -0.9999999999999978
  outer loop
    vertex 397.9457509302369 -2702.218667787652 -2.999999245171233
    vertex 380.19575110949006 -2686.5177058358995 -3.000000632788021
    vertex 380.55752254183625 -2686.667556469656 -3.0000006080365678
  endloop
endfacet
facet normal 6.918373417856076e-08 0.0 -0.9999999999999978
  outer loop
    vertex 397.9457509302369 -2702.218667787652 -2.999999245171233
    vertex 380.55752254183625 -2686.667556469656 -3.0000006080365678
    vertex 380.94575110949006 -2686.7186677302225 -3.0000005812720274
  endloop
endfacet
facet normal 6.918373417856076e-08 0.0 -0.9999999999999978
  outer loop
    vertex 397.9457509302369 -2702.218667787652 -2.999999245171233
    vertex 380.94575110949006 -2686.7186677302225 -3.0000005812720274
    vertex 381.3339796771439 -2686.667556469656 -3.0000005543183637
  endloop
endfacet
facet normal 6.918373417856076e-08 0.0 -0.9999999999999978
  outer loop
    vertex 397.9457509302369 -2702.218667787652 -2.999999245171233
    vertex 381.3339796771439 -2686.667556469656 -3.0000005543183637
    vertex 381.69575110949006 -2686.5177058358995 -3.00000052901242
  endloop
endfacet
facet normal 6.918373417856076e-08 0.0 -0.9999999999999978
  outer loop
    vertex 397.9457509302369 -2702.218667787652 -2.999999245171233
    vertex 381.69575110949006 -2686.5177058358995 -3.00000052901242
    vertex 382.0064112812699 -2686.2793279020025 -3.000000507078757
  endloop
endfacet
facet normal 6.918373417856076e-08 0.0 -0.9999999999999978
  outer loop
    vertex 397.9457509302369 -2702.218667787652 -2.999999245171233
    vertex 382.0064112812699 -2686.2793279020025 -3.000000507078757
    vertex 382.2447892151667 -2685.968667730223 -3.000000490012117
  endloop
endfacet
facet normal 6.918373417856076e-08 0.0 -0.9999999999999978
  outer loop
    vertex 397.9457509302369 -2702.218667787652 -2.999999245171233
    vertex 382.2447892151667 -2685.968667730223 -3.000000490012117
    vertex 382.39463984892365 -2685.6068962978766 -3.0000004789755637
  endloop
endfacet
facet normal 6.918373417856076e-08 0.0 -0.9999999999999978
  outer loop
    vertex 397.9457509302369 -2702.218667787652 -2.999999245171233
    vertex 382.39463984892365 -2685.6068962978766 -3.0000004789755637
    vertex 382.44575110949006 -2685.2186677302225 -3.0000004747212197
  endloop
endfacet
facet normal 6.918373417856076e-08 0.0 -0.9999999999999978
  outer loop
    vertex 379.4968623700564 -2645.606896297877 -3.0000006794546294
    vertex 379.44575110949 -2685.2186677302225 -3.000000682272422
    vertex 379.44575110949 -2645.218667730223 -3.0000006822724203
  endloop
endfacet
facet normal 6.918373417856076e-08 0.0 -0.9999999999999978
  outer loop
    vertex 379.44575110949 -2685.2186677302225 -3.000000682272422
    vertex 379.4968623700564 -2645.606896297877 -3.0000006794546294
    vertex 379.4968623700564 -2684.830439162569 -3.0000006780180772
  endloop
endfacet
facet normal 6.918373417856076e-08 0.0 -0.9999999999999978
  outer loop
    vertex 379.4968623700564 -2684.830439162569 -3.0000006780180772
    vertex 379.4968623700564 -2645.606896297877 -3.0000006794546294
    vertex 379.6467130038133 -2645.9686677302234 -3.00000066975673
  endloop
endfacet
facet normal 6.918373417856076e-08 0.0 -0.9999999999999978
  outer loop
    vertex 379.4968623700564 -2684.830439162569 -3.0000006780180772
    vertex 379.6467130038133 -2645.9686677302234 -3.00000066975673
    vertex 379.6467130038134 -2684.4686677302225 -3.0000006669815233
  endloop
endfacet
facet normal 6.918373417856076e-08 0.0 -0.9999999999999978
  outer loop
    vertex 379.6467130038134 -2684.4686677302225 -3.0000006669815233
    vertex 379.6467130038133 -2645.9686677302234 -3.00000066975673
    vertex 379.8850909377102 -2646.279327902003 -3.0000006538396184
  endloop
endfacet
facet normal 6.918373417856076e-08 0.0 -0.9999999999999978
  outer loop
    vertex 379.6467130038134 -2684.4686677302225 -3.0000006669815233
    vertex 379.8850909377102 -2646.279327902003 -3.0000006538396184
    vertex 379.8850909377102 -2684.158007558443 -3.0000006499148846
  endloop
endfacet
facet normal 6.918373417856076e-08 0.0 -0.9999999999999978
  outer loop
    vertex 379.8850909377102 -2684.158007558443 -3.0000006499148846
    vertex 379.8850909377102 -2646.279327902003 -3.0000006538396184
    vertex 380.19575110949 -2646.5177058359 -3.00000063278802
  endloop
endfacet
facet normal 6.918373417856076e-08 0.0 -0.9999999999999978
  outer loop
    vertex 379.8850909377102 -2684.158007558443 -3.0000006499148846
    vertex 380.19575110949 -2646.5177058359 -3.00000063278802
    vertex 380.19575110949006 -2683.919629624546 -3.000000627981221
  endloop
endfacet
facet normal 6.918373417856076e-08 0.0 -0.9999999999999978
  outer loop
    vertex 380.19575110949006 -2683.919629624546 -3.000000627981221
    vertex 380.19575110949 -2646.5177058359 -3.00000063278802
    vertex 380.5575225418362 -2646.6675564696566 -3.000000608036566
  endloop
endfacet
facet normal 6.918373417856076e-08 0.0 -0.9999999999999978
  outer loop
    vertex 380.19575110949006 -2683.919629624546 -3.000000627981221
    vertex 380.5575225418362 -2646.6675564696566 -3.000000608036566
    vertex 380.55752254183625 -2683.769778990789 -3.0000006026752786
  endloop
endfacet
facet normal 6.918373417856076e-08 0.0 -0.9999999999999978
  outer loop
    vertex 380.55752254183625 -2683.769778990789 -3.0000006026752786
    vertex 380.5575225418362 -2646.6675564696566 -3.000000608036566
    vertex 380.94575110949 -2646.718667730223 -3.000000581272027
  endloop
endfacet
facet normal 6.918373417856076e-08 0.0 -0.9999999999999978
  outer loop
    vertex 380.55752254183625 -2683.769778990789 -3.0000006026752786
    vertex 380.94575110949 -2646.718667730223 -3.000000581272027
    vertex 380.94575110949006 -2683.7186677302225 -3.000000575721613
  endloop
endfacet
facet normal 6.918373417856076e-08 0.0 -0.9999999999999978
  outer loop
    vertex 380.94575110949006 -2683.7186677302225 -3.000000575721613
    vertex 380.94575110949 -2646.718667730223 -3.000000581272027
    vertex 381.3339796771438 -2646.6675564696566 -3.000000554318362
  endloop
endfacet
facet normal 6.918373417856076e-08 0.0 -0.9999999999999978
  outer loop
    vertex 380.94575110949006 -2683.7186677302225 -3.000000575721613
    vertex 381.3339796771438 -2646.6675564696566 -3.000000554318362
    vertex 381.3339796771439 -2683.769778990789 -3.0000005489570745
  endloop
endfacet
facet normal 6.918373417856076e-08 0.0 -0.9999999999999978
  outer loop
    vertex 381.3339796771439 -2683.769778990789 -3.0000005489570745
    vertex 381.3339796771438 -2646.6675564696566 -3.000000554318362
    vertex 381.69575110949 -2646.5177058359 -3.0000005290124188
  endloop
endfacet
facet normal 6.918373417856076e-08 0.0 -0.9999999999999978
  outer loop
    vertex 381.3339796771439 -2683.769778990789 -3.0000005489570745
    vertex 381.69575110949 -2646.5177058359 -3.0000005290124188
    vertex 381.69575110949006 -2683.919629624546 -3.0000005242056194
  endloop
endfacet
facet normal 6.918373417856076e-08 0.0 -0.9999999999999978
  outer loop
    vertex 381.69575110949006 -2683.919629624546 -3.0000005242056194
    vertex 381.69575110949 -2646.5177058359 -3.0000005290124188
    vertex 382.00641128126983 -2646.279327902003 -3.000000507078756
  endloop
endfacet
facet normal 6.918373417856076e-08 0.0 -0.9999999999999978
  outer loop
    vertex 381.69575110949006 -2683.919629624546 -3.0000005242056194
    vertex 382.00641128126983 -2646.279327902003 -3.000000507078756
    vertex 382.0064112812699 -2684.158007558443 -3.000000503154021
  endloop
endfacet
facet normal 6.918373417856076e-08 0.0 -0.9999999999999978
  outer loop
    vertex 382.0064112812699 -2684.158007558443 -3.000000503154021
    vertex 382.00641128126983 -2646.279327902003 -3.000000507078756
    vertex 382.2447892151667 -2645.9686677302234 -3.000000490012116
  endloop
endfacet
facet normal 6.918373417856076e-08 0.0 -0.9999999999999978
  outer loop
    vertex 382.0064112812699 -2684.158007558443 -3.000000503154021
    vertex 382.2447892151667 -2645.9686677302234 -3.000000490012116
    vertex 382.2447892151667 -2684.4686677302225 -3.000000487236911
  endloop
endfacet
facet normal 6.918373417856076e-08 0.0 -0.9999999999999978
  outer loop
    vertex 382.2447892151667 -2684.4686677302225 -3.000000487236911
    vertex 382.2447892151667 -2645.9686677302234 -3.000000490012116
    vertex 382.3946398489236 -2645.606896297877 -3.0000004789755623
  endloop
endfacet
facet normal 6.918373417856076e-08 0.0 -0.9999999999999978
  outer loop
    vertex 382.2447892151667 -2684.4686677302225 -3.000000487236911
    vertex 382.3946398489236 -2645.606896297877 -3.0000004789755623
    vertex 382.39463984892365 -2684.830439162569 -3.0000004775390106
  endloop
endfacet
facet normal 6.918373417856076e-08 0.0 -0.9999999999999978
  outer loop
    vertex 382.39463984892365 -2684.830439162569 -3.0000004775390106
    vertex 382.3946398489236 -2645.606896297877 -3.0000004789755623
    vertex 382.44575110949 -2645.218667730223 -3.000000474721218
  endloop
endfacet
facet normal 6.918373417856076e-08 0.0 -0.9999999999999978
  outer loop
    vertex 382.39463984892365 -2684.830439162569 -3.0000004775390106
    vertex 382.44575110949 -2645.218667730223 -3.000000474721218
    vertex 382.44575110949006 -2685.2186677302225 -3.0000004747212197
  endloop
endfacet
facet normal -0.9999999999999976 2.8047460442116285e-09 -6.918373417856075e-08
  outer loop
    vertex 377.9457510533951 -2638.2186677357727 -6.990915257255448e-07
    vertex 377.9457509863319 -2692.218667730224 -3.0000007989990043
    vertex 377.94575075048255 -2692.2186677357745 -7.989990134948118e-07
  endloop
endfacet
facet normal -0.9999999999999976 2.8047460442116285e-09 -6.918373417856075e-08
  outer loop
    vertex 377.9457509863319 -2692.218667730224 -3.0000007989990043
    vertex 377.9457510533951 -2638.2186677357727 -6.990915257255448e-07
    vertex 377.94575128924447 -2638.2186677302225 -3.000000699091516
  endloop
endfacet
facet normal -1.0 2.3601746414684252e-09 -6.298909473311974e-09
  outer loop
    vertex 397.9457510056414 -2702.2186677909704 9.500001545497492
    vertex 397.9457516227388 -2698.6675564998377 8.388230113151256
    vertex 397.9457516276432 -2698.718667760404 8.000001545497472
  endloop
endfacet
facet normal -1.0 2.3601746414684252e-09 -6.298909473311974e-09
  outer loop
    vertex 397.9457516227388 -2698.6675564998377 8.388230113151256
    vertex 397.9457510056414 -2702.2186677909704 9.500001545497492
    vertex 397.94575071532455 -2697.218667760404 13.00000154549747
  endloop
endfacet
facet normal -1.0 2.3601746414684252e-09 -6.298909473311974e-09
  outer loop
    vertex 397.9457516227388 -2698.6675564998377 8.388230113151256
    vertex 397.94575071532455 -2697.218667760404 13.00000154549747
    vertex 397.94575161736935 -2698.5177058660806 8.750001545497481
  endloop
endfacet
facet normal -1.0 2.3601746414684252e-09 -6.298909473311974e-09
  outer loop
    vertex 397.94575161736935 -2698.5177058660806 8.750001545497481
    vertex 397.94575071532455 -2697.218667760404 13.00000154549747
    vertex 397.94575161190096 -2698.279327932184 9.060661717277307
  endloop
endfacet
facet normal -1.0 2.3601746414684252e-09 -6.298909473311974e-09
  outer loop
    vertex 397.94575161190096 -2698.279327932184 9.060661717277307
    vertex 397.94575071532455 -2697.218667760404 13.00000154549747
    vertex 397.9457516067062 -2697.968667760404 9.299039651174148
  endloop
endfacet
facet normal -1.0 2.3601746414684252e-09 -6.298909473311974e-09
  outer loop
    vertex 397.9457516067062 -2697.968667760404 9.299039651174148
    vertex 397.94575071532455 -2697.218667760404 13.00000154549747
    vertex 397.945751602139 -2697.606896328058 9.44889028493109
  endloop
endfacet
facet normal -1.0 2.3601746414684252e-09 -6.298909473311974e-09
  outer loop
    vertex 397.945751602139 -2697.606896328058 9.44889028493109
    vertex 397.94575071532455 -2697.218667760404 13.00000154549747
    vertex 397.94575159851075 -2697.218667760404 9.500001545497492
  endloop
endfacet
facet normal -1.0 2.3601746414684252e-09 -6.298909473311974e-09
  outer loop
    vertex 397.94575159851075 -2697.218667760404 9.500001545497492
    vertex 397.94575071532455 -2697.218667760404 13.00000154549747
    vertex 397.9457508994311 -2675.8186677311032 13.00000154549747
  endloop
endfacet
facet normal -1.0 2.3601746414684252e-09 -6.298909473311974e-09
  outer loop
    vertex 397.94575159851075 -2697.218667760404 9.500001545497492
    vertex 397.9457508994311 -2675.8186677311032 13.00000154549747
    vertex 397.94575159606865 -2696.8304391927504 9.448890284931094
  endloop
endfacet
facet normal -1.0 2.3601746414684252e-09 -6.298909473311974e-09
  outer loop
    vertex 397.94575159606865 -2696.8304391927504 9.448890284931094
    vertex 397.9457508994311 -2675.8186677311032 13.00000154549747
    vertex 397.9457515949791 -2696.468667760404 9.299039651174148
  endloop
endfacet
facet normal -1.0 2.3601746414684252e-09 -6.298909473311974e-09
  outer loop
    vertex 397.9457515949791 -2696.468667760404 9.299039651174148
    vertex 397.9457508994311 -2675.8186677311032 13.00000154549747
    vertex 397.94575159531644 -2696.158007588624 9.060661717277307
  endloop
endfacet
facet normal -1.0 2.3601746414684252e-09 -6.298909473311974e-09
  outer loop
    vertex 397.94575159531644 -2696.158007588624 9.060661717277307
    vertex 397.9457508994311 -2675.8186677311032 13.00000154549747
    vertex 397.9457515970575 -2695.9196296547275 8.750001545497481
  endloop
endfacet
facet normal -1.0 2.3601746414684252e-09 -6.298909473311974e-09
  outer loop
    vertex 397.9457515970575 -2695.9196296547275 8.750001545497481
    vertex 397.9457508994311 -2675.8186677311032 13.00000154549747
    vertex 397.9457516000837 -2695.7697790209704 8.388230113151259
  endloop
endfacet
facet normal -1.0 2.3601746414684252e-09 -6.298909473311974e-09
  outer loop
    vertex 397.9457516000837 -2695.7697790209704 8.388230113151259
    vertex 397.9457508994311 -2675.8186677311032 13.00000154549747
    vertex 397.94575160418896 -2695.718667760404 8.000001545497472
  endloop
endfacet
facet normal -1.0 2.3601746414684252e-09 -6.298909473311974e-09
  outer loop
    vertex 397.9457508626001 -2654.6186675523763 13.00000154549747
    vertex 397.94575072214724 -2634.667556652046 8.388230113151256
    vertex 397.94575072705163 -2634.7186679126125 8.000001545497472
  endloop
endfacet
facet normal -1.0 2.3601746414684252e-09 -6.298909473311974e-09
  outer loop
    vertex 397.94575072214724 -2634.667556652046 8.388230113151256
    vertex 397.9457508626001 -2654.6186675523763 13.00000154549747
    vertex 397.94575071532455 -2633.2186679126125 13.00000154549747
  endloop
endfacet
facet normal -1.0 2.3601746414684252e-09 -6.298909473311974e-09
  outer loop
    vertex 397.94575072214724 -2634.667556652046 8.388230113151256
    vertex 397.94575071532455 -2633.2186679126125 13.00000154549747
    vertex 397.9457507167778 -2634.517706018289 8.750001545497481
  endloop
endfacet
facet normal -1.0 2.3601746414684252e-09 -6.298909473311974e-09
  outer loop
    vertex 397.9457507167778 -2634.517706018289 8.750001545497481
    vertex 397.94575071532455 -2633.2186679126125 13.00000154549747
    vertex 397.9457507113094 -2634.279328084392 9.060661717277307
  endloop
endfacet
facet normal -1.0 2.3601746414684252e-09 -6.298909473311974e-09
  outer loop
    vertex 397.9457507113094 -2634.279328084392 9.060661717277307
    vertex 397.94575071532455 -2633.2186679126125 13.00000154549747
    vertex 397.94575070611467 -2633.9686679126125 9.299039651174148
  endloop
endfacet
facet normal -1.0 2.3601746414684252e-09 -6.298909473311974e-09
  outer loop
    vertex 397.94575070611467 -2633.9686679126125 9.299039651174148
    vertex 397.94575071532455 -2633.2186679126125 13.00000154549747
    vertex 397.94575070154747 -2633.606896480266 9.448890284931094
  endloop
endfacet
facet normal -1.0 2.3601746414684252e-09 -6.298909473311974e-09
  outer loop
    vertex 397.94575070154747 -2633.606896480266 9.448890284931094
    vertex 397.94575071532455 -2633.2186679126125 13.00000154549747
    vertex 397.94575069791927 -2633.2186679126125 9.500001545497492
  endloop
endfacet
facet normal -1.0 2.3601746414684252e-09 -6.298909473311974e-09
  outer loop
    vertex 397.94575069791927 -2633.2186679126125 9.500001545497492
    vertex 397.94575071532455 -2633.2186679126125 13.00000154549747
    vertex 397.9457511169196 -2628.218667810778 9.500001545497492
  endloop
endfacet
facet normal -1.0 2.3601746414684252e-09 -6.298909473311974e-09
  outer loop
    vertex 397.94575069791927 -2633.2186679126125 9.500001545497492
    vertex 397.9457511169196 -2628.218667810778 9.500001545497492
    vertex 397.9457506954771 -2632.8304393449584 9.448890284931094
  endloop
endfacet
facet normal -1.0 2.3601746414684252e-09 -6.298909473311974e-09
  outer loop
    vertex 397.9457506954771 -2632.8304393449584 9.448890284931094
    vertex 397.9457511169196 -2628.218667810778 9.500001545497492
    vertex 397.9457506943876 -2632.4686679126125 9.299039651174148
  endloop
endfacet
facet normal -1.0 2.3601746414684252e-09 -6.298909473311974e-09
  outer loop
    vertex 397.9457506943876 -2632.4686679126125 9.299039651174148
    vertex 397.9457511169196 -2628.218667810778 9.500001545497492
    vertex 397.9457506947249 -2632.1580077408325 9.060661717277307
  endloop
endfacet
facet normal -1.0 2.3601746414684252e-09 -6.298909473311974e-09
  outer loop
    vertex 397.9457506947249 -2632.1580077408325 9.060661717277307
    vertex 397.9457511169196 -2628.218667810778 9.500001545497492
    vertex 397.94575069646595 -2631.9196298069355 8.750001545497481
  endloop
endfacet
facet normal -1.0 2.3601746414684252e-09 -6.298909473311974e-09
  outer loop
    vertex 397.94575069646595 -2631.9196298069355 8.750001545497481
    vertex 397.9457511169196 -2628.218667810778 9.500001545497492
    vertex 397.9457506994922 -2631.769779173179 8.388230113151259
  endloop
endfacet
facet normal -1.0 2.3601746414684252e-09 -6.298909473311974e-09
  outer loop
    vertex 397.9457506994922 -2631.769779173179 8.388230113151259
    vertex 397.9457511169196 -2628.218667810778 9.500001545497492
    vertex 397.9457507035974 -2631.7186679126125 8.000001545497472
  endloop
endfacet
facet normal -1.0 2.3601746414684252e-09 -6.298909473311974e-09
  outer loop
    vertex 397.9457506943876 -2702.2186677932027 7.54828757568212e-07
    vertex 397.94575097270433 -2673.41866749134 0.9999992891666252
    vertex 397.94575110948995 -2628.2186677932013 8.917390185853545e-07
  endloop
endfacet
facet normal -1.0 2.3601746414684252e-09 -6.298909473311974e-09
  outer loop
    vertex 397.94575097270433 -2673.41866749134 0.9999992891666252
    vertex 397.9457506943876 -2702.2186677932027 7.54828757568212e-07
    vertex 397.9457516357635 -2697.606896328058 6.551112806063849
  endloop
endfacet
facet normal -1.0 2.3601746414684252e-09 -6.298909473311974e-09
  outer loop
    vertex 397.9457516357635 -2697.606896328058 6.551112806063849
    vertex 397.9457506943876 -2702.2186677932027 7.54828757568212e-07
    vertex 397.945751636853 -2697.968667760404 6.7009634398207965
  endloop
endfacet
facet normal -1.0 2.3601746414684252e-09 -6.298909473311974e-09
  outer loop
    vertex 397.945751636853 -2697.968667760404 6.7009634398207965
    vertex 397.9457506943876 -2702.2186677932027 7.54828757568212e-07
    vertex 397.9457510056414 -2702.2186677909704 9.500001545497492
  endloop
endfacet
facet normal -1.0 2.3601746414684252e-09 -6.298909473311974e-09
  outer loop
    vertex 397.945751636853 -2697.968667760404 6.7009634398207965
    vertex 397.9457510056414 -2702.2186677909704 9.500001545497492
    vertex 397.9457516365157 -2698.279327932184 6.939341373717636
  endloop
endfacet
facet normal -1.0 2.3601746414684252e-09 -6.298909473311974e-09
  outer loop
    vertex 397.9457516365157 -2698.279327932184 6.939341373717636
    vertex 397.9457510056414 -2702.2186677909704 9.500001545497492
    vertex 397.94575163477464 -2698.5177058660806 7.250001545497462
  endloop
endfacet
facet normal -1.0 2.3601746414684252e-09 -6.298909473311974e-09
  outer loop
    vertex 397.94575163477464 -2698.5177058660806 7.250001545497462
    vertex 397.9457510056414 -2702.2186677909704 9.500001545497492
    vertex 397.9457516317484 -2698.6675564998377 7.6117729778436845
  endloop
endfacet
facet normal -1.0 2.3601746414684252e-09 -6.298909473311974e-09
  outer loop
    vertex 397.9457516317484 -2698.6675564998377 7.6117729778436845
    vertex 397.9457510056414 -2702.2186677909704 9.500001545497492
    vertex 397.9457516276432 -2698.718667760404 8.000001545497472
  endloop
endfacet
facet normal -1.0 2.3601746414684252e-09 -6.298909473311974e-09
  outer loop
    vertex 397.94575097270433 -2673.41866749134 0.9999992891666252
    vertex 397.9457516357635 -2697.606896328058 6.551112806063849
    vertex 397.9457516333213 -2697.218667760404 6.500001545497452
  endloop
endfacet
facet normal -1.0 2.3601746414684252e-09 -6.298909473311974e-09
  outer loop
    vertex 397.94575097270433 -2673.41866749134 0.9999992891666252
    vertex 397.9457516333213 -2697.218667760404 6.500001545497452
    vertex 397.9457516296931 -2696.8304391927504 6.551112806063849
  endloop
endfacet
facet normal -1.0 2.3601746414684252e-09 -6.298909473311974e-09
  outer loop
    vertex 397.94575097270433 -2673.41866749134 0.9999992891666252
    vertex 397.9457516296931 -2696.8304391927504 6.551112806063849
    vertex 397.9457516251259 -2696.468667760404 6.7009634398207965
  endloop
endfacet
facet normal -1.0 2.3601746414684252e-09 -6.298909473311974e-09
  outer loop
    vertex 397.94575097270433 -2673.41866749134 0.9999992891666252
    vertex 397.9457516251259 -2696.468667760404 6.7009634398207965
    vertex 397.9457516199312 -2696.158007588624 6.939341373717636
  endloop
endfacet
facet normal -1.0 2.3601746414684252e-09 -6.298909473311974e-09
  outer loop
    vertex 397.94575097270433 -2673.41866749134 0.9999992891666252
    vertex 397.9457516199312 -2696.158007588624 6.939341373717636
    vertex 397.9457516144628 -2695.9196296547275 7.250001545497462
  endloop
endfacet
facet normal -1.0 2.3601746414684252e-09 -6.298909473311974e-09
  outer loop
    vertex 397.94575097270433 -2673.41866749134 0.9999992891666252
    vertex 397.9457516144628 -2695.9196296547275 7.250001545497462
    vertex 397.94575160909335 -2695.7697790209704 7.6117729778436845
  endloop
endfacet
facet normal -1.0 2.3601746414684252e-09 -6.298909473311974e-09
  outer loop
    vertex 397.94575097270433 -2673.41866749134 0.9999992891666252
    vertex 397.94575160909335 -2695.7697790209704 7.6117729778436845
    vertex 397.94575160418896 -2695.718667760404 8.000001545497472
  endloop
endfacet
facet normal -1.0 2.3601746414684252e-09 -6.298909473311974e-09
  outer loop
    vertex 397.94575097270433 -2673.41866749134 0.9999992891666252
    vertex 397.94575160418896 -2695.718667760404 8.000001545497472
    vertex 397.9457508994311 -2675.8186677311032 13.00000154549747
  endloop
endfacet
facet normal -1.0 2.3601746414684252e-09 -6.298909473311974e-09
  outer loop
    vertex 397.94575110948995 -2628.2186677932013 8.917390185853545e-07
    vertex 397.94575097270433 -2673.41866749134 0.9999992891666252
    vertex 397.9457509717396 -2657.0186678022083 0.9999992926538401
  endloop
endfacet
facet normal -1.0 2.3601746414684252e-09 -6.298909473311974e-09
  outer loop
    vertex 397.94575110948995 -2628.2186677932013 8.917390185853545e-07
    vertex 397.9457509717396 -2657.0186678022083 0.9999992926538401
    vertex 397.9457508626001 -2654.6186675523763 13.00000154549747
  endloop
endfacet
facet normal -1.0 2.3601746414684252e-09 -6.298909473311974e-09
  outer loop
    vertex 397.94575110948995 -2628.2186677932013 8.917390185853545e-07
    vertex 397.9457508626001 -2654.6186675523763 13.00000154549747
    vertex 397.9457507359242 -2634.279328084392 6.939341373717636
  endloop
endfacet
facet normal -1.0 2.3601746414684252e-09 -6.298909473311974e-09
  outer loop
    vertex 397.9457507359242 -2634.279328084392 6.939341373717636
    vertex 397.9457508626001 -2654.6186675523763 13.00000154549747
    vertex 397.9457507341831 -2634.517706018289 7.250001545497462
  endloop
endfacet
facet normal -1.0 2.3601746414684252e-09 -6.298909473311974e-09
  outer loop
    vertex 397.9457507341831 -2634.517706018289 7.250001545497462
    vertex 397.9457508626001 -2654.6186675523763 13.00000154549747
    vertex 397.94575073115686 -2634.667556652046 7.6117729778436845
  endloop
endfacet
facet normal -1.0 2.3601746414684252e-09 -6.298909473311974e-09
  outer loop
    vertex 397.94575073115686 -2634.667556652046 7.6117729778436845
    vertex 397.9457508626001 -2654.6186675523763 13.00000154549747
    vertex 397.94575072705163 -2634.7186679126125 8.000001545497472
  endloop
endfacet
facet normal -1.0 2.3601746414684252e-09 -6.298909473311974e-09
  outer loop
    vertex 397.94575110948995 -2628.2186677932013 8.917390185853545e-07
    vertex 397.9457507359242 -2634.279328084392 6.939341373717636
    vertex 397.9457507362615 -2633.968667912612 6.7009634398207965
  endloop
endfacet
facet normal -1.0 2.3601746414684252e-09 -6.298909473311974e-09
  outer loop
    vertex 397.94575110948995 -2628.2186677932013 8.917390185853545e-07
    vertex 397.9457507362615 -2633.968667912612 6.7009634398207965
    vertex 397.94575073517194 -2633.606896480266 6.551112806063849
  endloop
endfacet
facet normal -1.0 2.3601746414684252e-09 -6.298909473311974e-09
  outer loop
    vertex 397.94575110948995 -2628.2186677932013 8.917390185853545e-07
    vertex 397.94575073517194 -2633.606896480266 6.551112806063849
    vertex 397.94575073272983 -2633.2186679126125 6.500001545497452
  endloop
endfacet
facet normal -1.0 2.3601746414684252e-09 -6.298909473311974e-09
  outer loop
    vertex 397.94575110948995 -2628.2186677932013 8.917390185853545e-07
    vertex 397.94575073272983 -2633.2186679126125 6.500001545497452
    vertex 397.9457507291016 -2632.8304393449584 6.551112806063849
  endloop
endfacet
facet normal -1.0 2.3601746414684252e-09 -6.298909473311974e-09
  outer loop
    vertex 397.94575110948995 -2628.2186677932013 8.917390185853545e-07
    vertex 397.9457507291016 -2632.8304393449584 6.551112806063849
    vertex 397.9457507245344 -2632.468667912612 6.7009634398207965
  endloop
endfacet
facet normal -1.0 2.3601746414684252e-09 -6.298909473311974e-09
  outer loop
    vertex 397.94575110948995 -2628.2186677932013 8.917390185853545e-07
    vertex 397.9457507245344 -2632.468667912612 6.7009634398207965
    vertex 397.9457507193396 -2632.1580077408325 6.939341373717636
  endloop
endfacet
facet normal -1.0 2.3601746414684252e-09 -6.298909473311974e-09
  outer loop
    vertex 397.94575110948995 -2628.2186677932013 8.917390185853545e-07
    vertex 397.9457507193396 -2632.1580077408325 6.939341373717636
    vertex 397.94575071387123 -2631.9196298069355 7.250001545497462
  endloop
endfacet
facet normal -1.0 2.3601746414684252e-09 -6.298909473311974e-09
  outer loop
    vertex 397.94575110948995 -2628.2186677932013 8.917390185853545e-07
    vertex 397.94575071387123 -2631.9196298069355 7.250001545497462
    vertex 397.9457507085018 -2631.769779173179 7.6117729778436845
  endloop
endfacet
facet normal -1.0 2.3601746414684252e-09 -6.298909473311974e-09
  outer loop
    vertex 397.94575110948995 -2628.2186677932013 8.917390185853545e-07
    vertex 397.9457507085018 -2631.769779173179 7.6117729778436845
    vertex 397.9457507035974 -2631.7186679126125 8.000001545497472
  endloop
endfacet
facet normal -1.0 2.3601746414684252e-09 -6.298909473311974e-09
  outer loop
    vertex 397.94575110948995 -2628.2186677932013 8.917390185853545e-07
    vertex 397.9457507035974 -2631.7186679126125 8.000001545497472
    vertex 397.9457511169196 -2628.218667810778 9.500001545497492
  endloop
endfacet
facet normal -3.806796475056964e-09 0.5734623365246292 0.8192319260061298
  outer loop
    vertex 400.94575071532455 -2633.218667919693 13.000001564394198
    vertex 397.9457511169196 -2628.218667810778 9.500001545497492
    vertex 397.94575071532455 -2633.2186679126125 13.00000154549747
  endloop
endfacet
facet normal -3.806796475056964e-09 0.5734623365246292 0.8192319260061298
  outer loop
    vertex 397.9457511169196 -2628.218667810778 9.500001545497492
    vertex 400.94575071532455 -2633.218667919693 13.000001564394198
    vertex 400.9457511169196 -2628.218667817858 9.50000156439422
  endloop
endfacet
facet normal 5.936956820648888e-09 -0.13052619222001532 -0.9914448613738153
  outer loop
    vertex 400.94575159606865 -2696.830439199831 9.448890303827822
    vertex 397.94575159851075 -2697.218667760404 9.500001545497492
    vertex 397.94575159606865 -2696.8304391927504 9.448890284931094
  endloop
endfacet
facet normal 5.936956820648888e-09 -0.13052619222001532 -0.9914448613738153
  outer loop
    vertex 397.94575159851075 -2697.218667760404 9.500001545497492
    vertex 400.94575159606865 -2696.830439199831 9.448890303827822
    vertex 400.94575159851075 -2697.2186677674845 9.50000156439422
  endloop
endfacet
facet normal 6.722633272312581e-09 0.3826834323650157 -0.9238795325113174
  outer loop
    vertex 400.945751602139 -2697.6068963351386 9.448890303827818
    vertex 397.9457516067062 -2697.968667760404 9.299039651174148
    vertex 397.945751602139 -2697.606896328058 9.44889028493109
  endloop
endfacet
facet normal 6.722633272312581e-09 0.3826834323650157 -0.9238795325113174
  outer loop
    vertex 397.9457516067062 -2697.968667760404 9.299039651174148
    vertex 400.945751602139 -2697.6068963351386 9.448890303827818
    vertex 400.94575160670615 -2697.968667767485 9.299039670070876
  endloop
endfacet
facet normal -4.916233806754919e-09 0.3826834323653478 0.92387953251118
  outer loop
    vertex 397.945751636853 -2697.968667760404 6.7009634398207965
    vertex 400.9457516357635 -2697.6068963351386 6.551112824960577
    vertex 397.9457516357635 -2697.606896328058 6.551112806063849
  endloop
endfacet
facet normal -4.916233806754919e-09 0.3826834323653478 0.92387953251118
  outer loop
    vertex 400.9457516357635 -2697.6068963351386 6.551112824960577
    vertex 397.945751636853 -2697.968667760404 6.7009634398207965
    vertex 400.945751636853 -2697.9686677674845 6.700963458717524
  endloop
endfacet
facet normal -6.5137389928214305e-09 -0.5734623420104837 0.8192319221660317
  outer loop
    vertex 397.9457510056414 -2702.2186677909704 9.500001545497492
    vertex 400.94575071532455 -2697.2186677674845 13.000001564394198
    vertex 397.94575071532455 -2697.218667760404 13.00000154549747
  endloop
endfacet
facet normal -6.5137389928214305e-09 -0.5734623420104837 0.8192319221660317
  outer loop
    vertex 400.94575071532455 -2697.2186677674845 13.000001564394198
    vertex 397.9457510056414 -2702.2186677909704 9.500001545497492
    vertex 400.9457510056414 -2702.218667798051 9.50000156439422
  endloop
endfacet
facet normal -2.2997125299890068e-10 0.9238795325113018 0.3826834323650537
  outer loop
    vertex 397.9457516317484 -2698.6675564998377 7.6117729778436845
    vertex 400.94575163477464 -2698.5177058731615 7.250001564394189
    vertex 397.94575163477464 -2698.5177058660806 7.250001545497462
  endloop
endfacet
facet normal -2.2997125299890068e-10 0.9238795325113018 0.3826834323650537
  outer loop
    vertex 400.94575163477464 -2698.5177058731615 7.250001564394189
    vertex 397.9457516317484 -2698.6675564998377 7.6117729778436845
    vertex 400.9457516317484 -2698.667556506918 7.611772996740413
  endloop
endfacet
facet normal 1.079023975709459e-09 0.9805806790145633 0.19611611851996844
  outer loop
    vertex 397.9457508994311 -2675.8186677311032 13.00000154549747
    vertex 400.94575097270433 -2673.4186674984203 0.9999993080633537
    vertex 397.94575097270433 -2673.41866749134 0.9999992891666252
  endloop
endfacet
facet normal 1.079023975709459e-09 0.9805806790145633 0.19611611851996844
  outer loop
    vertex 400.94575097270433 -2673.4186674984203 0.9999993080633537
    vertex 397.9457508994311 -2675.8186677311032 13.00000154549747
    vertex 400.9457508994311 -2675.8186677381836 13.000001564394198
  endloop
endfacet
facet normal -6.2989094733119745e-09 5.4190220939602335e-17 1.0
  outer loop
    vertex 400.94575071532455 -2697.2186677674845 13.000001564394198
    vertex 397.9457508994311 -2675.8186677311032 13.00000154549747
    vertex 397.94575071532455 -2697.218667760404 13.00000154549747
  endloop
endfacet
facet normal -6.2989094733119745e-09 5.4190220939602335e-17 1.0
  outer loop
    vertex 397.9457508994311 -2675.8186677311032 13.00000154549747
    vertex 400.94575071532455 -2697.2186677674845 13.000001564394198
    vertex 400.9457508994311 -2675.8186677381836 13.000001564394198
  endloop
endfacet
facet normal -6.298909473311974e-09 -4.3349322226050575e-17 1.0
  outer loop
    vertex 397.9457508626001 -2654.6186675523763 13.00000154549747
    vertex 400.94575071532455 -2633.218667919693 13.000001564394198
    vertex 397.94575071532455 -2633.2186679126125 13.00000154549747
  endloop
endfacet
facet normal -6.298909473311974e-09 -4.3349322226050575e-17 1.0
  outer loop
    vertex 400.94575071532455 -2633.218667919693 13.000001564394198
    vertex 397.9457508626001 -2654.6186675523763 13.00000154549747
    vertex 400.9457508626001 -2654.6186675594568 13.000001564394198
  endloop
endfacet
facet normal -2.976881839435716e-09 -1.0 2.3841818267131033e-11
  outer loop
    vertex 400.94575110948995 -2702.218667800283 -2.9999990893642527
    vertex 397.9457506943876 -2702.2186677932027 7.54828757568212e-07
    vertex 397.9457509302369 -2702.218667787652 -2.999999245171233
  endloop
endfacet
facet normal -2.976881839435716e-09 -1.0 2.3841818267131033e-11
  outer loop
    vertex 397.9457506943876 -2702.2186677932027 7.54828757568212e-07
    vertex 400.94575110948995 -2702.218667800283 -2.9999990893642527
    vertex 400.9457510056414 -2702.218667798051 9.50000156439422
  endloop
endfacet
facet normal -2.976881839435716e-09 -1.0 2.3841818267131033e-11
  outer loop
    vertex 397.9457506943876 -2702.2186677932027 7.54828757568212e-07
    vertex 400.9457510056414 -2702.218667798051 9.50000156439422
    vertex 397.9457510056414 -2702.2186677909704 9.500001545497492
  endloop
endfacet
facet normal 6.434044158293966e-09 0.6087614290089862 -0.7933533402910314
  outer loop
    vertex 400.94575160670615 -2697.968667767485 9.299039670070876
    vertex 397.94575161190096 -2698.279327932184 9.060661717277307
    vertex 397.9457516067062 -2697.968667760404 9.299039651174148
  endloop
endfacet
facet normal 6.434044158293966e-09 0.6087614290089862 -0.7933533402910314
  outer loop
    vertex 397.94575161190096 -2698.279327932184 9.060661717277307
    vertex 400.94575160670615 -2697.968667767485 9.299039670070876
    vertex 400.94575161190096 -2698.2793279392645 9.060661736174035
  endloop
endfacet
facet normal 4.5910053418086426e-09 0.9238795325113028 -0.3826834323650511
  outer loop
    vertex 397.94575161736935 -2698.5177058660806 8.750001545497481
    vertex 400.9457516227387 -2698.667556506918 8.388230132047983
    vertex 397.9457516227388 -2698.6675564998377 8.388230113151256
  endloop
endfacet
facet normal 4.5910053418086426e-09 0.9238795325113028 -0.3826834323650511
  outer loop
    vertex 400.9457516227387 -2698.667556506918 8.388230132047983
    vertex 397.94575161736935 -2698.5177058660806 8.750001545497481
    vertex 400.94575161736935 -2698.5177058731615 8.750001564394209
  endloop
endfacet
facet normal 3.162155688917804e-09 0.991444861373834 -0.13052619221987377
  outer loop
    vertex 397.9457516227388 -2698.6675564998377 8.388230113151256
    vertex 400.9457516276431 -2698.7186677674845 8.0000015643942
    vertex 397.9457516276432 -2698.718667760404 8.000001545497472
  endloop
endfacet
facet normal 3.162155688917804e-09 0.991444861373834 -0.13052619221987377
  outer loop
    vertex 400.9457516276431 -2698.7186677674845 8.0000015643942
    vertex 397.9457516227388 -2698.6675564998377 8.388230113151256
    vertex 400.9457516227387 -2698.667556506918 8.388230132047983
  endloop
endfacet
facet normal -3.549659334267637e-09 -0.9805806788453827 0.19611611936587167
  outer loop
    vertex 400.9457509717396 -2657.0186678092887 0.9999993115505686
    vertex 397.9457508626001 -2654.6186675523763 13.00000154549747
    vertex 397.9457509717396 -2657.0186678022083 0.9999992926538401
  endloop
endfacet
facet normal -3.549659334267637e-09 -0.9805806788453827 0.19611611936587167
  outer loop
    vertex 397.9457508626001 -2654.6186675523763 13.00000154549747
    vertex 400.9457509717396 -2657.0186678092887 0.9999993115505686
    vertex 400.9457508626001 -2654.6186675594568 13.000001564394198
  endloop
endfacet
facet normal 1.5178103515396047e-09 0.9914448613738341 0.13052619221987288
  outer loop
    vertex 397.9457516276432 -2698.718667760404 8.000001545497472
    vertex 400.9457516317484 -2698.667556506918 7.611772996740413
    vertex 397.9457516317484 -2698.6675564998377 7.6117729778436845
  endloop
endfacet
facet normal 1.5178103515396047e-09 0.9914448613738341 0.13052619221987288
  outer loop
    vertex 400.9457516317484 -2698.667556506918 7.611772996740413
    vertex 397.9457516276432 -2698.718667760404 8.000001545497472
    vertex 400.9457516276431 -2698.7186677674845 8.0000015643942
  endloop
endfacet
facet normal -6.298909473813831e-09 -2.126350633517816e-10 1.0
  outer loop
    vertex 397.94575097270433 -2673.41866749134 0.9999992891666252
    vertex 400.9457509717396 -2657.0186678092887 0.9999993115505686
    vertex 397.9457509717396 -2657.0186678022083 0.9999992926538401
  endloop
endfacet
facet normal -6.298909473813831e-09 -2.126350633517816e-10 1.0
  outer loop
    vertex 400.9457509717396 -2657.0186678092887 0.9999993115505686
    vertex 397.94575097270433 -2673.41866749134 0.9999992891666252
    vertex 400.94575097270433 -2673.4186674984203 0.9999993080633537
  endloop
endfacet
facet normal 2.976882003382661e-09 1.0 1.681784760345557e-09
  outer loop
    vertex 397.94575110948995 -2628.2186677932013 8.917390185853545e-07
    vertex 400.94575110948995 -2628.2186678002818 -2.9999990893642527
    vertex 397.9457513453393 -2628.218667787651 -2.9999991082609716
  endloop
endfacet
facet normal 2.976882003382661e-09 1.0 1.681784760345557e-09
  outer loop
    vertex 400.94575110948995 -2628.2186678002818 -2.9999990893642527
    vertex 397.94575110948995 -2628.2186677932013 8.917390185853545e-07
    vertex 400.9457511169196 -2628.218667817858 9.50000156439422
  endloop
endfacet
facet normal 2.976882003382661e-09 1.0 1.681784760345557e-09
  outer loop
    vertex 400.9457511169196 -2628.218667817858 9.50000156439422
    vertex 397.94575110948995 -2628.2186677932013 8.917390185853545e-07
    vertex 397.9457511169196 -2628.218667810778 9.500001545497492
  endloop
endfacet
facet normal 6.553086038499126e-09 0.13052619222002249 -0.9914448613738144
  outer loop
    vertex 400.94575159851075 -2697.2186677674845 9.50000156439422
    vertex 397.945751602139 -2697.606896328058 9.44889028493109
    vertex 397.94575159851075 -2697.218667760404 9.500001545497492
  endloop
endfacet
facet normal 6.553086038499126e-09 0.13052619222002249 -0.9914448613738144
  outer loop
    vertex 397.945751602139 -2697.606896328058 9.44889028493109
    vertex 400.94575159851075 -2697.2186677674845 9.50000156439422
    vertex 400.945751602139 -2697.6068963351386 9.448890303827818
  endloop
endfacet
facet normal 5.70698556765049e-09 0.793353340291085 -0.6087614290089167
  outer loop
    vertex 397.94575161190096 -2698.279327932184 9.060661717277307
    vertex 400.94575161736935 -2698.5177058731615 8.750001564394209
    vertex 397.94575161736935 -2698.5177058660806 8.750001545497481
  endloop
endfacet
facet normal 5.70698556765049e-09 0.793353340291085 -0.6087614290089167
  outer loop
    vertex 400.94575161736935 -2698.5177058731615 8.750001564394209
    vertex 397.94575161190096 -2698.279327932184 9.060661717277307
    vertex 400.94575161190096 -2698.2793279392645 9.060661736174035
  endloop
endfacet
facet normal -1.9620806966919113e-09 0.7933533402910848 0.6087614290089167
  outer loop
    vertex 397.94575163477464 -2698.5177058660806 7.250001545497462
    vertex 400.9457516365157 -2698.2793279392645 6.939341392614365
    vertex 397.9457516365157 -2698.279327932184 6.939341373717636
  endloop
endfacet
facet normal -1.9620806966919113e-09 0.7933533402910848 0.6087614290089167
  outer loop
    vertex 400.9457516365157 -2698.2793279392645 6.939341392614365
    vertex 397.94575163477464 -2698.5177058660806 7.250001545497462
    vertex 400.94575163477464 -2698.5177058731615 7.250001564394189
  endloop
endfacet
facet normal -3.5604775833949888e-09 0.6087614290085409 0.793353340291373
  outer loop
    vertex 400.9457516365157 -2698.2793279392645 6.939341392614365
    vertex 397.945751636853 -2697.968667760404 6.7009634398207965
    vertex 397.9457516365157 -2698.279327932184 6.939341373717636
  endloop
endfacet
facet normal -3.5604775833949888e-09 0.6087614290085409 0.793353340291373
  outer loop
    vertex 397.945751636853 -2697.968667760404 6.7009634398207965
    vertex 400.9457516365157 -2698.2793279392645 6.939341392614365
    vertex 400.945751636853 -2697.9686677674845 6.700963458717524
  endloop
endfacet
facet normal 3.5604775833949888e-09 -0.6087614290085409 -0.793353340291373
  outer loop
    vertex 397.9457506947249 -2632.1580077408325 9.060661717277307
    vertex 400.9457506943876 -2632.468667919693 9.299039670070876
    vertex 397.9457506943876 -2632.4686679126125 9.299039651174148
  endloop
endfacet
facet normal 3.5604775833949888e-09 -0.6087614290085409 -0.793353340291373
  outer loop
    vertex 400.9457506943876 -2632.468667919693 9.299039670070876
    vertex 397.9457506947249 -2632.1580077408325 9.060661717277307
    vertex 400.9457506947249 -2632.158007747913 9.060661736174035
  endloop
endfacet
facet normal -6.553086038499115e-09 -0.1305261922200154 0.9914448613738153
  outer loop
    vertex 397.9457516333213 -2697.218667760404 6.500001545497452
    vertex 400.9457516296931 -2696.830439199831 6.551112824960577
    vertex 397.9457516296931 -2696.8304391927504 6.551112806063849
  endloop
endfacet
facet normal -6.553086038499115e-09 -0.1305261922200154 0.9914448613738153
  outer loop
    vertex 400.9457516296931 -2696.830439199831 6.551112824960577
    vertex 397.9457516333213 -2697.218667760404 6.500001545497452
    vertex 400.9457516333213 -2697.2186677674845 6.5000015643941795
  endloop
endfacet
facet normal -4.591005341808657e-09 -0.923879532511302 0.3826834323650537
  outer loop
    vertex 400.9457516144628 -2695.919629661808 7.250001564394189
    vertex 397.94575160909335 -2695.7697790209704 7.6117729778436845
    vertex 397.9457516144628 -2695.9196296547275 7.250001545497462
  endloop
endfacet
facet normal -4.591005341808657e-09 -0.923879532511302 0.3826834323650537
  outer loop
    vertex 397.94575160909335 -2695.7697790209704 7.6117729778436845
    vertex 400.9457516144628 -2695.919629661808 7.250001564394189
    vertex 400.94575160909335 -2695.769779028051 7.611772996740413
  endloop
endfacet
facet normal 1.9620806966919113e-09 -0.7933533402910848 -0.6087614290089167
  outer loop
    vertex 400.9457515970575 -2695.919629661808 8.750001564394209
    vertex 397.94575159531644 -2696.158007588624 9.060661717277307
    vertex 397.9457515970575 -2695.9196296547275 8.750001545497481
  endloop
endfacet
facet normal 1.9620806966919113e-09 -0.7933533402910848 -0.6087614290089167
  outer loop
    vertex 397.94575159531644 -2696.158007588624 9.060661717277307
    vertex 400.9457515970575 -2695.919629661808 8.750001564394209
    vertex 400.9457515953164 -2696.158007595705 9.060661736174035
  endloop
endfacet
facet normal -2.2997125299890068e-10 0.9238795325113018 0.3826834323650537
  outer loop
    vertex 397.94575073115686 -2634.667556652046 7.6117729778436845
    vertex 400.9457507341831 -2634.5177060253695 7.250001564394189
    vertex 397.9457507341831 -2634.517706018289 7.250001545497462
  endloop
endfacet
facet normal -2.2997125299890068e-10 0.9238795325113018 0.3826834323650537
  outer loop
    vertex 400.9457507341831 -2634.5177060253695 7.250001564394189
    vertex 397.94575073115686 -2634.667556652046 7.6117729778436845
    vertex 400.94575073115686 -2634.6675566591266 7.611772996740413
  endloop
endfacet
facet normal -3.162155688917798e-09 -0.9914448613738341 0.13052619221987283
  outer loop
    vertex 400.94575160909335 -2695.769779028051 7.611772996740413
    vertex 397.94575160418896 -2695.718667760404 8.000001545497472
    vertex 397.94575160909335 -2695.7697790209704 7.6117729778436845
  endloop
endfacet
facet normal -3.162155688917798e-09 -0.9914448613738341 0.13052619221987283
  outer loop
    vertex 397.94575160418896 -2695.718667760404 8.000001545497472
    vertex 400.94575160909335 -2695.769779028051 7.611772996740413
    vertex 400.94575160418896 -2695.7186677674845 8.0000015643942
  endloop
endfacet
facet normal -6.7226332723125805e-09 -0.3826834323650219 0.9238795325113149
  outer loop
    vertex 397.9457507291016 -2632.8304393449584 6.551112806063849
    vertex 400.9457507245344 -2632.4686679196925 6.700963458717524
    vertex 397.9457507245344 -2632.468667912612 6.7009634398207965
  endloop
endfacet
facet normal -6.7226332723125805e-09 -0.3826834323650219 0.9238795325113149
  outer loop
    vertex 400.9457507245344 -2632.4686679196925 6.700963458717524
    vertex 397.9457507291016 -2632.8304393449584 6.551112806063849
    vertex 400.9457507291016 -2632.830439352039 6.551112824960577
  endloop
endfacet
facet normal -3.162155688917798e-09 -0.9914448613738341 0.13052619221987283
  outer loop
    vertex 400.9457507085018 -2631.7697791802593 7.611772996740413
    vertex 397.9457507035974 -2631.7186679126125 8.000001545497472
    vertex 397.9457507085018 -2631.769779173179 7.6117729778436845
  endloop
endfacet
facet normal -3.162155688917798e-09 -0.9914448613738341 0.13052619221987283
  outer loop
    vertex 397.9457507035974 -2631.7186679126125 8.000001545497472
    vertex 400.9457507085018 -2631.7697791802593 7.611772996740413
    vertex 400.9457507035974 -2631.718667919693 8.0000015643942
  endloop
endfacet
facet normal 6.434044158293966e-09 0.6087614290089862 -0.7933533402910314
  outer loop
    vertex 400.94575070611467 -2633.968667919693 9.299039670070876
    vertex 397.9457507113094 -2634.279328084392 9.060661717277307
    vertex 397.94575070611467 -2633.9686679126125 9.299039651174148
  endloop
endfacet
facet normal 6.434044158293966e-09 0.6087614290089862 -0.7933533402910314
  outer loop
    vertex 397.9457507113094 -2634.279328084392 9.060661717277307
    vertex 400.94575070611467 -2633.968667919693 9.299039670070876
    vertex 400.9457507113094 -2634.2793280914725 9.060661736174035
  endloop
endfacet
facet normal -4.916233806754919e-09 0.3826834323653478 0.92387953251118
  outer loop
    vertex 397.9457507362615 -2633.968667912612 6.7009634398207965
    vertex 400.94575073517194 -2633.6068964873466 6.551112824960577
    vertex 397.94575073517194 -2633.606896480266 6.551112806063849
  endloop
endfacet
facet normal -4.916233806754919e-09 0.3826834323653478 0.92387953251118
  outer loop
    vertex 400.94575073517194 -2633.6068964873466 6.551112824960577
    vertex 397.9457507362615 -2633.968667912612 6.7009634398207965
    vertex 400.94575073626146 -2633.9686679196925 6.700963458717524
  endloop
endfacet
facet normal -6.434044158293966e-09 -0.6087614290089862 0.7933533402910314
  outer loop
    vertex 397.9457516251259 -2696.468667760404 6.7009634398207965
    vertex 400.9457516199312 -2696.158007595705 6.939341392614365
    vertex 397.9457516199312 -2696.158007588624 6.939341373717636
  endloop
endfacet
facet normal -6.434044158293966e-09 -0.6087614290089862 0.7933533402910314
  outer loop
    vertex 400.9457516199312 -2696.158007595705 6.939341392614365
    vertex 397.9457516251259 -2696.468667760404 6.7009634398207965
    vertex 400.9457516251259 -2696.4686677674845 6.700963458717524
  endloop
endfacet
facet normal -5.70698556765049e-09 -0.793353340291085 0.6087614290089167
  outer loop
    vertex 400.9457507193396 -2632.158007747913 6.939341392614365
    vertex 397.94575071387123 -2631.9196298069355 7.250001545497462
    vertex 397.9457507193396 -2632.1580077408325 6.939341373717636
  endloop
endfacet
facet normal -5.70698556765049e-09 -0.793353340291085 0.6087614290089167
  outer loop
    vertex 397.94575071387123 -2631.9196298069355 7.250001545497462
    vertex 400.9457507193396 -2632.158007747913 6.939341392614365
    vertex 400.94575071387123 -2631.919629814016 7.250001564394189
  endloop
endfacet
facet normal -4.591005341808657e-09 -0.923879532511302 0.3826834323650537
  outer loop
    vertex 400.94575071387123 -2631.919629814016 7.250001564394189
    vertex 397.9457507085018 -2631.769779173179 7.6117729778436845
    vertex 397.94575071387123 -2631.9196298069355 7.250001545497462
  endloop
endfacet
facet normal -4.591005341808657e-09 -0.923879532511302 0.3826834323650537
  outer loop
    vertex 397.9457507085018 -2631.769779173179 7.6117729778436845
    vertex 400.94575071387123 -2631.919629814016 7.250001564394189
    vertex 400.9457507085018 -2631.7697791802593 7.611772996740413
  endloop
endfacet
facet normal -1.5178103515396047e-09 -0.9914448613738341 -0.13052619221987288
  outer loop
    vertex 400.9457507035974 -2631.718667919693 8.0000015643942
    vertex 397.9457506994922 -2631.769779173179 8.388230113151259
    vertex 397.9457507035974 -2631.7186679126125 8.000001545497472
  endloop
endfacet
facet normal -1.5178103515396047e-09 -0.9914448613738341 -0.13052619221987288
  outer loop
    vertex 397.9457506994922 -2631.769779173179 8.388230113151259
    vertex 400.9457507035974 -2631.718667919693 8.0000015643942
    vertex 400.9457506994922 -2631.7697791802593 8.388230132047987
  endloop
endfacet
facet normal -6.7226332723125805e-09 -0.3826834323650219 0.9238795325113149
  outer loop
    vertex 397.9457516296931 -2696.8304391927504 6.551112806063849
    vertex 400.9457516251259 -2696.4686677674845 6.700963458717524
    vertex 397.9457516251259 -2696.468667760404 6.7009634398207965
  endloop
endfacet
facet normal -6.7226332723125805e-09 -0.3826834323650219 0.9238795325113149
  outer loop
    vertex 400.9457516251259 -2696.4686677674845 6.700963458717524
    vertex 397.9457516296931 -2696.8304391927504 6.551112806063849
    vertex 400.9457516296931 -2696.830439199831 6.551112824960577
  endloop
endfacet
facet normal 2.2997125299890068e-10 -0.9238795325113018 -0.3826834323650537
  outer loop
    vertex 400.9457506994922 -2631.7697791802593 8.388230132047987
    vertex 397.94575069646595 -2631.9196298069355 8.750001545497481
    vertex 397.9457506994922 -2631.769779173179 8.388230113151259
  endloop
endfacet
facet normal 2.2997125299890068e-10 -0.9238795325113018 -0.3826834323650537
  outer loop
    vertex 397.94575069646595 -2631.9196298069355 8.750001545497481
    vertex 400.9457506994922 -2631.7697791802593 8.388230132047987
    vertex 400.94575069646595 -2631.919629814016 8.750001564394209
  endloop
endfacet
facet normal 4.916233806754919e-09 -0.3826834323653478 -0.92387953251118
  outer loop
    vertex 400.9457515949791 -2696.468667767485 9.299039670070876
    vertex 397.94575159606865 -2696.8304391927504 9.448890284931094
    vertex 397.9457515949791 -2696.468667760404 9.299039651174148
  endloop
endfacet
facet normal 4.916233806754919e-09 -0.3826834323653478 -0.92387953251118
  outer loop
    vertex 397.94575159606865 -2696.8304391927504 9.448890284931094
    vertex 400.9457515949791 -2696.468667767485 9.299039670070876
    vertex 400.94575159606865 -2696.830439199831 9.448890303827822
  endloop
endfacet
facet normal -6.434044158293966e-09 -0.6087614290089862 0.7933533402910314
  outer loop
    vertex 397.9457507245344 -2632.468667912612 6.7009634398207965
    vertex 400.9457507193396 -2632.158007747913 6.939341392614365
    vertex 397.9457507193396 -2632.1580077408325 6.939341373717636
  endloop
endfacet
facet normal -6.434044158293966e-09 -0.6087614290089862 0.7933533402910314
  outer loop
    vertex 400.9457507193396 -2632.158007747913 6.939341392614365
    vertex 397.9457507245344 -2632.468667912612 6.7009634398207965
    vertex 400.9457507245344 -2632.4686679196925 6.700963458717524
  endloop
endfacet
facet normal -5.936956820648888e-09 0.13052619222001532 0.9914448613738153
  outer loop
    vertex 397.9457516357635 -2697.606896328058 6.551112806063849
    vertex 400.9457516333213 -2697.2186677674845 6.5000015643941795
    vertex 397.9457516333213 -2697.218667760404 6.500001545497452
  endloop
endfacet
facet normal -5.936956820648888e-09 0.13052619222001532 0.9914448613738153
  outer loop
    vertex 400.9457516333213 -2697.2186677674845 6.5000015643941795
    vertex 397.9457516357635 -2697.606896328058 6.551112806063849
    vertex 400.9457516357635 -2697.6068963351386 6.551112824960577
  endloop
endfacet
facet normal -1.5178103515396047e-09 -0.9914448613738341 -0.13052619221987288
  outer loop
    vertex 400.94575160418896 -2695.7186677674845 8.0000015643942
    vertex 397.9457516000837 -2695.7697790209704 8.388230113151259
    vertex 397.94575160418896 -2695.718667760404 8.000001545497472
  endloop
endfacet
facet normal -1.5178103515396047e-09 -0.9914448613738341 -0.13052619221987288
  outer loop
    vertex 397.9457516000837 -2695.7697790209704 8.388230113151259
    vertex 400.94575160418896 -2695.7186677674845 8.0000015643942
    vertex 400.9457516000837 -2695.769779028051 8.388230132047987
  endloop
endfacet
facet normal 5.70698556765049e-09 0.793353340291085 -0.6087614290089167
  outer loop
    vertex 397.9457507113094 -2634.279328084392 9.060661717277307
    vertex 400.9457507167778 -2634.5177060253695 8.750001564394209
    vertex 397.9457507167778 -2634.517706018289 8.750001545497481
  endloop
endfacet
facet normal 5.70698556765049e-09 0.793353340291085 -0.6087614290089167
  outer loop
    vertex 400.9457507167778 -2634.5177060253695 8.750001564394209
    vertex 397.9457507113094 -2634.279328084392 9.060661717277307
    vertex 400.9457507113094 -2634.2793280914725 9.060661736174035
  endloop
endfacet
facet normal 3.162155688917804e-09 0.991444861373834 -0.13052619221987377
  outer loop
    vertex 397.94575072214724 -2634.667556652046 8.388230113151256
    vertex 400.94575072705163 -2634.718667919693 8.0000015643942
    vertex 397.94575072705163 -2634.7186679126125 8.000001545497472
  endloop
endfacet
facet normal 3.162155688917804e-09 0.991444861373834 -0.13052619221987377
  outer loop
    vertex 400.94575072705163 -2634.718667919693 8.0000015643942
    vertex 397.94575072214724 -2634.667556652046 8.388230113151256
    vertex 400.94575072214724 -2634.6675566591266 8.388230132047983
  endloop
endfacet
facet normal 4.5910053418086426e-09 0.9238795325113028 -0.3826834323650511
  outer loop
    vertex 397.9457507167778 -2634.517706018289 8.750001545497481
    vertex 400.94575072214724 -2634.6675566591266 8.388230132047983
    vertex 397.94575072214724 -2634.667556652046 8.388230113151256
  endloop
endfacet
facet normal 4.5910053418086426e-09 0.9238795325113028 -0.3826834323650511
  outer loop
    vertex 400.94575072214724 -2634.6675566591266 8.388230132047983
    vertex 397.9457507167778 -2634.517706018289 8.750001545497481
    vertex 400.9457507167778 -2634.5177060253695 8.750001564394209
  endloop
endfacet
facet normal -5.936956820648888e-09 0.13052619222001532 0.9914448613738153
  outer loop
    vertex 397.94575073517194 -2633.606896480266 6.551112806063849
    vertex 400.94575073272983 -2633.218667919693 6.5000015643941795
    vertex 397.94575073272983 -2633.2186679126125 6.500001545497452
  endloop
endfacet
facet normal -5.936956820648888e-09 0.13052619222001532 0.9914448613738153
  outer loop
    vertex 400.94575073272983 -2633.218667919693 6.5000015643941795
    vertex 397.94575073517194 -2633.606896480266 6.551112806063849
    vertex 400.94575073517194 -2633.6068964873466 6.551112824960577
  endloop
endfacet
facet normal -6.553086038499115e-09 -0.1305261922200154 0.9914448613738153
  outer loop
    vertex 397.94575073272983 -2633.2186679126125 6.500001545497452
    vertex 400.9457507291016 -2632.830439352039 6.551112824960577
    vertex 397.9457507291016 -2632.8304393449584 6.551112806063849
  endloop
endfacet
facet normal -6.553086038499115e-09 -0.1305261922200154 0.9914448613738153
  outer loop
    vertex 400.9457507291016 -2632.830439352039 6.551112824960577
    vertex 397.94575073272983 -2633.2186679126125 6.500001545497452
    vertex 400.94575073272983 -2633.218667919693 6.5000015643941795
  endloop
endfacet
facet normal 3.5604775833949888e-09 -0.6087614290085409 -0.793353340291373
  outer loop
    vertex 397.94575159531644 -2696.158007588624 9.060661717277307
    vertex 400.9457515949791 -2696.468667767485 9.299039670070876
    vertex 397.9457515949791 -2696.468667760404 9.299039651174148
  endloop
endfacet
facet normal 3.5604775833949888e-09 -0.6087614290085409 -0.793353340291373
  outer loop
    vertex 400.9457515949791 -2696.468667767485 9.299039670070876
    vertex 397.94575159531644 -2696.158007588624 9.060661717277307
    vertex 400.9457515953164 -2696.158007595705 9.060661736174035
  endloop
endfacet
facet normal -1.9620806966919113e-09 0.7933533402910848 0.6087614290089167
  outer loop
    vertex 397.9457507341831 -2634.517706018289 7.250001545497462
    vertex 400.94575073592415 -2634.2793280914725 6.939341392614365
    vertex 397.9457507359242 -2634.279328084392 6.939341373717636
  endloop
endfacet
facet normal -1.9620806966919113e-09 0.7933533402910848 0.6087614290089167
  outer loop
    vertex 400.94575073592415 -2634.2793280914725 6.939341392614365
    vertex 397.9457507341831 -2634.517706018289 7.250001545497462
    vertex 400.9457507341831 -2634.5177060253695 7.250001564394189
  endloop
endfacet
facet normal -5.70698556765049e-09 -0.793353340291085 0.6087614290089167
  outer loop
    vertex 400.9457516199312 -2696.158007595705 6.939341392614365
    vertex 397.9457516144628 -2695.9196296547275 7.250001545497462
    vertex 397.9457516199312 -2696.158007588624 6.939341373717636
  endloop
endfacet
facet normal -5.70698556765049e-09 -0.793353340291085 0.6087614290089167
  outer loop
    vertex 397.9457516144628 -2695.9196296547275 7.250001545497462
    vertex 400.9457516199312 -2696.158007595705 6.939341392614365
    vertex 400.9457516144628 -2695.919629661808 7.250001564394189
  endloop
endfacet
facet normal 2.2997125299890068e-10 -0.9238795325113018 -0.3826834323650537
  outer loop
    vertex 400.9457516000837 -2695.769779028051 8.388230132047987
    vertex 397.9457515970575 -2695.9196296547275 8.750001545497481
    vertex 397.9457516000837 -2695.7697790209704 8.388230113151259
  endloop
endfacet
facet normal 2.2997125299890068e-10 -0.9238795325113018 -0.3826834323650537
  outer loop
    vertex 397.9457515970575 -2695.9196296547275 8.750001545497481
    vertex 400.9457516000837 -2695.769779028051 8.388230132047987
    vertex 400.9457515970575 -2695.919629661808 8.750001564394209
  endloop
endfacet
facet normal 1.5178103515396047e-09 0.9914448613738341 0.13052619221987288
  outer loop
    vertex 397.94575072705163 -2634.7186679126125 8.000001545497472
    vertex 400.94575073115686 -2634.6675566591266 7.611772996740413
    vertex 397.94575073115686 -2634.667556652046 7.6117729778436845
  endloop
endfacet
facet normal 1.5178103515396047e-09 0.9914448613738341 0.13052619221987288
  outer loop
    vertex 400.94575073115686 -2634.6675566591266 7.611772996740413
    vertex 397.94575072705163 -2634.7186679126125 8.000001545497472
    vertex 400.94575072705163 -2634.718667919693 8.0000015643942
  endloop
endfacet
facet normal 1.9620806966919113e-09 -0.7933533402910848 -0.6087614290089167
  outer loop
    vertex 400.94575069646595 -2631.919629814016 8.750001564394209
    vertex 397.9457506947249 -2632.1580077408325 9.060661717277307
    vertex 397.94575069646595 -2631.9196298069355 8.750001545497481
  endloop
endfacet
facet normal 1.9620806966919113e-09 -0.7933533402910848 -0.6087614290089167
  outer loop
    vertex 397.9457506947249 -2632.1580077408325 9.060661717277307
    vertex 400.94575069646595 -2631.919629814016 8.750001564394209
    vertex 400.9457506947249 -2632.158007747913 9.060661736174035
  endloop
endfacet
facet normal -3.5604775833949888e-09 0.6087614290085409 0.793353340291373
  outer loop
    vertex 400.94575073592415 -2634.2793280914725 6.939341392614365
    vertex 397.9457507362615 -2633.968667912612 6.7009634398207965
    vertex 397.9457507359242 -2634.279328084392 6.939341373717636
  endloop
endfacet
facet normal -3.5604775833949888e-09 0.6087614290085409 0.793353340291373
  outer loop
    vertex 397.9457507362615 -2633.968667912612 6.7009634398207965
    vertex 400.94575073592415 -2634.2793280914725 6.939341392614365
    vertex 400.94575073626146 -2633.9686679196925 6.700963458717524
  endloop
endfacet
facet normal 6.553086038499115e-09 0.1305261922200154 -0.9914448613738153
  outer loop
    vertex 400.94575069791927 -2633.218667919693 9.50000156439422
    vertex 397.94575070154747 -2633.606896480266 9.448890284931094
    vertex 397.94575069791927 -2633.2186679126125 9.500001545497492
  endloop
endfacet
facet normal 6.553086038499115e-09 0.1305261922200154 -0.9914448613738153
  outer loop
    vertex 397.94575070154747 -2633.606896480266 9.448890284931094
    vertex 400.94575069791927 -2633.218667919693 9.50000156439422
    vertex 400.94575070154747 -2633.6068964873466 9.448890303827822
  endloop
endfacet
facet normal 4.916233806754919e-09 -0.3826834323653478 -0.92387953251118
  outer loop
    vertex 400.9457506943876 -2632.468667919693 9.299039670070876
    vertex 397.9457506954771 -2632.8304393449584 9.448890284931094
    vertex 397.9457506943876 -2632.4686679126125 9.299039651174148
  endloop
endfacet
facet normal 4.916233806754919e-09 -0.3826834323653478 -0.92387953251118
  outer loop
    vertex 397.9457506954771 -2632.8304393449584 9.448890284931094
    vertex 400.9457506943876 -2632.468667919693 9.299039670070876
    vertex 400.9457506954771 -2632.830439352039 9.448890303827822
  endloop
endfacet
facet normal 5.936956820648888e-09 -0.13052619222001532 -0.9914448613738153
  outer loop
    vertex 400.9457506954771 -2632.830439352039 9.448890303827822
    vertex 397.94575069791927 -2633.2186679126125 9.500001545497492
    vertex 397.9457506954771 -2632.8304393449584 9.448890284931094
  endloop
endfacet
facet normal 5.936956820648888e-09 -0.13052619222001532 -0.9914448613738153
  outer loop
    vertex 397.94575069791927 -2633.2186679126125 9.500001545497492
    vertex 400.9457506954771 -2632.830439352039 9.448890303827822
    vertex 400.94575069791927 -2633.218667919693 9.50000156439422
  endloop
endfacet
facet normal 6.7226332723125805e-09 0.3826834323650219 -0.9238795325113149
  outer loop
    vertex 400.94575070154747 -2633.6068964873466 9.448890303827822
    vertex 397.94575070611467 -2633.9686679126125 9.299039651174148
    vertex 397.94575070154747 -2633.606896480266 9.448890284931094
  endloop
endfacet
facet normal 6.7226332723125805e-09 0.3826834323650219 -0.9238795325113149
  outer loop
    vertex 397.94575070611467 -2633.9686679126125 9.299039651174148
    vertex 400.94575070154747 -2633.6068964873466 9.448890303827822
    vertex 400.94575070611467 -2633.968667919693 9.299039670070876
  endloop
endfacet
facet normal 0.7933533402910463 -0.6087614290089645 5.3760853788752875e-08
  outer loop
    vertex 379.6467130038134 -2684.4686677302225 -3.0000006669815233
    vertex 379.88509073015894 -2684.1580075639936 -8.204633330140392e-07
    vertex 379.64671279626214 -2684.468667735773 -8.375299729021424e-07
  endloop
endfacet
facet normal 0.7933533402910463 -0.6087614290089645 5.3760853788752875e-08
  outer loop
    vertex 379.88509073015894 -2684.1580075639936 -8.204633330140392e-07
    vertex 379.6467130038134 -2684.4686677302225 -3.0000006669815233
    vertex 379.8850909377102 -2684.158007558443 -3.0000006499148846
  endloop
endfacet
facet normal 0.9914448613738063 -0.13052619222006534 6.835036624310291e-08
  outer loop
    vertex 379.44575110949 -2685.2186677302225 -3.000000682272422
    vertex 379.4968621625052 -2684.8304391681195 -8.485665264887842e-07
    vertex 379.44575090193877 -2685.2186677357736 -8.528208708858023e-07
  endloop
endfacet
facet normal 0.9914448613738063 -0.13052619222006534 6.835036624310291e-08
  outer loop
    vertex 379.4968621625052 -2684.8304391681195 -8.485665264887842e-07
    vertex 379.44575110949 -2685.2186677302225 -3.000000682272422
    vertex 379.4968623700564 -2684.830439162569 -3.0000006780180772
  endloop
endfacet
facet normal 0.9914448613738063 0.1305261922200651 6.883334925115497e-08
  outer loop
    vertex 379.4968623700564 -2685.6068962978766 -3.00000067945463
    vertex 379.44575090193877 -2685.2186677357736 -8.528208708858023e-07
    vertex 379.4968621625052 -2685.606896303427 -8.500030795531765e-07
  endloop
endfacet
facet normal 0.9914448613738063 0.1305261922200651 6.883334925115497e-08
  outer loop
    vertex 379.44575090193877 -2685.2186677357736 -8.528208708858023e-07
    vertex 379.4968623700564 -2685.6068962978766 -3.00000067945463
    vertex 379.44575110949 -2685.2186677302225 -3.000000682272422
  endloop
endfacet
facet normal -0.13052619221986747 -0.9914448613738347 -1.086459947144997e-08
  outer loop
    vertex 381.3339796771439 -2683.769778990789 -3.0000005489570745
    vertex 380.9457509019388 -2683.7186677357736 -7.462700621987159e-07
    vertex 380.94575110949006 -2683.7186677302225 -3.000000575721613
  endloop
endfacet
facet normal -0.13052619221986747 -0.9914448613738347 -1.086459947144997e-08
  outer loop
    vertex 380.9457509019388 -2683.7186677357736 -7.462700621987159e-07
    vertex 381.3339796771439 -2683.769778990789 -3.0000005489570745
    vertex 381.3339794695926 -2683.7697789963395 -7.19505523071041e-07
  endloop
endfacet
facet normal 0.9238795325113278 0.38268343236498564 6.46254532602317e-08
  outer loop
    vertex 379.6467130038134 -2685.968667730223 -3.0000006697567314
    vertex 379.4968621625052 -2685.606896303427 -8.500030795531765e-07
    vertex 379.64671279626214 -2685.9686677357736 -8.403051803136046e-07
  endloop
endfacet
facet normal 0.9238795325113278 0.38268343236498564 6.46254532602317e-08
  outer loop
    vertex 379.4968621625052 -2685.606896303427 -8.500030795531765e-07
    vertex 379.6467130038134 -2685.968667730223 -3.0000006697567314
    vertex 379.4968623700564 -2685.6068962978766 -3.00000067945463
  endloop
endfacet
facet normal 0.3826834323650648 -0.9238795325112968 2.4766163977320204e-08
  outer loop
    vertex 380.55752254183625 -2683.769778990789 -3.0000006026752786
    vertex 380.19575090193877 -2683.9196296300966 -7.985296701288931e-07
    vertex 380.19575110949006 -2683.919629624546 -3.000000627981221
  endloop
endfacet
facet normal 0.3826834323650648 -0.9238795325112968 2.4766163977320204e-08
  outer loop
    vertex 380.19575090193877 -2683.9196296300966 -7.985296701288931e-07
    vertex 380.55752254183625 -2683.769778990789 -3.0000006026752786
    vertex 380.557522334285 -2683.7697789963395 -7.732237271252351e-07
  endloop
endfacet
facet normal 0.13052619221986772 -0.9914448613738347 7.195979301662425e-09
  outer loop
    vertex 380.94575110949006 -2683.7186677302225 -3.000000575721613
    vertex 380.557522334285 -2683.7697789963395 -7.732237271252351e-07
    vertex 380.55752254183625 -2683.769778990789 -3.0000006026752786
  endloop
endfacet
facet normal 0.13052619221986772 -0.9914448613738347 7.195979301662425e-09
  outer loop
    vertex 380.557522334285 -2683.7697789963395 -7.732237271252351e-07
    vertex 380.94575110949006 -2683.7186677302225 -3.000000575721613
    vertex 380.9457509019388 -2683.7186677357736 -7.462700621987159e-07
  endloop
endfacet
facet normal 0.9238795325113278 -0.3826834323649859 6.320941872990761e-08
  outer loop
    vertex 379.4968623700564 -2684.830439162569 -3.0000006780180772
    vertex 379.64671279626214 -2684.468667735773 -8.375299729021424e-07
    vertex 379.4968621625052 -2684.8304391681195 -8.485665264887842e-07
  endloop
endfacet
facet normal 0.9238795325113278 -0.3826834323649859 6.320941872990761e-08
  outer loop
    vertex 379.64671279626214 -2684.468667735773 -8.375299729021424e-07
    vertex 379.4968623700564 -2684.830439162569 -3.0000006780180772
    vertex 379.6467130038134 -2684.4686677302225 -3.0000006669815233
  endloop
endfacet
facet normal 0.6087614290089005 -0.7933533402910963 4.0648575505948035e-08
  outer loop
    vertex 380.19575110949006 -2683.919629624546 -3.000000627981221
    vertex 379.88509073015894 -2684.1580075639936 -8.204633330140392e-07
    vertex 379.8850909377102 -2684.158007558443 -3.0000006499148846
  endloop
endfacet
facet normal 0.6087614290089005 -0.7933533402910963 4.0648575505948035e-08
  outer loop
    vertex 379.88509073015894 -2684.1580075639936 -8.204633330140392e-07
    vertex 380.19575110949006 -2683.919629624546 -3.000000627981221
    vertex 380.19575090193877 -2683.9196296300966 -7.985296701288931e-07
  endloop
endfacet
facet normal -0.3826834323650645 -0.9238795325112967 -2.8184773745218165e-08
  outer loop
    vertex 381.69575110949006 -2683.919629624546 -3.0000005242056194
    vertex 381.3339794695926 -2683.7697789963395 -7.19505523071041e-07
    vertex 381.3339796771439 -2683.769778990789 -3.0000005489570745
  endloop
endfacet
facet normal -0.3826834323650645 -0.9238795325112967 -2.8184773745218165e-08
  outer loop
    vertex 381.3339794695926 -2683.7697789963395 -7.19505523071041e-07
    vertex 381.69575110949006 -2683.919629624546 -3.0000005242056194
    vertex 381.6957509019388 -2683.9196296300966 -6.94754068853269e-07
  endloop
endfacet
facet normal 0.3826834323650645 0.9238795325112967 2.8184773745218165e-08
  outer loop
    vertex 380.19575090193877 -2686.51770584145 -8.033364703670875e-07
    vertex 380.55752254183625 -2686.667556469656 -3.0000006080365678
    vertex 380.19575110949006 -2686.5177058358995 -3.000000632788021
  endloop
endfacet
facet normal 0.3826834323650645 0.9238795325112967 2.8184773745218165e-08
  outer loop
    vertex 380.55752254183625 -2686.667556469656 -3.0000006080365678
    vertex 380.19575090193877 -2686.51770584145 -8.033364703670875e-07
    vertex 380.557522334285 -2686.667556475207 -7.785850161493155e-07
  endloop
endfacet
facet normal -0.9914448613738063 -0.1305261922200651 -6.883334925115497e-08
  outer loop
    vertex 382.3946396413724 -2684.8304391681195 -6.4808745966718e-07
    vertex 382.44575110949006 -2685.2186677302225 -3.0000004747212197
    vertex 382.4457509019388 -2685.2186677357736 -6.452696683345542e-07
  endloop
endfacet
facet normal -0.9914448613738063 -0.1305261922200651 -6.883334925115497e-08
  outer loop
    vertex 382.44575110949006 -2685.2186677302225 -3.0000004747212197
    vertex 382.3946396413724 -2684.8304391681195 -6.4808745966718e-07
    vertex 382.39463984892365 -2684.830439162569 -3.0000004775390106
  endloop
endfacet
facet normal 0.6087614290089004 0.7933533402910962 4.358420226579343e-08
  outer loop
    vertex 379.88509073015894 -2686.279327907553 -8.243880689737275e-07
    vertex 380.19575110949006 -2686.5177058358995 -3.000000632788021
    vertex 379.8850909377102 -2686.2793279020025 -3.0000006538396193
  endloop
endfacet
facet normal 0.6087614290089004 0.7933533402910962 4.358420226579343e-08
  outer loop
    vertex 380.19575110949006 -2686.5177058358995 -3.000000632788021
    vertex 379.88509073015894 -2686.279327907553 -8.243880689737275e-07
    vertex 380.19575090193877 -2686.51770584145 -8.033364703670875e-07
  endloop
endfacet
facet normal 0.13052619221986747 0.9914448613738347 1.086459947144997e-08
  outer loop
    vertex 380.557522334285 -2686.667556475207 -7.785850161493155e-07
    vertex 380.94575110949006 -2686.7186677302225 -3.0000005812720274
    vertex 380.55752254183625 -2686.667556469656 -3.0000006080365678
  endloop
endfacet
facet normal 0.13052619221986747 0.9914448613738347 1.086459947144997e-08
  outer loop
    vertex 380.94575110949006 -2686.7186677302225 -3.0000005812720274
    vertex 380.557522334285 -2686.667556475207 -7.785850161493155e-07
    vertex 380.9457509019388 -2686.7186677357736 -7.518204770216405e-07
  endloop
endfacet
facet normal -0.3826834323650648 0.9238795325112968 -2.4766163977320204e-08
  outer loop
    vertex 381.3339794695926 -2686.667556475207 -7.248668120951216e-07
    vertex 381.69575110949006 -2686.5177058358995 -3.00000052901242
    vertex 381.3339796771439 -2686.667556469656 -3.0000005543183637
  endloop
endfacet
facet normal -0.3826834323650648 0.9238795325112968 -2.4766163977320204e-08
  outer loop
    vertex 381.69575110949006 -2686.5177058358995 -3.00000052901242
    vertex 381.3339794695926 -2686.667556475207 -7.248668120951216e-07
    vertex 381.6957509019388 -2686.51770584145 -6.995608690914634e-07
  endloop
endfacet
facet normal -0.6087614290089005 0.7933533402910963 -4.0648575505948035e-08
  outer loop
    vertex 381.6957509019388 -2686.51770584145 -6.995608690914634e-07
    vertex 382.0064112812699 -2686.2793279020025 -3.000000507078757
    vertex 381.69575110949006 -2686.5177058358995 -3.00000052901242
  endloop
endfacet
facet normal -0.6087614290089005 0.7933533402910963 -4.0648575505948035e-08
  outer loop
    vertex 382.0064112812699 -2686.2793279020025 -3.000000507078757
    vertex 381.6957509019388 -2686.51770584145 -6.995608690914634e-07
    vertex 382.00641107371865 -2686.279327907553 -6.776272062063172e-07
  endloop
endfacet
facet normal -0.9238795325113278 0.3826834323649859 -6.320941872990761e-08
  outer loop
    vertex 382.3946396413724 -2685.606896303427 -6.495240127315722e-07
    vertex 382.2447892151667 -2685.968667730223 -3.000000490012117
    vertex 382.24478900761545 -2685.9686677357736 -6.60560566318214e-07
  endloop
endfacet
facet normal -0.9238795325113278 0.3826834323649859 -6.320941872990761e-08
  outer loop
    vertex 382.2447892151667 -2685.968667730223 -3.000000490012117
    vertex 382.3946396413724 -2685.606896303427 -6.495240127315722e-07
    vertex 382.39463984892365 -2685.6068962978766 -3.0000004789755637
  endloop
endfacet
facet normal -0.13052619221986772 0.9914448613738347 -7.195979301662425e-09
  outer loop
    vertex 380.9457509019388 -2686.7186677357736 -7.518204770216405e-07
    vertex 381.3339796771439 -2686.667556469656 -3.0000005543183637
    vertex 380.94575110949006 -2686.7186677302225 -3.0000005812720274
  endloop
endfacet
facet normal -0.13052619221986772 0.9914448613738347 -7.195979301662425e-09
  outer loop
    vertex 381.3339796771439 -2686.667556469656 -3.0000005543183637
    vertex 380.9457509019388 -2686.7186677357736 -7.518204770216405e-07
    vertex 381.3339794695926 -2686.667556475207 -7.248668120951216e-07
  endloop
endfacet
facet normal -0.6087614290089004 -0.7933533402910962 -4.358420226579343e-08
  outer loop
    vertex 382.0064112812699 -2684.158007558443 -3.000000503154021
    vertex 381.6957509019388 -2683.9196296300966 -6.94754068853269e-07
    vertex 381.69575110949006 -2683.919629624546 -3.0000005242056194
  endloop
endfacet
facet normal -0.6087614290089004 -0.7933533402910962 -4.358420226579343e-08
  outer loop
    vertex 381.6957509019388 -2683.9196296300966 -6.94754068853269e-07
    vertex 382.0064112812699 -2684.158007558443 -3.000000503154021
    vertex 382.00641107371865 -2684.1580075639936 -6.73702470246629e-07
  endloop
endfacet
facet normal 0.7933533402910463 0.6087614290089643 5.6013439428216776e-08
  outer loop
    vertex 379.8850909377102 -2686.2793279020025 -3.0000006538396193
    vertex 379.64671279626214 -2685.9686677357736 -8.403051803136046e-07
    vertex 379.88509073015894 -2686.279327907553 -8.243880689737275e-07
  endloop
endfacet
facet normal 0.7933533402910463 0.6087614290089643 5.6013439428216776e-08
  outer loop
    vertex 379.64671279626214 -2685.9686677357736 -8.403051803136046e-07
    vertex 379.8850909377102 -2686.2793279020025 -3.0000006538396193
    vertex 379.6467130038134 -2685.968667730223 -3.0000006697567314
  endloop
endfacet
facet normal -0.9238795325113278 -0.38268343236498564 -6.46254532602317e-08
  outer loop
    vertex 382.24478900761545 -2684.468667735773 -6.577853589067517e-07
    vertex 382.39463984892365 -2684.830439162569 -3.0000004775390106
    vertex 382.3946396413724 -2684.8304391681195 -6.4808745966718e-07
  endloop
endfacet
facet normal -0.9238795325113278 -0.38268343236498564 -6.46254532602317e-08
  outer loop
    vertex 382.39463984892365 -2684.830439162569 -3.0000004775390106
    vertex 382.24478900761545 -2684.468667735773 -6.577853589067517e-07
    vertex 382.2447892151667 -2684.4686677302225 -3.000000487236911
  endloop
endfacet
facet normal -0.9914448613738063 0.13052619222006534 -6.835036624310291e-08
  outer loop
    vertex 382.4457509019388 -2685.2186677357736 -6.452696683345542e-07
    vertex 382.39463984892365 -2685.6068962978766 -3.0000004789755637
    vertex 382.3946396413724 -2685.606896303427 -6.495240127315722e-07
  endloop
endfacet
facet normal -0.9914448613738063 0.13052619222006534 -6.835036624310291e-08
  outer loop
    vertex 382.39463984892365 -2685.6068962978766 -3.0000004789755637
    vertex 382.4457509019388 -2685.2186677357736 -6.452696683345542e-07
    vertex 382.44575110949006 -2685.2186677302225 -3.0000004747212197
  endloop
endfacet
facet normal -0.7933533402910463 0.6087614290089645 -5.3760853788752875e-08
  outer loop
    vertex 382.24478900761545 -2685.9686677357736 -6.60560566318214e-07
    vertex 382.0064112812699 -2686.2793279020025 -3.000000507078757
    vertex 382.00641107371865 -2686.279327907553 -6.776272062063172e-07
  endloop
endfacet
facet normal -0.7933533402910463 0.6087614290089645 -5.3760853788752875e-08
  outer loop
    vertex 382.0064112812699 -2686.2793279020025 -3.000000507078757
    vertex 382.24478900761545 -2685.9686677357736 -6.60560566318214e-07
    vertex 382.2447892151667 -2685.968667730223 -3.000000490012117
  endloop
endfacet
facet normal -0.7933533402910463 -0.6087614290089643 -5.6013439428216776e-08
  outer loop
    vertex 382.00641107371865 -2684.1580075639936 -6.73702470246629e-07
    vertex 382.2447892151667 -2684.4686677302225 -3.000000487236911
    vertex 382.24478900761545 -2684.468667735773 -6.577853589067517e-07
  endloop
endfacet
facet normal -0.7933533402910463 -0.6087614290089643 -5.6013439428216776e-08
  outer loop
    vertex 382.2447892151667 -2684.4686677302225 -3.000000487236911
    vertex 382.00641107371865 -2684.1580075639936 -6.73702470246629e-07
    vertex 382.0064112812699 -2684.158007558443 -3.000000503154021
  endloop
endfacet
endsolid [V2] MAKEROBOT 2026 JUNIOR
