solid [V2] MAKEROBOT 2026 JUNIOR
facet normal -7.935701266242112e-09 1.0 -4.609448033617805e-16
  outer loop
    vertex 451.65454133157317 -2936.995394457805 28.69066603126582
    vertex 458.9045388315539 -2936.9953944002714 26.75096195911363
    vertex 451.6545414442408 -2936.995394457805 26.75096160995697
  endloop
endfacet
facet normal -7.935701266242112e-09 1.0 -4.609448033617805e-16
  outer loop
    vertex 458.9045388315539 -2936.9953944002714 26.75096195911363
    vertex 451.65454133157317 -2936.995394457805 28.69066603126582
    vertex 458.9045387188863 -2936.9953944002714 28.69066638042248
  endloop
endfacet
facet normal 9.419671463334223e-08 2.871421952957485e-16 -0.9999999999999956
  outer loop
    vertex 458.9045388315539 -2936.9953944002714 26.75096195911363
    vertex 451.6545415975127 -2946.4342360051246 26.75096160995698
    vertex 451.6545414442408 -2936.995394457805 26.75096160995697
  endloop
endfacet
facet normal 9.419671463334223e-08 2.871421952957485e-16 -0.9999999999999956
  outer loop
    vertex 451.6545415975127 -2946.4342360051246 26.75096160995698
    vertex 458.9045388315539 -2936.9953944002714 26.75096195911363
    vertex 458.90453902154917 -2946.43423600674 26.750962292882924
  endloop
endfacet
facet normal 0.9238795325113007 1.0957346751703637e-08 0.38268343236505625
  outer loop
    vertex 546.2304997577494 -2922.4342361554022 46.30000032438525
    vertex 546.080649072637 -2917.4342360767996 46.661771737550005
    vertex 546.0806491239924 -2922.434236155553 46.66177175673148
  endloop
endfacet
facet normal 0.9238795325113007 1.0957346751703637e-08 0.38268343236505625
  outer loop
    vertex 546.080649072637 -2917.4342360767996 46.661771737550005
    vertex 546.2304997577494 -2922.4342361554022 46.30000032438525
    vertex 546.230499706394 -2917.434236076648 46.300000305203795
  endloop
endfacet
facet normal 0.7933533402911961 5.813225558332679e-09 -0.6087614290087717
  outer loop
    vertex 546.230499706394 -2917.4342360708933 47.80000030520382
    vertex 546.4688776916461 -2922.4342361460076 48.11066049616511
    vertex 546.2304997577494 -2922.4342361496474 47.80000032438527
  endloop
endfacet
facet normal 0.7933533402911961 5.813225558332679e-09 -0.6087614290087717
  outer loop
    vertex 546.4688776916461 -2922.4342361460076 48.11066049616511
    vertex 546.230499706394 -2917.4342360708933 47.80000030520382
    vertex 546.4688776402908 -2917.4342360672536 48.110660476983625
  endloop
endfacet
facet normal 2.9047824639956006e-09 -1.0 -6.258765426815291e-09
  outer loop
    vertex 548.6545367715153 -2984.434236107393 53.04999972237731
    vertex 543.4045384237698 -2984.4342361022386 50.049999738980496
    vertex 551.6545375094078 -2984.4342360725755 50.04999973590016
  endloop
endfacet
facet normal 2.9047824639956006e-09 -1.0 -6.258765426815291e-09
  outer loop
    vertex 543.4045384237698 -2984.4342361022386 50.049999738980496
    vertex 548.6545367715153 -2984.434236107393 53.04999972237731
    vertex 543.4045384237698 -2984.434236113688 53.049999724564806
  endloop
endfacet
facet normal 0.9999999999999987 5.053630286665768e-08 -8.124074893096458e-09
  outer loop
    vertex 555.6545381609915 -2976.434235437086 44.04999986228587
    vertex 555.6545384299211 -2981.4342359023435 46.05000016833127
    vertex 555.6545384206738 -2981.4342359524117 44.04999986548587
  endloop
endfacet
facet normal 0.9999999999999987 5.053630286665768e-08 -8.124074893096458e-09
  outer loop
    vertex 555.6545384299211 -2981.4342359023435 46.05000016833127
    vertex 555.6545381609915 -2976.434235437086 44.04999986228587
    vertex 555.6545381842404 -2976.4342354480505 46.04999986228586
  endloop
endfacet
facet normal -0.9914448613738039 -9.682494437663633e-09 0.13052619222010034
  outer loop
    vertex 549.029537863426 -2922.4342361237755 47.05000032438526
    vertex 548.9784265515043 -2917.434236047036 46.66177173755001
    vertex 548.9784266028596 -2922.43423612579 46.66177175673148
  endloop
endfacet
facet normal -0.9914448613738039 -9.682494437663633e-09 0.13052619222010034
  outer loop
    vertex 548.9784265515043 -2917.434236047036 46.66177173755001
    vertex 549.029537863426 -2922.4342361237755 47.05000032438526
    vertex 549.0295378120705 -2917.4342360450214 47.0500003052038
  endloop
endfacet
facet normal 0.608761429008759 3.209114496596061e-09 -0.7933533402912059
  outer loop
    vertex 546.7795378120705 -2917.434236063148 48.349038410880475
    vertex 546.4688776916461 -2922.4342361460076 48.11066049616511
    vertex 546.4688776402908 -2917.4342360672536 48.110660476983625
  endloop
endfacet
facet normal 0.608761429008759 3.209114496596061e-09 -0.7933533402912059
  outer loop
    vertex 546.4688776916461 -2922.4342361460076 48.11066049616511
    vertex 546.7795378120705 -2917.434236063148 48.349038410880475
    vertex 546.779537863426 -2922.434236141902 48.34903843006193
  endloop
endfacet
facet normal 0.38268343236509095 7.474853478804005e-09 0.9238795325112864
  outer loop
    vertex 546.779537863426 -2922.4342361518693 45.75096221870859
    vertex 547.1413092444169 -2917.4342360699743 45.601111565770175
    vertex 546.7795378120705 -2917.4342360731152 45.750962199527116
  endloop
endfacet
facet normal 0.38268343236509095 7.474853478804005e-09 0.9238795325112864
  outer loop
    vertex 547.1413092444169 -2917.4342360699743 45.601111565770175
    vertex 546.779537863426 -2922.4342361518693 45.75096221870859
    vertex 547.1413092957722 -2922.434236148728 45.601111584951646
  endloop
endfacet
facet normal -0.9914448613738038 5.421336932743501e-09 -0.1305261922201019
  outer loop
    vertex 548.9784266287104 -2976.434235553556 47.43822847628245
    vertex 549.0295378982486 -2981.4342360434816 47.04999963280923
    vertex 548.9784266376821 -2981.4342360649894 47.438228200463016
  endloop
endfacet
facet normal -0.9914448613738038 5.421336932743501e-09 -0.1305261922201019
  outer loop
    vertex 549.0295378982486 -2981.4342360434816 47.04999963280923
    vertex 548.9784266287104 -2976.434235553556 47.43822847628245
    vertex 549.0295378892769 -2976.4342355320478 47.04999990862867
  endloop
endfacet
facet normal -0.9914448613738038 -8.97932600602362e-09 0.1305261922201017
  outer loop
    vertex 549.0295378892769 -2976.4342355320478 47.04999990862867
    vertex 548.9784266376821 -2981.4342360221576 46.661771065155456
    vertex 549.0295378982486 -2981.4342360434816 47.04999963280923
  endloop
endfacet
facet normal -0.9914448613738038 -8.97932600602362e-09 0.1305261922201017
  outer loop
    vertex 548.9784266376821 -2981.4342360221576 46.661771065155456
    vertex 549.0295378892769 -2976.4342355320478 47.04999990862867
    vertex 548.9784266287104 -2976.4342355107237 46.66177134097489
  endloop
endfacet
facet normal 0.9914448613738043 1.0683967975399665e-08 0.1305261922200984
  outer loop
    vertex 546.080649072637 -2917.4342360767996 46.661771737550005
    vertex 546.0295378634258 -2922.434236154589 47.05000032438526
    vertex 546.0806491239924 -2922.434236155553 46.66177175673148
  endloop
endfacet
facet normal 0.9914448613738043 1.0683967975399665e-08 0.1305261922200984
  outer loop
    vertex 546.0295378634258 -2922.434236154589 47.05000032438526
    vertex 546.080649072637 -2917.4342360767996 46.661771737550005
    vertex 546.0295378120705 -2917.434236075835 47.0500003052038
  endloop
endfacet
facet normal -0.7933533402911961 -5.813225558332679e-09 0.6087614290087717
  outer loop
    vertex 548.8285759691026 -2922.434236128717 46.30000032438525
    vertex 548.5901979838504 -2917.434236053603 45.98934013342396
    vertex 548.5901980352057 -2922.434236132357 45.989340152605436
  endloop
endfacet
facet normal -0.7933533402911961 -5.813225558332679e-09 0.6087614290087717
  outer loop
    vertex 548.5901979838504 -2917.434236053603 45.98934013342396
    vertex 548.8285759691026 -2922.434236128717 46.30000032438525
    vertex 548.8285759177473 -2917.434236049963 46.300000305203795
  endloop
endfacet
facet normal -0.3826834323651034 -3.86307585227461e-10 0.9238795325112813
  outer loop
    vertex 547.9177664310798 -2922.434236140753 45.601111584951646
    vertex 548.2795378120705 -2917.4342360577084 45.75096219952713
    vertex 547.9177663797245 -2917.434236061999 45.601111565770175
  endloop
endfacet
facet normal -0.3826834323651034 -3.86307585227461e-10 0.9238795325112813
  outer loop
    vertex 548.2795378120705 -2917.4342360577084 45.75096219952713
    vertex 547.9177664310798 -2922.434236140753 45.601111584951646
    vertex 548.279537863426 -2922.4342361364625 45.75096221870859
  endloop
endfacet
facet normal 0.13052619222005218 5.144121193370351e-09 0.9914448613738104
  outer loop
    vertex 547.1413092957722 -2922.434236148728 45.601111584951646
    vertex 547.5295378120705 -2917.4342360661826 45.55000030520378
    vertex 547.1413092444169 -2917.4342360699743 45.601111565770175
  endloop
endfacet
facet normal 0.13052619222005218 5.144121193370351e-09 0.9914448613738104
  outer loop
    vertex 547.5295378120705 -2917.4342360661826 45.55000030520378
    vertex 547.1413092957722 -2922.434236148728 45.601111584951646
    vertex 547.529537863426 -2922.4342361449367 45.55000032438524
  endloop
endfacet
facet normal -0.9238795325113008 -2.276806271650808e-08 0.382683432365055
  outer loop
    vertex 548.9784266287104 -2976.4342355107237 46.66177134097489
    vertex 548.8285760039251 -2981.4342360024693 46.299999632809225
    vertex 548.9784266376821 -2981.4342360221576 46.661771065155456
  endloop
endfacet
facet normal -0.9238795325113008 -2.276806271650808e-08 0.382683432365055
  outer loop
    vertex 548.8285760039251 -2981.4342360024693 46.299999632809225
    vertex 548.9784266287104 -2976.4342355107237 46.66177134097489
    vertex 548.8285759949534 -2976.434235491036 46.299999908628656
  endloop
endfacet
facet normal 0.3826834323651034 3.86307585227461e-10 -0.9238795325112813
  outer loop
    vertex 547.1413092444169 -2917.4342360588576 48.498889044637416
    vertex 546.779537863426 -2922.434236141902 48.34903843006193
    vertex 546.7795378120705 -2917.434236063148 48.349038410880475
  endloop
endfacet
facet normal 0.3826834323651034 3.86307585227461e-10 -0.9238795325112813
  outer loop
    vertex 546.779537863426 -2922.434236141902 48.34903843006193
    vertex 547.1413092444169 -2917.4342360588576 48.498889044637416
    vertex 547.1413092957722 -2922.4342361376116 48.498889063818886
  endloop
endfacet
facet normal 0.7933533402911961 1.0484000454750562e-08 0.6087614290087716
  outer loop
    vertex 546.4688776916461 -2922.4342361541453 45.989340152605436
    vertex 546.230499706394 -2917.434236076648 46.300000305203795
    vertex 546.2304997577494 -2922.4342361554022 46.30000032438525
  endloop
endfacet
facet normal 0.7933533402911961 1.0484000454750562e-08 0.6087614290087716
  outer loop
    vertex 546.230499706394 -2917.434236076648 46.300000305203795
    vertex 546.4688776916461 -2922.4342361541453 45.989340152605436
    vertex 546.4688776402908 -2917.4342360753913 45.98934013342396
  endloop
endfacet
facet normal -0.9238795325113027 -1.0957346751703639e-08 -0.38268343236505115
  outer loop
    vertex 548.8285759177473 -2917.4342360442083 47.80000030520382
    vertex 548.9784266028596 -2922.434236122811 47.43822889203905
    vertex 548.8285759691026 -2922.4342361229624 47.80000032438527
  endloop
endfacet
facet normal -0.9238795325113027 -1.0957346751703639e-08 -0.38268343236505115
  outer loop
    vertex 548.9784266028596 -2922.434236122811 47.43822889203905
    vertex 548.8285759177473 -2917.4342360442083 47.80000030520382
    vertex 548.9784265515043 -2917.4342360440573 47.43822887285758
  endloop
endfacet
facet normal -0.9914448613738039 -1.0683967975399668e-08 -0.13052619222010026
  outer loop
    vertex 548.9784266028596 -2922.434236122811 47.43822889203905
    vertex 549.0295378120705 -2917.4342360450214 47.0500003052038
    vertex 549.029537863426 -2922.4342361237755 47.05000032438526
  endloop
endfacet
facet normal -0.9914448613738039 -1.0683967975399668e-08 -0.13052619222010026
  outer loop
    vertex 549.0295378120705 -2917.4342360450214 47.0500003052038
    vertex 548.9784266028596 -2922.434236122811 47.43822889203905
    vertex 548.9784265515043 -2917.4342360440573 47.43822887285758
  endloop
endfacet
facet normal -0.7933533402911961 -1.0484000454750562e-08 -0.6087614290087716
  outer loop
    vertex 548.5901979838504 -2917.4342360454652 48.110660476983625
    vertex 548.8285759691026 -2922.4342361229624 47.80000032438527
    vertex 548.5901980352057 -2922.4342361242193 48.11066049616511
  endloop
endfacet
facet normal -0.7933533402911961 -1.0484000454750562e-08 -0.6087614290087716
  outer loop
    vertex 548.8285759691026 -2922.4342361229624 47.80000032438527
    vertex 548.5901979838504 -2917.4342360454652 48.110660476983625
    vertex 548.8285759177473 -2917.4342360442083 47.80000030520382
  endloop
endfacet
facet normal 6.6480985208613314e-09 1.0 -1.2461442155799573e-08
  outer loop
    vertex 543.4045381659898 -2914.4342361714425 50.05000012949902
    vertex 548.6545365256823 -2914.434236193264 53.05000029200977
    vertex 551.6545374616392 -2914.434236141229 50.049999837383226
  endloop
endfacet
facet normal 6.6480985208613314e-09 1.0 -1.2461442155799573e-08
  outer loop
    vertex 548.6545365256823 -2914.434236193264 53.05000029200977
    vertex 543.4045381659898 -2914.4342361714425 50.05000012949902
    vertex 543.4045381652267 -2914.4342360246947 53.050000205814555
  endloop
endfacet
facet normal -0.9238795325112987 1.9452544718717265e-08 -0.38268343236506036
  outer loop
    vertex 548.8285759949534 -2976.4342355737817 47.799999908628656
    vertex 548.9784266376821 -2981.4342360649894 47.438228200463016
    vertex 548.8285760039251 -2981.434236085215 47.799999632809225
  endloop
endfacet
facet normal -0.9238795325112987 1.9452544718717265e-08 -0.38268343236506036
  outer loop
    vertex 548.9784266376821 -2981.4342360649894 47.438228200463016
    vertex 548.8285759949534 -2976.4342355737817 47.799999908628656
    vertex 548.9784266287104 -2976.434235553556 47.43822847628245
  endloop
endfacet
facet normal 0.9238795325113027 8.021174905080357e-09 -0.3826834323650512
  outer loop
    vertex 546.080649072637 -2917.4342360738206 47.43822887285758
    vertex 546.2304997577494 -2922.4342361496474 47.80000032438527
    vertex 546.0806491239924 -2922.4342361525746 47.43822889203905
  endloop
endfacet
facet normal 0.9238795325113027 8.021174905080357e-09 -0.3826834323650512
  outer loop
    vertex 546.2304997577494 -2922.4342361496474 47.80000032438527
    vertex 546.080649072637 -2917.4342360738206 47.43822887285758
    vertex 546.230499706394 -2917.4342360708933 47.80000030520382
  endloop
endfacet
facet normal -0.6087614290087596 -4.4856778347649014e-08 0.7933533402912041
  outer loop
    vertex 548.2795378982486 -2981.4342359731677 45.75096152713259
    vertex 548.5901980610566 -2976.434235474326 45.98933973684885
    vertex 548.2795378892769 -2976.434235461734 45.75096180295202
  endloop
endfacet
facet normal -0.6087614290087596 -4.4856778347649014e-08 0.7933533402912041
  outer loop
    vertex 548.5901980610566 -2976.434235474326 45.98933973684885
    vertex 548.2795378982486 -2981.4342359731677 45.75096152713259
    vertex 548.5901980700284 -2981.43423598576 45.98933946102941
  endloop
endfacet
facet normal 0.9914448613738039 9.682494437663633e-09 -0.13052619222010034
  outer loop
    vertex 546.0295378120705 -2917.434236075835 47.0500003052038
    vertex 546.0806491239924 -2922.4342361525746 47.43822889203905
    vertex 546.0295378634258 -2922.434236154589 47.05000032438526
  endloop
endfacet
facet normal 0.9914448613738039 9.682494437663633e-09 -0.13052619222010034
  outer loop
    vertex 546.0806491239924 -2922.4342361525746 47.43822889203905
    vertex 546.0295378120705 -2917.434236075835 47.0500003052038
    vertex 546.080649072637 -2917.4342360738206 47.43822887285758
  endloop
endfacet
facet normal 0.608761429008768 9.29618685243693e-09 0.7933533402911987
  outer loop
    vertex 546.4688776916461 -2922.4342361541453 45.989340152605436
    vertex 546.7795378120705 -2917.4342360731152 45.750962199527116
    vertex 546.4688776402908 -2917.4342360753913 45.98934013342396
  endloop
endfacet
facet normal 0.608761429008768 9.29618685243693e-09 0.7933533402911987
  outer loop
    vertex 546.7795378120705 -2917.4342360731152 45.750962199527116
    vertex 546.4688776916461 -2922.4342361541453 45.989340152605436
    vertex 546.779537863426 -2922.4342361518693 45.75096221870859
  endloop
endfacet
facet normal 4.8584246537635426e-11 -7.212546703963811e-09 1.0
  outer loop
    vertex 454.6545392445493 -2981.4342364246168 53.049999756752875
    vertex 491.6545382771392 -2973.4342359194366 53.05000053471309
    vertex 491.65453827610395 -2968.4342359914476 53.05000054263722
  endloop
endfacet
facet normal 4.8584246537635426e-11 -7.212546703963811e-09 1.0
  outer loop
    vertex 491.6545382771392 -2973.4342359194366 53.05000053471309
    vertex 454.6545392445493 -2981.4342364246168 53.049999756752875
    vertex 543.4045384117687 -2981.4342361122694 53.04999972648099
  endloop
endfacet
facet normal 4.8584246537635426e-11 -7.212546703963811e-09 1.0
  outer loop
    vertex 491.6545382771392 -2973.4342359194366 53.05000053471309
    vertex 543.4045384117687 -2981.4342361122694 53.04999972648099
    vertex 501.65453827196313 -2973.4342359090842 53.05000053816394
  endloop
endfacet
facet normal 4.8584246537635426e-11 -7.212546703963811e-09 1.0
  outer loop
    vertex 501.65453827196313 -2973.4342359090842 53.05000053816394
    vertex 543.4045384117687 -2981.4342361122694 53.04999972648099
    vertex 537.4045382435152 -2976.4342361198796 53.0500001840677
  endloop
endfacet
facet normal 4.8584246537635426e-11 -7.212546703963811e-09 1.0
  outer loop
    vertex 501.65453827196313 -2973.4342359090842 53.05000053816394
    vertex 537.4045382435152 -2976.4342361198796 53.0500001840677
    vertex 501.6545382908095 -2930.434236133536 53.05000026597349
  endloop
endfacet
facet normal 4.8584246537635426e-11 -7.212546703963811e-09 1.0
  outer loop
    vertex 501.6545382908095 -2930.434236133536 53.05000026597349
    vertex 537.4045382435152 -2976.4342361198796 53.0500001840677
    vertex 501.6545382908095 -2925.434236133536 53.05000025124636
  endloop
endfacet
facet normal 4.8584246537635426e-11 -7.212546703963811e-09 1.0
  outer loop
    vertex 537.4045382435152 -2976.4342361198796 53.0500001840677
    vertex 543.4045384117687 -2981.4342361122694 53.04999972648099
    vertex 548.6545367451159 -2976.434235845714 53.04999981028455
  endloop
endfacet
facet normal 4.8584246537635426e-11 -7.212546703963811e-09 1.0
  outer loop
    vertex 548.6545367451159 -2976.434235845714 53.04999981028455
    vertex 543.4045384117687 -2981.4342361122694 53.04999972648099
    vertex 543.4045384237698 -2984.434236113688 53.049999724564806
  endloop
endfacet
facet normal 4.8584246537635426e-11 -7.212546703963811e-09 1.0
  outer loop
    vertex 548.6545367451159 -2976.434235845714 53.04999981028455
    vertex 543.4045384237698 -2984.434236113688 53.049999724564806
    vertex 548.6545367715153 -2984.434236107393 53.04999972237731
  endloop
endfacet
facet normal 4.8584246537635426e-11 -7.212546703963811e-09 1.0
  outer loop
    vertex 454.65453905284375 -2917.434236598048 53.050000303151656
    vertex 491.65453829080946 -2925.434236133536 53.05000025124636
    vertex 543.40453819666 -2917.4342359961556 53.050000413060346
  endloop
endfacet
facet normal 4.8584246537635426e-11 -7.212546703963811e-09 1.0
  outer loop
    vertex 491.65453829080946 -2925.434236133536 53.05000025124636
    vertex 454.65453905284375 -2917.434236598048 53.050000303151656
    vertex 454.6545392445493 -2981.4342364246168 53.049999756752875
  endloop
endfacet
facet normal 4.8584246537635426e-11 -7.212546703963811e-09 1.0
  outer loop
    vertex 491.65453829080946 -2925.434236133536 53.05000025124636
    vertex 454.6545392445493 -2981.4342364246168 53.049999756752875
    vertex 491.65453827610395 -2968.4342359914476 53.05000054263722
  endloop
endfacet
facet normal 4.8584246537635426e-11 -7.212546703963811e-09 1.0
  outer loop
    vertex 491.65453829080946 -2925.434236133536 53.05000025124636
    vertex 491.65453827610395 -2968.4342359914476 53.05000054263722
    vertex 491.65453829080946 -2930.434236192709 53.05000031015488
  endloop
endfacet
facet normal 4.8584246537635426e-11 -7.212546703963811e-09 1.0
  outer loop
    vertex 543.40453819666 -2917.4342359961556 53.050000413060346
    vertex 491.65453829080946 -2925.434236133536 53.05000025124636
    vertex 501.6545382908095 -2925.434236133536 53.05000025124636
  endloop
endfacet
facet normal 4.8584246537635426e-11 -7.212546703963811e-09 1.0
  outer loop
    vertex 543.40453819666 -2917.4342359961556 53.050000413060346
    vertex 501.6545382908095 -2925.434236133536 53.05000025124636
    vertex 537.4045382435152 -2922.4342361994204 53.0500001840677
  endloop
endfacet
facet normal 4.8584246537635426e-11 -7.212546703963811e-09 1.0
  outer loop
    vertex 537.4045382435152 -2922.4342361994204 53.0500001840677
    vertex 501.6545382908095 -2925.434236133536 53.05000025124636
    vertex 537.4045382435152 -2976.4342361198796 53.0500001840677
  endloop
endfacet
facet normal 4.8584246537635426e-11 -7.212546703963811e-09 1.0
  outer loop
    vertex 543.40453819666 -2917.4342359961556 53.050000413060346
    vertex 537.4045382435152 -2922.4342361994204 53.0500001840677
    vertex 548.6545365711875 -2922.434236240361 53.05000016879115
  endloop
endfacet
facet normal 4.8584246537635426e-11 -7.212546703963811e-09 1.0
  outer loop
    vertex 543.40453819666 -2917.4342359961556 53.050000413060346
    vertex 548.6545365711875 -2922.434236240361 53.05000016879115
    vertex 548.6545365256823 -2914.434236193264 53.05000029200977
  endloop
endfacet
facet normal 4.8584246537635426e-11 -7.212546703963811e-09 1.0
  outer loop
    vertex 548.6545365256823 -2914.434236193264 53.05000029200977
    vertex 543.4045381652267 -2914.4342360246947 53.050000205814555
    vertex 543.40453819666 -2917.4342359961556 53.050000413060346
  endloop
endfacet
facet normal 4.8584246537635426e-11 -7.212546703963811e-09 1.0
  outer loop
    vertex 496.6545382709278 -2968.434235909084 53.05000053918639
    vertex 491.65453829080946 -2930.434236192709 53.05000031015488
    vertex 491.65453827610395 -2968.4342359914476 53.05000054263722
  endloop
endfacet
facet normal 4.8584246537635426e-11 -7.212546703963811e-09 1.0
  outer loop
    vertex 491.65453829080946 -2930.434236192709 53.05000031015488
    vertex 496.6545382709278 -2968.434235909084 53.05000053918639
    vertex 501.6545382908095 -2930.434236133536 53.05000026597349
  endloop
endfacet
facet normal 4.8584246537635426e-11 -7.212546703963811e-09 1.0
  outer loop
    vertex 501.6545382908095 -2930.434236133536 53.05000026597349
    vertex 496.6545382709278 -2968.434235909084 53.05000053918639
    vertex 501.6545382709279 -2968.434235909084 53.05000053918639
  endloop
endfacet
facet normal 4.8584246537635426e-11 -7.212546703963811e-09 1.0
  outer loop
    vertex 501.6545382908095 -2930.434236133536 53.05000026597349
    vertex 501.6545382709279 -2968.434235909084 53.05000053918639
    vertex 501.65453827196313 -2973.4342359090842 53.05000053816394
  endloop
endfacet
facet normal -0.7071069270418723 4.459731989755499e-09 0.7071066353311928
  outer loop
    vertex 454.6545392445493 -2981.4342364246168 53.049999756752875
    vertex 451.65454079045236 -2917.434236600646 50.04999977639738
    vertex 451.6545392584895 -2981.4342364321274 50.04999977716663
  endloop
endfacet
facet normal -0.7071069270418723 4.459731989755499e-09 0.7071066353311928
  outer loop
    vertex 451.65454079045236 -2917.434236600646 50.04999977639738
    vertex 454.6545392445493 -2981.4342364246168 53.049999756752875
    vertex 454.65453905284375 -2917.434236598048 53.050000303151656
  endloop
endfacet
facet normal -0.38268343236510366 -5.165144780136815e-08 0.9238795325112795
  outer loop
    vertex 547.9177664659023 -2981.43423596555 45.60111089337563
    vertex 548.2795378892769 -2976.434235461734 45.75096180295202
    vertex 547.9177664569305 -2976.4342354541163 45.601111169195065
  endloop
endfacet
facet normal -0.38268343236510366 -5.165144780136815e-08 0.9238795325112795
  outer loop
    vertex 548.2795378892769 -2976.434235461734 45.75096180295202
    vertex 547.9177664659023 -2981.43423596555 45.60111089337563
    vertex 548.2795378982486 -2981.4342359731677 45.75096152713259
  endloop
endfacet
facet normal -0.9238795325113027 -8.021174905080357e-09 0.3826834323650512
  outer loop
    vertex 548.9784266028596 -2922.43423612579 46.66177175673148
    vertex 548.8285759177473 -2917.434236049963 46.300000305203795
    vertex 548.8285759691026 -2922.434236128717 46.30000032438525
  endloop
endfacet
facet normal -0.9238795325113027 -8.021174905080357e-09 0.3826834323650512
  outer loop
    vertex 548.8285759177473 -2917.434236049963 46.300000305203795
    vertex 548.9784266028596 -2922.43423612579 46.66177175673148
    vertex 548.9784265515043 -2917.434236047036 46.66177173755001
  endloop
endfacet
facet normal -0.13052619222005218 -5.144121193370351e-09 -0.9914448613738104
  outer loop
    vertex 547.9177663797245 -2917.4342360508826 48.498889044637416
    vertex 547.529537863426 -2922.434236133428 48.55000032438528
    vertex 547.5295378120705 -2917.434236054674 48.550000305203824
  endloop
endfacet
facet normal -0.13052619222005218 -5.144121193370351e-09 -0.9914448613738104
  outer loop
    vertex 547.529537863426 -2922.434236133428 48.55000032438528
    vertex 547.9177663797245 -2917.4342360508826 48.498889044637416
    vertex 547.9177664310798 -2922.4342361296362 48.498889063818886
  endloop
endfacet
facet normal -0.13052619222005224 2.462825549670716e-09 0.9914448613738104
  outer loop
    vertex 547.529537863426 -2922.4342361449367 45.55000032438524
    vertex 547.9177663797245 -2917.434236061999 45.601111565770175
    vertex 547.5295378120705 -2917.4342360661826 45.55000030520378
  endloop
endfacet
facet normal -0.13052619222005224 2.462825549670716e-09 0.9914448613738104
  outer loop
    vertex 547.9177663797245 -2917.434236061999 45.601111565770175
    vertex 547.529537863426 -2922.4342361449367 45.55000032438524
    vertex 547.9177664310798 -2922.434236140753 45.601111584951646
  endloop
endfacet
facet normal -4.97902636415534e-09 2.0488216038881754e-08 -0.9999999999999998
  outer loop
    vertex 543.4045384295794 -2981.4342360633636 50.04999986690067
    vertex 551.6545375094078 -2984.4342360725755 50.04999973590016
    vertex 543.4045384237698 -2984.4342361022386 50.049999738980496
  endloop
endfacet
facet normal -4.97902636415534e-09 2.0488216038881754e-08 -0.9999999999999998
  outer loop
    vertex 551.6545375094078 -2984.4342360725755 50.04999973590016
    vertex 543.4045384295794 -2981.4342360633636 50.04999986690067
    vertex 551.6545375258222 -2981.434236078906 50.04999978782708
  endloop
endfacet
facet normal -0.38268343236510327 -7.474853478804113e-09 -0.9238795325112813
  outer loop
    vertex 548.2795378120705 -2917.4342360477413 48.349038410880475
    vertex 547.9177664310798 -2922.4342361296362 48.498889063818886
    vertex 547.9177663797245 -2917.4342360508826 48.498889044637416
  endloop
endfacet
facet normal -0.38268343236510327 -7.474853478804113e-09 -0.9238795325112813
  outer loop
    vertex 547.9177664310798 -2922.4342361296362 48.498889063818886
    vertex 548.2795378120705 -2917.4342360477413 48.349038410880475
    vertex 548.279537863426 -2922.4342361264953 48.34903843006193
  endloop
endfacet
facet normal 0.13052619222005224 -2.462825549670716e-09 -0.9914448613738104
  outer loop
    vertex 547.5295378120705 -2917.434236054674 48.550000305203824
    vertex 547.1413092957722 -2922.4342361376116 48.498889063818886
    vertex 547.1413092444169 -2917.4342360588576 48.498889044637416
  endloop
endfacet
facet normal 0.13052619222005224 -2.462825549670716e-09 -0.9914448613738104
  outer loop
    vertex 547.1413092957722 -2922.4342361376116 48.498889063818886
    vertex 547.5295378120705 -2917.434236054674 48.550000305203824
    vertex 547.529537863426 -2922.434236133428 48.55000032438528
  endloop
endfacet
facet normal -0.6087614290087588 -9.296186852436864e-09 -0.7933533402912057
  outer loop
    vertex 548.5901979838504 -2917.4342360454652 48.110660476983625
    vertex 548.279537863426 -2922.4342361264953 48.34903843006193
    vertex 548.2795378120705 -2917.4342360477413 48.349038410880475
  endloop
endfacet
facet normal -0.6087614290087588 -9.296186852436864e-09 -0.7933533402912057
  outer loop
    vertex 548.279537863426 -2922.4342361264953 48.34903843006193
    vertex 548.5901979838504 -2917.4342360454652 48.110660476983625
    vertex 548.5901980352057 -2922.4342361242193 48.11066049616511
  endloop
endfacet
facet normal -5.086903342640864e-08 -2.0922993586871382e-08 -0.9999999999999984
  outer loop
    vertex 551.6545374616392 -2914.434236141229 50.049999837383226
    vertex 543.4045381974231 -2917.434236142904 50.05000033674481
    vertex 543.4045381659898 -2914.4342361714425 50.05000012949902
  endloop
endfacet
facet normal -5.086903342640864e-08 -2.0922993586871382e-08 -0.9999999999999984
  outer loop
    vertex 543.4045381974231 -2917.434236142904 50.05000033674481
    vertex 551.6545374616392 -2914.434236141229 50.049999837383226
    vertex 551.6545374917307 -2917.434236141229 50.0499997895216
  endloop
endfacet
facet normal -5.303813039136203e-09 1.0 -2.1413373664572545e-09
  outer loop
    vertex 455.7795386492342 -2917.434236433212 45.55000032361807
    vertex 547.1413092444169 -2917.4342360699743 45.601111565770175
    vertex 547.5295378120705 -2917.4342360661826 45.55000030520378
  endloop
endfacet
facet normal -5.303813039136203e-09 1.0 -2.1413373664572545e-09
  outer loop
    vertex 547.1413092444169 -2917.4342360699743 45.601111565770175
    vertex 455.7795386492342 -2917.434236433212 45.55000032361807
    vertex 456.16776721688797 -2917.4342364310437 45.60111158418447
  endloop
endfacet
facet normal -5.303813039136203e-09 1.0 -2.1413373664572545e-09
  outer loop
    vertex 547.1413092444169 -2917.4342360699743 45.601111565770175
    vertex 456.16776721688797 -2917.4342364310437 45.60111158418447
    vertex 546.7795378120705 -2917.4342360731152 45.750962199527116
  endloop
endfacet
facet normal -5.303813039136203e-09 1.0 -2.1413373664572545e-09
  outer loop
    vertex 546.7795378120705 -2917.4342360731152 45.750962199527116
    vertex 456.16776721688797 -2917.4342364310437 45.60111158418447
    vertex 456.5295386492342 -2917.434236428804 45.75096221794141
  endloop
endfacet
facet normal -5.303813039136203e-09 1.0 -2.1413373664572545e-09
  outer loop
    vertex 546.7795378120705 -2917.4342360731152 45.750962199527116
    vertex 456.5295386492342 -2917.434236428804 45.75096221794141
    vertex 546.4688776402908 -2917.4342360753913 45.98934013342396
  endloop
endfacet
facet normal -5.303813039136203e-09 1.0 -2.1413373664572545e-09
  outer loop
    vertex 546.4688776402908 -2917.4342360753913 45.98934013342396
    vertex 456.5295386492342 -2917.434236428804 45.75096221794141
    vertex 456.840198821014 -2917.434236426646 45.98934015183825
  endloop
endfacet
facet normal -5.303813039136203e-09 1.0 -2.1413373664572545e-09
  outer loop
    vertex 546.4688776402908 -2917.4342360753913 45.98934013342396
    vertex 456.840198821014 -2917.434236426646 45.98934015183825
    vertex 546.230499706394 -2917.434236076648 46.300000305203795
  endloop
endfacet
facet normal -5.303813039136203e-09 1.0 -2.1413373664572545e-09
  outer loop
    vertex 546.230499706394 -2917.434236076648 46.300000305203795
    vertex 456.840198821014 -2917.434236426646 45.98934015183825
    vertex 457.07857675491084 -2917.4342364247163 46.300000323618065
  endloop
endfacet
facet normal -5.303813039136203e-09 1.0 -2.1413373664572545e-09
  outer loop
    vertex 546.230499706394 -2917.434236076648 46.300000305203795
    vertex 457.07857675491084 -2917.4342364247163 46.300000323618065
    vertex 546.080649072637 -2917.4342360767996 46.661771737550005
  endloop
endfacet
facet normal -5.303813039136203e-09 1.0 -2.1413373664572545e-09
  outer loop
    vertex 546.080649072637 -2917.4342360767996 46.661771737550005
    vertex 457.07857675491084 -2917.4342364247163 46.300000323618065
    vertex 457.2284273886678 -2917.434236423147 46.661771755964295
  endloop
endfacet
facet normal -5.303813039136203e-09 1.0 -2.1413373664572545e-09
  outer loop
    vertex 546.080649072637 -2917.4342360767996 46.661771737550005
    vertex 457.2284273886678 -2917.434236423147 46.661771755964295
    vertex 546.0295378120705 -2917.434236075835 47.0500003052038
  endloop
endfacet
facet normal -5.303813039136203e-09 1.0 -2.1413373664572545e-09
  outer loop
    vertex 546.0295378120705 -2917.434236075835 47.0500003052038
    vertex 457.2284273886678 -2917.434236423147 46.661771755964295
    vertex 457.2795386492342 -2917.4342364220447 47.05000032361807
  endloop
endfacet
facet normal -5.303813039136203e-09 1.0 -2.1413373664572545e-09
  outer loop
    vertex 546.0295378120705 -2917.434236075835 47.0500003052038
    vertex 457.2795386492342 -2917.4342364220447 47.05000032361807
    vertex 546.080649072637 -2917.4342360738206 47.43822887285758
  endloop
endfacet
facet normal -5.303813039136203e-09 1.0 -2.1413373664572545e-09
  outer loop
    vertex 546.080649072637 -2917.4342360738206 47.43822887285758
    vertex 457.2795386492342 -2917.4342364220447 47.05000032361807
    vertex 457.2284273886678 -2917.4342364214845 47.43822889127185
  endloop
endfacet
facet normal -5.303813039136203e-09 1.0 -2.1413373664572545e-09
  outer loop
    vertex 546.080649072637 -2917.4342360738206 47.43822887285758
    vertex 457.2284273886678 -2917.4342364214845 47.43822889127185
    vertex 546.230499706394 -2917.4342360708933 47.80000030520382
  endloop
endfacet
facet normal -5.303813039136203e-09 1.0 -2.1413373664572545e-09
  outer loop
    vertex 546.230499706394 -2917.4342360708933 47.80000030520382
    vertex 457.2284273886678 -2917.4342364214845 47.43822889127185
    vertex 457.07857675491084 -2917.4342364215045 47.80000032361806
  endloop
endfacet
facet normal -5.303813039136203e-09 1.0 -2.1413373664572545e-09
  outer loop
    vertex 546.230499706394 -2917.4342360708933 47.80000030520382
    vertex 457.07857675491084 -2917.4342364215045 47.80000032361806
    vertex 546.4688776402908 -2917.4342360672536 48.110660476983625
  endloop
endfacet
facet normal -5.303813039136203e-09 1.0 -2.1413373664572545e-09
  outer loop
    vertex 546.4688776402908 -2917.4342360672536 48.110660476983625
    vertex 457.07857675491084 -2917.4342364215045 47.80000032361806
    vertex 456.840198821014 -2917.434236422104 48.11066049539789
  endloop
endfacet
facet normal -5.303813039136203e-09 1.0 -2.1413373664572545e-09
  outer loop
    vertex 546.4688776402908 -2917.4342360672536 48.110660476983625
    vertex 456.840198821014 -2917.434236422104 48.11066049539789
    vertex 546.7795378120705 -2917.434236063148 48.349038410880475
  endloop
endfacet
facet normal -5.303813039136203e-09 1.0 -2.1413373664572545e-09
  outer loop
    vertex 546.7795378120705 -2917.434236063148 48.349038410880475
    vertex 456.840198821014 -2917.434236422104 48.11066049539789
    vertex 456.5295386492342 -2917.434236423241 48.34903842929472
  endloop
endfacet
facet normal -5.303813039136203e-09 1.0 -2.1413373664572545e-09
  outer loop
    vertex 546.7795378120705 -2917.434236063148 48.349038410880475
    vertex 456.5295386492342 -2917.434236423241 48.34903842929472
    vertex 547.1413092444169 -2917.4342360588576 48.498889044637416
  endloop
endfacet
facet normal -5.303813039136203e-09 1.0 -2.1413373664572545e-09
  outer loop
    vertex 547.1413092444169 -2917.4342360588576 48.498889044637416
    vertex 456.5295386492342 -2917.434236423241 48.34903842929472
    vertex 456.16776721688797 -2917.434236424839 48.498889063051664
  endloop
endfacet
facet normal -5.303813039136203e-09 1.0 -2.1413373664572545e-09
  outer loop
    vertex 547.1413092444169 -2917.4342360588576 48.498889044637416
    vertex 456.16776721688797 -2917.434236424839 48.498889063051664
    vertex 547.5295378120705 -2917.434236054674 48.550000305203824
  endloop
endfacet
facet normal -5.303813039136203e-09 1.0 -2.1413373664572545e-09
  outer loop
    vertex 547.5295378120705 -2917.434236054674 48.550000305203824
    vertex 456.16776721688797 -2917.434236424839 48.498889063051664
    vertex 455.7795386492342 -2917.4342364267886 48.55000032361807
  endloop
endfacet
facet normal -5.303813039136203e-09 1.0 -2.1413373664572545e-09
  outer loop
    vertex 451.65454079045236 -2917.43423657516 44.04999985648437
    vertex 455.7795386492342 -2917.434236433212 45.55000032361807
    vertex 555.6545350967399 -2917.4342360676396 44.050000011704675
  endloop
endfacet
facet normal -5.303813039136203e-09 1.0 -2.1413373664572545e-09
  outer loop
    vertex 455.7795386492342 -2917.434236433212 45.55000032361807
    vertex 451.65454079045236 -2917.43423657516 44.04999985648437
    vertex 455.3913100815804 -2917.434236435162 45.60111158418447
  endloop
endfacet
facet normal -5.303813039136203e-09 1.0 -2.1413373664572545e-09
  outer loop
    vertex 455.3913100815804 -2917.434236435162 45.60111158418447
    vertex 451.65454079045236 -2917.43423657516 44.04999985648437
    vertex 455.02953864923415 -2917.4342364367594 45.75096221794141
  endloop
endfacet
facet normal -5.303813039136203e-09 1.0 -2.1413373664572545e-09
  outer loop
    vertex 455.02953864923415 -2917.4342364367594 45.75096221794141
    vertex 451.65454079045236 -2917.43423657516 44.04999985648437
    vertex 454.7188784774544 -2917.434236437897 45.98934015183825
  endloop
endfacet
facet normal -5.303813039136203e-09 1.0 -2.1413373664572545e-09
  outer loop
    vertex 454.7188784774544 -2917.434236437897 45.98934015183825
    vertex 451.65454079045236 -2917.43423657516 44.04999985648437
    vertex 454.4805005435575 -2917.434236438496 46.300000323618065
  endloop
endfacet
facet normal -5.303813039136203e-09 1.0 -2.1413373664572545e-09
  outer loop
    vertex 454.4805005435575 -2917.434236438496 46.300000323618065
    vertex 451.65454079045236 -2917.43423657516 44.04999985648437
    vertex 451.65454079045236 -2917.434236600646 50.04999977639738
  endloop
endfacet
facet normal -5.303813039136203e-09 1.0 -2.1413373664572545e-09
  outer loop
    vertex 555.6545350967399 -2917.4342360676396 44.050000011704675
    vertex 455.7795386492342 -2917.434236433212 45.55000032361807
    vertex 547.5295378120705 -2917.4342360661826 45.55000030520378
  endloop
endfacet
facet normal -5.303813039136203e-09 1.0 -2.1413373664572545e-09
  outer loop
    vertex 454.4805005435575 -2917.434236438496 46.300000323618065
    vertex 451.65454079045236 -2917.434236600646 50.04999977639738
    vertex 454.33064990980057 -2917.4342364385166 46.661771755964295
  endloop
endfacet
facet normal -5.303813039136203e-09 1.0 -2.1413373664572545e-09
  outer loop
    vertex 454.33064990980057 -2917.4342364385166 46.661771755964295
    vertex 451.65454079045236 -2917.434236600646 50.04999977639738
    vertex 454.27953864923415 -2917.4342364379563 47.05000032361807
  endloop
endfacet
facet normal -5.303813039136203e-09 1.0 -2.1413373664572545e-09
  outer loop
    vertex 454.27953864923415 -2917.4342364379563 47.05000032361807
    vertex 451.65454079045236 -2917.434236600646 50.04999977639738
    vertex 454.33064990980057 -2917.434236436854 47.43822889127185
  endloop
endfacet
facet normal -5.303813039136203e-09 1.0 -2.1413373664572545e-09
  outer loop
    vertex 454.33064990980057 -2917.434236436854 47.43822889127185
    vertex 451.65454079045236 -2917.434236600646 50.04999977639738
    vertex 454.4805005435575 -2917.434236435284 47.80000032361806
  endloop
endfacet
facet normal -5.303813039136203e-09 1.0 -2.1413373664572545e-09
  outer loop
    vertex 454.4805005435575 -2917.434236435284 47.80000032361806
    vertex 451.65454079045236 -2917.434236600646 50.04999977639738
    vertex 454.7188784774544 -2917.4342364333547 48.11066049539789
  endloop
endfacet
facet normal -5.303813039136203e-09 1.0 -2.1413373664572545e-09
  outer loop
    vertex 454.7188784774544 -2917.4342364333547 48.11066049539789
    vertex 451.65454079045236 -2917.434236600646 50.04999977639738
    vertex 455.02953864923415 -2917.4342364311965 48.34903842929472
  endloop
endfacet
facet normal -5.303813039136203e-09 1.0 -2.1413373664572545e-09
  outer loop
    vertex 455.02953864923415 -2917.4342364311965 48.34903842929472
    vertex 451.65454079045236 -2917.434236600646 50.04999977639738
    vertex 455.3913100815804 -2917.4342364289573 48.49888906305167
  endloop
endfacet
facet normal -5.303813039136203e-09 1.0 -2.1413373664572545e-09
  outer loop
    vertex 455.3913100815804 -2917.4342364289573 48.49888906305167
    vertex 451.65454079045236 -2917.434236600646 50.04999977639738
    vertex 455.7795386492342 -2917.4342364267886 48.55000032361807
  endloop
endfacet
facet normal -5.303813039136203e-09 1.0 -2.1413373664572545e-09
  outer loop
    vertex 547.5295378120705 -2917.4342360661826 45.55000030520378
    vertex 555.6545351059872 -2917.4342360175715 46.050000314550076
    vertex 555.6545350967399 -2917.4342360676396 44.050000011704675
  endloop
endfacet
facet normal -5.303813039136203e-09 1.0 -2.1413373664572545e-09
  outer loop
    vertex 555.6545351059872 -2917.4342360175715 46.050000314550076
    vertex 547.5295378120705 -2917.4342360661826 45.55000030520378
    vertex 547.9177663797245 -2917.434236061999 45.601111565770175
  endloop
endfacet
facet normal -5.303813039136203e-09 1.0 -2.1413373664572545e-09
  outer loop
    vertex 555.6545351059872 -2917.4342360175715 46.050000314550076
    vertex 547.9177663797245 -2917.434236061999 45.601111565770175
    vertex 548.2795378120705 -2917.4342360577084 45.75096219952713
  endloop
endfacet
facet normal -5.303813039136203e-09 1.0 -2.1413373664572545e-09
  outer loop
    vertex 555.6545351059872 -2917.4342360175715 46.050000314550076
    vertex 548.2795378120705 -2917.4342360577084 45.75096219952713
    vertex 548.5901979838504 -2917.434236053603 45.98934013342396
  endloop
endfacet
facet normal -5.303813039136203e-09 1.0 -2.1413373664572545e-09
  outer loop
    vertex 555.6545351059872 -2917.4342360175715 46.050000314550076
    vertex 548.5901979838504 -2917.434236053603 45.98934013342396
    vertex 548.8285759177473 -2917.434236049963 46.300000305203795
  endloop
endfacet
facet normal -5.303813039136203e-09 1.0 -2.1413373664572545e-09
  outer loop
    vertex 555.6545351059872 -2917.4342360175715 46.050000314550076
    vertex 548.8285759177473 -2917.434236049963 46.300000305203795
    vertex 551.6545374917307 -2917.434236141229 50.0499997895216
  endloop
endfacet
facet normal -5.303813039136203e-09 1.0 -2.1413373664572545e-09
  outer loop
    vertex 551.6545374917307 -2917.434236141229 50.0499997895216
    vertex 548.8285759177473 -2917.434236049963 46.300000305203795
    vertex 548.9784265515043 -2917.434236047036 46.66177173755001
  endloop
endfacet
facet normal -5.303813039136203e-09 1.0 -2.1413373664572545e-09
  outer loop
    vertex 551.6545374917307 -2917.434236141229 50.0499997895216
    vertex 548.9784265515043 -2917.434236047036 46.66177173755001
    vertex 549.0295378120705 -2917.4342360450214 47.0500003052038
  endloop
endfacet
facet normal -5.303813039136203e-09 1.0 -2.1413373664572545e-09
  outer loop
    vertex 551.6545374917307 -2917.434236141229 50.0499997895216
    vertex 549.0295378120705 -2917.4342360450214 47.0500003052038
    vertex 548.9784265515043 -2917.4342360440573 47.43822887285758
  endloop
endfacet
facet normal -5.303813039136203e-09 1.0 -2.1413373664572545e-09
  outer loop
    vertex 551.6545374917307 -2917.434236141229 50.0499997895216
    vertex 548.9784265515043 -2917.4342360440573 47.43822887285758
    vertex 548.8285759177473 -2917.4342360442083 47.80000030520382
  endloop
endfacet
facet normal -5.303813039136203e-09 1.0 -2.1413373664572545e-09
  outer loop
    vertex 551.6545374917307 -2917.434236141229 50.0499997895216
    vertex 548.8285759177473 -2917.4342360442083 47.80000030520382
    vertex 548.5901979838504 -2917.4342360454652 48.110660476983625
  endloop
endfacet
facet normal -5.303813039136203e-09 1.0 -2.1413373664572545e-09
  outer loop
    vertex 551.6545374917307 -2917.434236141229 50.0499997895216
    vertex 548.5901979838504 -2917.4342360454652 48.110660476983625
    vertex 548.2795378120705 -2917.4342360477413 48.349038410880475
  endloop
endfacet
facet normal -5.303813039136203e-09 1.0 -2.1413373664572545e-09
  outer loop
    vertex 551.6545374917307 -2917.434236141229 50.0499997895216
    vertex 548.2795378120705 -2917.4342360477413 48.349038410880475
    vertex 547.9177663797245 -2917.4342360508826 48.498889044637416
  endloop
endfacet
facet normal -5.303813039136203e-09 1.0 -2.1413373664572545e-09
  outer loop
    vertex 551.6545374917307 -2917.434236141229 50.0499997895216
    vertex 547.9177663797245 -2917.4342360508826 48.498889044637416
    vertex 547.5295378120705 -2917.434236054674 48.550000305203824
  endloop
endfacet
facet normal -5.303813039136203e-09 1.0 -2.1413373664572545e-09
  outer loop
    vertex 551.6545374917307 -2917.434236141229 50.0499997895216
    vertex 547.5295378120705 -2917.434236054674 48.550000305203824
    vertex 455.7795386492342 -2917.4342364267886 48.55000032361807
  endloop
endfacet
facet normal -5.303813039136203e-09 1.0 -2.1413373664572545e-09
  outer loop
    vertex 551.6545374917307 -2917.434236141229 50.0499997895216
    vertex 455.7795386492342 -2917.4342364267886 48.55000032361807
    vertex 451.65454079045236 -2917.434236600646 50.04999977639738
  endloop
endfacet
facet normal -5.303813039136203e-09 1.0 -2.1413373664572545e-09
  outer loop
    vertex 551.6545374917307 -2917.434236141229 50.0499997895216
    vertex 451.65454079045236 -2917.434236600646 50.04999977639738
    vertex 543.4045381974231 -2917.434236142904 50.05000033674481
  endloop
endfacet
facet normal -5.303813039136203e-09 1.0 -2.1413373664572545e-09
  outer loop
    vertex 543.4045381974231 -2917.434236142904 50.05000033674481
    vertex 451.65454079045236 -2917.434236600646 50.04999977639738
    vertex 454.65453905284375 -2917.434236598048 53.050000303151656
  endloop
endfacet
facet normal -5.303813039136203e-09 1.0 -2.1413373664572545e-09
  outer loop
    vertex 543.4045381974231 -2917.434236142904 50.05000033674481
    vertex 454.65453905284375 -2917.434236598048 53.050000303151656
    vertex 543.40453819666 -2917.4342359961556 53.050000413060346
  endloop
endfacet
facet normal -0.608761429008759 -3.209114496596061e-09 0.7933533402912059
  outer loop
    vertex 548.279537863426 -2922.4342361364625 45.75096221870859
    vertex 548.5901979838504 -2917.434236053603 45.98934013342396
    vertex 548.2795378120705 -2917.4342360577084 45.75096219952713
  endloop
endfacet
facet normal -0.608761429008759 -3.209114496596061e-09 0.7933533402912059
  outer loop
    vertex 548.5901979838504 -2917.434236053603 45.98934013342396
    vertex 548.279537863426 -2922.4342361364625 45.75096221870859
    vertex 548.5901980352057 -2922.434236132357 45.989340152605436
  endloop
endfacet
facet normal -0.7933533402911858 -3.5005193578874975e-08 0.6087614290087839
  outer loop
    vertex 548.8285759949534 -2976.434235491036 46.299999908628656
    vertex 548.5901980700284 -2981.43423598576 45.98933946102941
    vertex 548.8285760039251 -2981.4342360024693 46.299999632809225
  endloop
endfacet
facet normal -0.7933533402911858 -3.5005193578874975e-08 0.6087614290087839
  outer loop
    vertex 548.5901980700284 -2981.43423598576 45.98933946102941
    vertex 548.8285759949534 -2976.434235491036 46.299999908628656
    vertex 548.5901980610566 -2976.434235474326 45.98933973684885
  endloop
endfacet
facet normal -1.0 -1.78106369887839e-09 -2.968439630011785e-09
  outer loop
    vertex 543.4045384117687 -2981.4342361122694 53.04999972648099
    vertex 543.4045384237698 -2984.4342361022386 50.049999738980496
    vertex 543.4045384237698 -2984.434236113688 53.049999724564806
  endloop
endfacet
facet normal -1.0 -1.78106369887839e-09 -2.968439630011785e-09
  outer loop
    vertex 543.4045384237698 -2984.4342361022386 50.049999738980496
    vertex 543.4045384117687 -2981.4342361122694 53.04999972648099
    vertex 543.4045384295794 -2981.4342360633636 50.04999986690067
  endloop
endfacet
facet normal 0.3826834323651038 -5.027811528039095e-08 0.9238795325112795
  outer loop
    vertex 546.7795378982486 -2981.4342359758593 45.75096152713259
    vertex 547.141309321623 -2976.4342354555097 45.601111169195065
    vertex 546.7795378892769 -2976.4342354644255 45.75096180295202
  endloop
endfacet
facet normal 0.3826834323651038 -5.027811528039095e-08 0.9238795325112795
  outer loop
    vertex 547.141309321623 -2976.4342354555097 45.601111169195065
    vertex 546.7795378982486 -2981.4342359758593 45.75096152713259
    vertex 547.1413093305947 -2981.4342359669436 45.60111089337563
  endloop
endfacet
facet normal 0.9238795325112987 -1.9452544718717265e-08 0.38268343236506036
  outer loop
    vertex 546.2304997925718 -2981.4342360071314 46.29999963280924
    vertex 546.0806491498431 -2976.4342355159233 46.66177134097489
    vertex 546.0806491588149 -2981.434236027357 46.661771065155456
  endloop
endfacet
facet normal 0.9238795325112987 -1.9452544718717265e-08 0.38268343236506036
  outer loop
    vertex 546.0806491498431 -2976.4342355159233 46.66177134097489
    vertex 546.2304997925718 -2981.4342360071314 46.29999963280924
    vertex 546.2304997836001 -2976.4342354956975 46.29999990862867
  endloop
endfacet
facet normal 0.7933533402911911 3.5005193578874605e-08 -0.608761429008777
  outer loop
    vertex 546.2304997925718 -2981.4342360898772 47.799999632809225
    vertex 546.4688777174971 -2976.4342355951526 48.11066008040848
    vertex 546.4688777264688 -2981.4342361065865 48.11065980458905
  endloop
endfacet
facet normal 0.7933533402911911 3.5005193578874605e-08 -0.608761429008777
  outer loop
    vertex 546.4688777174971 -2976.4342355951526 48.11066008040848
    vertex 546.2304997925718 -2981.4342360898772 47.799999632809225
    vertex 546.2304997836001 -2976.4342355784433 47.799999908628656
  endloop
endfacet
facet normal 1.0 4.0319911898778397e-10 -5.159107562716735e-09
  outer loop
    vertex 537.4045382466155 -2976.43423464819 44.050000154265575
    vertex 537.4045382435152 -2922.4342361994204 53.0500001840677
    vertex 537.4045382435152 -2976.4342361198796 53.0500001840677
  endloop
endfacet
facet normal 1.0 4.0319911898778397e-10 -5.159107562716735e-09
  outer loop
    vertex 537.4045382435152 -2922.4342361994204 53.0500001840677
    vertex 537.4045382466155 -2976.43423464819 44.050000154265575
    vertex 537.4045381460289 -2922.4342366272053 44.05000007370573
  endloop
endfacet
facet normal 0.9914448613738038 8.97932600602362e-09 -0.1305261922201017
  outer loop
    vertex 546.0295378982486 -2981.434236048865 47.04999963280923
    vertex 546.0806491498431 -2976.4342355587555 47.43822847628245
    vertex 546.0806491588149 -2981.434236070189 47.438228200463016
  endloop
endfacet
facet normal 0.9914448613738038 8.97932600602362e-09 -0.1305261922201017
  outer loop
    vertex 546.0806491498431 -2976.4342355587555 47.43822847628245
    vertex 546.0295378982486 -2981.434236048865 47.04999963280923
    vertex 546.0295378892769 -2976.434235537431 47.04999990862867
  endloop
endfacet
facet normal 0.9914448613738038 -5.421336932743501e-09 0.1305261922201019
  outer loop
    vertex 546.0806491588149 -2981.434236027357 46.661771065155456
    vertex 546.0295378892769 -2976.434235537431 47.04999990862867
    vertex 546.0295378982486 -2981.434236048865 47.04999963280923
  endloop
endfacet
facet normal 0.9914448613738038 -5.421336932743501e-09 0.1305261922201019
  outer loop
    vertex 546.0295378892769 -2976.434235537431 47.04999990862867
    vertex 546.0806491588149 -2981.434236027357 46.661771065155456
    vertex 546.0806491498431 -2976.4342355159233 46.66177134097489
  endloop
endfacet
facet normal 0.6087614290087596 -4.267212179534586e-08 0.7933533402912041
  outer loop
    vertex 546.4688777264688 -2981.4342359895663 45.98933946102941
    vertex 546.7795378892769 -2976.4342354644255 45.75096180295202
    vertex 546.4688777174971 -2976.4342354781325 45.98933973684885
  endloop
endfacet
facet normal 0.6087614290087596 -4.267212179534586e-08 0.7933533402912041
  outer loop
    vertex 546.7795378892769 -2976.4342354644255 45.75096180295202
    vertex 546.4688777264688 -2981.4342359895663 45.98933946102941
    vertex 546.7795378982486 -2981.4342359758593 45.75096152713259
  endloop
endfacet
facet normal -0.1305261922200382 -5.492615644547647e-08 0.9914448613738106
  outer loop
    vertex 547.5295378982486 -2981.4342359634275 45.54999963280924
    vertex 547.9177664569305 -2976.4342354541163 45.601111169195065
    vertex 547.5295378892769 -2976.4342354519936 45.54999990862867
  endloop
endfacet
facet normal -0.1305261922200382 -5.492615644547647e-08 0.9914448613738106
  outer loop
    vertex 547.9177664569305 -2976.4342354541163 45.601111169195065
    vertex 547.5295378982486 -2981.4342359634275 45.54999963280924
    vertex 547.9177664659023 -2981.43423596555 45.60111089337563
  endloop
endfacet
facet normal 0.6087614290087505 4.485677834764938e-08 -0.7933533402912111
  outer loop
    vertex 546.7795378892769 -2976.4342356077454 48.34903801430532
    vertex 546.4688777264688 -2981.4342361065865 48.11065980458905
    vertex 546.4688777174971 -2976.4342355951526 48.11066008040848
  endloop
endfacet
facet normal 0.6087614290087505 4.485677834764938e-08 -0.7933533402912111
  outer loop
    vertex 546.4688777264688 -2981.4342361065865 48.11065980458905
    vertex 546.7795378892769 -2976.4342356077454 48.34903801430532
    vertex 546.7795378982486 -2981.4342361191793 48.34903773848588
  endloop
endfacet
facet normal 4.2697232298784046e-09 -1.0 -1.2059352849664856e-08
  outer loop
    vertex 555.6545384299211 -2981.4342359023435 46.05000016833127
    vertex 547.5295378982486 -2981.4342359634275 45.54999963280924
    vertex 555.6545384206738 -2981.4342359524117 44.04999986548587
  endloop
endfacet
facet normal 4.2697232298784046e-09 -1.0 -1.2059352849664856e-08
  outer loop
    vertex 547.5295378982486 -2981.4342359634275 45.54999963280924
    vertex 555.6545384299211 -2981.4342359023435 46.05000016833127
    vertex 547.9177664659023 -2981.43423596555 45.60111089337563
  endloop
endfacet
facet normal 4.2697232298784046e-09 -1.0 -1.2059352849664856e-08
  outer loop
    vertex 547.9177664659023 -2981.43423596555 45.60111089337563
    vertex 555.6545384299211 -2981.4342359023435 46.05000016833127
    vertex 548.2795378982486 -2981.4342359731677 45.75096152713259
  endloop
endfacet
facet normal 4.2697232298784046e-09 -1.0 -1.2059352849664856e-08
  outer loop
    vertex 548.2795378982486 -2981.4342359731677 45.75096152713259
    vertex 555.6545384299211 -2981.4342359023435 46.05000016833127
    vertex 548.5901980700284 -2981.43423598576 45.98933946102941
  endloop
endfacet
facet normal 4.2697232298784046e-09 -1.0 -1.2059352849664856e-08
  outer loop
    vertex 548.5901980700284 -2981.43423598576 45.98933946102941
    vertex 555.6545384299211 -2981.4342359023435 46.05000016833127
    vertex 548.8285760039251 -2981.4342360024693 46.299999632809225
  endloop
endfacet
facet normal 4.2697232298784046e-09 -1.0 -1.2059352849664856e-08
  outer loop
    vertex 548.8285760039251 -2981.4342360024693 46.299999632809225
    vertex 555.6545384299211 -2981.4342359023435 46.05000016833127
    vertex 551.6545375258222 -2981.434236078906 50.04999978782708
  endloop
endfacet
facet normal 4.2697232298784046e-09 -1.0 -1.2059352849664856e-08
  outer loop
    vertex 548.8285760039251 -2981.4342360024693 46.299999632809225
    vertex 551.6545375258222 -2981.434236078906 50.04999978782708
    vertex 548.9784266376821 -2981.4342360221576 46.661771065155456
  endloop
endfacet
facet normal 4.2697232298784046e-09 -1.0 -1.2059352849664856e-08
  outer loop
    vertex 548.9784266376821 -2981.4342360221576 46.661771065155456
    vertex 551.6545375258222 -2981.434236078906 50.04999978782708
    vertex 549.0295378982486 -2981.4342360434816 47.04999963280923
  endloop
endfacet
facet normal 4.2697232298784046e-09 -1.0 -1.2059352849664856e-08
  outer loop
    vertex 549.0295378982486 -2981.4342360434816 47.04999963280923
    vertex 551.6545375258222 -2981.434236078906 50.04999978782708
    vertex 548.9784266376821 -2981.4342360649894 47.438228200463016
  endloop
endfacet
facet normal 4.2697232298784046e-09 -1.0 -1.2059352849664856e-08
  outer loop
    vertex 548.9784266376821 -2981.4342360649894 47.438228200463016
    vertex 551.6545375258222 -2981.434236078906 50.04999978782708
    vertex 548.8285760039251 -2981.434236085215 47.799999632809225
  endloop
endfacet
facet normal 4.2697232298784046e-09 -1.0 -1.2059352849664856e-08
  outer loop
    vertex 548.8285760039251 -2981.434236085215 47.799999632809225
    vertex 551.6545375258222 -2981.434236078906 50.04999978782708
    vertex 548.5901980700284 -2981.4342361027802 48.110659804589034
  endloop
endfacet
facet normal 4.2697232298784046e-09 -1.0 -1.2059352849664856e-08
  outer loop
    vertex 548.5901980700284 -2981.4342361027802 48.110659804589034
    vertex 551.6545375258222 -2981.434236078906 50.04999978782708
    vertex 548.2795378982486 -2981.4342361164877 48.34903773848588
  endloop
endfacet
facet normal 4.2697232298784046e-09 -1.0 -1.2059352849664856e-08
  outer loop
    vertex 548.2795378982486 -2981.4342361164877 48.34903773848588
    vertex 551.6545375258222 -2981.434236078906 50.04999978782708
    vertex 547.9177664659023 -2981.434236125403 48.498888372242824
  endloop
endfacet
facet normal 4.2697232298784046e-09 -1.0 -1.2059352849664856e-08
  outer loop
    vertex 547.9177664659023 -2981.434236125403 48.498888372242824
    vertex 551.6545375258222 -2981.434236078906 50.04999978782708
    vertex 547.5295378982486 -2981.434236128919 48.54999963280922
  endloop
endfacet
facet normal 4.2697232298784046e-09 -1.0 -1.2059352849664856e-08
  outer loop
    vertex 547.5295378982486 -2981.434236128919 48.54999963280922
    vertex 551.6545375258222 -2981.434236078906 50.04999978782708
    vertex 455.7795389886798 -2981.4342364488452 48.550000460653756
  endloop
endfacet
facet normal 4.2697232298784046e-09 -1.0 -1.2059352849664856e-08
  outer loop
    vertex 455.7795389886798 -2981.4342364488452 48.550000460653756
    vertex 551.6545375258222 -2981.434236078906 50.04999978782708
    vertex 451.6545392584895 -2981.4342364321274 50.04999977716663
  endloop
endfacet
facet normal 4.2697232298784046e-09 -1.0 -1.2059352849664856e-08
  outer loop
    vertex 451.6545392584895 -2981.4342364321274 50.04999977716663
    vertex 551.6545375258222 -2981.434236078906 50.04999978782708
    vertex 543.4045384295794 -2981.4342360633636 50.04999986690067
  endloop
endfacet
facet normal 4.2697232298784046e-09 -1.0 -1.2059352849664856e-08
  outer loop
    vertex 451.6545392584895 -2981.4342364321274 50.04999977716663
    vertex 543.4045384295794 -2981.4342360633636 50.04999986690067
    vertex 454.6545392445493 -2981.4342364246168 53.049999756752875
  endloop
endfacet
facet normal 4.2697232298784046e-09 -1.0 -1.2059352849664856e-08
  outer loop
    vertex 454.6545392445493 -2981.4342364246168 53.049999756752875
    vertex 543.4045384295794 -2981.4342360633636 50.04999986690067
    vertex 543.4045384117687 -2981.4342361122694 53.04999972648099
  endloop
endfacet
facet normal 4.2697232298784046e-09 -1.0 -1.2059352849664856e-08
  outer loop
    vertex 451.6545392584895 -2981.4342364066415 44.049999857253624
    vertex 454.4805008830032 -2981.4342364605527 46.30000046065375
    vertex 451.6545392584895 -2981.4342364321274 50.04999977716663
  endloop
endfacet
facet normal 4.2697232298784046e-09 -1.0 -1.2059352849664856e-08
  outer loop
    vertex 454.4805008830032 -2981.4342364605527 46.30000046065375
    vertex 451.6545392584895 -2981.4342364066415 44.049999857253624
    vertex 454.71887881690003 -2981.4342364599534 45.98934028887393
  endloop
endfacet
facet normal 4.2697232298784046e-09 -1.0 -1.2059352849664856e-08
  outer loop
    vertex 454.71887881690003 -2981.4342364599534 45.98934028887393
    vertex 451.6545392584895 -2981.4342364066415 44.049999857253624
    vertex 455.0295389886798 -2981.434236458816 45.7509623549771
  endloop
endfacet
facet normal 4.2697232298784046e-09 -1.0 -1.2059352849664856e-08
  outer loop
    vertex 455.0295389886798 -2981.434236458816 45.7509623549771
    vertex 451.6545392584895 -2981.4342364066415 44.049999857253624
    vertex 455.39131042102605 -2981.434236457218 45.60111172122016
  endloop
endfacet
facet normal 4.2697232298784046e-09 -1.0 -1.2059352849664856e-08
  outer loop
    vertex 455.39131042102605 -2981.434236457218 45.60111172122016
    vertex 451.6545392584895 -2981.4342364066415 44.049999857253624
    vertex 455.7795389886798 -2981.4342364552685 45.550000460653756
  endloop
endfacet
facet normal 4.2697232298784046e-09 -1.0 -1.2059352849664856e-08
  outer loop
    vertex 455.7795389886798 -2981.4342364552685 45.550000460653756
    vertex 451.6545392584895 -2981.4342364066415 44.049999857253624
    vertex 555.6545384206738 -2981.4342359524117 44.04999986548587
  endloop
endfacet
facet normal 4.2697232298784046e-09 -1.0 -1.2059352849664856e-08
  outer loop
    vertex 455.7795389886798 -2981.4342364552685 45.550000460653756
    vertex 555.6545384206738 -2981.4342359524117 44.04999986548587
    vertex 547.5295378982486 -2981.4342359634275 45.54999963280924
  endloop
endfacet
facet normal 4.2697232298784046e-09 -1.0 -1.2059352849664856e-08
  outer loop
    vertex 451.6545392584895 -2981.4342364321274 50.04999977716663
    vertex 454.4805008830032 -2981.4342364605527 46.30000046065375
    vertex 454.3306502492462 -2981.4342364605727 46.66177189299998
  endloop
endfacet
facet normal 4.2697232298784046e-09 -1.0 -1.2059352849664856e-08
  outer loop
    vertex 451.6545392584895 -2981.4342364321274 50.04999977716663
    vertex 454.3306502492462 -2981.4342364605727 46.66177189299998
    vertex 454.2795389886798 -2981.4342364600125 47.050000460653756
  endloop
endfacet
facet normal 4.2697232298784046e-09 -1.0 -1.2059352849664856e-08
  outer loop
    vertex 451.6545392584895 -2981.4342364321274 50.04999977716663
    vertex 454.2795389886798 -2981.4342364600125 47.050000460653756
    vertex 454.3306502492462 -2981.43423645891 47.43822902830753
  endloop
endfacet
facet normal 4.2697232298784046e-09 -1.0 -1.2059352849664856e-08
  outer loop
    vertex 451.6545392584895 -2981.4342364321274 50.04999977716663
    vertex 454.3306502492462 -2981.43423645891 47.43822902830753
    vertex 454.4805008830032 -2981.434236457341 47.80000046065374
  endloop
endfacet
facet normal 4.2697232298784046e-09 -1.0 -1.2059352849664856e-08
  outer loop
    vertex 451.6545392584895 -2981.4342364321274 50.04999977716663
    vertex 454.4805008830032 -2981.434236457341 47.80000046065374
    vertex 454.71887881690003 -2981.4342364554113 48.11066063243357
  endloop
endfacet
facet normal 4.2697232298784046e-09 -1.0 -1.2059352849664856e-08
  outer loop
    vertex 451.6545392584895 -2981.4342364321274 50.04999977716663
    vertex 454.71887881690003 -2981.4342364554113 48.11066063243357
    vertex 455.0295389886798 -2981.434236453253 48.34903856633041
  endloop
endfacet
facet normal 4.2697232298784046e-09 -1.0 -1.2059352849664856e-08
  outer loop
    vertex 451.6545392584895 -2981.4342364321274 50.04999977716663
    vertex 455.0295389886798 -2981.434236453253 48.34903856633041
    vertex 455.39131042102605 -2981.4342364510135 48.49888920008736
  endloop
endfacet
facet normal 4.2697232298784046e-09 -1.0 -1.2059352849664856e-08
  outer loop
    vertex 451.6545392584895 -2981.4342364321274 50.04999977716663
    vertex 455.39131042102605 -2981.4342364510135 48.49888920008736
    vertex 455.7795389886798 -2981.4342364488452 48.550000460653756
  endloop
endfacet
facet normal 4.2697232298784046e-09 -1.0 -1.2059352849664856e-08
  outer loop
    vertex 547.1413093305947 -2981.4342359669436 45.60111089337563
    vertex 455.7795389886798 -2981.4342364552685 45.550000460653756
    vertex 547.5295378982486 -2981.4342359634275 45.54999963280924
  endloop
endfacet
facet normal 4.2697232298784046e-09 -1.0 -1.2059352849664856e-08
  outer loop
    vertex 455.7795389886798 -2981.4342364552685 45.550000460653756
    vertex 547.1413093305947 -2981.4342359669436 45.60111089337563
    vertex 456.1677675563336 -2981.4342364531 45.60111172122016
  endloop
endfacet
facet normal 4.2697232298784046e-09 -1.0 -1.2059352849664856e-08
  outer loop
    vertex 456.1677675563336 -2981.4342364531 45.60111172122016
    vertex 547.1413093305947 -2981.4342359669436 45.60111089337563
    vertex 546.7795378982486 -2981.4342359758593 45.75096152713259
  endloop
endfacet
facet normal 4.2697232298784046e-09 -1.0 -1.2059352849664856e-08
  outer loop
    vertex 456.1677675563336 -2981.4342364531 45.60111172122016
    vertex 546.7795378982486 -2981.4342359758593 45.75096152713259
    vertex 456.52953898867986 -2981.4342364508607 45.7509623549771
  endloop
endfacet
facet normal 4.2697232298784046e-09 -1.0 -1.2059352849664856e-08
  outer loop
    vertex 456.52953898867986 -2981.4342364508607 45.7509623549771
    vertex 546.7795378982486 -2981.4342359758593 45.75096152713259
    vertex 546.4688777264688 -2981.4342359895663 45.98933946102941
  endloop
endfacet
facet normal 4.2697232298784046e-09 -1.0 -1.2059352849664856e-08
  outer loop
    vertex 456.52953898867986 -2981.4342364508607 45.7509623549771
    vertex 546.4688777264688 -2981.4342359895663 45.98933946102941
    vertex 456.84019916045963 -2981.4342364487024 45.98934028887393
  endloop
endfacet
facet normal 4.2697232298784046e-09 -1.0 -1.2059352849664856e-08
  outer loop
    vertex 456.84019916045963 -2981.4342364487024 45.98934028887393
    vertex 546.4688777264688 -2981.4342359895663 45.98933946102941
    vertex 546.2304997925718 -2981.4342360071314 46.29999963280924
  endloop
endfacet
facet normal 4.2697232298784046e-09 -1.0 -1.2059352849664856e-08
  outer loop
    vertex 456.84019916045963 -2981.4342364487024 45.98934028887393
    vertex 546.2304997925718 -2981.4342360071314 46.29999963280924
    vertex 457.0785770943565 -2981.434236446773 46.30000046065375
  endloop
endfacet
facet normal 4.2697232298784046e-09 -1.0 -1.2059352849664856e-08
  outer loop
    vertex 457.0785770943565 -2981.434236446773 46.30000046065375
    vertex 546.2304997925718 -2981.4342360071314 46.29999963280924
    vertex 546.0806491588149 -2981.434236027357 46.661771065155456
  endloop
endfacet
facet normal 4.2697232298784046e-09 -1.0 -1.2059352849664856e-08
  outer loop
    vertex 457.0785770943565 -2981.434236446773 46.30000046065375
    vertex 546.0806491588149 -2981.434236027357 46.661771065155456
    vertex 457.22842772811345 -2981.434236445203 46.66177189299998
  endloop
endfacet
facet normal 4.2697232298784046e-09 -1.0 -1.2059352849664856e-08
  outer loop
    vertex 457.22842772811345 -2981.434236445203 46.66177189299998
    vertex 546.0806491588149 -2981.434236027357 46.661771065155456
    vertex 546.0295378982486 -2981.434236048865 47.04999963280923
  endloop
endfacet
facet normal 4.2697232298784046e-09 -1.0 -1.2059352849664856e-08
  outer loop
    vertex 457.22842772811345 -2981.434236445203 46.66177189299998
    vertex 546.0295378982486 -2981.434236048865 47.04999963280923
    vertex 457.27953898867986 -2981.434236444101 47.050000460653756
  endloop
endfacet
facet normal 4.2697232298784046e-09 -1.0 -1.2059352849664856e-08
  outer loop
    vertex 457.27953898867986 -2981.434236444101 47.050000460653756
    vertex 546.0295378982486 -2981.434236048865 47.04999963280923
    vertex 546.0806491588149 -2981.434236070189 47.438228200463016
  endloop
endfacet
facet normal 4.2697232298784046e-09 -1.0 -1.2059352849664856e-08
  outer loop
    vertex 457.27953898867986 -2981.434236444101 47.050000460653756
    vertex 546.0806491588149 -2981.434236070189 47.438228200463016
    vertex 457.22842772811345 -2981.4342364435406 47.43822902830753
  endloop
endfacet
facet normal 4.2697232298784046e-09 -1.0 -1.2059352849664856e-08
  outer loop
    vertex 457.22842772811345 -2981.4342364435406 47.43822902830753
    vertex 546.0806491588149 -2981.434236070189 47.438228200463016
    vertex 546.2304997925718 -2981.4342360898772 47.799999632809225
  endloop
endfacet
facet normal 4.2697232298784046e-09 -1.0 -1.2059352849664856e-08
  outer loop
    vertex 457.22842772811345 -2981.4342364435406 47.43822902830753
    vertex 546.2304997925718 -2981.4342360898772 47.799999632809225
    vertex 457.0785770943565 -2981.434236443561 47.80000046065374
  endloop
endfacet
facet normal 4.2697232298784046e-09 -1.0 -1.2059352849664856e-08
  outer loop
    vertex 457.0785770943565 -2981.434236443561 47.80000046065374
    vertex 546.2304997925718 -2981.4342360898772 47.799999632809225
    vertex 546.4688777264688 -2981.4342361065865 48.11065980458905
  endloop
endfacet
facet normal 4.2697232298784046e-09 -1.0 -1.2059352849664856e-08
  outer loop
    vertex 457.0785770943565 -2981.434236443561 47.80000046065374
    vertex 546.4688777264688 -2981.4342361065865 48.11065980458905
    vertex 456.84019916045963 -2981.43423644416 48.11066063243357
  endloop
endfacet
facet normal 4.2697232298784046e-09 -1.0 -1.2059352849664856e-08
  outer loop
    vertex 456.84019916045963 -2981.43423644416 48.11066063243357
    vertex 546.4688777264688 -2981.4342361065865 48.11065980458905
    vertex 546.7795378982486 -2981.4342361191793 48.34903773848588
  endloop
endfacet
facet normal 4.2697232298784046e-09 -1.0 -1.2059352849664856e-08
  outer loop
    vertex 456.84019916045963 -2981.43423644416 48.11066063243357
    vertex 546.7795378982486 -2981.4342361191793 48.34903773848588
    vertex 456.52953898867986 -2981.4342364452978 48.34903856633041
  endloop
endfacet
facet normal 4.2697232298784046e-09 -1.0 -1.2059352849664856e-08
  outer loop
    vertex 456.52953898867986 -2981.4342364452978 48.34903856633041
    vertex 546.7795378982486 -2981.4342361191793 48.34903773848588
    vertex 547.1413093305947 -2981.4342361267963 48.498888372242824
  endloop
endfacet
facet normal 4.2697232298784046e-09 -1.0 -1.2059352849664856e-08
  outer loop
    vertex 456.52953898867986 -2981.4342364452978 48.34903856633041
    vertex 547.1413093305947 -2981.4342361267963 48.498888372242824
    vertex 456.1677675563336 -2981.4342364468953 48.49888920008735
  endloop
endfacet
facet normal 4.2697232298784046e-09 -1.0 -1.2059352849664856e-08
  outer loop
    vertex 456.1677675563336 -2981.4342364468953 48.49888920008735
    vertex 547.1413093305947 -2981.4342361267963 48.498888372242824
    vertex 547.5295378982486 -2981.434236128919 48.54999963280922
  endloop
endfacet
facet normal 4.2697232298784046e-09 -1.0 -1.2059352849664856e-08
  outer loop
    vertex 456.1677675563336 -2981.4342364468953 48.49888920008735
    vertex 547.5295378982486 -2981.434236128919 48.54999963280922
    vertex 455.7795389886798 -2981.4342364488452 48.550000460653756
  endloop
endfacet
facet normal -0.7933533402911911 3.21580937289697e-08 -0.6087614290087772
  outer loop
    vertex 548.5901980610566 -2976.4342355913464 48.11066008040847
    vertex 548.8285760039251 -2981.434236085215 47.799999632809225
    vertex 548.5901980700284 -2981.4342361027802 48.110659804589034
  endloop
endfacet
facet normal -0.7933533402911911 3.21580937289697e-08 -0.6087614290087772
  outer loop
    vertex 548.8285760039251 -2981.434236085215 47.799999632809225
    vertex 548.5901980610566 -2976.4342355913464 48.11066008040847
    vertex 548.8285759949534 -2976.4342355737817 47.799999908628656
  endloop
endfacet
facet normal -0.1305261922200384 5.445773829759053e-08 -0.9914448613738106
  outer loop
    vertex 547.9177664569305 -2976.434235613969 48.49888864806226
    vertex 547.5295378982486 -2981.434236128919 48.54999963280922
    vertex 547.5295378892769 -2976.4342356174852 48.549999908628656
  endloop
endfacet
facet normal -0.1305261922200384 5.445773829759053e-08 -0.9914448613738106
  outer loop
    vertex 547.5295378982486 -2981.434236128919 48.54999963280922
    vertex 547.9177664569305 -2976.434235613969 48.49888864806226
    vertex 547.9177664659023 -2981.434236125403 48.498888372242824
  endloop
endfacet
facet normal 0.1305261922200384 -5.445773829759053e-08 0.9914448613738106
  outer loop
    vertex 547.1413093305947 -2981.4342359669436 45.60111089337563
    vertex 547.5295378892769 -2976.4342354519936 45.54999990862867
    vertex 547.141309321623 -2976.4342354555097 45.601111169195065
  endloop
endfacet
facet normal 0.1305261922200384 -5.445773829759053e-08 0.9914448613738106
  outer loop
    vertex 547.5295378892769 -2976.4342354519936 45.54999990862867
    vertex 547.1413093305947 -2981.4342359669436 45.60111089337563
    vertex 547.5295378982486 -2981.4342359634275 45.54999963280924
  endloop
endfacet
facet normal -0.6087614290087596 4.267212179534586e-08 -0.7933533402912041
  outer loop
    vertex 548.5901980610566 -2976.4342355913464 48.11066008040847
    vertex 548.2795378982486 -2981.4342361164877 48.34903773848588
    vertex 548.2795378892769 -2976.434235605054 48.34903801430532
  endloop
endfacet
facet normal -0.6087614290087596 4.267212179534586e-08 -0.7933533402912041
  outer loop
    vertex 548.2795378982486 -2981.4342361164877 48.34903773848588
    vertex 548.5901980610566 -2976.4342355913464 48.11066008040847
    vertex 548.5901980700284 -2981.4342361027802 48.110659804589034
  endloop
endfacet
facet normal -1.0 -3.62744248559692e-09 -2.543833525465865e-10
  outer loop
    vertex 543.40453819666 -2917.4342359961556 53.050000413060346
    vertex 543.4045381659898 -2914.4342361714425 50.05000012949902
    vertex 543.4045381974231 -2917.434236142904 50.05000033674481
  endloop
endfacet
facet normal -1.0 -3.62744248559692e-09 -2.543833525465865e-10
  outer loop
    vertex 543.4045381659898 -2914.4342361714425 50.05000012949902
    vertex 543.40453819666 -2917.4342359961556 53.050000413060346
    vertex 543.4045381652267 -2914.4342360246947 53.050000205814555
  endloop
endfacet
facet normal -1.7943417798693223e-09 0.9999999999999984 5.516391562023856e-08
  outer loop
    vertex 537.4045382466155 -2976.43423464819 44.050000154265575
    vertex 547.141309321623 -2976.4342354555097 45.601111169195065
    vertex 547.5295378892769 -2976.4342354519936 45.54999990862867
  endloop
endfacet
facet normal -1.7943417798693223e-09 0.9999999999999984 5.516391562023856e-08
  outer loop
    vertex 547.141309321623 -2976.4342354555097 45.601111169195065
    vertex 537.4045382466155 -2976.43423464819 44.050000154265575
    vertex 546.7795378892769 -2976.4342354644255 45.75096180295202
  endloop
endfacet
facet normal -1.7943417798693223e-09 0.9999999999999984 5.516391562023856e-08
  outer loop
    vertex 546.7795378892769 -2976.4342354644255 45.75096180295202
    vertex 537.4045382466155 -2976.43423464819 44.050000154265575
    vertex 546.4688777174971 -2976.4342354781325 45.98933973684885
  endloop
endfacet
facet normal -1.7943417798693223e-09 0.9999999999999984 5.516391562023856e-08
  outer loop
    vertex 546.4688777174971 -2976.4342354781325 45.98933973684885
    vertex 537.4045382466155 -2976.43423464819 44.050000154265575
    vertex 537.4045382435152 -2976.4342361198796 53.0500001840677
  endloop
endfacet
facet normal -1.7943417798693223e-09 0.9999999999999984 5.516391562023856e-08
  outer loop
    vertex 546.4688777174971 -2976.4342354781325 45.98933973684885
    vertex 537.4045382435152 -2976.4342361198796 53.0500001840677
    vertex 546.2304997836001 -2976.4342354956975 46.29999990862867
  endloop
endfacet
facet normal -1.7943417798693223e-09 0.9999999999999984 5.516391562023856e-08
  outer loop
    vertex 546.2304997836001 -2976.4342354956975 46.29999990862867
    vertex 537.4045382435152 -2976.4342361198796 53.0500001840677
    vertex 546.0806491498431 -2976.4342355159233 46.66177134097489
  endloop
endfacet
facet normal -1.7943417798693223e-09 0.9999999999999984 5.516391562023856e-08
  outer loop
    vertex 546.0806491498431 -2976.4342355159233 46.66177134097489
    vertex 537.4045382435152 -2976.4342361198796 53.0500001840677
    vertex 546.0295378892769 -2976.434235537431 47.04999990862867
  endloop
endfacet
facet normal -1.7943417798693223e-09 0.9999999999999984 5.516391562023856e-08
  outer loop
    vertex 546.0295378892769 -2976.434235537431 47.04999990862867
    vertex 537.4045382435152 -2976.4342361198796 53.0500001840677
    vertex 546.0806491498431 -2976.4342355587555 47.43822847628245
  endloop
endfacet
facet normal -1.7943417798693223e-09 0.9999999999999984 5.516391562023856e-08
  outer loop
    vertex 546.0806491498431 -2976.4342355587555 47.43822847628245
    vertex 537.4045382435152 -2976.4342361198796 53.0500001840677
    vertex 546.2304997836001 -2976.4342355784433 47.799999908628656
  endloop
endfacet
facet normal -1.7943417798693223e-09 0.9999999999999984 5.516391562023856e-08
  outer loop
    vertex 546.2304997836001 -2976.4342355784433 47.799999908628656
    vertex 537.4045382435152 -2976.4342361198796 53.0500001840677
    vertex 546.4688777174971 -2976.4342355951526 48.11066008040848
  endloop
endfacet
facet normal -1.7943417798693223e-09 0.9999999999999984 5.516391562023856e-08
  outer loop
    vertex 546.4688777174971 -2976.4342355951526 48.11066008040848
    vertex 537.4045382435152 -2976.4342361198796 53.0500001840677
    vertex 546.7795378892769 -2976.4342356077454 48.34903801430532
  endloop
endfacet
facet normal -1.7943417798693223e-09 0.9999999999999984 5.516391562023856e-08
  outer loop
    vertex 546.7795378892769 -2976.4342356077454 48.34903801430532
    vertex 537.4045382435152 -2976.4342361198796 53.0500001840677
    vertex 547.141309321623 -2976.4342356153625 48.49888864806226
  endloop
endfacet
facet normal -1.7943417798693223e-09 0.9999999999999984 5.516391562023856e-08
  outer loop
    vertex 547.141309321623 -2976.4342356153625 48.49888864806226
    vertex 537.4045382435152 -2976.4342361198796 53.0500001840677
    vertex 547.5295378892769 -2976.4342356174852 48.549999908628656
  endloop
endfacet
facet normal -1.7943417798693223e-09 0.9999999999999984 5.516391562023856e-08
  outer loop
    vertex 547.5295378892769 -2976.4342356174852 48.549999908628656
    vertex 537.4045382435152 -2976.4342361198796 53.0500001840677
    vertex 548.6545367451159 -2976.434235845714 53.04999981028455
  endloop
endfacet
facet normal -1.7943417798693223e-09 0.9999999999999984 5.516391562023856e-08
  outer loop
    vertex 537.4045382466155 -2976.43423464819 44.050000154265575
    vertex 555.6545381842404 -2976.4342354480505 46.04999986228586
    vertex 555.6545381609915 -2976.434235437086 44.04999986228587
  endloop
endfacet
facet normal -1.7943417798693223e-09 0.9999999999999984 5.516391562023856e-08
  outer loop
    vertex 555.6545381842404 -2976.4342354480505 46.04999986228586
    vertex 537.4045382466155 -2976.43423464819 44.050000154265575
    vertex 547.5295378892769 -2976.4342354519936 45.54999990862867
  endloop
endfacet
facet normal -1.7943417798693223e-09 0.9999999999999984 5.516391562023856e-08
  outer loop
    vertex 555.6545381842404 -2976.4342354480505 46.04999986228586
    vertex 547.5295378892769 -2976.4342354519936 45.54999990862867
    vertex 547.9177664569305 -2976.4342354541163 45.601111169195065
  endloop
endfacet
facet normal -1.7943417798693223e-09 0.9999999999999984 5.516391562023856e-08
  outer loop
    vertex 555.6545381842404 -2976.4342354480505 46.04999986228586
    vertex 547.9177664569305 -2976.4342354541163 45.601111169195065
    vertex 548.2795378892769 -2976.434235461734 45.75096180295202
  endloop
endfacet
facet normal -1.7943417798693223e-09 0.9999999999999984 5.516391562023856e-08
  outer loop
    vertex 555.6545381842404 -2976.4342354480505 46.04999986228586
    vertex 548.2795378892769 -2976.434235461734 45.75096180295202
    vertex 548.5901980610566 -2976.434235474326 45.98933973684885
  endloop
endfacet
facet normal -1.7943417798693223e-09 0.9999999999999984 5.516391562023856e-08
  outer loop
    vertex 555.6545381842404 -2976.4342354480505 46.04999986228586
    vertex 548.5901980610566 -2976.434235474326 45.98933973684885
    vertex 548.8285759949534 -2976.434235491036 46.299999908628656
  endloop
endfacet
facet normal -1.7943417798693223e-09 0.9999999999999984 5.516391562023856e-08
  outer loop
    vertex 555.6545381842404 -2976.4342354480505 46.04999986228586
    vertex 548.8285759949534 -2976.434235491036 46.299999908628656
    vertex 548.9784266287104 -2976.4342355107237 46.66177134097489
  endloop
endfacet
facet normal -1.7943417798693223e-09 0.9999999999999984 5.516391562023856e-08
  outer loop
    vertex 555.6545381842404 -2976.4342354480505 46.04999986228586
    vertex 548.9784266287104 -2976.4342355107237 46.66177134097489
    vertex 549.0295378892769 -2976.4342355320478 47.04999990862867
  endloop
endfacet
facet normal -1.7943417798693223e-09 0.9999999999999984 5.516391562023856e-08
  outer loop
    vertex 555.6545381842404 -2976.4342354480505 46.04999986228586
    vertex 549.0295378892769 -2976.4342355320478 47.04999990862867
    vertex 548.6545367451159 -2976.434235845714 53.04999981028455
  endloop
endfacet
facet normal -1.7943417798693223e-09 0.9999999999999984 5.516391562023856e-08
  outer loop
    vertex 548.6545367451159 -2976.434235845714 53.04999981028455
    vertex 549.0295378892769 -2976.4342355320478 47.04999990862867
    vertex 548.9784266287104 -2976.434235553556 47.43822847628245
  endloop
endfacet
facet normal -1.7943417798693223e-09 0.9999999999999984 5.516391562023856e-08
  outer loop
    vertex 548.6545367451159 -2976.434235845714 53.04999981028455
    vertex 548.9784266287104 -2976.434235553556 47.43822847628245
    vertex 548.8285759949534 -2976.4342355737817 47.799999908628656
  endloop
endfacet
facet normal -1.7943417798693223e-09 0.9999999999999984 5.516391562023856e-08
  outer loop
    vertex 548.6545367451159 -2976.434235845714 53.04999981028455
    vertex 548.8285759949534 -2976.4342355737817 47.799999908628656
    vertex 548.5901980610566 -2976.4342355913464 48.11066008040847
  endloop
endfacet
facet normal -1.7943417798693223e-09 0.9999999999999984 5.516391562023856e-08
  outer loop
    vertex 548.6545367451159 -2976.434235845714 53.04999981028455
    vertex 548.5901980610566 -2976.4342355913464 48.11066008040847
    vertex 548.2795378892769 -2976.434235605054 48.34903801430532
  endloop
endfacet
facet normal -1.7943417798693223e-09 0.9999999999999984 5.516391562023856e-08
  outer loop
    vertex 548.6545367451159 -2976.434235845714 53.04999981028455
    vertex 548.2795378892769 -2976.434235605054 48.34903801430532
    vertex 547.9177664569305 -2976.434235613969 48.49888864806226
  endloop
endfacet
facet normal -1.7943417798693223e-09 0.9999999999999984 5.516391562023856e-08
  outer loop
    vertex 548.6545367451159 -2976.434235845714 53.04999981028455
    vertex 547.9177664569305 -2976.434235613969 48.49888864806226
    vertex 547.5295378892769 -2976.4342356174852 48.549999908628656
  endloop
endfacet
facet normal 0.9999999999999987 5.333663792035378e-08 -8.124074920476945e-09
  outer loop
    vertex 555.6545353564222 -2922.4342361084123 44.05000005794979
    vertex 555.6545351059872 -2917.4342360175715 46.050000314550076
    vertex 555.6545353796712 -2922.4342361193767 46.050000057949774
  endloop
endfacet
facet normal 0.9999999999999987 5.333663792035378e-08 -8.124074920476945e-09
  outer loop
    vertex 555.6545351059872 -2917.4342360175715 46.050000314550076
    vertex 555.6545353564222 -2922.4342361084123 44.05000005794979
    vertex 555.6545350967399 -2917.4342360676396 44.050000011704675
  endloop
endfacet
facet normal 9.657662949807286e-09 1.0 -8.144517961629256e-10
  outer loop
    vertex 451.6545395257048 -2952.4342361530857 49.54999961923981
    vertex 458.9045390895704 -2952.4342364558775 26.750962292882935
    vertex 451.65454166553417 -2952.434236514599 26.750961261294076
  endloop
endfacet
facet normal 9.657662949807286e-09 1.0 -8.144517961629256e-10
  outer loop
    vertex 458.9045390895704 -2952.4342364558775 26.750962292882935
    vertex 451.6545395257048 -2952.4342361530857 49.54999961923981
    vertex 454.7188786630888 -2952.4342364704935 45.98934022677972
  endloop
endfacet
facet normal 9.657662949807286e-09 1.0 -8.144517961629256e-10
  outer loop
    vertex 458.9045390895704 -2952.4342364558775 26.750962292882935
    vertex 454.7188786630888 -2952.4342364704935 45.98934022677972
    vertex 455.02953883486856 -2952.434236469356 45.750962292882875
  endloop
endfacet
facet normal 9.657662949807286e-09 1.0 -8.144517961629256e-10
  outer loop
    vertex 458.9045390895704 -2952.4342364558775 26.750962292882935
    vertex 455.02953883486856 -2952.434236469356 45.750962292882875
    vertex 455.39131026721475 -2952.434236467758 45.601111659125934
  endloop
endfacet
facet normal 9.657662949807286e-09 1.0 -8.144517961629256e-10
  outer loop
    vertex 458.9045390895704 -2952.4342364558775 26.750962292882935
    vertex 455.39131026721475 -2952.434236467758 45.601111659125934
    vertex 455.77953883486856 -2952.4342364658087 45.55000039855954
  endloop
endfacet
facet normal 9.657662949807286e-09 1.0 -8.144517961629256e-10
  outer loop
    vertex 454.7188786630888 -2952.4342364704935 45.98934022677972
    vertex 451.6545395257048 -2952.4342361530857 49.54999961923981
    vertex 454.4805007291919 -2952.434236471093 46.300000398559526
  endloop
endfacet
facet normal 9.657662949807286e-09 1.0 -8.144517961629256e-10
  outer loop
    vertex 454.4805007291919 -2952.434236471093 46.300000398559526
    vertex 451.6545395257048 -2952.4342361530857 49.54999961923981
    vertex 454.330650095435 -2952.434236471113 46.66177183090576
  endloop
endfacet
facet normal 9.657662949807286e-09 1.0 -8.144517961629256e-10
  outer loop
    vertex 454.330650095435 -2952.434236471113 46.66177183090576
    vertex 451.6545395257048 -2952.4342361530857 49.54999961923981
    vertex 454.27953883486856 -2952.4342364705526 47.05000039855954
  endloop
endfacet
facet normal 9.657662949807286e-09 1.0 -8.144517961629256e-10
  outer loop
    vertex 454.27953883486856 -2952.4342364705526 47.05000039855954
    vertex 451.6545395257048 -2952.4342361530857 49.54999961923981
    vertex 454.330650095435 -2952.4342364694503 47.438228966213316
  endloop
endfacet
facet normal 9.657662949807286e-09 1.0 -8.144517961629256e-10
  outer loop
    vertex 454.330650095435 -2952.4342364694503 47.438228966213316
    vertex 451.6545395257048 -2952.4342361530857 49.54999961923981
    vertex 454.4805007291919 -2952.434236467881 47.800000398559526
  endloop
endfacet
facet normal 9.657662949807286e-09 1.0 -8.144517961629256e-10
  outer loop
    vertex 454.4805007291919 -2952.434236467881 47.800000398559526
    vertex 451.6545395257048 -2952.4342361530857 49.54999961923981
    vertex 454.7188786630888 -2952.434236465951 48.11066057033935
  endloop
endfacet
facet normal 9.657662949807286e-09 1.0 -8.144517961629256e-10
  outer loop
    vertex 454.7188786630888 -2952.434236465951 48.11066057033935
    vertex 451.6545395257048 -2952.4342361530857 49.54999961923981
    vertex 455.02953883486856 -2952.4342364637932 48.34903850423619
  endloop
endfacet
facet normal 9.657662949807286e-09 1.0 -8.144517961629256e-10
  outer loop
    vertex 455.02953883486856 -2952.4342364637932 48.34903850423619
    vertex 451.6545395257048 -2952.4342361530857 49.54999961923981
    vertex 455.39131026721475 -2952.4342364615536 48.49888913799314
  endloop
endfacet
facet normal 9.657662949807286e-09 1.0 -8.144517961629256e-10
  outer loop
    vertex 455.39131026721475 -2952.4342364615536 48.49888913799314
    vertex 451.6545395257048 -2952.4342361530857 49.54999961923981
    vertex 455.77953883486856 -2952.434236459385 48.55000039855953
  endloop
endfacet
facet normal 9.657662949807286e-09 1.0 -8.144517961629256e-10
  outer loop
    vertex 455.77953883486856 -2952.434236459385 48.55000039855953
    vertex 451.6545395257048 -2952.4342361530857 49.54999961923981
    vertex 455.77953882840995 -2952.434236451686 49.55000039855953
  endloop
endfacet
facet normal 9.657662949807286e-09 1.0 -8.144517961629256e-10
  outer loop
    vertex 458.9045390895704 -2952.4342364558775 26.750962292882935
    vertex 457.07857694054525 -2952.4342364573126 46.300000398559526
    vertex 458.9045383331716 -2952.434236458649 49.5500009934583
  endloop
endfacet
facet normal 9.657662949807286e-09 1.0 -8.144517961629256e-10
  outer loop
    vertex 457.07857694054525 -2952.4342364573126 46.300000398559526
    vertex 458.9045390895704 -2952.4342364558775 26.750962292882935
    vertex 456.8401990066484 -2952.4342364592426 45.98934022677972
  endloop
endfacet
facet normal 9.657662949807286e-09 1.0 -8.144517961629256e-10
  outer loop
    vertex 456.8401990066484 -2952.4342364592426 45.98934022677972
    vertex 458.9045390895704 -2952.4342364558775 26.750962292882935
    vertex 456.52953883486856 -2952.434236461401 45.750962292882875
  endloop
endfacet
facet normal 9.657662949807286e-09 1.0 -8.144517961629256e-10
  outer loop
    vertex 456.52953883486856 -2952.434236461401 45.750962292882875
    vertex 458.9045390895704 -2952.4342364558775 26.750962292882935
    vertex 456.1677674025224 -2952.43423646364 45.601111659125934
  endloop
endfacet
facet normal 9.657662949807286e-09 1.0 -8.144517961629256e-10
  outer loop
    vertex 456.1677674025224 -2952.43423646364 45.601111659125934
    vertex 458.9045390895704 -2952.4342364558775 26.750962292882935
    vertex 455.77953883486856 -2952.4342364658087 45.55000039855954
  endloop
endfacet
facet normal 9.657662949807286e-09 1.0 -8.144517961629256e-10
  outer loop
    vertex 458.9045383331716 -2952.434236458649 49.5500009934583
    vertex 457.07857694054525 -2952.4342364573126 46.300000398559526
    vertex 457.22842757430215 -2952.4342364557433 46.66177183090576
  endloop
endfacet
facet normal 9.657662949807286e-09 1.0 -8.144517961629256e-10
  outer loop
    vertex 458.9045383331716 -2952.434236458649 49.5500009934583
    vertex 457.22842757430215 -2952.4342364557433 46.66177183090576
    vertex 457.27953883486856 -2952.434236454641 47.05000039855954
  endloop
endfacet
facet normal 9.657662949807286e-09 1.0 -8.144517961629256e-10
  outer loop
    vertex 458.9045383331716 -2952.434236458649 49.5500009934583
    vertex 457.27953883486856 -2952.434236454641 47.05000039855954
    vertex 457.22842757430215 -2952.4342364540807 47.438228966213316
  endloop
endfacet
facet normal 9.657662949807286e-09 1.0 -8.144517961629256e-10
  outer loop
    vertex 458.9045383331716 -2952.434236458649 49.5500009934583
    vertex 457.22842757430215 -2952.4342364540807 47.438228966213316
    vertex 457.07857694054525 -2952.434236454101 47.800000398559526
  endloop
endfacet
facet normal 9.657662949807286e-09 1.0 -8.144517961629256e-10
  outer loop
    vertex 458.9045383331716 -2952.434236458649 49.5500009934583
    vertex 457.07857694054525 -2952.434236454101 47.800000398559526
    vertex 456.8401990066484 -2952.4342364547 48.11066057033935
  endloop
endfacet
facet normal 9.657662949807286e-09 1.0 -8.144517961629256e-10
  outer loop
    vertex 458.9045383331716 -2952.434236458649 49.5500009934583
    vertex 456.8401990066484 -2952.4342364547 48.11066057033935
    vertex 456.52953883486856 -2952.4342364558374 48.34903850423619
  endloop
endfacet
facet normal 9.657662949807286e-09 1.0 -8.144517961629256e-10
  outer loop
    vertex 458.9045383331716 -2952.434236458649 49.5500009934583
    vertex 456.52953883486856 -2952.4342364558374 48.34903850423619
    vertex 456.1677674025224 -2952.4342364574354 48.49888913799313
  endloop
endfacet
facet normal 9.657662949807286e-09 1.0 -8.144517961629256e-10
  outer loop
    vertex 458.9045383331716 -2952.434236458649 49.5500009934583
    vertex 456.1677674025224 -2952.4342364574354 48.49888913799313
    vertex 455.77953883486856 -2952.434236459385 48.55000039855953
  endloop
endfacet
facet normal 9.657662949807286e-09 1.0 -8.144517961629256e-10
  outer loop
    vertex 458.9045383331716 -2952.434236458649 49.5500009934583
    vertex 455.77953883486856 -2952.434236459385 48.55000039855953
    vertex 455.77953882840995 -2952.434236451686 49.55000039855953
  endloop
endfacet
facet normal -1.0 2.4933980923151326e-09 1.0500712395380957e-09
  outer loop
    vertex 534.9045382718375 -2928.434236030934 49.55000037199236
    vertex 534.9045382197044 -2970.4342352674926 44.05000021730689
    vertex 534.9045381840094 -2970.434235275918 49.550000856784784
  endloop
endfacet
facet normal -1.0 2.4933980923151326e-09 1.0500712395380957e-09
  outer loop
    vertex 534.9045382197044 -2970.4342352674926 44.05000021730689
    vertex 534.9045382718375 -2928.434236030934 49.55000037199236
    vertex 534.9045382355781 -2928.4342360250557 44.050000030629064
  endloop
endfacet
facet normal 1.4195895353634882e-08 -0.9999999999999996 2.4401769327951806e-08
  outer loop
    vertex 555.6545353796712 -2922.4342361193767 46.050000057949774
    vertex 537.4045381460289 -2922.4342366272053 44.05000007370573
    vertex 555.6545353564222 -2922.4342361084123 44.05000005794979
  endloop
endfacet
facet normal 1.4195895353634882e-08 -0.9999999999999996 2.4401769327951806e-08
  outer loop
    vertex 537.4045381460289 -2922.4342366272053 44.05000007370573
    vertex 555.6545353796712 -2922.4342361193767 46.050000057949774
    vertex 547.529537863426 -2922.4342361449367 45.55000032438524
  endloop
endfacet
facet normal 1.4195895353634882e-08 -0.9999999999999996 2.4401769327951806e-08
  outer loop
    vertex 547.529537863426 -2922.4342361449367 45.55000032438524
    vertex 555.6545353796712 -2922.4342361193767 46.050000057949774
    vertex 547.9177664310798 -2922.434236140753 45.601111584951646
  endloop
endfacet
facet normal 1.4195895353634882e-08 -0.9999999999999996 2.4401769327951806e-08
  outer loop
    vertex 547.9177664310798 -2922.434236140753 45.601111584951646
    vertex 555.6545353796712 -2922.4342361193767 46.050000057949774
    vertex 548.279537863426 -2922.4342361364625 45.75096221870859
  endloop
endfacet
facet normal 1.4195895353634882e-08 -0.9999999999999996 2.4401769327951806e-08
  outer loop
    vertex 548.279537863426 -2922.4342361364625 45.75096221870859
    vertex 555.6545353796712 -2922.4342361193767 46.050000057949774
    vertex 548.5901980352057 -2922.434236132357 45.989340152605436
  endloop
endfacet
facet normal 1.4195895353634882e-08 -0.9999999999999996 2.4401769327951806e-08
  outer loop
    vertex 548.5901980352057 -2922.434236132357 45.989340152605436
    vertex 555.6545353796712 -2922.4342361193767 46.050000057949774
    vertex 548.8285759691026 -2922.434236128717 46.30000032438525
  endloop
endfacet
facet normal 1.4195895353634882e-08 -0.9999999999999996 2.4401769327951806e-08
  outer loop
    vertex 548.8285759691026 -2922.434236128717 46.30000032438525
    vertex 555.6545353796712 -2922.4342361193767 46.050000057949774
    vertex 548.9784266028596 -2922.43423612579 46.66177175673148
  endloop
endfacet
facet normal 1.4195895353634882e-08 -0.9999999999999996 2.4401769327951806e-08
  outer loop
    vertex 548.9784266028596 -2922.43423612579 46.66177175673148
    vertex 555.6545353796712 -2922.4342361193767 46.050000057949774
    vertex 549.029537863426 -2922.4342361237755 47.05000032438526
  endloop
endfacet
facet normal 1.4195895353634882e-08 -0.9999999999999996 2.4401769327951806e-08
  outer loop
    vertex 549.029537863426 -2922.4342361237755 47.05000032438526
    vertex 555.6545353796712 -2922.4342361193767 46.050000057949774
    vertex 548.6545365711875 -2922.434236240361 53.05000016879115
  endloop
endfacet
facet normal 1.4195895353634882e-08 -0.9999999999999996 2.4401769327951806e-08
  outer loop
    vertex 549.029537863426 -2922.4342361237755 47.05000032438526
    vertex 548.6545365711875 -2922.434236240361 53.05000016879115
    vertex 548.9784266028596 -2922.434236122811 47.43822889203905
  endloop
endfacet
facet normal 1.4195895353634882e-08 -0.9999999999999996 2.4401769327951806e-08
  outer loop
    vertex 548.9784266028596 -2922.434236122811 47.43822889203905
    vertex 548.6545365711875 -2922.434236240361 53.05000016879115
    vertex 548.8285759691026 -2922.4342361229624 47.80000032438527
  endloop
endfacet
facet normal 1.4195895353634882e-08 -0.9999999999999996 2.4401769327951806e-08
  outer loop
    vertex 548.8285759691026 -2922.4342361229624 47.80000032438527
    vertex 548.6545365711875 -2922.434236240361 53.05000016879115
    vertex 548.5901980352057 -2922.4342361242193 48.11066049616511
  endloop
endfacet
facet normal 1.4195895353634882e-08 -0.9999999999999996 2.4401769327951806e-08
  outer loop
    vertex 548.5901980352057 -2922.4342361242193 48.11066049616511
    vertex 548.6545365711875 -2922.434236240361 53.05000016879115
    vertex 548.279537863426 -2922.4342361264953 48.34903843006193
  endloop
endfacet
facet normal 1.4195895353634882e-08 -0.9999999999999996 2.4401769327951806e-08
  outer loop
    vertex 548.279537863426 -2922.4342361264953 48.34903843006193
    vertex 548.6545365711875 -2922.434236240361 53.05000016879115
    vertex 547.9177664310798 -2922.4342361296362 48.498889063818886
  endloop
endfacet
facet normal 1.4195895353634882e-08 -0.9999999999999996 2.4401769327951806e-08
  outer loop
    vertex 547.9177664310798 -2922.4342361296362 48.498889063818886
    vertex 548.6545365711875 -2922.434236240361 53.05000016879115
    vertex 547.529537863426 -2922.434236133428 48.55000032438528
  endloop
endfacet
facet normal 1.4195895353634882e-08 -0.9999999999999996 2.4401769327951806e-08
  outer loop
    vertex 537.4045381460289 -2922.4342366272053 44.05000007370573
    vertex 546.4688776916461 -2922.4342361541453 45.989340152605436
    vertex 537.4045382435152 -2922.4342361994204 53.0500001840677
  endloop
endfacet
facet normal 1.4195895353634882e-08 -0.9999999999999996 2.4401769327951806e-08
  outer loop
    vertex 546.4688776916461 -2922.4342361541453 45.989340152605436
    vertex 537.4045381460289 -2922.4342366272053 44.05000007370573
    vertex 546.779537863426 -2922.4342361518693 45.75096221870859
  endloop
endfacet
facet normal 1.4195895353634882e-08 -0.9999999999999996 2.4401769327951806e-08
  outer loop
    vertex 546.779537863426 -2922.4342361518693 45.75096221870859
    vertex 537.4045381460289 -2922.4342366272053 44.05000007370573
    vertex 547.1413092957722 -2922.434236148728 45.601111584951646
  endloop
endfacet
facet normal 1.4195895353634882e-08 -0.9999999999999996 2.4401769327951806e-08
  outer loop
    vertex 547.1413092957722 -2922.434236148728 45.601111584951646
    vertex 537.4045381460289 -2922.4342366272053 44.05000007370573
    vertex 547.529537863426 -2922.4342361449367 45.55000032438524
  endloop
endfacet
facet normal 1.4195895353634882e-08 -0.9999999999999996 2.4401769327951806e-08
  outer loop
    vertex 537.4045382435152 -2922.4342361994204 53.0500001840677
    vertex 546.4688776916461 -2922.4342361541453 45.989340152605436
    vertex 546.2304997577494 -2922.4342361554022 46.30000032438525
  endloop
endfacet
facet normal 1.4195895353634882e-08 -0.9999999999999996 2.4401769327951806e-08
  outer loop
    vertex 537.4045382435152 -2922.4342361994204 53.0500001840677
    vertex 546.2304997577494 -2922.4342361554022 46.30000032438525
    vertex 546.0806491239924 -2922.434236155553 46.66177175673148
  endloop
endfacet
facet normal 1.4195895353634882e-08 -0.9999999999999996 2.4401769327951806e-08
  outer loop
    vertex 537.4045382435152 -2922.4342361994204 53.0500001840677
    vertex 546.0806491239924 -2922.434236155553 46.66177175673148
    vertex 546.0295378634258 -2922.434236154589 47.05000032438526
  endloop
endfacet
facet normal 1.4195895353634882e-08 -0.9999999999999996 2.4401769327951806e-08
  outer loop
    vertex 537.4045382435152 -2922.4342361994204 53.0500001840677
    vertex 546.0295378634258 -2922.434236154589 47.05000032438526
    vertex 546.0806491239924 -2922.4342361525746 47.43822889203905
  endloop
endfacet
facet normal 1.4195895353634882e-08 -0.9999999999999996 2.4401769327951806e-08
  outer loop
    vertex 537.4045382435152 -2922.4342361994204 53.0500001840677
    vertex 546.0806491239924 -2922.4342361525746 47.43822889203905
    vertex 546.2304997577494 -2922.4342361496474 47.80000032438527
  endloop
endfacet
facet normal 1.4195895353634882e-08 -0.9999999999999996 2.4401769327951806e-08
  outer loop
    vertex 537.4045382435152 -2922.4342361994204 53.0500001840677
    vertex 546.2304997577494 -2922.4342361496474 47.80000032438527
    vertex 546.4688776916461 -2922.4342361460076 48.11066049616511
  endloop
endfacet
facet normal 1.4195895353634882e-08 -0.9999999999999996 2.4401769327951806e-08
  outer loop
    vertex 537.4045382435152 -2922.4342361994204 53.0500001840677
    vertex 546.4688776916461 -2922.4342361460076 48.11066049616511
    vertex 546.779537863426 -2922.434236141902 48.34903843006193
  endloop
endfacet
facet normal 1.4195895353634882e-08 -0.9999999999999996 2.4401769327951806e-08
  outer loop
    vertex 537.4045382435152 -2922.4342361994204 53.0500001840677
    vertex 546.779537863426 -2922.434236141902 48.34903843006193
    vertex 547.1413092957722 -2922.4342361376116 48.498889063818886
  endloop
endfacet
facet normal 1.4195895353634882e-08 -0.9999999999999996 2.4401769327951806e-08
  outer loop
    vertex 537.4045382435152 -2922.4342361994204 53.0500001840677
    vertex 547.1413092957722 -2922.4342361376116 48.498889063818886
    vertex 547.529537863426 -2922.434236133428 48.55000032438528
  endloop
endfacet
facet normal 1.4195895353634882e-08 -0.9999999999999996 2.4401769327951806e-08
  outer loop
    vertex 537.4045382435152 -2922.4342361994204 53.0500001840677
    vertex 547.529537863426 -2922.434236133428 48.55000032438528
    vertex 548.6545365711875 -2922.434236240361 53.05000016879115
  endloop
endfacet
facet normal -0.3826834323651038 5.027811528039095e-08 -0.9238795325112795
  outer loop
    vertex 548.2795378892769 -2976.434235605054 48.34903801430532
    vertex 547.9177664659023 -2981.434236125403 48.498888372242824
    vertex 547.9177664569305 -2976.434235613969 48.49888864806226
  endloop
endfacet
facet normal -0.3826834323651038 5.027811528039095e-08 -0.9238795325112795
  outer loop
    vertex 547.9177664659023 -2981.434236125403 48.498888372242824
    vertex 548.2795378892769 -2976.434235605054 48.34903801430532
    vertex 548.2795378982486 -2981.4342361164877 48.34903773848588
  endloop
endfacet
facet normal 0.707106845766612 -4.190391213580523e-08 0.7071067166064758
  outer loop
    vertex 555.6545351059872 -2917.4342360175715 46.050000314550076
    vertex 551.6545374917307 -2917.434236141229 50.0499997895216
    vertex 555.6545353796712 -2922.4342361193767 46.050000057949774
  endloop
endfacet
facet normal 0.707106845766612 -4.190391213580523e-08 0.7071067166064758
  outer loop
    vertex 555.6545353796712 -2922.4342361193767 46.050000057949774
    vertex 548.6545365256823 -2914.434236193264 53.05000029200977
    vertex 548.6545365711875 -2922.434236240361 53.05000016879115
  endloop
endfacet
facet normal 0.707106845766612 -4.190391213580523e-08 0.7071067166064758
  outer loop
    vertex 548.6545365256823 -2914.434236193264 53.05000029200977
    vertex 555.6545353796712 -2922.4342361193767 46.050000057949774
    vertex 551.6545374917307 -2917.434236141229 50.0499997895216
  endloop
endfacet
facet normal 0.707106845766612 -4.190391213580523e-08 0.7071067166064758
  outer loop
    vertex 548.6545365256823 -2914.434236193264 53.05000029200977
    vertex 551.6545374917307 -2917.434236141229 50.0499997895216
    vertex 551.6545374616392 -2914.434236141229 50.049999837383226
  endloop
endfacet
facet normal 0.9238795325113008 2.276806271650808e-08 -0.382683432365055
  outer loop
    vertex 546.0806491588149 -2981.434236070189 47.438228200463016
    vertex 546.2304997836001 -2976.4342355784433 47.799999908628656
    vertex 546.2304997925718 -2981.4342360898772 47.799999632809225
  endloop
endfacet
facet normal 0.9238795325113008 2.276806271650808e-08 -0.382683432365055
  outer loop
    vertex 546.2304997836001 -2976.4342355784433 47.799999908628656
    vertex 546.0806491588149 -2981.434236070189 47.438228200463016
    vertex 546.0806491498431 -2976.4342355587555 47.43822847628245
  endloop
endfacet
facet normal 0.38268343236510366 5.165144780136815e-08 -0.9238795325112795
  outer loop
    vertex 547.141309321623 -2976.4342356153625 48.49888864806226
    vertex 546.7795378982486 -2981.4342361191793 48.34903773848588
    vertex 546.7795378892769 -2976.4342356077454 48.34903801430532
  endloop
endfacet
facet normal 0.38268343236510366 5.165144780136815e-08 -0.9238795325112795
  outer loop
    vertex 546.7795378982486 -2981.4342361191793 48.34903773848588
    vertex 547.141309321623 -2976.4342356153625 48.49888864806226
    vertex 547.1413093305947 -2981.4342361267963 48.498888372242824
  endloop
endfacet
facet normal 0.7071066889350136 5.9243105940525445e-09 0.7071068734380695
  outer loop
    vertex 548.6545367715153 -2984.434236107393 53.04999972237731
    vertex 555.6545381842404 -2976.4342354480505 46.04999986228586
    vertex 548.6545367451159 -2976.434235845714 53.04999981028455
  endloop
endfacet
facet normal 0.7071066889350136 5.9243105940525445e-09 0.7071068734380695
  outer loop
    vertex 555.6545381842404 -2976.4342354480505 46.04999986228586
    vertex 548.6545367715153 -2984.434236107393 53.04999972237731
    vertex 551.6545375258222 -2981.434236078906 50.04999978782708
  endloop
endfacet
facet normal 0.7071066889350136 5.9243105940525445e-09 0.7071068734380695
  outer loop
    vertex 551.6545375258222 -2981.434236078906 50.04999978782708
    vertex 548.6545367715153 -2984.434236107393 53.04999972237731
    vertex 551.6545375094078 -2984.4342360725755 50.04999973590016
  endloop
endfacet
facet normal 0.7071066889350136 5.9243105940525445e-09 0.7071068734380695
  outer loop
    vertex 555.6545381842404 -2976.4342354480505 46.04999986228586
    vertex 551.6545375258222 -2981.434236078906 50.04999978782708
    vertex 555.6545384299211 -2981.4342359023435 46.05000016833127
  endloop
endfacet
facet normal 0.1305261922200382 5.492615644547647e-08 -0.9914448613738106
  outer loop
    vertex 547.5295378892769 -2976.4342356174852 48.549999908628656
    vertex 547.1413093305947 -2981.4342361267963 48.498888372242824
    vertex 547.141309321623 -2976.4342356153625 48.49888864806226
  endloop
endfacet
facet normal 0.1305261922200382 5.492615644547647e-08 -0.9914448613738106
  outer loop
    vertex 547.1413093305947 -2981.4342361267963 48.498888372242824
    vertex 547.5295378892769 -2976.4342356174852 48.549999908628656
    vertex 547.5295378982486 -2981.434236128919 48.54999963280922
  endloop
endfacet
facet normal -2.5286355713416973e-09 -1.0 -1.6844034925601804e-08
  outer loop
    vertex 458.90453902154917 -2946.43423600674 26.750962292882924
    vertex 456.16776737069927 -2946.434236431045 45.60111164627871
    vertex 455.77953880304545 -2946.4342364332138 45.550000385712316
  endloop
endfacet
facet normal -2.5286355713416973e-09 -1.0 -1.6844034925601804e-08
  outer loop
    vertex 456.16776737069927 -2946.434236431045 45.60111164627871
    vertex 458.90453902154917 -2946.43423600674 26.750962292882924
    vertex 456.52953880304545 -2946.434236428806 45.75096228003565
  endloop
endfacet
facet normal -2.5286355713416973e-09 -1.0 -1.6844034925601804e-08
  outer loop
    vertex 456.52953880304545 -2946.434236428806 45.75096228003565
    vertex 458.90453902154917 -2946.43423600674 26.750962292882924
    vertex 456.8401989748252 -2946.4342364266477 45.989340213932486
  endloop
endfacet
facet normal -2.5286355713416973e-09 -1.0 -1.6844034925601804e-08
  outer loop
    vertex 456.8401989748252 -2946.4342364266477 45.989340213932486
    vertex 458.90453902154917 -2946.43423600674 26.750962292882924
    vertex 457.07857690872214 -2946.434236424718 46.3000003857123
  endloop
endfacet
facet normal -2.5286355713416973e-09 -1.0 -1.6844034925601804e-08
  outer loop
    vertex 457.07857690872214 -2946.434236424718 46.3000003857123
    vertex 458.90453902154917 -2946.43423600674 26.750962292882924
    vertex 458.90453787018305 -2946.4342361530853 49.54999989896174
  endloop
endfacet
facet normal -2.5286355713416973e-09 -1.0 -1.6844034925601804e-08
  outer loop
    vertex 457.07857690872214 -2946.434236424718 46.3000003857123
    vertex 458.90453787018305 -2946.4342361530853 49.54999989896174
    vertex 457.22842754247904 -2946.434236423149 46.66177181805853
  endloop
endfacet
facet normal -2.5286355713416973e-09 -1.0 -1.6844034925601804e-08
  outer loop
    vertex 457.22842754247904 -2946.434236423149 46.66177181805853
    vertex 458.90453787018305 -2946.4342361530853 49.54999989896174
    vertex 457.27953880304545 -2946.434236422046 47.05000038571231
  endloop
endfacet
facet normal -2.5286355713416973e-09 -1.0 -1.6844034925601804e-08
  outer loop
    vertex 457.27953880304545 -2946.434236422046 47.05000038571231
    vertex 458.90453787018305 -2946.4342361530853 49.54999989896174
    vertex 457.22842754247904 -2946.4342364214863 47.43822895336609
  endloop
endfacet
facet normal -2.5286355713416973e-09 -1.0 -1.6844034925601804e-08
  outer loop
    vertex 457.22842754247904 -2946.4342364214863 47.43822895336609
    vertex 458.90453787018305 -2946.4342361530853 49.54999989896174
    vertex 457.07857690872214 -2946.4342364215063 47.8000003857123
  endloop
endfacet
facet normal -2.5286355713416973e-09 -1.0 -1.6844034925601804e-08
  outer loop
    vertex 457.07857690872214 -2946.4342364215063 47.8000003857123
    vertex 458.90453787018305 -2946.4342361530853 49.54999989896174
    vertex 456.8401989748252 -2946.4342364221056 48.110660557492125
  endloop
endfacet
facet normal -2.5286355713416973e-09 -1.0 -1.6844034925601804e-08
  outer loop
    vertex 456.8401989748252 -2946.4342364221056 48.110660557492125
    vertex 458.90453787018305 -2946.4342361530853 49.54999989896174
    vertex 456.52953880304545 -2946.434236423243 48.34903849138896
  endloop
endfacet
facet normal -2.5286355713416973e-09 -1.0 -1.6844034925601804e-08
  outer loop
    vertex 456.52953880304545 -2946.434236423243 48.34903849138896
    vertex 458.90453787018305 -2946.4342361530853 49.54999989896174
    vertex 456.16776737069927 -2946.434236424841 48.4988891251459
  endloop
endfacet
facet normal -2.5286355713416973e-09 -1.0 -1.6844034925601804e-08
  outer loop
    vertex 456.16776737069927 -2946.434236424841 48.4988891251459
    vertex 458.90453787018305 -2946.4342361530853 49.54999989896174
    vertex 455.77953880304545 -2946.4342364267904 48.55000038571231
  endloop
endfacet
facet normal -2.5286355713416973e-09 -1.0 -1.6844034925601804e-08
  outer loop
    vertex 455.77953880304545 -2946.4342364267904 48.55000038571231
    vertex 458.90453787018305 -2946.4342361530853 49.54999989896174
    vertex 451.65453965284667 -2946.4342361530853 49.54999953328042
  endloop
endfacet
facet normal -2.5286355713416973e-09 -1.0 -1.6844034925601804e-08
  outer loop
    vertex 458.90453902154917 -2946.43423600674 26.750962292882924
    vertex 451.65453965284667 -2946.4342361530853 49.54999953328042
    vertex 451.6545415975127 -2946.4342360051246 26.75096160995698
  endloop
endfacet
facet normal -2.5286355713416973e-09 -1.0 -1.6844034925601804e-08
  outer loop
    vertex 451.65453965284667 -2946.4342361530853 49.54999953328042
    vertex 458.90453902154917 -2946.43423600674 26.750962292882924
    vertex 454.7188786312656 -2946.4342364378986 45.989340213932486
  endloop
endfacet
facet normal -2.5286355713416973e-09 -1.0 -1.6844034925601804e-08
  outer loop
    vertex 454.7188786312656 -2946.4342364378986 45.989340213932486
    vertex 458.90453902154917 -2946.43423600674 26.750962292882924
    vertex 455.02953880304545 -2946.4342364367612 45.75096228003565
  endloop
endfacet
facet normal -2.5286355713416973e-09 -1.0 -1.6844034925601804e-08
  outer loop
    vertex 455.02953880304545 -2946.4342364367612 45.75096228003565
    vertex 458.90453902154917 -2946.43423600674 26.750962292882924
    vertex 455.39131023539164 -2946.4342364351633 45.60111164627871
  endloop
endfacet
facet normal -2.5286355713416973e-09 -1.0 -1.6844034925601804e-08
  outer loop
    vertex 455.39131023539164 -2946.4342364351633 45.60111164627871
    vertex 458.90453902154917 -2946.43423600674 26.750962292882924
    vertex 455.77953880304545 -2946.4342364332138 45.550000385712316
  endloop
endfacet
facet normal -2.5286355713416973e-09 -1.0 -1.6844034925601804e-08
  outer loop
    vertex 451.65453965284667 -2946.4342361530853 49.54999953328042
    vertex 454.7188786312656 -2946.4342364378986 45.989340213932486
    vertex 454.48050069736877 -2946.434236438498 46.3000003857123
  endloop
endfacet
facet normal -2.5286355713416973e-09 -1.0 -1.6844034925601804e-08
  outer loop
    vertex 451.65453965284667 -2946.4342361530853 49.54999953328042
    vertex 454.48050069736877 -2946.434236438498 46.3000003857123
    vertex 454.33065006361187 -2946.434236438518 46.66177181805853
  endloop
endfacet
facet normal -2.5286355713416973e-09 -1.0 -1.6844034925601804e-08
  outer loop
    vertex 451.65453965284667 -2946.4342361530853 49.54999953328042
    vertex 454.33065006361187 -2946.434236438518 46.66177181805853
    vertex 454.2795388030454 -2946.4342364379577 47.05000038571231
  endloop
endfacet
facet normal -2.5286355713416973e-09 -1.0 -1.6844034925601804e-08
  outer loop
    vertex 451.65453965284667 -2946.4342361530853 49.54999953328042
    vertex 454.2795388030454 -2946.4342364379577 47.05000038571231
    vertex 454.33065006361187 -2946.4342364368554 47.43822895336609
  endloop
endfacet
facet normal -2.5286355713416973e-09 -1.0 -1.6844034925601804e-08
  outer loop
    vertex 451.65453965284667 -2946.4342361530853 49.54999953328042
    vertex 454.33065006361187 -2946.4342364368554 47.43822895336609
    vertex 454.48050069736877 -2946.434236435286 47.8000003857123
  endloop
endfacet
facet normal -2.5286355713416973e-09 -1.0 -1.6844034925601804e-08
  outer loop
    vertex 451.65453965284667 -2946.4342361530853 49.54999953328042
    vertex 454.48050069736877 -2946.434236435286 47.8000003857123
    vertex 454.7188786312656 -2946.4342364333565 48.110660557492125
  endloop
endfacet
facet normal -2.5286355713416973e-09 -1.0 -1.6844034925601804e-08
  outer loop
    vertex 451.65453965284667 -2946.4342361530853 49.54999953328042
    vertex 454.7188786312656 -2946.4342364333565 48.110660557492125
    vertex 455.02953880304545 -2946.4342364311983 48.34903849138896
  endloop
endfacet
facet normal -2.5286355713416973e-09 -1.0 -1.6844034925601804e-08
  outer loop
    vertex 451.65453965284667 -2946.4342361530853 49.54999953328042
    vertex 455.02953880304545 -2946.4342364311983 48.34903849138896
    vertex 455.39131023539164 -2946.434236428959 48.498889125145915
  endloop
endfacet
facet normal -2.5286355713416973e-09 -1.0 -1.6844034925601804e-08
  outer loop
    vertex 451.65453965284667 -2946.4342361530853 49.54999953328042
    vertex 455.39131023539164 -2946.434236428959 48.498889125145915
    vertex 455.77953880304545 -2946.4342364267904 48.55000038571231
  endloop
endfacet
facet normal 0.7933533402911911 -3.21580937289697e-08 0.6087614290087772
  outer loop
    vertex 546.4688777264688 -2981.4342359895663 45.98933946102941
    vertex 546.2304997836001 -2976.4342354956975 46.29999990862867
    vertex 546.2304997925718 -2981.4342360071314 46.29999963280924
  endloop
endfacet
facet normal 0.7933533402911911 -3.21580937289697e-08 0.6087614290087772
  outer loop
    vertex 546.2304997836001 -2976.4342354956975 46.29999990862867
    vertex 546.4688777264688 -2981.4342359895663 45.98933946102941
    vertex 546.4688777174971 -2976.4342354781325 45.98933973684885
  endloop
endfacet
facet normal 0.3826834323651156 5.149640627755583e-11 -0.9238795325112762
  outer loop
    vertex 455.39131026721475 -2952.4342364615536 48.49888913799314
    vertex 455.0295389886798 -2981.434236453253 48.34903856633041
    vertex 455.02953883486856 -2952.4342364637932 48.34903850423619
  endloop
endfacet
facet normal 0.3826834323651156 5.149640627755583e-11 -0.9238795325112762
  outer loop
    vertex 455.0295389886798 -2981.434236453253 48.34903856633041
    vertex 455.39131026721475 -2952.4342364615536 48.49888913799314
    vertex 455.39131042102605 -2981.4342364510135 48.49888920008736
  endloop
endfacet
facet normal 0.7933533402911961 2.904348802370391e-09 -0.6087614290087716
  outer loop
    vertex 454.4805007291919 -2952.434236467881 47.800000398559526
    vertex 454.71887881690003 -2981.4342364554113 48.11066063243357
    vertex 454.4805008830032 -2981.434236457341 47.80000046065374
  endloop
endfacet
facet normal 0.7933533402911961 2.904348802370391e-09 -0.6087614290087716
  outer loop
    vertex 454.71887881690003 -2981.4342364554113 48.11066063243357
    vertex 454.4805007291919 -2952.434236467881 47.800000398559526
    vertex 454.7188786630888 -2952.434236465951 48.11066057033935
  endloop
endfacet
facet normal -0.9238795325113048 -4.080712964777046e-09 0.382683432365046
  outer loop
    vertex 457.22842772811345 -2981.434236445203 46.66177189299998
    vertex 457.07857694054525 -2952.4342364573126 46.300000398559526
    vertex 457.0785770943565 -2981.434236446773 46.30000046065375
  endloop
endfacet
facet normal -0.9238795325113048 -4.080712964777046e-09 0.382683432365046
  outer loop
    vertex 457.07857694054525 -2952.4342364573126 46.300000398559526
    vertex 457.22842772811345 -2981.434236445203 46.66177189299998
    vertex 457.22842757430215 -2952.4342364557433 46.66177183090576
  endloop
endfacet
facet normal -0.13052619222006637 -2.815151430856811e-09 -0.9914448613738086
  outer loop
    vertex 456.1677674025224 -2952.4342364574354 48.49888913799313
    vertex 455.7795389886798 -2981.4342364488452 48.550000460653756
    vertex 455.77953883486856 -2952.434236459385 48.55000039855953
  endloop
endfacet
facet normal -0.13052619222006637 -2.815151430856811e-09 -0.9914448613738086
  outer loop
    vertex 455.7795389886798 -2981.4342364488452 48.550000460653756
    vertex 456.1677674025224 -2952.4342364574354 48.49888913799313
    vertex 456.1677675563336 -2981.4342364468953 48.49888920008735
  endloop
endfacet
facet normal 0.13052619222003808 -1.4305722589246378e-09 -0.9914448613738123
  outer loop
    vertex 455.77953883486856 -2952.434236459385 48.55000039855953
    vertex 455.39131042102605 -2981.4342364510135 48.49888920008736
    vertex 455.39131026721475 -2952.4342364615536 48.49888913799314
  endloop
endfacet
facet normal 0.13052619222003808 -1.4305722589246378e-09 -0.9914448613738123
  outer loop
    vertex 455.39131042102605 -2981.4342364510135 48.49888920008736
    vertex 455.77953883486856 -2952.434236459385 48.55000039855953
    vertex 455.7795389886798 -2981.4342364488452 48.550000460653756
  endloop
endfacet
facet normal 1.0 -3.253316860940189e-17 -2.209064006392024e-09
  outer loop
    vertex 491.65453827092784 -2925.4342361998083 44.05000031317863
    vertex 491.6545382723846 -2928.4342362206776 49.550000695041525
    vertex 491.65453825774426 -2928.4342362589805 44.05000036472358
  endloop
endfacet
facet normal 1.0 -3.253316860940189e-17 -2.209064006392024e-09
  outer loop
    vertex 491.6545382723846 -2928.4342362206776 49.550000695041525
    vertex 491.65453829080946 -2930.434236192709 53.05000031015488
    vertex 491.6545382855682 -2930.4342362206776 49.55000070240509
  endloop
endfacet
facet normal 1.0 -3.253316860940189e-17 -2.209064006392024e-09
  outer loop
    vertex 491.65453829080946 -2930.434236192709 53.05000031015488
    vertex 491.6545382723846 -2928.4342362206776 49.550000695041525
    vertex 491.65453829080946 -2925.434236133536 53.05000025124636
  endloop
endfacet
facet normal 1.0 -3.253316860940189e-17 -2.209064006392024e-09
  outer loop
    vertex 491.65453829080946 -2925.434236133536 53.05000025124636
    vertex 491.6545382723846 -2928.4342362206776 49.550000695041525
    vertex 491.65453827092784 -2925.4342361998083 44.05000031317863
  endloop
endfacet
facet normal -0.9914448613738037 -4.978983282330346e-09 0.13052619222010217
  outer loop
    vertex 457.27953898867986 -2981.434236444101 47.050000460653756
    vertex 457.22842757430215 -2952.4342364557433 46.66177183090576
    vertex 457.22842772811345 -2981.434236445203 46.66177189299998
  endloop
endfacet
facet normal -0.9914448613738037 -4.978983282330346e-09 0.13052619222010217
  outer loop
    vertex 457.22842757430215 -2952.4342364557433 46.66177183090576
    vertex 457.27953898867986 -2981.434236444101 47.050000460653756
    vertex 457.27953883486856 -2952.434236454641 47.05000039855954
  endloop
endfacet
facet normal 0.9999999999999991 1.1411506881286795e-08 4.3078983466037285e-08
  outer loop
    vertex 458.9045390895704 -2952.4342364558775 26.750962292882935
    vertex 458.9045387352864 -2961.8730782960088 28.690666338974136
    vertex 458.90453880528474 -2961.8730782960088 26.750961584363242
  endloop
endfacet
facet normal 0.9999999999999991 1.1411506881286795e-08 4.3078983466037285e-08
  outer loop
    vertex 458.9045387352864 -2961.8730782960088 28.690666338974136
    vertex 458.9045390895704 -2952.4342364558775 26.750962292882935
    vertex 458.9045387251653 -2960.811920299516 28.83037051731254
  endloop
endfacet
facet normal 0.9999999999999991 1.1411506881286795e-08 4.3078983466037285e-08
  outer loop
    vertex 458.9045387251653 -2960.811920299516 28.83037051731254
    vertex 458.9045390895704 -2952.4342364558775 26.750962292882935
    vertex 458.9045386598866 -2958.8342364693563 29.6495539818505
  endloop
endfacet
facet normal 0.9999999999999991 1.1411506881286795e-08 4.3078983466037285e-08
  outer loop
    vertex 458.9045386598866 -2958.8342364693563 29.6495539818505
    vertex 458.9045390895704 -2952.4342364558775 26.750962292882935
    vertex 458.9045385717333 -2957.135960863626 30.952686687153207
  endloop
endfacet
facet normal 0.9999999999999991 1.1411506881286795e-08 4.3078983466037285e-08
  outer loop
    vertex 458.9045385717333 -2957.135960863626 30.952686687153207
    vertex 458.9045390895704 -2952.4342364558775 26.750962292882935
    vertex 458.9045384667127 -2955.8328281583235 32.650962292882895
  endloop
endfacet
facet normal 0.9999999999999991 1.1411506881286795e-08 4.3078983466037285e-08
  outer loop
    vertex 458.9045384667127 -2955.8328281583235 32.650962292882895
    vertex 458.9045390895704 -2952.4342364558775 26.750962292882935
    vertex 458.90453835198196 -2955.013644693786 34.628646123042216
  endloop
endfacet
facet normal 0.9999999999999991 1.1411506881286795e-08 4.3078983466037285e-08
  outer loop
    vertex 458.90453835198196 -2955.013644693786 34.628646123042216
    vertex 458.9045390895704 -2952.4342364558775 26.750962292882935
    vertex 458.90453823535967 -2954.7342364693563 36.750962292882875
  endloop
endfacet
facet normal 0.9999999999999991 1.1411506881286795e-08 4.3078983466037285e-08
  outer loop
    vertex 458.90453823535967 -2954.7342364693563 36.750962292882875
    vertex 458.9045390895704 -2952.4342364558775 26.750962292882935
    vertex 458.9045383331716 -2952.434236458649 49.5500009934583
  endloop
endfacet
facet normal 0.9999999999999991 1.1411506881286795e-08 4.3078983466037285e-08
  outer loop
    vertex 458.9045383838697 -2970.43423643498 44.05000042553638
    vertex 458.9045383331716 -2952.434236458649 49.5500009934583
    vertex 458.90453834817475 -2970.434236440858 49.55000104586963
  endloop
endfacet
facet normal 0.9999999999999991 1.1411506881286795e-08 4.3078983466037285e-08
  outer loop
    vertex 458.9045383331716 -2952.434236458649 49.5500009934583
    vertex 458.9045383838697 -2970.43423643498 44.05000042553638
    vertex 458.90453792328753 -2965.056552639197 44.67155406845322
  endloop
endfacet
facet normal 0.9999999999999991 1.1411506881286795e-08 4.3078983466037285e-08
  outer loop
    vertex 458.90453792328753 -2965.056552639197 44.67155406845322
    vertex 458.9045383838697 -2970.43423643498 44.05000042553638
    vertex 458.90453798856623 -2967.0342364693565 43.85237060391526
  endloop
endfacet
facet normal 0.9999999999999991 1.1411506881286795e-08 4.3078983466037285e-08
  outer loop
    vertex 458.90453798856623 -2967.0342364693565 43.85237060391526
    vertex 458.9045383838697 -2970.43423643498 44.05000042553638
    vertex 458.9045380767196 -2968.732512075086 42.54923789861256
  endloop
endfacet
facet normal 0.9999999999999991 1.1411506881286795e-08 4.3078983466037285e-08
  outer loop
    vertex 458.9045380767196 -2968.732512075086 42.54923789861256
    vertex 458.9045383838697 -2970.43423643498 44.05000042553638
    vertex 458.9045381817402 -2970.035644780389 40.85096229288287
  endloop
endfacet
facet normal 0.9999999999999991 1.1411506881286795e-08 4.3078983466037285e-08
  outer loop
    vertex 458.9045381817402 -2970.035644780389 40.85096229288287
    vertex 458.9045383838697 -2970.43423643498 44.05000042553638
    vertex 458.904538449397 -2970.4342364348686 39.88867691478833
  endloop
endfacet
facet normal 0.9999999999999991 1.1411506881286795e-08 4.3078983466037285e-08
  outer loop
    vertex 458.9045383331716 -2952.434236458649 49.5500009934583
    vertex 458.90453792328753 -2965.056552639197 44.67155406845322
    vertex 458.90453788533216 -2962.934236469356 44.950962292882856
  endloop
endfacet
facet normal 0.9999999999999991 1.1411506881286795e-08 4.3078983466037285e-08
  outer loop
    vertex 458.9045383331716 -2952.434236458649 49.5500009934583
    vertex 458.90453788533216 -2962.934236469356 44.950962292882856
    vertex 458.9045378772867 -2960.811920299516 44.67155406845322
  endloop
endfacet
facet normal 0.9999999999999991 1.1411506881286795e-08 4.3078983466037285e-08
  outer loop
    vertex 458.9045383331716 -2952.434236458649 49.5500009934583
    vertex 458.9045378772867 -2960.811920299516 44.67155406845322
    vertex 458.90453789969945 -2958.8342364693563 43.852370603915254
  endloop
endfacet
facet normal 0.9999999999999991 1.1411506881286795e-08 4.3078983466037285e-08
  outer loop
    vertex 458.9045383331716 -2952.434236458649 49.5500009934583
    vertex 458.90453789969945 -2958.8342364693563 43.852370603915254
    vertex 458.9045379510431 -2957.135960863626 42.54923789861255
  endloop
endfacet
facet normal 0.9999999999999991 1.1411506881286795e-08 4.3078983466037285e-08
  outer loop
    vertex 458.9045383331716 -2952.434236458649 49.5500009934583
    vertex 458.9045379510431 -2957.135960863626 42.54923789861255
    vertex 458.90453802781843 -2955.8328281583235 40.85096229288287
  endloop
endfacet
facet normal 0.9999999999999991 1.1411506881286795e-08 4.3078983466037285e-08
  outer loop
    vertex 458.9045383331716 -2952.434236458649 49.5500009934583
    vertex 458.90453802781843 -2955.8328281583235 40.85096229288287
    vertex 458.90453812479353 -2955.013644693786 38.87327846272355
  endloop
endfacet
facet normal 0.9999999999999991 1.1411506881286795e-08 4.3078983466037285e-08
  outer loop
    vertex 458.9045383331716 -2952.434236458649 49.5500009934583
    vertex 458.90453812479353 -2955.013644693786 38.87327846272355
    vertex 458.90453823535967 -2954.7342364693563 36.750962292882875
  endloop
endfacet
facet normal -1.0 0.0 0.0
  outer loop
    vertex 501.65453827196313 -2973.4342359090842 53.05000053816394
    vertex 501.65453830543834 -2970.43423581581 49.55000093101206
    vertex 501.65453827196313 -2973.4342359090842 44.0500003214491
  endloop
endfacet
facet normal -1.0 0.0 0.0
  outer loop
    vertex 501.65453830543834 -2970.43423581581 49.55000093101206
    vertex 501.65453827196313 -2973.4342359090842 53.05000053816394
    vertex 501.6545382709279 -2968.434235909084 53.05000053918639
  endloop
endfacet
facet normal -1.0 0.0 0.0
  outer loop
    vertex 501.65453830543834 -2970.43423581581 49.55000093101206
    vertex 501.6545382709279 -2968.434235909084 53.05000053918639
    vertex 501.6545382723138 -2968.434235914962 49.55000093143661
  endloop
endfacet
facet normal -1.0 0.0 0.0
  outer loop
    vertex 501.65453830405227 -2970.434235809932 44.05000032204702
    vertex 501.65453827196313 -2973.4342359090842 44.0500003214491
    vertex 501.65453830543834 -2970.43423581581 49.55000093101206
  endloop
endfacet
facet normal 0.608761429008759 1.5300580687465934e-09 -0.7933533402912057
  outer loop
    vertex 455.02953883486856 -2952.4342364637932 48.34903850423619
    vertex 454.71887881690003 -2981.4342364554113 48.11066063243357
    vertex 454.7188786630888 -2952.434236465951 48.11066057033935
  endloop
endfacet
facet normal 0.608761429008759 1.5300580687465934e-09 -0.7933533402912057
  outer loop
    vertex 454.71887881690003 -2981.4342364554113 48.11066063243357
    vertex 455.02953883486856 -2952.4342364637932 48.34903850423619
    vertex 455.0295389886798 -2981.434236453253 48.34903856633041
  endloop
endfacet
facet normal -0.9914448613738037 -5.537944117352287e-09 -0.13052619222010214
  outer loop
    vertex 457.22842772811345 -2981.4342364435406 47.43822902830753
    vertex 457.27953883486856 -2952.434236454641 47.05000039855954
    vertex 457.27953898867986 -2981.434236444101 47.050000460653756
  endloop
endfacet
facet normal -0.9914448613738037 -5.537944117352287e-09 -0.13052619222010214
  outer loop
    vertex 457.27953883486856 -2952.434236454641 47.05000039855954
    vertex 457.22842772811345 -2981.4342364435406 47.43822902830753
    vertex 457.22842757430215 -2952.4342364540807 47.438228966213316
  endloop
endfacet
facet normal -1.0 7.904057835304574e-26 2.2090640063920244e-09
  outer loop
    vertex 501.6545382908095 -2930.434236133536 53.05000026597349
    vertex 501.65453827508287 -2928.4342361792956 49.55000065086013
    vertex 501.65453828556826 -2930.4342361615054 49.5500006582237
  endloop
endfacet
facet normal -1.0 7.904057835304574e-26 2.2090640063920244e-09
  outer loop
    vertex 501.65453827508287 -2928.4342361792956 49.55000065086013
    vertex 501.6545382908095 -2930.434236133536 53.05000026597349
    vertex 501.6545382908095 -2925.434236133536 53.05000025124636
  endloop
endfacet
facet normal -1.0 7.904057835304574e-26 2.2090640063920244e-09
  outer loop
    vertex 501.65453827508287 -2928.4342361792956 49.55000065086013
    vertex 501.6545382908095 -2925.434236133536 53.05000025124636
    vertex 501.6545382709279 -2925.4342361998083 44.05000031317863
  endloop
endfacet
facet normal -1.0 7.904057835304574e-26 2.2090640063920244e-09
  outer loop
    vertex 501.6545382709279 -2925.4342361998083 44.05000031317863
    vertex 501.6545382604425 -2928.434236217599 44.050000320542196
    vertex 501.65453827508287 -2928.4342361792956 49.55000065086013
  endloop
endfacet
facet normal -0.382683432365091 -5.149640627740339e-11 0.9238795325112863
  outer loop
    vertex 456.1677675563336 -2981.4342364531 45.60111172122016
    vertex 456.52953883486856 -2952.434236461401 45.750962292882875
    vertex 456.1677674025224 -2952.43423646364 45.601111659125934
  endloop
endfacet
facet normal -0.382683432365091 -5.149640627740339e-11 0.9238795325112863
  outer loop
    vertex 456.52953883486856 -2952.434236461401 45.750962292882875
    vertex 456.1677675563336 -2981.4342364531 45.60111172122016
    vertex 456.52953898867986 -2981.4342364508607 45.7509623549771
  endloop
endfacet
facet normal 0.13052619222003808 2.815154410290981e-09 0.9914448613738123
  outer loop
    vertex 455.39131023539164 -2946.4342364351633 45.60111164627871
    vertex 455.7795386492342 -2917.434236433212 45.55000032361807
    vertex 455.3913100815804 -2917.434236435162 45.60111158418447
  endloop
endfacet
facet normal 0.13052619222003808 2.815154410290981e-09 0.9914448613738123
  outer loop
    vertex 455.7795386492342 -2917.434236433212 45.55000032361807
    vertex 455.39131023539164 -2946.4342364351633 45.60111164627871
    vertex 455.77953880304545 -2946.4342364332138 45.550000385712316
  endloop
endfacet
facet normal -0.608761429008759 -4.927486876053234e-09 -0.7933533402912057
  outer loop
    vertex 456.8401990066484 -2952.4342364547 48.11066057033935
    vertex 456.52953898867986 -2981.4342364452978 48.34903856633041
    vertex 456.52953883486856 -2952.4342364558374 48.34903850423619
  endloop
endfacet
facet normal -0.608761429008759 -4.927486876053234e-09 -0.7933533402912057
  outer loop
    vertex 456.52953898867986 -2981.4342364452978 48.34903856633041
    vertex 456.8401990066484 -2952.4342364547 48.11066057033935
    vertex 456.84019916045963 -2981.43423644416 48.11066063243357
  endloop
endfacet
facet normal 0.608761429008759 4.927486876053234e-09 0.7933533402912057
  outer loop
    vertex 454.71887881690003 -2981.4342364599534 45.98934028887393
    vertex 455.02953883486856 -2952.434236469356 45.750962292882875
    vertex 454.7188786630888 -2952.4342364704935 45.98934022677972
  endloop
endfacet
facet normal 0.608761429008759 4.927486876053234e-09 0.7933533402912057
  outer loop
    vertex 455.02953883486856 -2952.434236469356 45.750962292882875
    vertex 454.71887881690003 -2981.4342364599534 45.98934028887393
    vertex 455.0295389886798 -2981.434236458816 45.7509623549771
  endloop
endfacet
facet normal -0.13052619222006637 -2.815152200986723e-09 -0.9914448613738086
  outer loop
    vertex 456.16776721688797 -2917.434236424839 48.498889063051664
    vertex 455.77953880304545 -2946.4342364267904 48.55000038571231
    vertex 455.7795386492342 -2917.4342364267886 48.55000032361807
  endloop
endfacet
facet normal -0.13052619222006637 -2.815152200986723e-09 -0.9914448613738086
  outer loop
    vertex 455.77953880304545 -2946.4342364267904 48.55000038571231
    vertex 456.16776721688797 -2917.434236424839 48.498889063051664
    vertex 456.16776737069927 -2946.434236424841 48.4988891251459
  endloop
endfacet
facet normal -0.9238795325112964 -5.719503212661758e-09 -0.38268343236506636
  outer loop
    vertex 457.07857694054525 -2952.434236454101 47.800000398559526
    vertex 457.22842772811345 -2981.4342364435406 47.43822902830753
    vertex 457.0785770943565 -2981.434236443561 47.80000046065374
  endloop
endfacet
facet normal -0.9238795325112964 -5.719503212661758e-09 -0.38268343236506636
  outer loop
    vertex 457.22842772811345 -2981.4342364435406 47.43822902830753
    vertex 457.07857694054525 -2952.434236454101 47.800000398559526
    vertex 457.22842757430215 -2952.4342364540807 47.438228966213316
  endloop
endfacet
facet normal -0.382683432365091 -4.007886048605894e-09 -0.9238795325112863
  outer loop
    vertex 456.5295386492342 -2917.434236423241 48.34903842929472
    vertex 456.16776737069927 -2946.434236424841 48.4988891251459
    vertex 456.16776721688797 -2917.434236424839 48.498889063051664
  endloop
endfacet
facet normal -0.382683432365091 -4.007886048605894e-09 -0.9238795325112863
  outer loop
    vertex 456.16776737069927 -2946.434236424841 48.4988891251459
    vertex 456.5295386492342 -2917.434236423241 48.34903842929472
    vertex 456.52953880304545 -2946.434236423243 48.34903849138896
  endloop
endfacet
facet normal 0.382683432365091 4.007886048605893e-09 0.9238795325112863
  outer loop
    vertex 455.0295389886798 -2981.434236458816 45.7509623549771
    vertex 455.39131026721475 -2952.434236467758 45.601111659125934
    vertex 455.02953883486856 -2952.434236469356 45.750962292882875
  endloop
endfacet
facet normal 0.382683432365091 4.007886048605893e-09 0.9238795325112863
  outer loop
    vertex 455.39131026721475 -2952.434236467758 45.601111659125934
    vertex 455.0295389886798 -2981.434236458816 45.7509623549771
    vertex 455.39131042102605 -2981.434236457218 45.60111172122016
  endloop
endfacet
facet normal 0.3826834323651156 5.149640627755625e-11 -0.9238795325112762
  outer loop
    vertex 455.3913100815804 -2917.4342364289573 48.49888906305167
    vertex 455.02953880304545 -2946.4342364311983 48.34903849138896
    vertex 455.02953864923415 -2917.4342364311965 48.34903842929472
  endloop
endfacet
facet normal 0.3826834323651156 5.149640627755625e-11 -0.9238795325112762
  outer loop
    vertex 455.02953880304545 -2946.4342364311983 48.34903849138896
    vertex 455.3913100815804 -2917.4342364289573 48.49888906305167
    vertex 455.39131023539164 -2946.434236428959 48.498889125145915
  endloop
endfacet
facet normal 0.9238795325112964 4.0807129647769585e-09 -0.38268343236506636
  outer loop
    vertex 454.33064990980057 -2917.434236436854 47.43822889127185
    vertex 454.48050069736877 -2946.434236435286 47.8000003857123
    vertex 454.33065006361187 -2946.4342364368554 47.43822895336609
  endloop
endfacet
facet normal 0.9238795325112964 4.0807129647769585e-09 -0.38268343236506636
  outer loop
    vertex 454.48050069736877 -2946.434236435286 47.8000003857123
    vertex 454.33064990980057 -2917.434236436854 47.43822889127185
    vertex 454.4805005435575 -2917.434236435284 47.80000032361806
  endloop
endfacet
facet normal -5.176285356604619e-10 1.0 5.112335914321372e-10
  outer loop
    vertex 491.6545382771392 -2973.4342359194366 53.05000053471309
    vertex 501.65453827196313 -2973.4342359090842 44.0500003214491
    vertex 491.6545382719631 -2973.4342359090842 44.0500003214491
  endloop
endfacet
facet normal -5.176285356604619e-10 1.0 5.112335914321372e-10
  outer loop
    vertex 501.65453827196313 -2973.4342359090842 44.0500003214491
    vertex 491.6545382771392 -2973.4342359194366 53.05000053471309
    vertex 501.65453827196313 -2973.4342359090842 53.05000053816394
  endloop
endfacet
facet normal -0.382683432365091 -4.007886048605893e-09 -0.9238795325112863
  outer loop
    vertex 456.52953883486856 -2952.4342364558374 48.34903850423619
    vertex 456.1677675563336 -2981.4342364468953 48.49888920008735
    vertex 456.1677674025224 -2952.4342364574354 48.49888913799313
  endloop
endfacet
facet normal -0.382683432365091 -4.007886048605893e-09 -0.9238795325112863
  outer loop
    vertex 456.1677675563336 -2981.4342364468953 48.49888920008735
    vertex 456.52953883486856 -2952.4342364558374 48.34903850423619
    vertex 456.52953898867986 -2981.4342364452978 48.34903856633041
  endloop
endfacet
facet normal 1.0 1.5877564619225134e-18 -6.901623321644843e-10
  outer loop
    vertex 491.6545382995217 -2970.4342359633047 44.050000328222936
    vertex 491.6545383050486 -2970.434235976085 49.55000093546258
    vertex 491.6545382719631 -2973.4342359090842 44.0500003214491
  endloop
endfacet
facet normal 1.0 1.5877564619225134e-18 -6.901623321644843e-10
  outer loop
    vertex 491.6545382771392 -2973.4342359194366 53.05000053471309
    vertex 491.6545383050486 -2970.434235976085 49.55000093546258
    vertex 491.65453827610395 -2968.4342359914476 53.05000054263722
  endloop
endfacet
facet normal 1.0 1.5877564619225134e-18 -6.901623321644843e-10
  outer loop
    vertex 491.6545383050486 -2970.434235976085 49.55000093546258
    vertex 491.6545382771392 -2973.4342359194366 53.05000053471309
    vertex 491.6545382719631 -2973.4342359090842 44.0500003214491
  endloop
endfacet
facet normal 1.0 1.5877564619225134e-18 -6.901623321644843e-10
  outer loop
    vertex 491.65453827610395 -2968.4342359914476 53.05000054263722
    vertex 491.6545383050486 -2970.434235976085 49.55000093546258
    vertex 491.6545382764548 -2968.434235993875 49.550000936612875
  endloop
endfacet
facet normal -0.7933533402911961 -5.511287615954263e-09 -0.6087614290087716
  outer loop
    vertex 456.840198821014 -2917.434236422104 48.11066049539789
    vertex 457.07857690872214 -2946.4342364215063 47.8000003857123
    vertex 456.8401989748252 -2946.4342364221056 48.110660557492125
  endloop
endfacet
facet normal -0.7933533402911961 -5.511287615954263e-09 -0.6087614290087716
  outer loop
    vertex 457.07857690872214 -2946.4342364215063 47.8000003857123
    vertex 456.840198821014 -2917.434236422104 48.11066049539789
    vertex 457.07857675491084 -2917.4342364215045 47.80000032361806
  endloop
endfacet
facet normal 0.13052619222003808 2.815154410290981e-09 0.9914448613738123
  outer loop
    vertex 455.39131042102605 -2981.434236457218 45.60111172122016
    vertex 455.77953883486856 -2952.4342364658087 45.55000039855954
    vertex 455.39131026721475 -2952.434236467758 45.601111659125934
  endloop
endfacet
facet normal 0.13052619222003808 2.815154410290981e-09 0.9914448613738123
  outer loop
    vertex 455.77953883486856 -2952.4342364658087 45.55000039855954
    vertex 455.39131042102605 -2981.434236457218 45.60111172122016
    vertex 455.7795389886798 -2981.4342364552685 45.550000460653756
  endloop
endfacet
facet normal -0.7933533402911961 -5.511287615954262e-09 -0.6087614290087716
  outer loop
    vertex 456.8401990066484 -2952.4342364547 48.11066057033935
    vertex 457.0785770943565 -2981.434236443561 47.80000046065374
    vertex 456.84019916045963 -2981.43423644416 48.11066063243357
  endloop
endfacet
facet normal -0.7933533402911961 -5.511287615954262e-09 -0.6087614290087716
  outer loop
    vertex 457.0785770943565 -2981.434236443561 47.80000046065374
    vertex 456.8401990066484 -2952.4342364547 48.11066057033935
    vertex 457.07857694054525 -2952.434236454101 47.800000398559526
  endloop
endfacet
facet normal 0.9238795325112964 4.080712964776958e-09 -0.38268343236506636
  outer loop
    vertex 454.330650095435 -2952.4342364694503 47.438228966213316
    vertex 454.4805008830032 -2981.434236457341 47.80000046065374
    vertex 454.3306502492462 -2981.43423645891 47.43822902830753
  endloop
endfacet
facet normal 0.9238795325112964 4.080712964776958e-09 -0.38268343236506636
  outer loop
    vertex 454.4805008830032 -2981.434236457341 47.80000046065374
    vertex 454.330650095435 -2952.4342364694503 47.438228966213316
    vertex 454.4805007291919 -2952.434236467881 47.800000398559526
  endloop
endfacet
facet normal -0.7933533402911853 -2.9043488023703045e-09 0.6087614290087855
  outer loop
    vertex 457.0785770943565 -2981.434236446773 46.30000046065375
    vertex 456.8401990066484 -2952.4342364592426 45.98934022677972
    vertex 456.84019916045963 -2981.4342364487024 45.98934028887393
  endloop
endfacet
facet normal -0.7933533402911853 -2.9043488023703045e-09 0.6087614290087855
  outer loop
    vertex 456.8401990066484 -2952.4342364592426 45.98934022677972
    vertex 457.0785770943565 -2981.434236446773 46.30000046065375
    vertex 457.07857694054525 -2952.4342364573126 46.300000398559526
  endloop
endfacet
facet normal -0.608761429008759 -1.5300580687465934e-09 0.7933533402912057
  outer loop
    vertex 456.52953898867986 -2981.4342364508607 45.7509623549771
    vertex 456.8401990066484 -2952.4342364592426 45.98934022677972
    vertex 456.52953883486856 -2952.434236461401 45.750962292882875
  endloop
endfacet
facet normal -0.608761429008759 -1.5300580687465934e-09 0.7933533402912057
  outer loop
    vertex 456.8401990066484 -2952.4342364592426 45.98934022677972
    vertex 456.52953898867986 -2981.4342364508607 45.7509623549771
    vertex 456.84019916045963 -2981.4342364487024 45.98934028887393
  endloop
endfacet
facet normal 1.6127717700271055e-08 -1.0 -5.751227670099957e-10
  outer loop
    vertex 496.6545382709278 -2968.434235909084 53.05000053918639
    vertex 491.6545382764548 -2968.434235993875 49.550000936612875
    vertex 496.65453827231386 -2968.434235914962 49.55000093143661
  endloop
endfacet
facet normal 1.6127717700271055e-08 -1.0 -5.751227670099957e-10
  outer loop
    vertex 491.6545382764548 -2968.434235993875 49.550000936612875
    vertex 496.6545382709278 -2968.434235909084 53.05000053918639
    vertex 491.65453827610395 -2968.4342359914476 53.05000054263722
  endloop
endfacet
facet normal 0.0 -1.0 0.0
  outer loop
    vertex 501.6545382709279 -2968.434235909084 53.05000053918639
    vertex 496.65453827231386 -2968.434235914962 49.55000093143661
    vertex 501.6545382723138 -2968.434235914962 49.55000093143661
  endloop
endfacet
facet normal 0.0 -1.0 0.0
  outer loop
    vertex 496.65453827231386 -2968.434235914962 49.55000093143661
    vertex 501.6545382709279 -2968.434235909084 53.05000053918639
    vertex 496.6545382709278 -2968.434235909084 53.05000053918639
  endloop
endfacet
facet normal -0.382683432365091 -5.149640627740381e-11 0.9238795325112863
  outer loop
    vertex 456.16776737069927 -2946.434236431045 45.60111164627871
    vertex 456.5295386492342 -2917.434236428804 45.75096221794141
    vertex 456.16776721688797 -2917.4342364310437 45.60111158418447
  endloop
endfacet
facet normal -0.382683432365091 -5.149640627740381e-11 0.9238795325112863
  outer loop
    vertex 456.5295386492342 -2917.434236428804 45.75096221794141
    vertex 456.16776737069927 -2946.434236431045 45.60111164627871
    vertex 456.52953880304545 -2946.434236428806 45.75096228003565
  endloop
endfacet
facet normal 0.0 -1.0 7.3635641584245515e-09
  outer loop
    vertex 501.6545382908095 -2925.434236133536 53.05000025124636
    vertex 491.65453827092784 -2925.4342361998083 44.05000031317863
    vertex 501.6545382709279 -2925.4342361998083 44.05000031317863
  endloop
endfacet
facet normal 0.0 -1.0 7.3635641584245515e-09
  outer loop
    vertex 491.65453827092784 -2925.4342361998083 44.05000031317863
    vertex 501.6545382908095 -2925.434236133536 53.05000025124636
    vertex 491.65453829080946 -2925.434236133536 53.05000025124636
  endloop
endfacet
facet normal -0.13052619222003808 1.4305746511775799e-09 0.9914448613738123
  outer loop
    vertex 455.7795389886798 -2981.4342364552685 45.550000460653756
    vertex 456.1677674025224 -2952.43423646364 45.601111659125934
    vertex 455.77953883486856 -2952.4342364658087 45.55000039855954
  endloop
endfacet
facet normal -0.13052619222003808 1.4305746511775799e-09 0.9914448613738123
  outer loop
    vertex 456.1677674025224 -2952.43423646364 45.601111659125934
    vertex 455.7795389886798 -2981.4342364552685 45.550000460653756
    vertex 456.1677675563336 -2981.4342364531 45.60111172122016
  endloop
endfacet
facet normal -5.917255269442318e-09 1.0 -7.363564145352926e-09
  outer loop
    vertex 491.6545382855682 -2930.4342362206776 49.55000070240509
    vertex 501.6545382908095 -2930.434236133536 53.05000026597349
    vertex 501.65453828556826 -2930.4342361615054 49.5500006582237
  endloop
endfacet
facet normal -5.917255269442318e-09 1.0 -7.363564145352926e-09
  outer loop
    vertex 501.6545382908095 -2930.434236133536 53.05000026597349
    vertex 491.6545382855682 -2930.4342362206776 49.55000070240509
    vertex 491.65453829080946 -2930.434236192709 53.05000031015488
  endloop
endfacet
facet normal -1.4296926655447689e-08 1.0 5.75152782761172e-10
  outer loop
    vertex 458.9045383838697 -2970.43423643498 44.05000042553638
    vertex 491.6545383050486 -2970.434235976085 49.55000093546258
    vertex 491.6545382995217 -2970.4342359633047 44.050000328222936
  endloop
endfacet
facet normal -1.4296926655447689e-08 1.0 5.75152782761172e-10
  outer loop
    vertex 491.6545383050486 -2970.434235976085 49.55000093546258
    vertex 458.9045383838697 -2970.43423643498 44.05000042553638
    vertex 458.90453834817475 -2970.434236440858 49.55000104586963
  endloop
endfacet
facet normal -0.608761429008759 -1.5300580687465938e-09 0.7933533402912057
  outer loop
    vertex 456.52953880304545 -2946.434236428806 45.75096228003565
    vertex 456.840198821014 -2917.434236426646 45.98934015183825
    vertex 456.5295386492342 -2917.434236428804 45.75096221794141
  endloop
endfacet
facet normal -0.608761429008759 -1.5300580687465938e-09 0.7933533402912057
  outer loop
    vertex 456.840198821014 -2917.434236426646 45.98934015183825
    vertex 456.52953880304545 -2946.434236428806 45.75096228003565
    vertex 456.8401989748252 -2946.4342364266477 45.989340213932486
  endloop
endfacet
facet normal 0.9914448613738037 5.537944117352288e-09 0.13052619222010214
  outer loop
    vertex 454.33064990980057 -2917.4342364385166 46.661771755964295
    vertex 454.2795388030454 -2946.4342364379577 47.05000038571231
    vertex 454.33065006361187 -2946.434236438518 46.66177181805853
  endloop
endfacet
facet normal 0.9914448613738037 5.537944117352288e-09 0.13052619222010214
  outer loop
    vertex 454.2795388030454 -2946.4342364379577 47.05000038571231
    vertex 454.33064990980057 -2917.4342364385166 46.661771755964295
    vertex 454.27953864923415 -2917.4342364379563 47.05000032361807
  endloop
endfacet
facet normal 0.7933533402911853 5.511287615954236e-09 0.6087614290087855
  outer loop
    vertex 454.71887881690003 -2981.4342364599534 45.98934028887393
    vertex 454.4805007291919 -2952.434236471093 46.300000398559526
    vertex 454.4805008830032 -2981.4342364605527 46.30000046065375
  endloop
endfacet
facet normal 0.7933533402911853 5.511287615954236e-09 0.6087614290087855
  outer loop
    vertex 454.4805007291919 -2952.434236471093 46.300000398559526
    vertex 454.71887881690003 -2981.4342364599534 45.98934028887393
    vertex 454.7188786630888 -2952.4342364704935 45.98934022677972
  endloop
endfacet
facet normal -1.6562218586193426e-08 1.0 2.1227197813952055e-10
  outer loop
    vertex 501.65453830405227 -2970.434235809932 44.05000032204702
    vertex 534.9045381840094 -2970.434235275918 49.550000856784784
    vertex 534.9045382197044 -2970.4342352674926 44.05000021730689
  endloop
endfacet
facet normal -1.6562218586193426e-08 1.0 2.1227197813952055e-10
  outer loop
    vertex 534.9045381840094 -2970.434235275918 49.550000856784784
    vertex 501.65453830405227 -2970.434235809932 44.05000032204702
    vertex 501.65453830543834 -2970.43423581581 49.55000093101206
  endloop
endfacet
facet normal 0.9238795325113048 5.719503212661758e-09 0.382683432365046
  outer loop
    vertex 454.4805008830032 -2981.4342364605527 46.30000046065375
    vertex 454.330650095435 -2952.434236471113 46.66177183090576
    vertex 454.3306502492462 -2981.4342364605727 46.66177189299998
  endloop
endfacet
facet normal 0.9238795325113048 5.719503212661758e-09 0.382683432365046
  outer loop
    vertex 454.330650095435 -2952.434236471113 46.66177183090576
    vertex 454.4805008830032 -2981.4342364605527 46.30000046065375
    vertex 454.4805007291919 -2952.434236471093 46.300000398559526
  endloop
endfacet
facet normal 0.7933533402911961 2.9043488023703918e-09 -0.6087614290087716
  outer loop
    vertex 454.4805005435575 -2917.434236435284 47.80000032361806
    vertex 454.7188786312656 -2946.4342364333565 48.110660557492125
    vertex 454.48050069736877 -2946.434236435286 47.8000003857123
  endloop
endfacet
facet normal 0.7933533402911961 2.9043488023703918e-09 -0.6087614290087716
  outer loop
    vertex 454.7188786312656 -2946.4342364333565 48.110660557492125
    vertex 454.4805005435575 -2917.434236435284 47.80000032361806
    vertex 454.7188784774544 -2917.4342364333547 48.11066049539789
  endloop
endfacet
facet normal 0.7933533402911853 5.5112876159542365e-09 0.6087614290087855
  outer loop
    vertex 454.7188786312656 -2946.4342364378986 45.989340213932486
    vertex 454.4805005435575 -2917.434236438496 46.300000323618065
    vertex 454.48050069736877 -2946.434236438498 46.3000003857123
  endloop
endfacet
facet normal 0.7933533402911853 5.5112876159542365e-09 0.6087614290087855
  outer loop
    vertex 454.4805005435575 -2917.434236438496 46.300000323618065
    vertex 454.7188786312656 -2946.4342364378986 45.989340213932486
    vertex 454.7188784774544 -2917.434236437897 45.98934015183825
  endloop
endfacet
facet normal 0.9914448613738037 4.978983282330346e-09 -0.13052619222010217
  outer loop
    vertex 454.27953883486856 -2952.4342364705526 47.05000039855954
    vertex 454.3306502492462 -2981.43423645891 47.43822902830753
    vertex 454.2795389886798 -2981.4342364600125 47.050000460653756
  endloop
endfacet
facet normal 0.9914448613738037 4.978983282330346e-09 -0.13052619222010217
  outer loop
    vertex 454.3306502492462 -2981.43423645891 47.43822902830753
    vertex 454.27953883486856 -2952.4342364705526 47.05000039855954
    vertex 454.330650095435 -2952.4342364694503 47.438228966213316
  endloop
endfacet
facet normal 0.608761429008759 4.927486876053234e-09 0.7933533402912057
  outer loop
    vertex 454.7188786312656 -2946.4342364378986 45.989340213932486
    vertex 455.02953864923415 -2917.4342364367594 45.75096221794141
    vertex 454.7188784774544 -2917.434236437897 45.98934015183825
  endloop
endfacet
facet normal 0.608761429008759 4.927486876053234e-09 0.7933533402912057
  outer loop
    vertex 455.02953864923415 -2917.4342364367594 45.75096221794141
    vertex 454.7188786312656 -2946.4342364378986 45.989340213932486
    vertex 455.02953880304545 -2946.4342364367612 45.75096228003565
  endloop
endfacet
facet normal -0.9914448613738037 -5.537944117352288e-09 -0.13052619222010214
  outer loop
    vertex 457.22842754247904 -2946.4342364214863 47.43822895336609
    vertex 457.2795386492342 -2917.4342364220447 47.05000032361807
    vertex 457.27953880304545 -2946.434236422046 47.05000038571231
  endloop
endfacet
facet normal -0.9914448613738037 -5.537944117352288e-09 -0.13052619222010214
  outer loop
    vertex 457.2795386492342 -2917.4342364220447 47.05000032361807
    vertex 457.22842754247904 -2946.4342364214863 47.43822895336609
    vertex 457.2284273886678 -2917.4342364214845 47.43822889127185
  endloop
endfacet
facet normal -0.9238795325113048 -4.080712964777047e-09 0.382683432365046
  outer loop
    vertex 457.22842754247904 -2946.434236423149 46.66177181805853
    vertex 457.07857675491084 -2917.4342364247163 46.300000323618065
    vertex 457.07857690872214 -2946.434236424718 46.3000003857123
  endloop
endfacet
facet normal -0.9238795325113048 -4.080712964777047e-09 0.382683432365046
  outer loop
    vertex 457.07857675491084 -2917.4342364247163 46.300000323618065
    vertex 457.22842754247904 -2946.434236423149 46.66177181805853
    vertex 457.2284273886678 -2917.434236423147 46.661771755964295
  endloop
endfacet
facet normal -0.608761429008759 -4.927486876053234e-09 -0.7933533402912057
  outer loop
    vertex 456.840198821014 -2917.434236422104 48.11066049539789
    vertex 456.52953880304545 -2946.434236423243 48.34903849138896
    vertex 456.5295386492342 -2917.434236423241 48.34903842929472
  endloop
endfacet
facet normal -0.608761429008759 -4.927486876053234e-09 -0.7933533402912057
  outer loop
    vertex 456.52953880304545 -2946.434236423243 48.34903849138896
    vertex 456.840198821014 -2917.434236422104 48.11066049539789
    vertex 456.8401989748252 -2946.4342364221056 48.110660557492125
  endloop
endfacet
facet normal 6.591762192769275e-09 -1.0 3.6817783240454666e-09
  outer loop
    vertex 491.6545382723846 -2928.4342362206776 49.550000695041525
    vertex 458.90453827013795 -2928.43423645277 44.05000069829307
    vertex 491.65453825774426 -2928.4342362589805 44.05000036472358
  endloop
endfacet
facet normal 6.591762192769275e-09 -1.0 3.6817783240454666e-09
  outer loop
    vertex 458.90453827013795 -2928.43423645277 44.05000069829307
    vertex 491.6545382723846 -2928.4342362206776 49.550000695041525
    vertex 458.9045383063974 -2928.4342364586482 49.550001039656365
  endloop
endfacet
facet normal 0.382683432365091 4.007886048605894e-09 0.9238795325112863
  outer loop
    vertex 455.02953880304545 -2946.4342364367612 45.75096228003565
    vertex 455.3913100815804 -2917.434236435162 45.60111158418447
    vertex 455.02953864923415 -2917.4342364367594 45.75096221794141
  endloop
endfacet
facet normal 0.382683432365091 4.007886048605894e-09 0.9238795325112863
  outer loop
    vertex 455.3913100815804 -2917.434236435162 45.60111158418447
    vertex 455.02953880304545 -2946.4342364367612 45.75096228003565
    vertex 455.39131023539164 -2946.4342364351633 45.60111164627871
  endloop
endfacet
facet normal 0.9238795325113048 5.7195032126617584e-09 0.382683432365046
  outer loop
    vertex 454.48050069736877 -2946.434236438498 46.3000003857123
    vertex 454.33064990980057 -2917.4342364385166 46.661771755964295
    vertex 454.33065006361187 -2946.434236438518 46.66177181805853
  endloop
endfacet
facet normal 0.9238795325113048 5.7195032126617584e-09 0.382683432365046
  outer loop
    vertex 454.33064990980057 -2917.4342364385166 46.661771755964295
    vertex 454.48050069736877 -2946.434236438498 46.3000003857123
    vertex 454.4805005435575 -2917.434236438496 46.300000323618065
  endloop
endfacet
facet normal 0.13052619222003808 -1.430573029713759e-09 -0.9914448613738123
  outer loop
    vertex 455.7795386492342 -2917.4342364267886 48.55000032361807
    vertex 455.39131023539164 -2946.434236428959 48.498889125145915
    vertex 455.3913100815804 -2917.4342364289573 48.49888906305167
  endloop
endfacet
facet normal 0.13052619222003808 -1.430573029713759e-09 -0.9914448613738123
  outer loop
    vertex 455.39131023539164 -2946.434236428959 48.498889125145915
    vertex 455.7795386492342 -2917.4342364267886 48.55000032361807
    vertex 455.77953880304545 -2946.4342364267904 48.55000038571231
  endloop
endfacet
facet normal 0.9914448613738037 5.537944117352287e-09 0.13052619222010214
  outer loop
    vertex 454.330650095435 -2952.434236471113 46.66177183090576
    vertex 454.2795389886798 -2981.4342364600125 47.050000460653756
    vertex 454.3306502492462 -2981.4342364605727 46.66177189299998
  endloop
endfacet
facet normal 0.9914448613738037 5.537944117352287e-09 0.13052619222010214
  outer loop
    vertex 454.2795389886798 -2981.4342364600125 47.050000460653756
    vertex 454.330650095435 -2952.434236471113 46.66177183090576
    vertex 454.27953883486856 -2952.4342364705526 47.05000039855954
  endloop
endfacet
facet normal -0.7933533402911853 -2.9043488023703053e-09 0.6087614290087855
  outer loop
    vertex 457.07857690872214 -2946.434236424718 46.3000003857123
    vertex 456.840198821014 -2917.434236426646 45.98934015183825
    vertex 456.8401989748252 -2946.4342364266477 45.989340213932486
  endloop
endfacet
facet normal -0.7933533402911853 -2.9043488023703053e-09 0.6087614290087855
  outer loop
    vertex 456.840198821014 -2917.434236426646 45.98934015183825
    vertex 457.07857690872214 -2946.434236424718 46.3000003857123
    vertex 457.07857675491084 -2917.4342364247163 46.300000323618065
  endloop
endfacet
facet normal -0.13052619222003808 1.4305746511775799e-09 0.9914448613738123
  outer loop
    vertex 455.77953880304545 -2946.4342364332138 45.550000385712316
    vertex 456.16776721688797 -2917.4342364310437 45.60111158418447
    vertex 455.7795386492342 -2917.434236433212 45.55000032361807
  endloop
endfacet
facet normal -0.13052619222003808 1.4305746511775799e-09 0.9914448613738123
  outer loop
    vertex 456.16776721688797 -2917.4342364310437 45.60111158418447
    vertex 455.77953880304545 -2946.4342364332138 45.550000385712316
    vertex 456.16776737069927 -2946.434236431045 45.60111164627871
  endloop
endfacet
facet normal 5.242724661228154e-09 -1.0 3.6817783294560294e-09
  outer loop
    vertex 534.9045382718375 -2928.434236030934 49.55000037199236
    vertex 501.6545382604425 -2928.434236217599 44.050000320542196
    vertex 534.9045382355781 -2928.4342360250557 44.050000030629064
  endloop
endfacet
facet normal 5.242724661228154e-09 -1.0 3.6817783294560294e-09
  outer loop
    vertex 501.6545382604425 -2928.434236217599 44.050000320542196
    vertex 534.9045382718375 -2928.434236030934 49.55000037199236
    vertex 501.65453827508287 -2928.4342361792956 49.55000065086013
  endloop
endfacet
facet normal -0.9914448613738037 -4.978983282330347e-09 0.13052619222010217
  outer loop
    vertex 457.27953880304545 -2946.434236422046 47.05000038571231
    vertex 457.2284273886678 -2917.434236423147 46.661771755964295
    vertex 457.22842754247904 -2946.434236423149 46.66177181805853
  endloop
endfacet
facet normal -0.9914448613738037 -4.978983282330347e-09 0.13052619222010217
  outer loop
    vertex 457.2284273886678 -2917.434236423147 46.661771755964295
    vertex 457.27953880304545 -2946.434236422046 47.05000038571231
    vertex 457.2795386492342 -2917.4342364220447 47.05000032361807
  endloop
endfacet
facet normal 0.9914448613738037 4.978983282330347e-09 -0.13052619222010217
  outer loop
    vertex 454.27953864923415 -2917.4342364379563 47.05000032361807
    vertex 454.33065006361187 -2946.4342364368554 47.43822895336609
    vertex 454.2795388030454 -2946.4342364379577 47.05000038571231
  endloop
endfacet
facet normal 0.9914448613738037 4.978983282330347e-09 -0.13052619222010217
  outer loop
    vertex 454.33065006361187 -2946.4342364368554 47.43822895336609
    vertex 454.27953864923415 -2917.4342364379563 47.05000032361807
    vertex 454.33064990980057 -2917.434236436854 47.43822889127185
  endloop
endfacet
facet normal 6.458576583525699e-09 -7.698818294942962e-09 -1.0
  outer loop
    vertex 534.9045382718375 -2928.434236030934 49.55000037199236
    vertex 501.65453828556826 -2930.4342361615054 49.5500006582237
    vertex 501.65453827508287 -2928.4342361792956 49.55000065086013
  endloop
endfacet
facet normal 6.458576583525699e-09 -7.698818294942962e-09 -1.0
  outer loop
    vertex 501.65453828556826 -2930.4342361615054 49.5500006582237
    vertex 534.9045382718375 -2928.434236030934 49.55000037199236
    vertex 501.65453830543834 -2970.43423581581 49.55000093101206
  endloop
endfacet
facet normal 6.458576583525699e-09 -7.698818294942962e-09 -1.0
  outer loop
    vertex 501.65453830543834 -2970.43423581581 49.55000093101206
    vertex 534.9045382718375 -2928.434236030934 49.55000037199236
    vertex 534.9045381840094 -2970.434235275918 49.550000856784784
  endloop
endfacet
facet normal 6.458576583525699e-09 -7.698818294942962e-09 -1.0
  outer loop
    vertex 491.6545382855682 -2930.4342362206776 49.55000070240509
    vertex 491.6545382764548 -2968.434235993875 49.550000936612875
    vertex 491.6545382723846 -2928.4342362206776 49.550000695041525
  endloop
endfacet
facet normal 6.458576583525699e-09 -7.698818294942962e-09 -1.0
  outer loop
    vertex 491.6545382764548 -2968.434235993875 49.550000936612875
    vertex 491.6545382855682 -2930.4342362206776 49.55000070240509
    vertex 496.65453827231386 -2968.434235914962 49.55000093143661
  endloop
endfacet
facet normal 6.458576583525699e-09 -7.698818294942962e-09 -1.0
  outer loop
    vertex 496.65453827231386 -2968.434235914962 49.55000093143661
    vertex 491.6545382855682 -2930.4342362206776 49.55000070240509
    vertex 501.65453828556826 -2930.4342361615054 49.5500006582237
  endloop
endfacet
facet normal 6.458576583525699e-09 -7.698818294942962e-09 -1.0
  outer loop
    vertex 496.65453827231386 -2968.434235914962 49.55000093143661
    vertex 501.65453828556826 -2930.4342361615054 49.5500006582237
    vertex 501.6545382723138 -2968.434235914962 49.55000093143661
  endloop
endfacet
facet normal 6.458576583525699e-09 -7.698818294942962e-09 -1.0
  outer loop
    vertex 501.6545382723138 -2968.434235914962 49.55000093143661
    vertex 501.65453828556826 -2930.4342361615054 49.5500006582237
    vertex 501.65453830543834 -2970.43423581581 49.55000093101206
  endloop
endfacet
facet normal 6.458576583525699e-09 -7.698818294942962e-09 -1.0
  outer loop
    vertex 451.65453965284667 -2946.4342361530853 49.54999953328042
    vertex 455.77953882840995 -2952.434236451686 49.55000039855953
    vertex 451.6545395257048 -2952.4342361530857 49.54999961923981
  endloop
endfacet
facet normal 6.458576583525699e-09 -7.698818294942962e-09 -1.0
  outer loop
    vertex 455.77953882840995 -2952.434236451686 49.55000039855953
    vertex 451.65453965284667 -2946.4342361530853 49.54999953328042
    vertex 458.90453787018305 -2946.4342361530853 49.54999989896174
  endloop
endfacet
facet normal 6.458576583525699e-09 -7.698818294942962e-09 -1.0
  outer loop
    vertex 455.77953882840995 -2952.434236451686 49.55000039855953
    vertex 458.90453787018305 -2946.4342361530853 49.54999989896174
    vertex 458.9045383331716 -2952.434236458649 49.5500009934583
  endloop
endfacet
facet normal 6.458576583525699e-09 -7.698818294942962e-09 -1.0
  outer loop
    vertex 458.9045383331716 -2952.434236458649 49.5500009934583
    vertex 458.90453787018305 -2946.4342361530853 49.54999989896174
    vertex 458.9045383063974 -2928.4342364586482 49.550001039656365
  endloop
endfacet
facet normal 6.458576583525699e-09 -7.698818294942962e-09 -1.0
  outer loop
    vertex 458.9045383331716 -2952.434236458649 49.5500009934583
    vertex 458.9045383063974 -2928.4342364586482 49.550001039656365
    vertex 491.6545382723846 -2928.4342362206776 49.550000695041525
  endloop
endfacet
facet normal 6.458576583525699e-09 -7.698818294942962e-09 -1.0
  outer loop
    vertex 458.9045383331716 -2952.434236458649 49.5500009934583
    vertex 491.6545382723846 -2928.4342362206776 49.550000695041525
    vertex 458.90453834817475 -2970.434236440858 49.55000104586963
  endloop
endfacet
facet normal 6.458576583525699e-09 -7.698818294942962e-09 -1.0
  outer loop
    vertex 458.90453834817475 -2970.434236440858 49.55000104586963
    vertex 491.6545382723846 -2928.4342362206776 49.550000695041525
    vertex 491.6545382764548 -2968.434235993875 49.550000936612875
  endloop
endfacet
facet normal 6.458576583525699e-09 -7.698818294942962e-09 -1.0
  outer loop
    vertex 458.90453834817475 -2970.434236440858 49.55000104586963
    vertex 491.6545382764548 -2968.434235993875 49.550000936612875
    vertex 491.6545383050486 -2970.434235976085 49.55000093546258
  endloop
endfacet
facet normal 0.608761429008759 1.5300580687465938e-09 -0.7933533402912057
  outer loop
    vertex 455.02953864923415 -2917.4342364311965 48.34903842929472
    vertex 454.7188786312656 -2946.4342364333565 48.110660557492125
    vertex 454.7188784774544 -2917.4342364333547 48.11066049539789
  endloop
endfacet
facet normal 0.608761429008759 1.5300580687465938e-09 -0.7933533402912057
  outer loop
    vertex 454.7188786312656 -2946.4342364333565 48.110660557492125
    vertex 455.02953864923415 -2917.4342364311965 48.34903842929472
    vertex 455.02953880304545 -2946.4342364311983 48.34903849138896
  endloop
endfacet
facet normal -0.9238795325112964 -5.7195032126617584e-09 -0.38268343236506636
  outer loop
    vertex 457.07857675491084 -2917.4342364215045 47.80000032361806
    vertex 457.22842754247904 -2946.4342364214863 47.43822895336609
    vertex 457.07857690872214 -2946.4342364215063 47.8000003857123
  endloop
endfacet
facet normal -0.9238795325112964 -5.7195032126617584e-09 -0.38268343236506636
  outer loop
    vertex 457.22842754247904 -2946.4342364214863 47.43822895336609
    vertex 457.07857675491084 -2917.4342364215045 47.80000032361806
    vertex 457.2284273886678 -2917.4342364214845 47.43822889127185
  endloop
endfacet
facet normal -2.284369619295811e-09 8.98324890940298e-10 -1.0
  outer loop
    vertex 491.6545382995217 -2970.4342359633047 44.050000328222936
    vertex 491.6545382719631 -2973.4342359090842 44.0500003214491
    vertex 458.9045383838697 -2970.43423643498 44.05000042553638
  endloop
endfacet
facet normal -2.284369619295811e-09 8.98324890940298e-10 -1.0
  outer loop
    vertex 451.65454079045236 -2917.43423657516 44.04999985648437
    vertex 458.90453827013795 -2928.43423645277 44.05000069829307
    vertex 451.65454052714625 -2928.4342362792277 44.050000283752325
  endloop
endfacet
facet normal -2.284369619295811e-09 8.98324890940298e-10 -1.0
  outer loop
    vertex 458.90453827013795 -2928.43423645277 44.05000069829307
    vertex 451.65454079045236 -2917.43423657516 44.04999985648437
    vertex 555.6545350967399 -2917.4342360676396 44.050000011704675
  endloop
endfacet
facet normal -2.284369619295811e-09 8.98324890940298e-10 -1.0
  outer loop
    vertex 458.90453827013795 -2928.43423645277 44.05000069829307
    vertex 555.6545350967399 -2917.4342360676396 44.050000011704675
    vertex 491.65453827092784 -2925.4342361998083 44.05000031317863
  endloop
endfacet
facet normal -2.284369619295811e-09 8.98324890940298e-10 -1.0
  outer loop
    vertex 458.90453827013795 -2928.43423645277 44.05000069829307
    vertex 491.65453827092784 -2925.4342361998083 44.05000031317863
    vertex 491.65453825774426 -2928.4342362589805 44.05000036472358
  endloop
endfacet
facet normal -2.284369619295811e-09 8.98324890940298e-10 -1.0
  outer loop
    vertex 491.65453827092784 -2925.4342361998083 44.05000031317863
    vertex 555.6545350967399 -2917.4342360676396 44.050000011704675
    vertex 501.6545382709279 -2925.4342361998083 44.05000031317863
  endloop
endfacet
facet normal -2.284369619295811e-09 8.98324890940298e-10 -1.0
  outer loop
    vertex 501.6545382709279 -2925.4342361998083 44.05000031317863
    vertex 555.6545350967399 -2917.4342360676396 44.050000011704675
    vertex 537.4045381460289 -2922.4342366272053 44.05000007370573
  endloop
endfacet
facet normal -2.284369619295811e-09 8.98324890940298e-10 -1.0
  outer loop
    vertex 501.6545382709279 -2925.4342361998083 44.05000031317863
    vertex 537.4045381460289 -2922.4342366272053 44.05000007370573
    vertex 534.9045382355781 -2928.4342360250557 44.050000030629064
  endloop
endfacet
facet normal -2.284369619295811e-09 8.98324890940298e-10 -1.0
  outer loop
    vertex 537.4045381460289 -2922.4342366272053 44.05000007370573
    vertex 555.6545350967399 -2917.4342360676396 44.050000011704675
    vertex 555.6545353564222 -2922.4342361084123 44.05000005794979
  endloop
endfacet
facet normal -2.284369619295811e-09 8.98324890940298e-10 -1.0
  outer loop
    vertex 451.6545395280465 -2970.4342365393964 44.0500001683892
    vertex 555.6545384206738 -2981.4342359524117 44.04999986548587
    vertex 451.6545392584895 -2981.4342364066415 44.049999857253624
  endloop
endfacet
facet normal -2.284369619295811e-09 8.98324890940298e-10 -1.0
  outer loop
    vertex 555.6545384206738 -2981.4342359524117 44.04999986548587
    vertex 451.6545395280465 -2970.4342365393964 44.0500001683892
    vertex 458.9045383838697 -2970.43423643498 44.05000042553638
  endloop
endfacet
facet normal -2.284369619295811e-09 8.98324890940298e-10 -1.0
  outer loop
    vertex 555.6545384206738 -2981.4342359524117 44.04999986548587
    vertex 458.9045383838697 -2970.43423643498 44.05000042553638
    vertex 491.6545382719631 -2973.4342359090842 44.0500003214491
  endloop
endfacet
facet normal -2.284369619295811e-09 8.98324890940298e-10 -1.0
  outer loop
    vertex 555.6545384206738 -2981.4342359524117 44.04999986548587
    vertex 491.6545382719631 -2973.4342359090842 44.0500003214491
    vertex 501.65453827196313 -2973.4342359090842 44.0500003214491
  endloop
endfacet
facet normal -2.284369619295811e-09 8.98324890940298e-10 -1.0
  outer loop
    vertex 555.6545384206738 -2981.4342359524117 44.04999986548587
    vertex 501.65453827196313 -2973.4342359090842 44.0500003214491
    vertex 501.65453830405227 -2970.434235809932 44.05000032204702
  endloop
endfacet
facet normal -2.284369619295811e-09 8.98324890940298e-10 -1.0
  outer loop
    vertex 555.6545384206738 -2981.4342359524117 44.04999986548587
    vertex 501.65453830405227 -2970.434235809932 44.05000032204702
    vertex 537.4045382466155 -2976.43423464819 44.050000154265575
  endloop
endfacet
facet normal -2.284369619295811e-09 8.98324890940298e-10 -1.0
  outer loop
    vertex 537.4045382466155 -2976.43423464819 44.050000154265575
    vertex 501.65453830405227 -2970.434235809932 44.05000032204702
    vertex 534.9045382197044 -2970.4342352674926 44.05000021730689
  endloop
endfacet
facet normal -2.284369619295811e-09 8.98324890940298e-10 -1.0
  outer loop
    vertex 537.4045382466155 -2976.43423464819 44.050000154265575
    vertex 534.9045382197044 -2970.4342352674926 44.05000021730689
    vertex 534.9045382355781 -2928.4342360250557 44.050000030629064
  endloop
endfacet
facet normal -2.284369619295811e-09 8.98324890940298e-10 -1.0
  outer loop
    vertex 537.4045382466155 -2976.43423464819 44.050000154265575
    vertex 534.9045382355781 -2928.4342360250557 44.050000030629064
    vertex 537.4045381460289 -2922.4342366272053 44.05000007370573
  endloop
endfacet
facet normal -2.284369619295811e-09 8.98324890940298e-10 -1.0
  outer loop
    vertex 555.6545384206738 -2981.4342359524117 44.04999986548587
    vertex 537.4045382466155 -2976.43423464819 44.050000154265575
    vertex 555.6545381609915 -2976.434235437086 44.04999986228587
  endloop
endfacet
facet normal -2.284369619295811e-09 8.98324890940298e-10 -1.0
  outer loop
    vertex 534.9045382355781 -2928.4342360250557 44.050000030629064
    vertex 501.6545382604425 -2928.434236217599 44.050000320542196
    vertex 501.6545382709279 -2925.4342361998083 44.05000031317863
  endloop
endfacet
facet normal 1.515690741228804e-08 -1.0 1.2880140575854665e-09
  outer loop
    vertex 458.904538449397 -2970.4342364348686 39.88867691478833
    vertex 451.6545395280465 -2970.4342365393964 44.0500001683892
    vertex 451.6545410253608 -2970.4342365502275 39.88867652559556
  endloop
endfacet
facet normal 1.515690741228804e-08 -1.0 1.2880140575854665e-09
  outer loop
    vertex 451.6545395280465 -2970.4342365393964 44.0500001683892
    vertex 458.904538449397 -2970.4342364348686 39.88867691478833
    vertex 458.9045383838697 -2970.43423643498 44.05000042553638
  endloop
endfacet
facet normal 9.342472460423233e-08 3.75321284402798e-08 -0.9999999999999949
  outer loop
    vertex 451.65454166553417 -2952.434236514599 26.750961261294076
    vertex 458.90453880528474 -2961.8730782960088 26.750961584363242
    vertex 451.6545413901051 -2961.8730784997942 26.75096126129406
  endloop
endfacet
facet normal 9.342472460423233e-08 3.75321284402798e-08 -0.9999999999999949
  outer loop
    vertex 458.90453880528474 -2961.8730782960088 26.750961584363242
    vertex 451.65454166553417 -2952.434236514599 26.750961261294076
    vertex 458.9045390895704 -2952.4342364558775 26.750962292882935
  endloop
endfacet
facet normal 4.2545902242401266e-08 -0.3826834323650529 -0.9238795325113011
  outer loop
    vertex 451.6545406042245 -2931.834236372885 43.85237023008336
    vertex 458.9045379382469 -2933.811920299516 44.671554068453226
    vertex 451.65454054130765 -2933.8119202030443 44.671553694621316
  endloop
endfacet
facet normal 4.2545902242401266e-08 -0.3826834323650529 -0.9238795325113011
  outer loop
    vertex 458.9045379382469 -2933.811920299516 44.671554068453226
    vertex 451.6545406042245 -2931.834236372885 43.85237023008336
    vertex 458.90453800116376 -2931.8342364693563 43.85237060391526
  endloop
endfacet
facet normal 3.280729314275494e-08 -0.6087614290087237 -0.7933533402912322
  outer loop
    vertex 451.65454068915744 -2930.135960767155 42.54923752478066
    vertex 458.90453800116376 -2931.8342364693563 43.85237060391526
    vertex 451.6545406042245 -2931.834236372885 43.85237023008336
  endloop
endfacet
facet normal 3.280729314275494e-08 -0.6087614290087237 -0.7933533402912322
  outer loop
    vertex 458.90453800116376 -2931.8342364693563 43.85237060391526
    vertex 451.65454068915744 -2930.135960767155 42.54923752478066
    vertex 458.90453808609675 -2930.135960863626 42.54923789861256
  endloop
endfacet
facet normal 5.285874310564865e-08 0.130526192220056 -0.9914448613738085
  outer loop
    vertex 451.65454050469464 -2935.934236372885 44.950961919050954
    vertex 458.90453789381996 -2938.056552639197 44.67155406845321
    vertex 451.65454049688066 -2938.0565525427255 44.67155369462131
  endloop
endfacet
facet normal 5.285874310564865e-08 0.130526192220056 -0.9914448613738085
  outer loop
    vertex 458.90453789381996 -2938.056552639197 44.67155406845321
    vertex 451.65454050469464 -2935.934236372885 44.950961919050954
    vertex 458.90453790163394 -2935.934236469356 44.950962292882856
  endloop
endfacet
facet normal 0.9999999999999989 -1.210037439038925e-08 4.523118223512749e-08
  outer loop
    vertex 458.90453902154917 -2946.43423600674 26.750962292882924
    vertex 458.9045383506996 -2943.8548282449265 34.62864612304221
    vertex 458.90453823840016 -2944.134236469356 36.750962292882875
  endloop
endfacet
facet normal 0.9999999999999989 -1.210037439038925e-08 4.523118223512749e-08
  outer loop
    vertex 458.9045383506996 -2943.8548282449265 34.62864612304221
    vertex 458.90453902154917 -2946.43423600674 26.750962292882924
    vertex 458.90453846119493 -2943.035644780389 32.65096229288289
  endloop
endfacet
facet normal 0.9999999999999989 -1.210037439038925e-08 4.523118223512749e-08
  outer loop
    vertex 458.90453846119493 -2943.035644780389 32.65096229288289
    vertex 458.90453902154917 -2946.43423600674 26.750962292882924
    vertex 458.90453856235615 -2941.732512075086 30.952686687153207
  endloop
endfacet
facet normal 0.9999999999999989 -1.210037439038925e-08 4.523118223512749e-08
  outer loop
    vertex 458.90453856235615 -2941.732512075086 30.952686687153207
    vertex 458.90453902154917 -2946.43423600674 26.750962292882924
    vertex 458.9045388315539 -2936.9953944002714 26.75096195911363
  endloop
endfacet
facet normal 0.9999999999999989 -1.210037439038925e-08 4.523118223512749e-08
  outer loop
    vertex 458.90453856235615 -2941.732512075086 30.952686687153207
    vertex 458.9045388315539 -2936.9953944002714 26.75096195911363
    vertex 458.9045386472891 -2940.0342364693565 29.6495539818505
  endloop
endfacet
facet normal 0.9999999999999989 -1.210037439038925e-08 4.523118223512749e-08
  outer loop
    vertex 458.9045386472891 -2940.0342364693565 29.6495539818505
    vertex 458.9045388315539 -2936.9953944002714 26.75096195911363
    vertex 458.90453871020594 -2938.056552639197 28.83037051731254
  endloop
endfacet
facet normal 0.9999999999999989 -1.210037439038925e-08 4.523118223512749e-08
  outer loop
    vertex 458.90453871020594 -2938.056552639197 28.83037051731254
    vertex 458.9045388315539 -2936.9953944002714 26.75096195911363
    vertex 458.9045387188863 -2936.9953944002714 28.69066638042248
  endloop
endfacet
facet normal 0.9999999999999989 -1.210037439038925e-08 4.523118223512749e-08
  outer loop
    vertex 458.90453787018305 -2946.4342361530853 49.54999989896174
    vertex 458.9045379153374 -2940.0342364693565 43.852370603915254
    vertex 458.9045383063974 -2928.4342364586482 49.550001039656365
  endloop
endfacet
facet normal 0.9999999999999989 -1.210037439038925e-08 4.523118223512749e-08
  outer loop
    vertex 458.9045379153374 -2940.0342364693565 43.852370603915254
    vertex 458.90453787018305 -2946.4342361530853 49.54999989896174
    vertex 458.90453796472 -2941.732512075086 42.54923789861255
  endloop
endfacet
facet normal 0.9999999999999989 -1.210037439038925e-08 4.523118223512749e-08
  outer loop
    vertex 458.90453796472 -2941.732512075086 42.54923789861255
    vertex 458.90453787018305 -2946.4342361530853 49.54999989896174
    vertex 458.9045380386024 -2943.035644780389 40.85096229288286
  endloop
endfacet
facet normal 0.9999999999999989 -1.210037439038925e-08 4.523118223512749e-08
  outer loop
    vertex 458.9045380386024 -2943.035644780389 40.85096229288286
    vertex 458.90453787018305 -2946.4342361530853 49.54999989896174
    vertex 458.90453813194966 -2943.8548282449265 38.87327846272354
  endloop
endfacet
facet normal 0.9999999999999989 -1.210037439038925e-08 4.523118223512749e-08
  outer loop
    vertex 458.90453813194966 -2943.8548282449265 38.87327846272354
    vertex 458.90453787018305 -2946.4342361530853 49.54999989896174
    vertex 458.90453902154917 -2946.43423600674 26.750962292882924
  endloop
endfacet
facet normal 0.9999999999999989 -1.210037439038925e-08 4.523118223512749e-08
  outer loop
    vertex 458.90453813194966 -2943.8548282449265 38.87327846272354
    vertex 458.90453902154917 -2946.43423600674 26.750962292882924
    vertex 458.90453823840016 -2944.134236469356 36.750962292882875
  endloop
endfacet
facet normal 0.9999999999999989 -1.210037439038925e-08 4.523118223512749e-08
  outer loop
    vertex 458.9045383063974 -2928.4342364586482 49.550001039656365
    vertex 458.9045379153374 -2940.0342364693565 43.852370603915254
    vertex 458.90453789381996 -2938.056552639197 44.67155406845321
  endloop
endfacet
facet normal 0.9999999999999989 -1.210037439038925e-08 4.523118223512749e-08
  outer loop
    vertex 458.9045383063974 -2928.4342364586482 49.550001039656365
    vertex 458.90453789381996 -2938.056552639197 44.67155406845321
    vertex 458.90453790163394 -2935.934236469356 44.950962292882856
  endloop
endfacet
facet normal 0.9999999999999989 -1.210037439038925e-08 4.523118223512749e-08
  outer loop
    vertex 458.9045383063974 -2928.4342364586482 49.550001039656365
    vertex 458.90453790163394 -2935.934236469356 44.950962292882856
    vertex 458.9045379382469 -2933.811920299516 44.671554068453226
  endloop
endfacet
facet normal 0.9999999999999989 -1.210037439038925e-08 4.523118223512749e-08
  outer loop
    vertex 458.9045383063974 -2928.4342364586482 49.550001039656365
    vertex 458.9045379382469 -2933.811920299516 44.671554068453226
    vertex 458.90453800116376 -2931.8342364693563 43.85237060391526
  endloop
endfacet
facet normal 0.9999999999999989 -1.210037439038925e-08 4.523118223512749e-08
  outer loop
    vertex 458.9045383063974 -2928.4342364586482 49.550001039656365
    vertex 458.90453800116376 -2931.8342364693563 43.85237060391526
    vertex 458.90453808609675 -2930.135960863626 42.54923789861256
  endloop
endfacet
facet normal 0.9999999999999989 -1.210037439038925e-08 4.523118223512749e-08
  outer loop
    vertex 458.9045383063974 -2928.4342364586482 49.550001039656365
    vertex 458.90453808609675 -2930.135960863626 42.54923789861256
    vertex 458.9045381872579 -2928.8328281583235 40.850962292882876
  endloop
endfacet
facet normal 0.9999999999999989 -1.210037439038925e-08 4.523118223512749e-08
  outer loop
    vertex 458.9045383063974 -2928.4342364586482 49.550001039656365
    vertex 458.9045381872579 -2928.8328281583235 40.850962292882876
    vertex 458.90453827013795 -2928.43423645277 44.05000069829307
  endloop
endfacet
facet normal 0.9999999999999989 -1.210037439038925e-08 4.523118223512749e-08
  outer loop
    vertex 458.90453827013795 -2928.43423645277 44.05000069829307
    vertex 458.9045381872579 -2928.8328281583235 40.850962292882876
    vertex 458.904538367537 -2928.4342363484257 39.88867653957588
  endloop
endfacet
facet normal 7.438832918184279e-09 -0.9238795325112873 -0.3826834323650887
  outer loop
    vertex 458.904538367537 -2928.4342363484257 39.88867653957588
    vertex 451.6545407903186 -2928.8328280618525 40.850961919050974
    vertex 451.6545409705977 -2928.434236251954 39.88867616574398
  endloop
endfacet
facet normal 7.438832918184279e-09 -0.9238795325112873 -0.3826834323650887
  outer loop
    vertex 451.6545407903186 -2928.8328280618525 40.850961919050974
    vertex 458.904538367537 -2928.4342363484257 39.88867653957588
    vertex 458.9045381872579 -2928.8328281583235 40.850962292882876
  endloop
endfacet
facet normal 2.0832921232047465e-08 -0.793353340291227 -0.608761429008731
  outer loop
    vertex 458.9045381872579 -2928.8328281583235 40.850962292882876
    vertex 451.65454068915744 -2930.135960767155 42.54923752478066
    vertex 451.6545407903186 -2928.8328280618525 40.850961919050974
  endloop
endfacet
facet normal 2.0832921232047465e-08 -0.793353340291227 -0.608761429008731
  outer loop
    vertex 451.65454068915744 -2930.135960767155 42.54923752478066
    vertex 458.9045381872579 -2928.8328281583235 40.850962292882876
    vertex 458.90453808609675 -2930.135960863626 42.54923789861256
  endloop
endfacet
facet normal 4.938507841465313e-08 -0.13052619222005443 -0.9914448613738088
  outer loop
    vertex 451.65454054130765 -2933.8119202030443 44.671553694621316
    vertex 458.90453790163394 -2935.934236469356 44.950962292882856
    vertex 451.65454050469464 -2935.934236372885 44.950961919050954
  endloop
endfacet
facet normal 4.938507841465313e-08 -0.13052619222005443 -0.9914448613738088
  outer loop
    vertex 458.90453790163394 -2935.934236469356 44.950962292882856
    vertex 451.65454054130765 -2933.8119202030443 44.671553694621316
    vertex 458.9045379382469 -2933.811920299516 44.671554068453226
  endloop
endfacet
facet normal 1.992287866443944e-08 0.9914448613738175 -0.13052619221999576
  outer loop
    vertex 451.65454073501036 -2943.8548281484555 38.87327808889164
    vertex 458.90453823840016 -2944.134236469356 36.750962292882875
    vertex 451.6545408414609 -2944.134236372885 36.75096191905097
  endloop
endfacet
facet normal 1.992287866443944e-08 0.9914448613738175 -0.13052619221999576
  outer loop
    vertex 458.90453823840016 -2944.134236469356 36.750962292882875
    vertex 451.65454073501036 -2943.8548281484555 38.87327808889164
    vertex 458.90453813194966 -2943.8548282449265 38.87327846272354
  endloop
endfacet
facet normal 1.8621635894902226e-08 0.9999999999999998 1.5814458832085518e-08
  outer loop
    vertex 451.65454052714625 -2928.4342362792277 44.050000283752325
    vertex 458.904538367537 -2928.4342363484257 39.88867653957588
    vertex 451.6545409705977 -2928.434236251954 39.88867616574398
  endloop
endfacet
facet normal 1.8621635894902226e-08 0.9999999999999998 1.5814458832085518e-08
  outer loop
    vertex 458.904538367537 -2928.4342363484257 39.88867653957588
    vertex 451.65454052714625 -2928.4342362792277 44.050000283752325
    vertex 458.90453827013795 -2928.43423645277 44.05000069829307
  endloop
endfacet
facet normal 6.462224198417463e-09 0.9914448613738176 0.1305261922199969
  outer loop
    vertex 451.6545408414609 -2944.134236372885 36.75096191905097
    vertex 458.9045383506996 -2943.8548282449265 34.62864612304221
    vertex 451.6545409537604 -2943.8548281484555 34.62864574921031
  endloop
endfacet
facet normal 6.462224198417463e-09 0.9914448613738176 0.1305261922199969
  outer loop
    vertex 458.9045383506996 -2943.8548282449265 34.62864612304221
    vertex 451.6545408414609 -2944.134236372885 36.75096191905097
    vertex 458.90453823840016 -2944.134236469356 36.750962292882875
  endloop
endfacet
facet normal -3.280729314275492e-08 0.6087614290087239 0.793353340291232
  outer loop
    vertex 458.90453856235615 -2941.732512075086 30.952686687153207
    vertex 451.65454125034984 -2940.034236372885 29.649553608018596
    vertex 451.65454116541684 -2941.7325119786146 30.952686313321305
  endloop
endfacet
facet normal -3.280729314275492e-08 0.6087614290087239 0.793353340291232
  outer loop
    vertex 451.65454125034984 -2940.034236372885 29.649553608018596
    vertex 458.90453856235615 -2941.732512075086 30.952686687153207
    vertex 458.9045386472891 -2940.0342364693565 29.6495539818505
  endloop
endfacet
facet normal 5.273017180719757e-08 0.3826834323650532 -0.9238795325113004
  outer loop
    vertex 458.90453789381996 -2938.056552639197 44.67155406845321
    vertex 451.65454051839816 -2940.034236372885 43.85237023008335
    vertex 451.65454049688066 -2938.0565525427255 44.67155369462131
  endloop
endfacet
facet normal 5.273017180719757e-08 0.3826834323650532 -0.9238795325113004
  outer loop
    vertex 451.65454051839816 -2940.034236372885 43.85237023008335
    vertex 458.90453789381996 -2938.056552639197 44.67155406845321
    vertex 458.9045379153374 -2940.0342364693565 43.852370603915254
  endloop
endfacet
facet normal 4.9008126440814446e-08 0.6087614290087233 -0.7933533402912316
  outer loop
    vertex 458.9045379153374 -2940.0342364693565 43.852370603915254
    vertex 451.65454056778077 -2941.7325119786146 42.549237524780644
    vertex 451.65454051839816 -2940.034236372885 43.85237023008335
  endloop
endfacet
facet normal 4.9008126440814446e-08 0.6087614290087233 -0.7933533402912316
  outer loop
    vertex 451.65454056778077 -2941.7325119786146 42.549237524780644
    vertex 458.9045379153374 -2940.0342364693565 43.852370603915254
    vertex 458.90453796472 -2941.732512075086 42.54923789861255
  endloop
endfacet
facet normal -4.254590224240129e-08 0.38268343236505237 0.9238795325113013
  outer loop
    vertex 458.9045386472891 -2940.0342364693565 29.6495539818505
    vertex 451.6545413132667 -2938.0565525427255 28.83037014348064
    vertex 451.65454125034984 -2940.034236372885 29.649553608018596
  endloop
endfacet
facet normal -4.254590224240129e-08 0.38268343236505237 0.9238795325113013
  outer loop
    vertex 451.6545413132667 -2938.0565525427255 28.83037014348064
    vertex 458.9045386472891 -2940.0342364693565 29.6495539818505
    vertex 458.90453871020594 -2938.056552639197 28.83037051731254
  endloop
endfacet
facet normal -2.0832921232047445e-08 0.7933533402912272 0.6087614290087306
  outer loop
    vertex 451.6545410642557 -2943.035644683918 32.650961919050985
    vertex 458.90453856235615 -2941.732512075086 30.952686687153207
    vertex 451.65454116541684 -2941.7325119786146 30.952686313321305
  endloop
endfacet
facet normal -2.0832921232047445e-08 0.7933533402912272 0.6087614290087306
  outer loop
    vertex 458.90453856235615 -2941.732512075086 30.952686687153207
    vertex 451.6545410642557 -2943.035644683918 32.650961919050985
    vertex 458.90453846119493 -2943.035644780389 32.65096229288289
  endloop
endfacet
facet normal -7.438820167402334e-09 0.9238795325113036 0.38268343236504887
  outer loop
    vertex 451.6545409537604 -2943.8548281484555 34.62864574921031
    vertex 458.90453846119493 -2943.035644780389 32.65096229288289
    vertex 451.6545410642557 -2943.035644683918 32.650961919050985
  endloop
endfacet
facet normal -7.438820167402334e-09 0.9238795325113036 0.38268343236504887
  outer loop
    vertex 458.90453846119493 -2943.035644780389 32.65096229288289
    vertex 451.6545409537604 -2943.8548281484555 34.62864574921031
    vertex 458.9045383506996 -2943.8548282449265 34.62864612304221
  endloop
endfacet
facet normal 4.194625824724894e-08 0.7933533402912274 -0.6087614290087294
  outer loop
    vertex 451.65454056778077 -2941.7325119786146 42.549237524780644
    vertex 458.9045380386024 -2943.035644780389 40.85096229288286
    vertex 451.6545406416632 -2943.035644683918 40.85096191905096
  endloop
endfacet
facet normal 4.194625824724894e-08 0.7933533402912274 -0.6087614290087294
  outer loop
    vertex 458.9045380386024 -2943.035644780389 40.85096229288286
    vertex 451.65454056778077 -2941.7325119786146 42.549237524780644
    vertex 458.90453796472 -2941.732512075086 42.54923789861255
  endloop
endfacet
facet normal 3.202582187359991e-08 0.9238795325113038 -0.38268343236504737
  outer loop
    vertex 451.6545406416632 -2943.035644683918 40.85096191905096
    vertex 458.90453813194966 -2943.8548282449265 38.87327846272354
    vertex 451.65454073501036 -2943.8548281484555 38.87327808889164
  endloop
endfacet
facet normal 3.202582187359991e-08 0.9238795325113038 -0.38268343236504737
  outer loop
    vertex 458.90453813194966 -2943.8548282449265 38.87327846272354
    vertex 451.6545406416632 -2943.035644683918 40.85096191905096
    vertex 458.9045380386024 -2943.035644780389 40.85096229288286
  endloop
endfacet
facet normal -4.908422090819091e-08 0.13052619424055195 0.9914448611078053
  outer loop
    vertex 458.90453871020594 -2938.056552639197 28.83037051731254
    vertex 451.65454133157317 -2936.995394457805 28.69066603126582
    vertex 451.6545413132667 -2938.0565525427255 28.83037014348064
  endloop
endfacet
facet normal -4.908422090819091e-08 0.13052619424055195 0.9914448611078053
  outer loop
    vertex 451.65454133157317 -2936.995394457805 28.69066603126582
    vertex 458.90453871020594 -2938.056552639197 28.83037051731254
    vertex 458.9045387188863 -2936.9953944002714 28.69066638042248
  endloop
endfacet
facet normal 8.768503104125285e-09 -0.9914448613738175 0.13052619221999726
  outer loop
    vertex 458.90453835198196 -2955.013644693786 34.628646123042216
    vertex 451.65454081132344 -2954.734236584715 36.75096190369011
    vertex 451.65454092794573 -2955.0136448091444 34.628645733849446
  endloop
endfacet
facet normal 8.768503104125285e-09 -0.9914448613738175 0.13052619221999726
  outer loop
    vertex 451.65454081132344 -2954.734236584715 36.75096190369011
    vertex 458.90453835198196 -2955.013644693786 34.628646123042216
    vertex 458.90453823535967 -2954.7342364693563 36.750962292882875
  endloop
endfacet
facet normal 4.530284425274227e-08 -0.793353340291227 -0.6087614290087296
  outer loop
    vertex 458.90453802781843 -2955.8328281583235 40.85096229288287
    vertex 451.6545405270069 -2957.135960978985 42.54923750941978
    vertex 451.6545406037822 -2955.832828273682 40.8509619036901
  endloop
endfacet
facet normal 4.530284425274227e-08 -0.793353340291227 -0.6087614290087296
  outer loop
    vertex 451.6545405270069 -2957.135960978985 42.54923750941978
    vertex 458.90453802781843 -2955.8328281583235 40.85096229288287
    vertex 458.9045379510431 -2957.135960863626 42.54923789861255
  endloop
endfacet
facet normal 3.524344326742128e-08 -0.9238795325113036 -0.3826834323650473
  outer loop
    vertex 458.90453812479353 -2955.013644693786 38.87327846272355
    vertex 451.6545406037822 -2955.832828273682 40.8509619036901
    vertex 451.6545407007573 -2955.0136448091444 38.87327807353078
  endloop
endfacet
facet normal 3.524344326742128e-08 -0.9238795325113036 -0.3826834323650473
  outer loop
    vertex 451.6545406037822 -2955.832828273682 40.8509619036901
    vertex 458.90453812479353 -2955.013644693786 38.87327846272355
    vertex 458.90453802781843 -2955.8328281583235 40.85096229288287
  endloop
endfacet
facet normal 5.227493126872597e-08 -0.6087614290087233 -0.7933533402912313
  outer loop
    vertex 451.6545405270069 -2957.135960978985 42.54923750941978
    vertex 458.90453789969945 -2958.8342364693563 43.852370603915254
    vertex 451.6545404756633 -2958.8342365847147 43.852370214722484
  endloop
endfacet
facet normal 5.227493126872597e-08 -0.6087614290087233 -0.7933533402912313
  outer loop
    vertex 458.90453789969945 -2958.8342364693563 43.852370603915254
    vertex 451.6545405270069 -2957.135960978985 42.54923750941978
    vertex 458.9045379510431 -2957.135960863626 42.54923789861255
  endloop
endfacet
facet normal 2.278225986597063e-08 -0.9914448613738176 -0.13052619221999526
  outer loop
    vertex 458.90453823535967 -2954.7342364693563 36.750962292882875
    vertex 451.6545407007573 -2955.0136448091444 38.87327807353078
    vertex 451.65454081132344 -2954.734236584715 36.75096190369011
  endloop
endfacet
facet normal 2.278225986597063e-08 -0.9914448613738176 -0.13052619221999526
  outer loop
    vertex 451.6545407007573 -2955.0136448091444 38.87327807353078
    vertex 458.90453823535967 -2954.7342364693563 36.750962292882875
    vertex 458.90453812479353 -2955.013644693786 38.87327846272355
  endloop
endfacet
facet normal 5.5684568107155326e-08 -0.38268343236505326 -0.9238795325113002
  outer loop
    vertex 451.6545404756633 -2958.8342365847147 43.852370214722484
    vertex 458.9045378772867 -2960.811920299516 44.67155406845322
    vertex 451.65454045325055 -2960.8119204148743 44.67155367926044
  endloop
endfacet
facet normal 5.5684568107155326e-08 -0.38268343236505326 -0.9238795325113002
  outer loop
    vertex 458.9045378772867 -2960.811920299516 44.67155406845322
    vertex 451.6545404756633 -2958.8342365847147 43.852370214722484
    vertex 458.90453789969945 -2958.8342364693563 43.852370603915254
  endloop
endfacet
facet normal -5.114565387715593e-08 -0.1305261922200558 0.9914448613738086
  outer loop
    vertex 451.6545413201068 -2961.8730784997942 28.690666015904956
    vertex 458.9045387251653 -2960.811920299516 28.83037051731254
    vertex 451.6545413011291 -2960.8119204148743 28.830370128119775
  endloop
endfacet
facet normal -5.114565387715593e-08 -0.1305261922200558 0.9914448613738086
  outer loop
    vertex 458.9045387251653 -2960.811920299516 28.83037051731254
    vertex 451.6545413201068 -2961.8730784997942 28.690666015904956
    vertex 458.9045387352864 -2961.8730782960088 28.690666338974136
  endloop
endfacet
facet normal -3.2902308241181373e-08 -0.6087614290087248 0.7933533402912314
  outer loop
    vertex 451.65454123585044 -2958.8342365847147 29.649553592657732
    vertex 458.9045385717333 -2957.135960863626 30.952686687153207
    vertex 451.6545411476971 -2957.135960978985 30.95268629796044
  endloop
endfacet
facet normal -3.2902308241181373e-08 -0.6087614290087248 0.7933533402912314
  outer loop
    vertex 458.9045385717333 -2957.135960863626 30.952686687153207
    vertex 451.65454123585044 -2958.8342365847147 29.649553592657732
    vertex 458.9045386598866 -2958.8342364693563 29.6495539818505
  endloop
endfacet
facet normal 4.350642816460524e-08 0.3826834323650531 -0.9238795325113011
  outer loop
    vertex 458.90453792328753 -2965.056552639197 44.67155406845322
    vertex 451.65454056453 -2967.034236584715 43.852370214722484
    vertex 451.65454049925137 -2965.0565527545555 44.67155367926044
  endloop
endfacet
facet normal 4.350642816460524e-08 0.3826834323650531 -0.9238795325113011
  outer loop
    vertex 451.65454056453 -2967.034236584715 43.852370214722484
    vertex 458.90453792328753 -2965.056552639197 44.67155406845322
    vertex 458.90453798856623 -2967.0342364693565 43.85237060391526
  endloop
endfacet
facet normal -4.350642816460526e-08 -0.3826834323650525 0.9238795325113012
  outer loop
    vertex 451.6545413011291 -2960.8119204148743 28.830370128119775
    vertex 458.9045386598866 -2958.8342364693563 29.6495539818505
    vertex 451.65454123585044 -2958.8342365847147 29.649553592657732
  endloop
endfacet
facet normal -4.350642816460526e-08 -0.3826834323650525 0.9238795325113012
  outer loop
    vertex 458.9045386598866 -2958.8342364693563 29.6495539818505
    vertex 451.6545413011291 -2960.8119204148743 28.830370128119775
    vertex 458.9045387251653 -2960.811920299516 28.83037051731254
  endloop
endfacet
facet normal 2.0055950384758772e-08 0.7933533402912274 -0.6087614290087305
  outer loop
    vertex 451.65454065268335 -2968.7325121904446 42.54923750941979
    vertex 458.9045381817402 -2970.035644780389 40.85096229288287
    vertex 451.65454075770396 -2970.0356448957473 40.8509619036901
  endloop
endfacet
facet normal 2.0055950384758772e-08 0.7933533402912274 -0.6087614290087305
  outer loop
    vertex 458.9045381817402 -2970.035644780389 40.85096229288287
    vertex 451.65454065268335 -2968.7325121904446 42.54923750941979
    vertex 458.9045380767196 -2968.732512075086 42.54923789861256
  endloop
endfacet
facet normal -2.005595038475874e-08 -0.7933533402912277 0.60876142900873
  outer loop
    vertex 458.9045385717333 -2957.135960863626 30.952686687153207
    vertex 451.6545410426765 -2955.832828273682 32.650961903690124
    vertex 451.6545411476971 -2957.135960978985 30.95268629796044
  endloop
endfacet
facet normal -2.005595038475874e-08 -0.7933533402912277 0.60876142900873
  outer loop
    vertex 451.6545410426765 -2955.832828273682 32.650961903690124
    vertex 458.9045385717333 -2957.135960863626 30.952686687153207
    vertex 458.9045384667127 -2955.8328281583235 32.650962292882895
  endloop
endfacet
facet normal 5.529939365218134e-08 -0.13052619222005463 -0.9914448613738085
  outer loop
    vertex 458.9045378772867 -2960.811920299516 44.67155406845322
    vertex 451.65454046129594 -2962.9342365847147 44.950961903690086
    vertex 451.65454045325055 -2960.8119204148743 44.67155367926044
  endloop
endfacet
facet normal 5.529939365218134e-08 -0.13052619222005463 -0.9914448613738085
  outer loop
    vertex 451.65454046129594 -2962.9342365847147 44.950961903690086
    vertex 458.9045378772867 -2960.811920299516 44.67155406845322
    vertex 458.90453788533216 -2962.934236469356 44.950962292882856
  endloop
endfacet
facet normal 3.2902308241181426e-08 0.6087614290087237 -0.7933533402912321
  outer loop
    vertex 458.90453798856623 -2967.0342364693565 43.85237060391526
    vertex 451.65454065268335 -2968.7325121904446 42.54923750941979
    vertex 451.65454056453 -2967.034236584715 43.852370214722484
  endloop
endfacet
facet normal 3.2902308241181426e-08 0.6087614290087237 -0.7933533402912321
  outer loop
    vertex 451.65454065268335 -2968.7325121904446 42.54923750941979
    vertex 458.90453798856623 -2967.0342364693565 43.85237060391526
    vertex 458.9045380767196 -2968.732512075086 42.54923789861256
  endloop
endfacet
facet normal 5.1145656906380195e-08 0.13052619222005576 -0.9914448613738087
  outer loop
    vertex 458.90453788533216 -2962.934236469356 44.950962292882856
    vertex 451.65454049925137 -2965.0565527545555 44.67155367926044
    vertex 451.65454046129594 -2962.9342365847147 44.950961903690086
  endloop
endfacet
facet normal 5.1145656906380195e-08 0.13052619222005576 -0.9914448613738087
  outer loop
    vertex 451.65454049925137 -2965.0565527545555 44.67155367926044
    vertex 458.90453788533216 -2962.934236469356 44.950962292882856
    vertex 458.90453792328753 -2965.056552639197 44.67155406845322
  endloop
endfacet
facet normal 5.842790349877988e-09 0.9238795325113068 -0.3826834323650412
  outer loop
    vertex 451.65454075770396 -2970.0356448957473 40.8509619036901
    vertex 458.904538449397 -2970.4342364348686 39.88867691478833
    vertex 451.6545410253608 -2970.4342365502275 39.88867652559556
  endloop
endfacet
facet normal 5.842790349877988e-09 0.9238795325113068 -0.3826834323650412
  outer loop
    vertex 458.904538449397 -2970.4342364348686 39.88867691478833
    vertex 451.65454075770396 -2970.0356448957473 40.8509619036901
    vertex 458.9045381817402 -2970.035644780389 40.85096229288287
  endloop
endfacet
facet normal -5.84281265363598e-09 -0.9238795325113037 0.3826834323650491
  outer loop
    vertex 458.9045384667127 -2955.8328281583235 32.650962292882895
    vertex 451.65454092794573 -2955.0136448091444 34.628645733849446
    vertex 451.6545410426765 -2955.832828273682 32.650961903690124
  endloop
endfacet
facet normal -5.84281265363598e-09 -0.9238795325113037 0.3826834323650491
  outer loop
    vertex 451.65454092794573 -2955.0136448091444 34.628645733849446
    vertex 458.9045384667127 -2955.8328281583235 32.650962292882895
    vertex 458.90453835198196 -2955.013644693786 34.628646123042216
  endloop
endfacet
facet normal -0.9999999999999978 1.1202985661737301e-08 -6.603345206624382e-08
  outer loop
    vertex 451.6545413011291 -2960.8119204148743 28.830370128119775
    vertex 451.6545413901051 -2961.8730784997942 26.75096126129406
    vertex 451.6545413201068 -2961.8730784997942 28.690666015904956
  endloop
endfacet
facet normal -0.9999999999999978 1.1202985661737301e-08 -6.603345206624382e-08
  outer loop
    vertex 451.6545413901051 -2961.8730784997942 26.75096126129406
    vertex 451.6545413011291 -2960.8119204148743 28.830370128119775
    vertex 451.65454166553417 -2952.434236514599 26.750961261294076
  endloop
endfacet
facet normal -0.9999999999999978 1.1202985661737301e-08 -6.603345206624382e-08
  outer loop
    vertex 451.65454166553417 -2952.434236514599 26.750961261294076
    vertex 451.6545413011291 -2960.8119204148743 28.830370128119775
    vertex 451.65454123585044 -2958.8342365847147 29.649553592657732
  endloop
endfacet
facet normal -0.9999999999999978 1.1202985661737301e-08 -6.603345206624382e-08
  outer loop
    vertex 451.65454166553417 -2952.434236514599 26.750961261294076
    vertex 451.65454123585044 -2958.8342365847147 29.649553592657732
    vertex 451.6545411476971 -2957.135960978985 30.95268629796044
  endloop
endfacet
facet normal -0.9999999999999978 1.1202985661737301e-08 -6.603345206624382e-08
  outer loop
    vertex 451.65454166553417 -2952.434236514599 26.750961261294076
    vertex 451.6545411476971 -2957.135960978985 30.95268629796044
    vertex 451.6545410426765 -2955.832828273682 32.650961903690124
  endloop
endfacet
facet normal -0.9999999999999978 1.1202985661737301e-08 -6.603345206624382e-08
  outer loop
    vertex 451.65454166553417 -2952.434236514599 26.750961261294076
    vertex 451.6545410426765 -2955.832828273682 32.650961903690124
    vertex 451.65454092794573 -2955.0136448091444 34.628645733849446
  endloop
endfacet
facet normal -0.9999999999999978 1.1202985661737301e-08 -6.603345206624382e-08
  outer loop
    vertex 451.65454166553417 -2952.434236514599 26.750961261294076
    vertex 451.65454092794573 -2955.0136448091444 34.628645733849446
    vertex 451.65454081132344 -2954.734236584715 36.75096190369011
  endloop
endfacet
facet normal -0.9999999999999978 1.1202985661737301e-08 -6.603345206624382e-08
  outer loop
    vertex 451.65454075770396 -2970.0356448957473 40.8509619036901
    vertex 451.6545410253608 -2970.4342365502275 39.88867652559556
    vertex 451.6545395280465 -2970.4342365393964 44.0500001683892
  endloop
endfacet
facet normal -0.9999999999999978 1.1202985661737301e-08 -6.603345206624382e-08
  outer loop
    vertex 451.6545392584895 -2981.4342364321274 50.04999977716663
    vertex 451.6545395257048 -2952.4342361530857 49.54999961923981
    vertex 451.6545392584895 -2981.4342364066415 44.049999857253624
  endloop
endfacet
facet normal -0.9999999999999978 1.1202985661737301e-08 -6.603345206624382e-08
  outer loop
    vertex 451.6545395257048 -2952.4342361530857 49.54999961923981
    vertex 451.6545392584895 -2981.4342364321274 50.04999977716663
    vertex 451.65454079045236 -2917.434236600646 50.04999977639738
  endloop
endfacet
facet normal -0.9999999999999978 1.1202985661737301e-08 -6.603345206624382e-08
  outer loop
    vertex 451.6545392584895 -2981.4342364066415 44.049999857253624
    vertex 451.6545395257048 -2952.4342361530857 49.54999961923981
    vertex 451.6545395280465 -2970.4342365393964 44.0500001683892
  endloop
endfacet
facet normal -0.9999999999999978 1.1202985661737301e-08 -6.603345206624382e-08
  outer loop
    vertex 451.6545395280465 -2970.4342365393964 44.0500001683892
    vertex 451.6545395257048 -2952.4342361530857 49.54999961923981
    vertex 451.65454049925137 -2965.0565527545555 44.67155367926044
  endloop
endfacet
facet normal -0.9999999999999978 1.1202985661737301e-08 -6.603345206624382e-08
  outer loop
    vertex 451.6545395280465 -2970.4342365393964 44.0500001683892
    vertex 451.65454049925137 -2965.0565527545555 44.67155367926044
    vertex 451.65454056453 -2967.034236584715 43.852370214722484
  endloop
endfacet
facet normal -0.9999999999999978 1.1202985661737301e-08 -6.603345206624382e-08
  outer loop
    vertex 451.6545395280465 -2970.4342365393964 44.0500001683892
    vertex 451.65454056453 -2967.034236584715 43.852370214722484
    vertex 451.65454065268335 -2968.7325121904446 42.54923750941979
  endloop
endfacet
facet normal -0.9999999999999978 1.1202985661737301e-08 -6.603345206624382e-08
  outer loop
    vertex 451.6545395280465 -2970.4342365393964 44.0500001683892
    vertex 451.65454065268335 -2968.7325121904446 42.54923750941979
    vertex 451.65454075770396 -2970.0356448957473 40.8509619036901
  endloop
endfacet
facet normal -0.9999999999999978 1.1202985661737301e-08 -6.603345206624382e-08
  outer loop
    vertex 451.65454049925137 -2965.0565527545555 44.67155367926044
    vertex 451.6545395257048 -2952.4342361530857 49.54999961923981
    vertex 451.65454046129594 -2962.9342365847147 44.950961903690086
  endloop
endfacet
facet normal -0.9999999999999978 1.1202985661737301e-08 -6.603345206624382e-08
  outer loop
    vertex 451.65454046129594 -2962.9342365847147 44.950961903690086
    vertex 451.6545395257048 -2952.4342361530857 49.54999961923981
    vertex 451.65454045325055 -2960.8119204148743 44.67155367926044
  endloop
endfacet
facet normal -0.9999999999999978 1.1202985661737301e-08 -6.603345206624382e-08
  outer loop
    vertex 451.65454045325055 -2960.8119204148743 44.67155367926044
    vertex 451.6545395257048 -2952.4342361530857 49.54999961923981
    vertex 451.6545404756633 -2958.8342365847147 43.852370214722484
  endloop
endfacet
facet normal -0.9999999999999978 1.1202985661737301e-08 -6.603345206624382e-08
  outer loop
    vertex 451.6545404756633 -2958.8342365847147 43.852370214722484
    vertex 451.6545395257048 -2952.4342361530857 49.54999961923981
    vertex 451.6545405270069 -2957.135960978985 42.54923750941978
  endloop
endfacet
facet normal -0.9999999999999978 1.1202985661737301e-08 -6.603345206624382e-08
  outer loop
    vertex 451.6545405270069 -2957.135960978985 42.54923750941978
    vertex 451.6545395257048 -2952.4342361530857 49.54999961923981
    vertex 451.6545406037822 -2955.832828273682 40.8509619036901
  endloop
endfacet
facet normal -0.9999999999999978 1.1202985661737301e-08 -6.603345206624382e-08
  outer loop
    vertex 451.6545406037822 -2955.832828273682 40.8509619036901
    vertex 451.6545395257048 -2952.4342361530857 49.54999961923981
    vertex 451.6545407007573 -2955.0136448091444 38.87327807353078
  endloop
endfacet
facet normal -0.9999999999999978 1.1202985661737301e-08 -6.603345206624382e-08
  outer loop
    vertex 451.6545407007573 -2955.0136448091444 38.87327807353078
    vertex 451.6545395257048 -2952.4342361530857 49.54999961923981
    vertex 451.65454081132344 -2954.734236584715 36.75096190369011
  endloop
endfacet
facet normal -0.9999999999999978 1.1202985661737301e-08 -6.603345206624382e-08
  outer loop
    vertex 451.65454081132344 -2954.734236584715 36.75096190369011
    vertex 451.6545395257048 -2952.4342361530857 49.54999961923981
    vertex 451.65454166553417 -2952.434236514599 26.750961261294076
  endloop
endfacet
facet normal -0.9999999999999978 1.1202985661737301e-08 -6.603345206624382e-08
  outer loop
    vertex 451.6545395257048 -2952.4342361530857 49.54999961923981
    vertex 451.65454079045236 -2917.434236600646 50.04999977639738
    vertex 451.65453965284667 -2946.4342361530853 49.54999953328042
  endloop
endfacet
facet normal -0.9999999999999978 1.1202985661737301e-08 -6.603345206624382e-08
  outer loop
    vertex 451.65453965284667 -2946.4342361530853 49.54999953328042
    vertex 451.65454079045236 -2917.434236600646 50.04999977639738
    vertex 451.65454049688066 -2938.0565525427255 44.67155369462131
  endloop
endfacet
facet normal -0.9999999999999978 1.1202985661737301e-08 -6.603345206624382e-08
  outer loop
    vertex 451.65453965284667 -2946.4342361530853 49.54999953328042
    vertex 451.65454049688066 -2938.0565525427255 44.67155369462131
    vertex 451.65454051839816 -2940.034236372885 43.85237023008335
  endloop
endfacet
facet normal -0.9999999999999978 1.1202985661737301e-08 -6.603345206624382e-08
  outer loop
    vertex 451.65453965284667 -2946.4342361530853 49.54999953328042
    vertex 451.65454051839816 -2940.034236372885 43.85237023008335
    vertex 451.65454056778077 -2941.7325119786146 42.549237524780644
  endloop
endfacet
facet normal -0.9999999999999978 1.1202985661737301e-08 -6.603345206624382e-08
  outer loop
    vertex 451.65453965284667 -2946.4342361530853 49.54999953328042
    vertex 451.65454056778077 -2941.7325119786146 42.549237524780644
    vertex 451.6545406416632 -2943.035644683918 40.85096191905096
  endloop
endfacet
facet normal -0.9999999999999978 1.1202985661737301e-08 -6.603345206624382e-08
  outer loop
    vertex 451.65453965284667 -2946.4342361530853 49.54999953328042
    vertex 451.6545406416632 -2943.035644683918 40.85096191905096
    vertex 451.65454073501036 -2943.8548281484555 38.87327808889164
  endloop
endfacet
facet normal -0.9999999999999978 1.1202985661737301e-08 -6.603345206624382e-08
  outer loop
    vertex 451.65453965284667 -2946.4342361530853 49.54999953328042
    vertex 451.65454073501036 -2943.8548281484555 38.87327808889164
    vertex 451.6545415975127 -2946.4342360051246 26.75096160995698
  endloop
endfacet
facet normal -0.9999999999999978 1.1202985661737301e-08 -6.603345206624382e-08
  outer loop
    vertex 451.6545415975127 -2946.4342360051246 26.75096160995698
    vertex 451.65454073501036 -2943.8548281484555 38.87327808889164
    vertex 451.6545408414609 -2944.134236372885 36.75096191905097
  endloop
endfacet
facet normal -0.9999999999999978 1.1202985661737301e-08 -6.603345206624382e-08
  outer loop
    vertex 451.65454049688066 -2938.0565525427255 44.67155369462131
    vertex 451.65454079045236 -2917.434236600646 50.04999977639738
    vertex 451.65454050469464 -2935.934236372885 44.950961919050954
  endloop
endfacet
facet normal -0.9999999999999978 1.1202985661737301e-08 -6.603345206624382e-08
  outer loop
    vertex 451.65454050469464 -2935.934236372885 44.950961919050954
    vertex 451.65454079045236 -2917.434236600646 50.04999977639738
    vertex 451.65454054130765 -2933.8119202030443 44.671553694621316
  endloop
endfacet
facet normal -0.9999999999999978 1.1202985661737301e-08 -6.603345206624382e-08
  outer loop
    vertex 451.65454054130765 -2933.8119202030443 44.671553694621316
    vertex 451.65454079045236 -2917.434236600646 50.04999977639738
    vertex 451.6545406042245 -2931.834236372885 43.85237023008336
  endloop
endfacet
facet normal -0.9999999999999978 1.1202985661737301e-08 -6.603345206624382e-08
  outer loop
    vertex 451.6545406042245 -2931.834236372885 43.85237023008336
    vertex 451.65454079045236 -2917.434236600646 50.04999977639738
    vertex 451.65454052714625 -2928.4342362792277 44.050000283752325
  endloop
endfacet
facet normal -0.9999999999999978 1.1202985661737301e-08 -6.603345206624382e-08
  outer loop
    vertex 451.6545406042245 -2931.834236372885 43.85237023008336
    vertex 451.65454052714625 -2928.4342362792277 44.050000283752325
    vertex 451.65454068915744 -2930.135960767155 42.54923752478066
  endloop
endfacet
facet normal -0.9999999999999978 1.1202985661737301e-08 -6.603345206624382e-08
  outer loop
    vertex 451.65454068915744 -2930.135960767155 42.54923752478066
    vertex 451.65454052714625 -2928.4342362792277 44.050000283752325
    vertex 451.6545407903186 -2928.8328280618525 40.850961919050974
  endloop
endfacet
facet normal -0.9999999999999978 1.1202985661737301e-08 -6.603345206624382e-08
  outer loop
    vertex 451.65454052714625 -2928.4342362792277 44.050000283752325
    vertex 451.65454079045236 -2917.434236600646 50.04999977639738
    vertex 451.65454079045236 -2917.43423657516 44.04999985648437
  endloop
endfacet
facet normal -0.9999999999999978 1.1202985661737301e-08 -6.603345206624382e-08
  outer loop
    vertex 451.6545409705977 -2928.434236251954 39.88867616574398
    vertex 451.6545407903186 -2928.8328280618525 40.850961919050974
    vertex 451.65454052714625 -2928.4342362792277 44.050000283752325
  endloop
endfacet
facet normal -0.9999999999999978 1.1202985661737301e-08 -6.603345206624382e-08
  outer loop
    vertex 451.6545415975127 -2946.4342360051246 26.75096160995698
    vertex 451.65454116541684 -2941.7325119786146 30.952686313321305
    vertex 451.6545414442408 -2936.995394457805 26.75096160995697
  endloop
endfacet
facet normal -0.9999999999999978 1.1202985661737301e-08 -6.603345206624382e-08
  outer loop
    vertex 451.65454116541684 -2941.7325119786146 30.952686313321305
    vertex 451.6545415975127 -2946.4342360051246 26.75096160995698
    vertex 451.6545410642557 -2943.035644683918 32.650961919050985
  endloop
endfacet
facet normal -0.9999999999999978 1.1202985661737301e-08 -6.603345206624382e-08
  outer loop
    vertex 451.6545410642557 -2943.035644683918 32.650961919050985
    vertex 451.6545415975127 -2946.4342360051246 26.75096160995698
    vertex 451.6545409537604 -2943.8548281484555 34.62864574921031
  endloop
endfacet
facet normal -0.9999999999999978 1.1202985661737301e-08 -6.603345206624382e-08
  outer loop
    vertex 451.6545409537604 -2943.8548281484555 34.62864574921031
    vertex 451.6545415975127 -2946.4342360051246 26.75096160995698
    vertex 451.6545408414609 -2944.134236372885 36.75096191905097
  endloop
endfacet
facet normal -0.9999999999999978 1.1202985661737301e-08 -6.603345206624382e-08
  outer loop
    vertex 451.6545414442408 -2936.995394457805 26.75096160995697
    vertex 451.65454116541684 -2941.7325119786146 30.952686313321305
    vertex 451.65454125034984 -2940.034236372885 29.649553608018596
  endloop
endfacet
facet normal -0.9999999999999978 1.1202985661737301e-08 -6.603345206624382e-08
  outer loop
    vertex 451.6545414442408 -2936.995394457805 26.75096160995697
    vertex 451.65454125034984 -2940.034236372885 29.649553608018596
    vertex 451.6545413132667 -2938.0565525427255 28.83037014348064
  endloop
endfacet
facet normal -0.9999999999999978 1.1202985661737301e-08 -6.603345206624382e-08
  outer loop
    vertex 451.6545414442408 -2936.995394457805 26.75096160995697
    vertex 451.6545413132667 -2938.0565525427255 28.83037014348064
    vertex 451.65454133157317 -2936.995394457805 28.69066603126582
  endloop
endfacet
facet normal 2.810835305229342e-08 -0.9999999999999996 1.0143491911482193e-15
  outer loop
    vertex 458.90453880528474 -2961.8730782960088 26.750961584363242
    vertex 451.6545413201068 -2961.8730784997942 28.690666015904956
    vertex 451.6545413901051 -2961.8730784997942 26.75096126129406
  endloop
endfacet
facet normal 2.810835305229342e-08 -0.9999999999999996 1.0143491911482193e-15
  outer loop
    vertex 451.6545413201068 -2961.8730784997942 28.690666015904956
    vertex 458.90453880528474 -2961.8730782960088 26.750961584363242
    vertex 458.9045387352864 -2961.8730782960088 28.690666338974136
  endloop
endfacet
endsolid [V2] MAKEROBOT 2026 JUNIOR
